cell_line,drug,moa,n_cells,effect_size,effect_cosine,n_deg,replicate_noise,snr,nn_drug,nn_dist,isolation,ceiling_nir
CVCL_1717,18β-Glycyrrhetinic acid,unclear,10,2.614528904759834,0.12205774296805016,191,4.884983179799293,0.5352175859216072,Goserelin (acetate),3.8055677983089913,0.779033961477294,0.5975609756097561
CVCL_1717,8-Hydroxyquinoline,unclear,11,2.594205079609951,0.12955389441048104,191,4.536423316557994,0.5718613318428803,Goserelin (acetate),3.9775045902783783,0.8767930840493751,0.7195121951219512
CVCL_1717,AT7519,CDK inhibitor,12,2.486804217566037,0.10723813718881359,115,4.573434164820055,0.5437498667183465,Goserelin (acetate),3.820261395948843,0.8353157076874974,0.6707317073170732
CVCL_1717,Adagrasib,RAS inhibitor,14,2.422831125412992,0.0715659910668156,60,4.837822740235658,0.500810231276678,Goserelin (acetate),3.171078972931149,0.6554764701396812,0.34146341463414637
CVCL_1717,Adenine,unclear,13,2.525909838010564,0.12707448638488195,188,4.354616337017249,0.5800533600488714,Goserelin (acetate),3.9230938809100833,0.900904598083894,0.7682926829268293
CVCL_1717,Adenosine,unclear,10,2.9976826745004024,0.1190764346205242,133,5.185829662770496,0.5780526684131213,Goserelin (acetate),3.944163241611815,0.7605655214492084,0.43902439024390244
CVCL_1717,Aliskiren,unclear,10,2.9885684245475144,0.08295027606048366,103,4.9125917689005485,0.6083486202673756,Goserelin (acetate),3.783000044648678,0.7700619596761902,0.6829268292682927
CVCL_1717,Allantoin,unclear,8,2.99240593636473,0.16385752643747686,210,5.457919759516878,0.548268583675479,Goserelin (acetate),4.47062738405132,0.8191083015201838,0.4146341463414634
CVCL_1717,Almonertinib (hydrochloride),EGFR/ERBB inhibitor,11,2.779565226157731,0.09117526827115185,117,4.579487047075799,0.6069599493534116,Goserelin (acetate),3.6709022757196665,0.8015968247063167,0.7926829268292683
CVCL_1717,Amsacrine,DNA synthesis/repair inhibitor,20,2.0936575006187037,0.05761956560046955,46,3.4485590547538463,0.6071108156702703,Goserelin (acetate),2.8518765283873098,0.8269762770789706,0.9878048780487805
CVCL_1717,Anethole trithione,unclear,8,3.064032977659563,0.13260088287330218,206,5.887970012786433,0.5203886859147802,Goserelin (acetate),4.201648345832925,0.713598801744666,0.10975609756097561
CVCL_1717,Ataluren,unclear,10,2.5700086564735596,0.11405753179963696,145,4.8127652933340865,0.5339983356414962,Goserelin (acetate),3.872840921087438,0.8047018055194818,0.7073170731707317
CVCL_1717,Azithromycin (hydrate),unclear,14,2.3171624410898533,0.07609099627536875,107,4.195149226617243,0.5523432697907379,Goserelin (acetate),3.090836977521394,0.7367644893084505,0.8170731707317073
CVCL_1717,Baicalin,unclear,10,2.6874544963354245,0.10763359989698917,149,4.873342931444002,0.5514601648480985,Goserelin (acetate),3.735357134607338,0.7664876424981093,0.6951219512195121
CVCL_1717,Benztropine (mesylate),unclear,9,2.7531544038099076,0.10891172542897609,143,5.281636919530309,0.5212691530592268,Goserelin (acetate),4.3376547513786745,0.8212709085206141,0.14634146341463414
CVCL_1717,Berbamine (dihydrochloride),unclear,8,2.7802427331075794,0.13612961282853153,181,5.475137580760324,0.5077941315807979,Chlorhexidine (diacetate),4.294707862873948,0.7844018163060568,0.25609756097560976
CVCL_1717,Berberine (chloride hydrate),unclear,11,2.8179054380157313,0.07120656285403837,79,5.033453330321984,0.5598354157851054,Goserelin (acetate),3.705495653983045,0.7361736388138934,0.6585365853658537
CVCL_1717,Bergenin,unclear,13,2.4853887956922947,0.0834795387544568,86,4.2462910190545555,0.5853081629449107,Goserelin (acetate),3.628270691180816,0.8544564361932633,0.8170731707317073
CVCL_1717,Busulfan,DNA synthesis/repair inhibitor,13,2.2444260300927703,0.09842628726760017,159,4.183314611454541,0.536518583600477,Goserelin (acetate),3.695211686236164,0.8833214877308346,0.8536585365853658
CVCL_1717,Canagliflozin,Glucose transporter inhibitor,8,2.9860942737296163,0.16247196310192236,244,5.65395565871234,0.528142499513285,Goserelin (acetate),4.490557208382506,0.7942328308611476,0.2926829268292683
CVCL_1717,Carbamazepine,HDAC inhibitor,10,2.729743251351585,0.1314390311973188,200,5.017369761934059,0.5440586165408194,Goserelin (acetate),4.129695051538731,0.8230796707211083,0.4878048780487805
CVCL_1717,Cepharanthine,unclear,11,2.734124997593535,0.07732544488108029,56,5.401961958924841,0.5061355519315266,Goserelin (acetate),4.1435836839838665,0.767051622260696,0.23170731707317074
CVCL_1717,Chlorhexidine (diacetate),unclear,19,2.1579303582282447,0.0690925880949812,61,3.4894415984161036,0.6184171012369869,Goserelin (acetate),3.116959963575204,0.8932546585648623,0.9390243902439024
CVCL_1717,Ciclopirox,unclear,18,2.2003397848117756,0.09763004607624426,124,3.8730551901890324,0.5681147509556618,Goserelin (acetate),3.590871666697065,0.9271418790502196,0.9512195121951219
CVCL_1717,Citalopram (hydrobromide),unclear,9,2.665516867013227,0.13148390684725064,193,5.0235551595790175,0.5306036825196525,Ciclopirox,4.328620643041579,0.8616647982430683,0.3170731707317073
CVCL_1717,Clonidine (hydrochloride),Adrenoceptor agonist,8,3.225733338879883,0.10524338778700038,172,5.549521116893555,0.5812633686644201,Goserelin (acetate),4.237939488012246,0.7636585930110865,0.3780487804878049
CVCL_1717,Clotrimazole,unclear,14,2.2226603115881476,0.08505494524284352,102,3.9894021441549503,0.5571412034368772,Goserelin (acetate),3.501327136794365,0.877657105068817,0.926829268292683
CVCL_1717,Cloxacillin (sodium),unclear,11,3.0555037615849834,0.06691912003485956,89,5.083299336654395,0.6010867271876974,Goserelin (acetate),3.649888600440195,0.7180156742141398,0.25609756097560976
CVCL_1717,Cysteamine (hydrochloride),unclear,8,2.878374403325384,0.11392843662501517,154,5.530838556680033,0.520422784687675,Goserelin (acetate),4.471805067640086,0.8085220752356136,0.08536585365853659
CVCL_1717,Darinaparsin,unclear,13,2.508798006226803,0.09152770463179438,91,4.143053550034854,0.6055432245633652,Goserelin (acetate),3.5002544257736328,0.844848946194332,0.8048780487804879
CVCL_1717,Demeclocycline,unclear,13,2.613371570709824,0.0801746460240017,103,4.5543405655078875,0.5738199708871329,Goserelin (acetate),3.7497664404119257,0.8233390512801412,0.7926829268292683
CVCL_1717,Diammonium Glycyrrhizinate,unclear,16,2.268996162939233,0.08332640687735782,90,3.9031119433885153,0.5813300248235738,Goserelin (acetate),3.089061515313591,0.7914355417210502,0.8658536585365854
CVCL_1717,Docetaxel,Microtubule inhibitor,20,2.162754936920662,0.07357418500392687,63,3.3593638598036057,0.6437989533670522,Goserelin (acetate),2.909791037710691,0.8661732277731898,0.975609756097561
CVCL_1717,Elagolix sodium,unclear,11,2.6478776013154297,0.1263170554264118,155,4.675278355039348,0.5663572091833545,Goserelin (acetate),4.196391447059686,0.8975703965383188,0.6097560975609756
CVCL_1717,Erdafitinib,Other TK inhibitor,11,2.7226954809293176,0.08498004451139818,108,4.644214274046523,0.5862553534932017,Goserelin (acetate),3.7112314153645714,0.7991085674285566,0.6829268292682927
CVCL_1717,Fluvoxamine (maleate),unclear,9,2.863079432827745,0.10679676247258951,134,5.259896270328759,0.5443224135385457,Pentamidine (isethionate),4.202560647286971,0.7989816588197277,0.2804878048780488
CVCL_1717,Furosemide,unclear,11,2.565014625854078,0.1064154968571599,129,5.067977379497059,0.5061219563116179,Pentamidine (isethionate),4.41782285380146,0.8717132147578529,0.1951219512195122
CVCL_1717,Gallic acid,Cyclooxygenase inhibitor,19,2.154753969054101,0.0628988523399242,79,3.6995761218672074,0.5824326620333408,Goserelin (acetate),2.958226154018996,0.7996121870648127,0.9024390243902439
CVCL_1717,Gallic acid (hydrate),Cyclooxygenase inhibitor,11,2.490172290136393,0.11279553577846346,182,4.685294130037517,0.5314868652902381,Goserelin (acetate),4.061556907848197,0.8668734118119655,0.573170731707317
CVCL_1717,Goserelin (acetate),unclear,105,2.1240040602050683,0.02593676941633538,217,1.5152576508585291,1.4017444881414258,Amsacrine,2.8518765283873098,1.8821066679791825,1.0
CVCL_1717,HI-TOPK-032,unclear,8,3.42478137512891,0.09045820352399148,123,5.732510489445311,0.5974313316015054,Goserelin (acetate),4.092532122190267,0.7139162029839161,0.04878048780487805
CVCL_1717,Hexylresorcinol,unclear,8,3.539159989012139,0.10684518004243093,112,6.3647234917806665,0.5560587185888862,Goserelin (acetate),4.435584215062093,0.6969013219176226,0.036585365853658534
CVCL_1717,Idarubicin (hydrochloride),DNA synthesis/repair inhibitor,13,2.859653144015662,0.09068794737017805,88,5.250576504887911,0.5446360302251628,Goserelin (acetate),3.819076620057723,0.7273632936311729,0.12195121951219512
CVCL_1717,Larotrectinib,Other TK inhibitor,9,3.04685745522756,0.10473647852001677,147,5.373433502052491,0.5670224548352095,Goserelin (acetate),4.2602568242998355,0.7928369863835749,0.10975609756097561
CVCL_1717,Lenalidomide (hemihydrate),unclear,18,2.0971943689580157,0.07547386407367285,92,3.6415572988283595,0.5759059097141682,Goserelin (acetate),3.133104948488311,0.8603750240306149,0.926829268292683
CVCL_1717,Lidocaine (hydrochloride),unclear,11,2.6692871501675346,0.12615869620047782,163,4.706585208870549,0.5671388133240851,Pentamidine (isethionate),4.073343079703271,0.865456142603389,0.6341463414634146
CVCL_1717,Lumateperone (tosylate),unclear,8,3.1592758326918284,0.09665510468580663,123,5.792454825600511,0.5454122522853344,Goserelin (acetate),4.157265577243717,0.7177035820581869,0.17073170731707318
CVCL_1717,Mitoxantrone (dihydrochloride),DNA synthesis/repair inhibitor,13,2.399776835360516,0.08167881120584053,92,4.539863721591742,0.5286010731879677,Goserelin (acetate),3.8265774006165603,0.8428837593554255,0.5975609756097561
CVCL_1717,Neratinib (maleate),EGFR/ERBB inhibitor,12,2.683926058025135,0.09038042244529865,109,4.527304724561373,0.5928308831222239,Goserelin (acetate),3.843561135115678,0.8489733669270652,0.6951219512195121
CVCL_1717,Norepinephrine (hydrochloride),Adrenoceptor agonist,14,2.4382299614414737,0.09230061483853269,93,4.5490603404146706,0.5359854077510909,Goserelin (acetate),3.339139288093902,0.7340283571155097,0.5975609756097561
CVCL_1717,Olanzapine,unclear,8,2.9458796612757747,0.13167060703328382,141,5.777725762067556,0.5098683777302704,Goserelin (acetate),4.5632255673713455,0.7897961508194529,0.04878048780487805
CVCL_1717,Omeprazole,unclear,9,2.7178951543841627,0.1103077559357265,170,5.016143471193499,0.5418296286763683,Goserelin (acetate),4.070246744589138,0.8114294911944968,0.36585365853658536
CVCL_1717,Palmatine (chloride),unclear,8,3.6131554980138776,0.09819301169332995,106,5.42747305187686,0.665715971959441,Goserelin (acetate),4.155512197689622,0.7656440037509933,0.7317073170731707
CVCL_1717,Pasireotide (acetate),unclear,13,2.779798198707042,0.08610965545444926,96,4.334250159360234,0.6413561969199673,Goserelin (acetate),3.6503365712607114,0.8422071724165379,0.6829268292682927
CVCL_1717,Pentagastrin,unclear,9,3.0605622740786638,0.07932697699364721,95,5.400093397953869,0.5667609888448097,Goserelin (acetate),4.009396702177675,0.7424680291079524,0.0975609756097561
CVCL_1717,Pentamidine (isethionate),unclear,21,1.928878366186061,0.06737510631090593,86,3.4497517933460355,0.5591354050185663,Goserelin (acetate),3.4043393429993065,0.9868360238454483,0.926829268292683
CVCL_1717,Pyridoxine,unclear,10,2.522430741923405,0.1110090933161696,180,5.011587034662809,0.5033197517027896,Goserelin (acetate),3.9409832238933653,0.7863742955346127,0.32926829268292684
CVCL_1717,Quinestrol,unclear,10,2.8368883253080823,0.10520387327205172,130,4.959976643985997,0.5719559846613043,Goserelin (acetate),3.666999633166635,0.7393179235254858,0.36585365853658536
CVCL_1717,RMC-6236,RAS inhibitor,11,2.6366184598278,0.08687319581656328,119,4.7532426810169355,0.5546988943690346,Goserelin (acetate),3.89761317478966,0.8199903594982831,0.6219512195121951
CVCL_1717,Radotinib,Other TK inhibitor,9,3.1036682713958976,0.09205822780064099,122,5.600365043599269,0.5541903513848836,Goserelin (acetate),4.241976538702888,0.7574464353089088,0.06097560975609756
CVCL_1717,Raltitrexed,DNA synthesis/repair inhibitor,8,2.8411575933373703,0.13224503457918602,179,5.525538935648653,0.5141865121983511,Pentamidine (isethionate),4.342800368607921,0.7859505505589405,0.25609756097560976
CVCL_1717,Rapamycin,MTOR inhibitor,11,2.4257928288584383,0.09877188519491797,158,4.789142117563584,0.506519282433099,Goserelin (acetate),3.9541344649073067,0.825645672615563,0.4878048780487805
CVCL_1717,Relugolix,unclear,8,3.8796190303202374,0.09871263979043099,104,5.66851568322697,0.684415329713201,Goserelin (acetate),4.187895329184653,0.7387992841894317,0.8048780487804879
CVCL_1717,Resveratrol,unclear,12,2.5426593290969617,0.09500218010125705,139,4.443130391838626,0.5722675467205399,Goserelin (acetate),3.703270464165044,0.8334822833395583,0.7682926829268293
CVCL_1717,Retinoic acid,Retinoic receptor agonist,11,2.5699788804715102,0.12975835390299928,159,4.516641981861922,0.569002123877012,Ciclopirox,4.013709605679966,0.8886490498468446,0.7317073170731707
CVCL_1717,Riluzole hydrochloride,unclear,8,2.9459337029029062,0.1224359467610796,143,5.383488431198687,0.5472165010758582,Goserelin (acetate),4.205084713778331,0.7811077830888971,0.3170731707317073
CVCL_1717,Ritonavir,unclear,12,2.403793060292461,0.09169615583499247,114,4.480442915502003,0.5365079090675419,Goserelin (acetate),3.7665230922736934,0.8406586498941434,0.7317073170731707
CVCL_1717,Salicylic acid,Cyclooxygenase inhibitor,10,2.7388579402263793,0.11376361285996961,158,4.894682219461561,0.5595578665631263,Goserelin (acetate),3.8531565545519104,0.7872128121477467,0.5
CVCL_1717,Selinexor,unclear,14,2.4029668716383115,0.08870981653462773,87,4.303376500890999,0.5583910380931777,Goserelin (acetate),3.6982078500297386,0.8593735289636029,0.8170731707317073
CVCL_1717,Sodium Salicylate,Cyclooxygenase inhibitor,12,2.546954608263967,0.1093862586591563,123,4.316821944946745,0.5900068709679867,Goserelin (acetate),3.795687376528615,0.8792781877352694,0.7804878048780488
CVCL_1717,Sulfisoxazole,unclear,9,2.912090479833874,0.10999568398615533,134,5.694221988960297,0.511411477367708,Goserelin (acetate),4.360411259341509,0.7657606724492441,0.036585365853658534
CVCL_1717,Terfenadine,unclear,18,2.230403745381695,0.08469231870288252,100,3.7501639510978526,0.5947483295306993,Goserelin (acetate),3.1577024410965513,0.8420171710551856,0.8780487804878049
CVCL_1717,Thymol,unclear,11,2.5413642068837174,0.08031641885759766,141,4.945266507489955,0.5138983314720535,Goserelin (acetate),3.8413954907708305,0.7767822997916828,0.3170731707317073
CVCL_1717,Tofacitinib (citrate),JAK/STAT inhibitor,16,2.2805645348914836,0.07031914419852048,80,4.103495470833356,0.5557614358541832,Goserelin (acetate),3.0488721379894566,0.7429939084032371,0.8414634146341463
CVCL_1717,Tolcapone,unclear,8,2.907741560174579,0.14369772007074144,213,5.286136240131278,0.5500693565367446,Goserelin (acetate),4.297342591812302,0.812945863783787,0.4268292682926829
CVCL_1717,Triclosan,unclear,16,2.0698675580825916,0.07177910883419403,68,3.9354525691826354,0.525954136581676,Goserelin (acetate),3.435035398188746,0.8728438058401445,0.8414634146341463
CVCL_1717,Trifluridine,DNA synthesis/repair inhibitor,18,2.222801366782435,0.0702290470009278,79,3.7528412121260484,0.5922982724662578,Goserelin (acetate),2.9594440611436017,0.7885876043945452,0.9146341463414634
CVCL_1717,Tucidinostat,HDAC inhibitor,9,2.7789270635246863,0.11533647233888256,168,5.563746728819211,0.4994704466201421,Ciclopirox,4.213719104601636,0.7573527894027465,0.17073170731707318
CVCL_1717,Vemurafenib,RAF inhibitor,11,2.9438373258601187,0.08865423093230418,114,4.996729984520102,0.5891527729095115,Goserelin (acetate),3.8254210227778493,0.7655848994500454,0.2926829268292683
CVCL_1717,Vilanterol,Adrenoceptor agonist,10,2.7337582483832845,0.12463554303432867,167,4.902077149484304,0.5576734443420325,Goserelin (acetate),3.939770886283096,0.8036941823115855,0.5487804878048781
CVCL_1717,Vitamin K4,unclear,9,2.857502043777718,0.09258725438923832,90,5.759856138511561,0.496106495554964,Goserelin (acetate),4.145761237294503,0.7197681917044952,0.012195121951219513
CVCL_1717,Volasertib,unclear,8,2.9431294076776293,0.11446903287871502,199,5.753117547887191,0.5115712278047372,Goserelin (acetate),4.39121757533407,0.7632761783125267,0.024390243902439025
CVCL_1717,palbociclib,CDK inhibitor,12,2.560320515343041,0.07972056837256691,118,4.5404577059632,0.563890400736571,Goserelin (acetate),3.5406029828726435,0.7797898829059899,0.7682926829268293
CVCL_0480,(R)-Verapamil (hydrochloride),unclear,13,2.583333138673031,0.05878778830847187,110,4.753070968865983,0.5435082193374821,Procainamide (hydrochloride),3.4187079678549264,0.7192629755054094,0.28695652173913044
CVCL_0480,18β-Glycyrrhetinic acid,unclear,13,2.27035814017088,0.07478663110474937,180,4.519671222278747,0.5023281624954572,Procainamide (hydrochloride),3.4323535791335944,0.7594255002918233,0.23478260869565218
CVCL_0480,8-Hydroxyquinoline,unclear,29,1.7465150468302386,0.042797834995343065,72,3.1285886768819813,0.5582437409352428,Procainamide (hydrochloride),2.483992881697755,0.7939659502230749,0.7652173913043478
CVCL_0480,AT7519,CDK inhibitor,8,2.86407818130365,0.11977727297209817,268,5.551587755756583,0.5159025322681451,ULK-101,4.134727558923345,0.7447828874966338,0.06956521739130435
CVCL_0480,Abiraterone acetate,unclear,23,2.0205747746614082,0.06120976280547952,152,3.149359931103021,0.6415826767548062,ULK-101,2.773266748294086,0.88058107328583,0.8869565217391304
CVCL_0480,Acetazolamide,unclear,47,1.5535602954026073,0.03615316876481611,80,2.208355830866406,0.7034918348249601,Procainamide (hydrochloride),2.136942189920391,0.9676620769407449,0.991304347826087
CVCL_0480,Acetohexamide,unclear,16,2.2035149051219896,0.06356208551094289,118,3.8210795567068807,0.5766733909673013,Procainamide (hydrochloride),2.962702759753217,0.7753575176295365,0.7391304347826086
CVCL_0480,Adagrasib,RAS inhibitor,17,2.2448299974845964,0.06676280147311275,131,3.7603610687173874,0.5969719280840976,Procainamide (hydrochloride),3.08548989206157,0.8205302192201432,0.6521739130434783
CVCL_0480,Adenine,unclear,25,1.9568094292135454,0.04728545805283946,75,3.258062512558699,0.600605243659606,Procainamide (hydrochloride),2.7562226300199493,0.8459698423206028,0.808695652173913
CVCL_0480,Adenosine,unclear,28,1.857840125738654,0.05277827512085975,118,2.7686084330920866,0.6710375160071834,Procainamide (hydrochloride),2.3712305401350866,0.8564701717269592,0.9565217391304348
CVCL_0480,Aliskiren,unclear,15,2.3627104629741034,0.05368527814844959,110,4.127817987465009,0.5723872685639175,Procainamide (hydrochloride),3.1557352322975856,0.7645044529290396,0.5565217391304348
CVCL_0480,Almonertinib (hydrochloride),EGFR/ERBB inhibitor,10,2.9942034396613124,0.0786753476045785,137,5.418712385739326,0.5525673308554436,Acetazolamide,3.6368040567400772,0.6711565032149005,0.30434782608695654
CVCL_0480,Amsacrine,DNA synthesis/repair inhibitor,23,2.427923957654558,0.060686965806370896,89,3.2043319675986734,0.7577005073772193,Procainamide (hydrochloride),3.2306057887246618,1.0081994691535279,0.9739130434782609
CVCL_0480,Anastrozole,unclear,8,3.076766146019852,0.07616837213998628,165,5.641741078106121,0.5453575595590241,Procainamide (hydrochloride),4.380652825797011,0.7764717957009744,0.034782608695652174
CVCL_0480,Anethole trithione,unclear,11,2.9586441899806823,0.07232131037488287,125,4.9373415592033565,0.5992383055747235,Procainamide (hydrochloride),4.280210216833477,0.8669058369792207,0.13043478260869565
CVCL_0480,Aprepitant,unclear,24,1.9130542376099766,0.053429499143810344,126,2.9359359129609066,0.6515994539133695,Procainamide (hydrochloride),2.5197349212569784,0.8582390746791924,0.9826086956521739
CVCL_0480,Artesunate,JAK/STAT inhibitor,9,3.1570328825966096,0.09403550943910344,151,5.267232944211541,0.599372178150209,Procainamide (hydrochloride),4.437184433375006,0.8424127963148618,0.06086956521739131
CVCL_0480,Ataluren,unclear,23,1.7291602364292404,0.043070338510163064,97,3.0240868031412598,0.5717958342442688,Procainamide (hydrochloride),2.483211185265878,0.8211441492639864,0.9130434782608695
CVCL_0480,Azithromycin (hydrate),unclear,10,2.572551809922504,0.09365984738749245,243,4.6242632372889,0.5563160395321121,Procainamide (hydrochloride),3.548813202411972,0.7674332148298202,0.33043478260869563
CVCL_0480,Baicalin,unclear,18,2.559123018000504,0.06448452917682024,113,3.7546490472390586,0.6815878090875971,Procainamide (hydrochloride),3.3319502733881285,0.8874198976967616,0.7739130434782608
CVCL_0480,Benztropine (mesylate),unclear,21,1.8411351883786642,0.051727021169643894,152,3.719199527375253,0.4950353361864419,ULK-101,2.922202478128938,0.7857073697229741,0.4956521739130435
CVCL_0480,Berbamine,unclear,15,2.351563905194926,0.06421507420420469,122,4.179783352564536,0.5626042564507816,Procainamide (hydrochloride),3.339781639965199,0.7990322364234624,0.34782608695652173
CVCL_0480,Berbamine (dihydrochloride),unclear,21,2.0119314636000674,0.05085847968995927,81,3.2853354684354934,0.6123975718553233,Procainamide (hydrochloride),2.906851357763345,0.884795901572759,0.8347826086956521
CVCL_0480,Berberine (chloride hydrate),unclear,19,2.21041057302243,0.044137305314840836,90,3.842978048247163,0.5751816807880622,Procainamide (hydrochloride),3.2067590501917245,0.8344463616320611,0.41739130434782606
CVCL_0480,Bergenin,unclear,22,1.7766699852409225,0.04781845654566952,118,3.195493073415512,0.5559924382317386,Procainamide (hydrochloride),2.6911308762960924,0.8421645156062472,0.8695652173913043
CVCL_0480,Budesonide,Glucocorticoid receptor agonist,17,2.226283243367709,0.067085280777615,124,3.6340514641760584,0.6126174230921273,Procainamide (hydrochloride),2.9946477341448805,0.8240520982340714,0.7130434782608696
CVCL_0480,Busulfan,DNA synthesis/repair inhibitor,19,2.0563045387456826,0.06507137211423686,140,3.468989242042089,0.5927676320884749,Procainamide (hydrochloride),2.925913526248721,0.8434484289511155,0.7043478260869566
CVCL_0480,Cabozantinib (S-malate),Multi-TK inhibitor,19,2.0114298057851596,0.056642893190852805,117,3.710440098300485,0.5421000615820389,Procainamide (hydrochloride),2.8892956496931124,0.7786935169810486,0.5652173913043478
CVCL_0480,Canagliflozin,Glucose transporter inhibitor,24,2.2225616412775593,0.07465112130146967,167,3.230948745703315,0.6878975236711008,ULK-101,2.94578247601047,0.9117391539955334,0.8347826086956521
CVCL_0480,Canagliflozin (hemihydrate),Glucose transporter inhibitor,17,2.2150832475791162,0.07563399213287703,164,3.7284372700414945,0.5941050062388374,Acetazolamide,3.047356962570055,0.8173282106838666,0.6347826086956522
CVCL_0480,Carbamazepine,HDAC inhibitor,26,1.8238106082154084,0.045815549854338666,91,3.1199613062224345,0.5845619317707594,Procainamide (hydrochloride),2.5174672392951227,0.8068905323518915,0.9217391304347826
CVCL_0480,Cepharanthine,unclear,14,2.3421830465823033,0.08023911819033092,170,4.094556050343625,0.5720236865204816,Procainamide (hydrochloride),3.501257917526029,0.8551007421750143,0.391304347826087
CVCL_0480,Chlorhexidine (diacetate),unclear,25,1.8544091211206482,0.05132775862936001,98,2.9968346988391352,0.6187892584929622,Procainamide (hydrochloride),2.6640466705265924,0.888953492015608,0.8782608695652174
CVCL_0480,Ciclopirox,unclear,21,2.1171016881661777,0.06822726329288509,168,3.3410221979175243,0.6336688482602054,Pentamidine (isethionate),2.8763581968969394,0.860921606174837,0.8260869565217391
CVCL_0480,Citalopram (hydrobromide),unclear,18,2.149335048785388,0.06996633545232411,137,3.692918373301413,0.5820153145881518,Procainamide (hydrochloride),3.112326428879172,0.8427823510479598,0.6
CVCL_0480,Clonidine (hydrochloride),Adrenoceptor agonist,10,2.671222119369642,0.08276063189612759,186,4.9235401521282185,0.5425409434743812,Procainamide (hydrochloride),3.6375329579575943,0.7388043654696829,0.22608695652173913
CVCL_0480,Clotrimazole,unclear,11,2.513981110194181,0.07940354476684541,162,4.83825997790285,0.5196043870474008,Procainamide (hydrochloride),3.6315250511734556,0.7505849350302057,0.13043478260869565
CVCL_0480,Cysteamine (hydrochloride),unclear,18,2.0458063212807884,0.06374390613810821,139,3.7551345451033753,0.544802402339613,Procainamide (hydrochloride),2.908600103456403,0.7745661489677281,0.591304347826087
CVCL_0480,DTP3,unclear,21,2.598271164613977,0.04741361047384174,95,3.4532971418553484,0.7524030101904313,Procainamide (hydrochloride),3.1588817787644214,0.9147436924779816,0.9652173913043478
CVCL_0480,Dapagliflozin ((2S)-1,2-propanediol, hydrate),Glucose transporter inhibitor,30,1.9052250267224093,0.05431163133666739,102,2.850872437538329,0.6682954318249094,Procainamide (hydrochloride),2.70568120617855,0.9490712985091859,0.9565217391304348
CVCL_0480,Darinaparsin,unclear,27,1.8733960484218488,0.052084998526095605,91,2.766608261144102,0.6771453966696122,Procainamide (hydrochloride),2.532132973816948,0.9152481069979205,0.991304347826087
CVCL_0480,Delamanid,unclear,23,1.7406653709561575,0.04468237311264922,111,3.427619605643972,0.5078350491664684,Procainamide (hydrochloride),2.7501558024233317,0.8023515205406347,0.7391304347826086
CVCL_0480,Demeclocycline,unclear,29,1.8092647706183138,0.049999779830856794,118,2.971807518489746,0.6088095407800068,Procainamide (hydrochloride),2.5608583522541166,0.8617174350361456,0.9043478260869565
CVCL_0480,Dexmedetomidine,Adrenoceptor agonist,24,1.8797673425208479,0.05115089537758233,91,3.15277528380239,0.5962262366678297,Procainamide (hydrochloride),2.6358539961434646,0.8360424574771802,0.9391304347826087
CVCL_0480,Diammonium Glycyrrhizinate,unclear,25,2.123925474341084,0.06749517615793055,167,2.9526605662716268,0.7193259864011392,Procainamide (hydrochloride),2.744707306472172,0.9295708886504213,0.9565217391304348
CVCL_0480,Docetaxel,Microtubule inhibitor,21,2.1552948021989327,0.06129346770163968,112,3.298245259786813,0.6534671112779051,Procainamide (hydrochloride),2.913213714575624,0.8832616998178976,0.9217391304347826
CVCL_0480,Docetaxel (Trihydrate),Microtubule inhibitor,18,2.214339672121828,0.06593764526437285,122,3.6170149501340494,0.6122008624929136,Procainamide (hydrochloride),2.9369778899450156,0.8119894251020912,0.8347826086956521
CVCL_0480,Elagolix sodium,unclear,14,2.40195115883043,0.08976532184351416,212,4.503785905704364,0.5333182369499823,ULK-101,3.3739556767482393,0.7491376693716469,0.17391304347826086
CVCL_0480,Eplerenone,unclear,15,2.073733709415194,0.06623619784625956,172,4.141722591884976,0.5006935311115075,Procainamide (hydrochloride),3.2789905376679247,0.7916972865571844,0.33043478260869563
CVCL_0480,Erdafitinib,Other TK inhibitor,15,2.2384380235732677,0.05793164071007284,117,4.256425013077352,0.5258962666312544,Procainamide (hydrochloride),3.3569053506302824,0.7886677999298933,0.2782608695652174
CVCL_0480,Estrone sulfate (potassium),unclear,25,2.0626138512527605,0.06545961101033437,131,3.1283152981622977,0.6593369448611608,Procainamide (hydrochloride),2.8492758169092327,0.9108019957524792,0.8869565217391304
CVCL_0480,Fenofibrate,unclear,12,2.4843608738136402,0.0944328085127567,211,4.520746075871474,0.5495466527247329,Procainamide (hydrochloride),3.5714152608635286,0.7900057204993667,0.26956521739130435
CVCL_0480,Folic acid,unclear,9,3.1652975881656675,0.08659576632401855,196,5.255528950187724,0.6022795456302462,Procainamide (hydrochloride),4.14013382973071,0.787767295922293,0.20869565217391303
CVCL_0480,Furosemide,unclear,17,2.1451106086490332,0.060996145400562196,98,3.6587615336320765,0.5862941842289372,Procainamide (hydrochloride),3.089292948518309,0.8443548233796883,0.7391304347826086
CVCL_0480,Gallic acid,Cyclooxygenase inhibitor,32,1.7499798890397031,0.046366059943502735,92,2.821692428570274,0.6201880372647143,Procainamide (hydrochloride),2.564853137834836,0.9089768650420994,0.9478260869565217
CVCL_0480,Gallic acid (hydrate),Cyclooxygenase inhibitor,20,2.0107867002505944,0.06109297277720438,110,3.3753213120547523,0.5957319361179612,Procainamide (hydrochloride),2.8875703585039703,0.8554949563442125,0.7652173913043478
CVCL_0480,Gemfibrozil,unclear,15,2.5152282857557937,0.09911752936067642,222,3.736594146628524,0.6731339254559525,Norepinephrine (hydrochloride),3.3305987229311307,0.8913461275788495,0.6869565217391305
CVCL_0480,HI-TOPK-032,unclear,11,2.9333448700594382,0.06073980925327693,123,4.68758594303185,0.6257687657801536,Sonidegib,4.2812476381997,0.913316084276561,0.17391304347826086
CVCL_0480,Homoharringtonine,Protein synthesis inhibitor,10,4.5111724048600115,0.2671512232385085,309,4.382077878740873,1.0294596603920312,Triclosan,5.219438636224064,1.1910876028802562,1.0
CVCL_0480,Idarubicin (hydrochloride),DNA synthesis/repair inhibitor,17,2.4746399366536895,0.08589943384328846,129,4.0310134873794565,0.6139001877323019,Procainamide (hydrochloride),3.1013875918424665,0.7693815963534928,0.808695652173913
CVCL_0480,Isocorydine,unclear,10,2.8167371579495906,0.10230340316971354,192,4.994297774521219,0.5639906319401667,Procainamide (hydrochloride),3.714891382843336,0.7438265699324398,0.23478260869565218
CVCL_0480,Ixazomib,Proteasome inhibitor,14,2.7730558143732784,0.12118818371996332,247,4.057693644559054,0.6834068949713981,ULK-101,3.369120415366192,0.8303042837854042,0.6521739130434783
CVCL_0480,Larotrectinib,Other TK inhibitor,23,1.830869811560498,0.047634130923909,97,3.295114696094366,0.5556315880993737,Procainamide (hydrochloride),2.7457350868793235,0.8332745109400255,0.7652173913043478
CVCL_0480,Lenalidomide (hemihydrate),unclear,10,2.586436356567576,0.10265250512449575,248,4.856877254899484,0.5325307231016494,Norepinephrine (hydrochloride),3.7668713385562396,0.7755747450187924,0.17391304347826086
CVCL_0480,Lidocaine (hydrochloride),unclear,14,2.7226825892086532,0.11626933937595119,266,4.035099036004064,0.6747498797216414,Norepinephrine (hydrochloride),3.5241555338105335,0.8733752263241807,0.6434782608695652
CVCL_0480,Lipoic acid,unclear,18,2.1586235762729773,0.05162372432029183,108,3.6903287211828038,0.5849407300445331,Procainamide (hydrochloride),2.928496784015473,0.7935598710233183,0.782608695652174
CVCL_0480,Medroxyprogesterone acetate,unclear,27,1.8830037540808444,0.04880944810379084,71,2.97369016829439,0.6332212327153346,Procainamide (hydrochloride),2.680530620899344,0.9014155709560043,0.9565217391304348
CVCL_0480,Megestrol,unclear,13,2.4375586610451685,0.06504180163250362,128,4.494176197430626,0.5423816410310637,Procainamide (hydrochloride),3.5848666912396734,0.7976693689244281,0.19130434782608696
CVCL_0480,Mitoxantrone (dihydrochloride),DNA synthesis/repair inhibitor,27,1.9320500948096544,0.05582104788699904,89,3.0673498467220126,0.6298760139389968,Procainamide (hydrochloride),2.63862988307908,0.8602311490157886,0.8347826086956521
CVCL_0480,Mozavaptan,unclear,25,2.0961848584017457,0.06758423335981745,145,3.11798640056518,0.6722880054966828,Procainamide (hydrochloride),2.908248402157032,0.9327328694024677,0.8260869565217391
CVCL_0480,Naproxen,Cyclooxygenase inhibitor,30,1.955758336892913,0.05798499653863831,106,2.848311655673578,0.6866377606527784,Procainamide (hydrochloride),2.528390751780216,0.8876805130309008,0.9565217391304348
CVCL_0480,Neratinib (maleate),EGFR/ERBB inhibitor,20,2.1085033213176874,0.04903199838440597,79,3.642704918125982,0.5788290209360201,Procainamide (hydrochloride),2.940599789444811,0.807257204615307,0.5391304347826087
CVCL_0480,Norepinephrine (hydrochloride),Adrenoceptor agonist,36,1.7789114151713952,0.044359284175231495,128,2.426317435388491,0.7331734047761,Procainamide (hydrochloride),2.380759173517625,0.9812232887558789,0.9826086956521739
CVCL_0480,Omeprazole,unclear,18,2.058029011863182,0.0507666569715749,119,3.4892089140738523,0.5898268239434006,Procainamide (hydrochloride),2.823500290424647,0.8092092964213049,0.8173913043478261
CVCL_0480,Palmatine (chloride),unclear,9,2.8954119341069355,0.12533015639923772,296,5.026892431085365,0.5759844623294997,8-Hydroxyquinoline,4.153734800013194,0.8263027023071498,0.1565217391304348
CVCL_0480,Pasireotide (acetate),unclear,21,1.9835608134158365,0.053792122844866674,102,3.5247704150545185,0.5627489396029659,Procainamide (hydrochloride),2.857240274491214,0.8106174127789315,0.6086956521739131
CVCL_0480,Pentamidine (isethionate),unclear,34,1.8525943828382354,0.05122287968611239,121,2.7285413186412533,0.6789687845961526,Norepinephrine (hydrochloride),2.5180356704365066,0.922850481769661,0.9565217391304348
CVCL_0480,Procainamide (hydrochloride),DNA methyltransferase inhibitor,88,1.2073813812843859,0.01974686538081849,45,1.6643145839835216,0.725452623502541,Acetazolamide,2.136942189920391,1.2839773264532954,1.0
CVCL_0480,Proglumide,unclear,23,1.9610590064836793,0.05870463141733662,150,3.1413737409002866,0.624267969439911,Procainamide (hydrochloride),2.7901604617606606,0.8881975504643482,0.8956521739130435
CVCL_0480,Quinestrol,unclear,8,3.1264108506699606,0.10730456611187245,211,5.716122911903415,0.5469460504705794,Procainamide (hydrochloride),4.423416002849822,0.7738490006291461,0.043478260869565216
CVCL_0480,RMC-6236,RAS inhibitor,17,2.249693284319784,0.06585567335046272,140,3.6888584495568035,0.6098616455695318,Procainamide (hydrochloride),3.1304516897374506,0.8486234244400345,0.7391304347826086
CVCL_0480,Radotinib,Other TK inhibitor,12,2.5808928863610165,0.10372022435731465,224,4.594264448819741,0.5617641115595867,Procainamide (hydrochloride),3.673500822338565,0.7995841038889873,0.28695652173913044
CVCL_0480,Raltitrexed,DNA synthesis/repair inhibitor,14,2.3744704042320177,0.07538414308547192,169,4.059320571236866,0.5849428155679072,Procainamide (hydrochloride),3.4430464577732303,0.8481829403101666,0.4608695652173913
CVCL_0480,Rapamycin,MTOR inhibitor,16,2.1898290870919923,0.06587384865056467,177,3.5865980990106294,0.6105588155238417,Procainamide (hydrochloride),2.9905195039287444,0.8338039059223518,0.7739130434782608
CVCL_0480,Relugolix,unclear,16,2.540307893836344,0.04290219847153254,97,3.8113676360275344,0.666508229178339,Procainamide (hydrochloride),3.3163437048354574,0.8701190810057818,0.808695652173913
CVCL_0480,Resveratrol,unclear,24,1.8747245606742764,0.053373188160415586,118,3.2634889784814027,0.5744540805977046,Procainamide (hydrochloride),2.7498070403516226,0.8425973117982426,0.7565217391304347
CVCL_0480,Retinoic acid,Retinoic receptor agonist,21,2.296356125828708,0.04907327453559185,87,3.327390366081472,0.6901372767190614,Procainamide (hydrochloride),3.153111535209958,0.9476229682432017,0.8521739130434782
CVCL_0480,Riluzole hydrochloride,unclear,19,2.1100240929455314,0.05409691442655129,89,3.3759243234748055,0.6250211470302464,Procainamide (hydrochloride),2.9648836161212744,0.8782435066759876,0.9130434782608695
CVCL_0480,Ritonavir,unclear,19,2.1713688826688333,0.07203617722717881,176,3.5360595456372503,0.6140645695143464,ULK-101,2.8781157142748706,0.8139330452808287,0.6260869565217392
CVCL_0480,S-Adenosyl-L-methionine (disulfate tosylate),unclear,29,1.7971794683809,0.04894393427383059,91,2.788584153396731,0.6444774012617778,Procainamide (hydrochloride),2.5527665775404547,0.9154346568422436,0.9565217391304348
CVCL_0480,Saquinavir,unclear,13,2.3993755804269936,0.08972064551617975,210,4.358319292616644,0.5505277193646037,Procainamide (hydrochloride),3.5792735142451932,0.8212508707906695,0.3217391304347826
CVCL_0480,Selinexor,unclear,19,2.1661777216665,0.05997219758824779,108,3.610522274127515,0.5999624312496337,Procainamide (hydrochloride),3.0473029657081128,0.8440061393734223,0.7130434782608696
CVCL_0480,Sinomenine,unclear,13,3.30507661639886,0.0560465716267442,98,4.2092619283351,0.7851914831316105,Neratinib (maleate),4.021829994232501,0.9554715441106478,0.8521739130434782
CVCL_0480,Sivelestat (sodium tetrahydrate),unclear,16,2.140455604373071,0.055150807333730234,109,3.782722009556416,0.5658506226377638,Procainamide (hydrochloride),2.910373885204241,0.7693861398885953,0.6086956521739131
CVCL_0480,Sodium Salicylate,Cyclooxygenase inhibitor,22,1.8922066449832649,0.05383995980443512,119,3.368353175214263,0.5617601678193678,Norepinephrine (hydrochloride),2.939413521601599,0.8726559742104897,0.7652173913043478
CVCL_0480,Sonidegib,Sonic inhibitor,24,2.1604623846704833,0.040601434564382366,80,3.1012892927334503,0.6966336193571513,Procainamide (hydrochloride),2.6517458692018323,0.855046278789621,0.991304347826087
CVCL_0480,Sulfisoxazole,unclear,24,1.8805219888468605,0.05385041928695278,132,2.994938363772706,0.6279000635184953,Procainamide (hydrochloride),2.513245907002976,0.8391644841188167,0.9391304347826087
CVCL_0480,TAK-901,unclear,10,2.8037670986090446,0.08552746011202894,159,5.228735884379383,0.5362227430506051,Procainamide (hydrochloride),4.013497623789525,0.7675846920820137,0.11304347826086956
CVCL_0480,Temsirolimus,MTOR inhibitor,8,3.1943075256108098,0.15973936426409274,283,5.864163787422122,0.5447166282193873,ULK-101,4.056113914377799,0.6916781422574934,0.06956521739130435
CVCL_0480,Terfenadine,unclear,20,2.0981926519934317,0.06729665517681815,169,3.3810968659321894,0.6205656729727993,Procainamide (hydrochloride),2.8888801417890435,0.8544209930503015,0.8260869565217391
CVCL_0480,Tetracycline (hydrochloride),unclear,27,1.8391031374485012,0.05116169317888297,116,3.137801825716975,0.5861119470246575,Dapagliflozin ((2S)-1,2-propanediol, hydrate),2.763588656001435,0.8807403429214228,0.8
CVCL_0480,Thymol,unclear,10,2.5197490890348577,0.09653816297513074,224,4.569514242771338,0.5514260280555926,Procainamide (hydrochloride),3.6909261688040855,0.8077283432572469,0.2956521739130435
CVCL_0480,Tofacitinib (citrate),JAK/STAT inhibitor,16,2.0860046639179073,0.06122259242660433,120,3.9957204946186917,0.5220597053090353,Procainamide (hydrochloride),3.271689785675125,0.8187984595222143,0.3391304347826087
CVCL_0480,Tolcapone,unclear,12,2.524079380057899,0.07201743472250832,139,4.806388500098508,0.5251509277716871,Procainamide (hydrochloride),3.641556761797623,0.7576492748605297,0.19130434782608696
CVCL_0480,Triclosan,unclear,28,1.8593558940881882,0.051768498228760396,95,2.91005419602211,0.6389420157981351,Procainamide (hydrochloride),2.4594187205819766,0.8451453323253815,0.9478260869565217
CVCL_0480,Trifluridine,DNA synthesis/repair inhibitor,15,2.246446698854017,0.07443345234164522,148,4.096108080015089,0.5484344297003368,Procainamide (hydrochloride),3.3465370483278223,0.8170040885042991,0.3652173913043478
CVCL_0480,Tucidinostat,HDAC inhibitor,22,2.1336064232549465,0.06154625540277403,116,3.383178889559825,0.6306513763842218,Procainamide (hydrochloride),2.7917006503601924,0.825170864885425,0.8869565217391304
CVCL_0480,ULK-101,unclear,43,1.8223900173864638,0.04148311626913481,125,2.297002431977614,0.7933774871180564,Procainamide (hydrochloride),2.4855273961975937,1.0820743424540775,1.0
CVCL_0480,Valdecoxib,Cyclooxygenase inhibitor,23,2.10256086565563,0.04763213220197382,73,3.133028916841975,0.6710952632301158,Procainamide (hydrochloride),2.6500872314872104,0.8458546990234742,0.9826086956521739
CVCL_0480,Vemurafenib,RAF inhibitor,15,2.4172648298110095,0.04975216105538072,103,3.846975778641016,0.6283545748408463,Procainamide (hydrochloride),3.313663144164197,0.8613683409607489,0.6434782608695652
CVCL_0480,Verteporfin,unclear,16,2.26672741762545,0.0790449823022481,160,3.9867320899479406,0.5685677809503997,Procainamide (hydrochloride),3.1143000612581626,0.7811661257877074,0.5565217391304348
CVCL_0480,Vilanterol,Adrenoceptor agonist,16,2.0989271795925855,0.06749518749822281,162,4.085051701815495,0.5138067600612672,Procainamide (hydrochloride),2.7189750411554794,0.6655913412178117,0.5739130434782609
CVCL_0480,Vinblastine (sulfate),Microtubule inhibitor,10,2.610055923943618,0.08545687533640778,184,4.825517652317353,0.540886203719552,Procainamide (hydrochloride),3.8591246374707846,0.7997327780196849,0.19130434782608696
CVCL_0480,Vitamin K4,unclear,20,2.3215389840921126,0.05068449104197792,96,3.3120461668117054,0.7009379903441713,Procainamide (hydrochloride),2.9915968420460795,0.9032473254821499,0.9739130434782609
CVCL_0480,Volasertib,unclear,13,2.765526237054757,0.06358390220284282,137,4.167849370901012,0.6635379522981422,Procainamide (hydrochloride),3.5279420782402866,0.8464658302844594,0.6695652173913044
CVCL_0480,palbociclib,CDK inhibitor,11,2.620159723403493,0.08409523607889546,191,4.667996299650636,0.5613028706984176,Procainamide (hydrochloride),3.760386501038442,0.8055675839588557,0.26956521739130435
CVCL_0546,(R)-Verapamil (hydrochloride),unclear,15,2.0613190610837218,0.1049968432309708,204,3.737970856728659,0.5514540214708137,Tucidinostat,2.93410105867495,0.7849448728026661,0.1896551724137931
CVCL_0546,18β-Glycyrrhetinic acid,unclear,16,2.0619516018521935,0.11251059907642436,205,3.540124628584122,0.5824516982264757,Afatinib,2.7116926783268656,0.7659879136547266,0.5689655172413793
CVCL_0546,8-Hydroxyquinoline,unclear,25,1.7768352132225602,0.069146115429215,86,3.22393556744479,0.5511385621862273,Afatinib,2.4452048525110452,0.7584533875933052,0.5431034482758621
CVCL_0546,AT7519,CDK inhibitor,24,1.8285103542774261,0.06720631835063329,78,3.100003924053787,0.5898413031317506,Afatinib,2.4018407967127122,0.7747863730352617,0.7068965517241379
CVCL_0546,Abiraterone acetate,unclear,30,1.678009554288987,0.07369074420408228,118,2.826407314608056,0.5936899277101114,Afatinib,2.1813986551308715,0.7717920357255269,0.9137931034482759
CVCL_0546,Acetohexamide,unclear,19,1.820528917365399,0.08539403071299634,149,3.7217629396773613,0.4891576779264775,Afatinib,2.8402412721719834,0.763144057858291,0.13793103448275862
CVCL_0546,Adagrasib,RAS inhibitor,19,1.8873909827584667,0.09000764318992771,132,3.507306373815992,0.5381311985884376,Afatinib,2.6177008582466694,0.7463564853613227,0.28448275862068967
CVCL_0546,Adenine,unclear,35,1.4085961734837287,0.05229849443293022,74,2.5451695175188025,0.5534390396349396,Afatinib,2.0511286339734163,0.8058907746046677,0.9568965517241379
CVCL_0546,Adenosine,unclear,36,1.5720693457824386,0.062074860530528686,79,2.5230528207656477,0.6230822172424345,Afatinib,2.039088344063421,0.8081829786839886,0.9482758620689655
CVCL_0546,Afatinib,EGFR/ERBB inhibitor,210,0.9845057160170196,0.022913882730340118,64,1.0894502838878755,0.9036719991514027,Temuterkib,1.4359373448747013,1.3180384328785817,1.0
CVCL_0546,Aliskiren,unclear,30,1.7740405051230652,0.06421256162216493,83,2.89782909925882,0.6121963871426417,Afatinib,2.3630902471626216,0.815469155088211,0.8620689655172413
CVCL_0546,Almonertinib (hydrochloride),EGFR/ERBB inhibitor,28,1.8367822493024661,0.06761115714334598,103,2.8104994972274255,0.6535429915979215,Afatinib,2.3492687702242474,0.8358901229271932,0.9396551724137931
CVCL_0546,Amsacrine,DNA synthesis/repair inhibitor,31,1.929512231667611,0.05232114229387197,71,2.9041626432183096,0.6643953761244518,Afatinib,2.4360864367879733,0.8388257601469498,0.9051724137931034
CVCL_0546,Anastrozole,unclear,30,2.1203104312105148,0.05970103165723262,90,2.9386773883350035,0.7215186122937574,Temuterkib,2.474918601219116,0.8421879213564698,0.9310344827586207
CVCL_0546,Anethole trithione,unclear,22,2.45672117596585,0.06706336179686423,73,3.544186109958315,0.6931693482639218,Afatinib,3.22006416457256,0.9085482716398413,0.45689655172413796
CVCL_0546,Aprepitant,unclear,26,1.7385067305679756,0.07400039469924147,103,2.8380890719445206,0.612562427216858,Afatinib,2.129061347473628,0.7501742522883184,0.9310344827586207
CVCL_0546,Ataluren,unclear,21,1.8827186041478858,0.07138665710949665,100,3.3279065706644464,0.5657366167500262,Afatinib,2.384226788122859,0.7164344122938604,0.6982758620689655
CVCL_0546,Azithromycin (hydrate),unclear,30,1.6697956715115527,0.06841786781322523,98,2.76014194794051,0.6049673179879306,Afatinib,2.2146042288611887,0.8023515712710441,0.9482758620689655
CVCL_0546,Baicalin,unclear,23,1.9908659706723233,0.06155513418112002,76,3.255226343370951,0.6115906424530471,Afatinib,2.506439861015901,0.7699740652812351,0.7413793103448276
CVCL_0546,Benztropine (mesylate),unclear,28,1.6940922941458942,0.07345353310244951,97,2.7906236981271113,0.6070658309405388,Afatinib,2.211329262346249,0.7924139911197458,0.9137931034482759
CVCL_0546,Berbamine,unclear,29,2.0278430744528637,0.06291129697811848,70,3.0520482619813207,0.6644203827682704,Afatinib,2.3889264676834463,0.7827289291069759,0.9137931034482759
CVCL_0546,Berbamine (dihydrochloride),unclear,30,1.69609553708243,0.059530618112522804,62,2.90557190269419,0.5837389656438122,Afatinib,2.267458853700349,0.7803829778219733,0.8620689655172413
CVCL_0546,Berberine (chloride hydrate),unclear,34,1.8104785323664252,0.04996094412485064,65,2.632708776890234,0.6876865942251955,Afatinib,2.256186999671274,0.8569831268372534,0.9568965517241379
CVCL_0546,Bergenin,unclear,19,2.007032726189245,0.1092325262356062,186,3.297292744810952,0.6086910934274101,Afatinib,2.7134501146026757,0.8229327283338469,0.6637931034482759
CVCL_0546,Bimatoprost,unclear,11,3.2894081405000573,0.09632983476414869,117,5.174783494325316,0.6356610173367122,Anastrozole,4.381851234297465,0.846769964212535,0.04310344827586207
CVCL_0546,Budesonide,Glucocorticoid receptor agonist,24,1.9291919537904294,0.05659484994131181,84,3.2525580272032033,0.593130679808131,Afatinib,2.3365817215089857,0.7183827934710688,0.8103448275862069
CVCL_0546,Busulfan,DNA synthesis/repair inhibitor,20,1.8938292224764828,0.08500096391122569,119,3.4541411653067,0.5482778878576394,Afatinib,2.5896370887715854,0.7497195293527172,0.3879310344827586
CVCL_0546,Cabozantinib (S-malate),Multi-TK inhibitor,30,1.649284657957509,0.07070704443958542,99,2.686871379848297,0.6138308928098483,Afatinib,2.073466925297231,0.7717030821975188,0.9568965517241379
CVCL_0546,Canagliflozin,Glucose transporter inhibitor,21,1.9449691234002595,0.09896285022649809,151,3.3797243116282223,0.5754815908233792,Afatinib,2.7008427088890974,0.7991310710156517,0.5172413793103449
CVCL_0546,Canagliflozin (hemihydrate),Glucose transporter inhibitor,28,1.6390317151401428,0.061788606436582905,80,2.7639775349515943,0.5929974807732463,Afatinib,2.161360029704441,0.781974528509434,0.9224137931034483
CVCL_0546,Carbamazepine,HDAC inhibitor,28,1.6532024533951568,0.06996519004865587,86,2.9145220847397093,0.5672293450961451,Afatinib,2.176647615461316,0.7468283142742795,0.8706896551724138
CVCL_0546,Cepharanthine,unclear,18,1.9211164821864557,0.08816529903065462,115,3.579485898383165,0.5367017881127046,Afatinib,2.751893880084673,0.7687958433717225,0.25
CVCL_0546,Chlorhexidine (diacetate),unclear,29,1.8039101108404925,0.07623034366620363,92,3.3101848793579696,0.5449575104066006,Afatinib,2.5185642128936414,0.7608530353090527,0.43103448275862066
CVCL_0546,Ciclopirox,unclear,40,1.4906322172533868,0.05748912650850646,59,2.4162109612674225,0.6169296643168427,Afatinib,1.9631132413009862,0.8124759272970253,0.9568965517241379
CVCL_0546,Citalopram (hydrobromide),unclear,26,1.7608584401801477,0.07462487145736463,106,3.0118813909882305,0.5846373783007408,Afatinib,2.4827779125877742,0.8243279167687105,0.6810344827586207
CVCL_0546,Clonidine (hydrochloride),Adrenoceptor agonist,29,2.163980038954704,0.0581137139206479,84,3.132128158601458,0.6908976674571814,Afatinib,2.556108467728032,0.8160931923262592,0.9137931034482759
CVCL_0546,Clotrimazole,unclear,22,1.9780847769262337,0.10554567175070384,149,3.1973445137517094,0.6186648853192185,Afatinib,2.6046131394690013,0.814617607913885,0.7931034482758621
CVCL_0546,Cysteamine (hydrochloride),unclear,21,1.8909007743907358,0.07256753282472006,102,3.5273627544414206,0.5360664343381863,Afatinib,2.619186646262428,0.7425339633596013,0.29310344827586204
CVCL_0546,DTP3,unclear,30,2.120498238333362,0.08388125042616401,95,2.742242975090758,0.7732714633950996,Afatinib,2.621673311726682,0.9560324652267236,0.9482758620689655
CVCL_0546,Dapagliflozin ((2S)-1,2-propanediol, hydrate),Glucose transporter inhibitor,17,2.239496247138032,0.11754014389218781,129,3.625216336911179,0.617755201071991,Afatinib,2.8281645795543575,0.7801367743929071,0.5344827586206896
CVCL_0546,Darinaparsin,unclear,13,2.277881465616809,0.11631336922339719,176,4.272647187150455,0.5331311867891414,Afatinib,3.2881236522932134,0.7695752792746159,0.08620689655172414
CVCL_0546,Delamanid,unclear,27,1.6762672682694049,0.06840691739656957,117,2.929674837405316,0.5721683672424209,Afatinib,2.2522814687323445,0.7687820641307385,0.853448275862069
CVCL_0546,Demeclocycline,unclear,26,1.894830692131705,0.08622851382206687,109,3.2251814740988074,0.5875113407877819,Afatinib,2.471256298827648,0.7662379058896758,0.5775862068965517
CVCL_0546,Dexmedetomidine,Adrenoceptor agonist,27,1.7637868038663653,0.08042836017072341,118,2.7941425110087854,0.6312443967754441,Afatinib,2.377268390861681,0.8508042741182168,0.9137931034482759
CVCL_0546,Diammonium Glycyrrhizinate,unclear,22,2.0158416595170006,0.10846352806235715,164,3.4263734177436906,0.5883309884082796,Afatinib,2.5711790023301186,0.7504082856279196,0.5344827586206896
CVCL_0546,Docetaxel,Microtubule inhibitor,30,1.726973363283392,0.06500272818871233,77,3.080293203240256,0.5606522656566378,Afatinib,2.4800203307494577,0.8051247615456371,0.5689655172413793
CVCL_0546,Docetaxel (Trihydrate),Microtubule inhibitor,29,1.6618395900062424,0.06423258839767776,74,2.8091560437565173,0.5915796645400884,Afatinib,2.1699926566675267,0.7724713838842945,0.9051724137931034
CVCL_0546,Elagolix sodium,unclear,19,2.026588429474174,0.10697004893591122,128,3.371371977595816,0.6011168280871129,Tucidinostat,2.724983502571131,0.808271386450321,0.46551724137931033
CVCL_0546,Eplerenone,unclear,23,1.8552623826550103,0.09162239763067748,141,3.2905235700236917,0.5638198126146996,Afatinib,2.6490480056192807,0.8050536485293153,0.5086206896551724
CVCL_0546,Erdafitinib,Other TK inhibitor,24,1.7828963054117912,0.06643957725589456,101,3.0871865041463993,0.5775149324529579,Afatinib,2.320515542242369,0.7516603027143599,0.7758620689655172
CVCL_0546,Estrone sulfate (potassium),unclear,30,1.7856889882274358,0.07249786964166072,121,2.662390237320196,0.6707089603907218,Afatinib,2.205352392274081,0.8283355164695383,0.9655172413793104
CVCL_0546,Fenofibrate,unclear,23,2.156028308207886,0.07326900030215044,100,3.172395749209486,0.6796214844081595,Afatinib,2.59243095090494,0.81718396941836,0.9137931034482759
CVCL_0546,Fluvoxamine (maleate),unclear,19,1.9162856633157834,0.08718791720618835,107,3.5209729493929918,0.544248902464913,Afatinib,2.5416867427608283,0.7218705679630426,0.47413793103448276
CVCL_0546,Furosemide,unclear,21,1.8731205132267705,0.07769285835652806,107,3.4244265978323893,0.5469880751459026,Afatinib,2.5508687397690144,0.7449039034399733,0.5
CVCL_0546,Gallic acid,Cyclooxygenase inhibitor,37,1.6671617662114973,0.052509997023135746,66,2.6406116181004315,0.6313544009212525,Afatinib,1.9810421880666964,0.7502209618738982,0.9655172413793104
CVCL_0546,Gallic acid (hydrate),Cyclooxygenase inhibitor,17,2.2950450175725248,0.10835334672693109,135,3.791193101877863,0.6053622054850589,Afatinib,3.2002716834160765,0.8441331257516032,0.15517241379310345
CVCL_0546,Gemfibrozil,unclear,17,2.1115054681680143,0.11895744620137683,181,3.6144978255134568,0.5841767155768215,Afatinib,2.8898704741553796,0.7995219844252803,0.27586206896551724
CVCL_0546,HI-TOPK-032,unclear,21,2.015487246881175,0.07140871576374863,85,3.632929179549083,0.5547829718858808,Afatinib,2.726441554111931,0.7504802376715571,0.31896551724137934
CVCL_0546,Homoharringtonine,Protein synthesis inhibitor,10,2.9051314408460396,0.1934716372938191,258,4.824135186938033,0.6022077177090843,Tucidinostat,3.6576509332901037,0.7581982659179337,0.08620689655172414
CVCL_0546,Idarubicin (hydrochloride),DNA synthesis/repair inhibitor,33,1.8684605247756507,0.07640670503389824,55,2.780186372498411,0.6720630470167225,Afatinib,2.4221896000158045,0.8712328151724257,0.9655172413793104
CVCL_0546,Isocorydine,unclear,9,2.8329273779293294,0.15001832377079916,234,5.443858720342,0.5203895845686745,Retinoic acid,4.3182757416326565,0.7932380253544437,0.017241379310344827
CVCL_0546,Ixazomib,Proteasome inhibitor,19,2.0070333746850015,0.09816940647975181,129,3.473458483524461,0.5778198830372943,Afatinib,2.55272564248503,0.7349233205444338,0.7068965517241379
CVCL_0546,Larotrectinib,Other TK inhibitor,16,2.073199437619828,0.10690148937779453,196,3.7553760385891346,0.5520617419710419,Afatinib,2.9496434722962293,0.7854455697609413,0.22413793103448276
CVCL_0546,Lenalidomide (hemihydrate),unclear,16,2.241784196117958,0.1265896543417171,182,3.740532181397639,0.5993222588130017,Tucidinostat,2.911942631672888,0.7784835126281012,0.5
CVCL_0546,Lidocaine (hydrochloride),unclear,12,2.570059487157839,0.17698884166604334,261,4.2225792801800415,0.6086468285441541,Afatinib,3.4787697377173887,0.8238494784564617,0.1896551724137931
CVCL_0546,Lipoic acid,unclear,28,1.6995525394325568,0.06449583323964536,81,2.99830410989519,0.5668379447647047,Afatinib,2.302950547486291,0.7680843780609012,0.7413793103448276
CVCL_0546,Medroxyprogesterone acetate,unclear,27,1.7406422556003385,0.07161464580530141,85,2.811281254259085,0.6191633273843623,Afatinib,2.2960421148198655,0.8167244424019712,0.9568965517241379
CVCL_0546,Megestrol,unclear,17,1.9697307943809037,0.09345516000455822,143,3.5669778717496237,0.5522127877442478,Afatinib,2.8388076414753804,0.7958579345161254,0.23275862068965517
CVCL_0546,Mitoxantrone (dihydrochloride),DNA synthesis/repair inhibitor,28,2.1154189688844593,0.07093492946213564,83,3.2549516434120447,0.6499079558266323,Afatinib,2.4464399090342477,0.7516056080236374,0.8793103448275862
CVCL_0546,Mozavaptan,unclear,22,1.9470011010568555,0.10070680723154957,164,3.1687268655051115,0.6144427032357973,Afatinib,2.4967816986705405,0.7879447502562013,0.7758620689655172
CVCL_0546,Naproxen,Cyclooxygenase inhibitor,29,1.6842551256218876,0.07170648167782434,78,2.8160577101526605,0.5980897051753187,Afatinib,2.2758346148372666,0.8081633436105583,0.8793103448275862
CVCL_0546,Neratinib (maleate),EGFR/ERBB inhibitor,22,1.8918337271855046,0.07817130821524321,101,3.225806828777645,0.5864683868569951,Afatinib,2.441651178385465,0.7569117768005593,0.7155172413793104
CVCL_0546,Norepinephrine (hydrochloride),Adrenoceptor agonist,36,1.6038595165291138,0.0687771191079326,87,2.4819704980940114,0.6462041018460016,Afatinib,2.172041526730238,0.8751278584488502,0.9482758620689655
CVCL_0546,Omeprazole,unclear,21,1.8880221328312001,0.07401331023954227,127,3.3942099585877807,0.556247891517219,Pravastatin (sodium),2.7632026936663525,0.8140930370777741,0.27586206896551724
CVCL_0546,Palmatine (chloride),unclear,15,2.1515173677427963,0.11483996030613741,170,4.005216666938734,0.5371787712516545,Afatinib,2.880665098481105,0.7192282810215244,0.12931034482758622
CVCL_0546,Pasireotide (acetate),unclear,22,1.7902678866023143,0.06236575474243977,95,3.373644901926118,0.5306628108904393,Afatinib,2.457252054517639,0.7283671298999838,0.46551724137931033
CVCL_0546,Pentamidine (isethionate),unclear,28,1.717434174532277,0.07468593148940317,118,2.865454170540227,0.5993584515115408,Tucidinostat,2.357679710155627,0.822794422746301,0.8620689655172413
CVCL_0546,Pravastatin (sodium),unclear,90,1.1624336985313046,0.035358441515729644,49,1.620450739726022,0.7173520737371155,Afatinib,1.5324153602198483,0.9456722889823492,0.9827586206896551
CVCL_0546,Proglumide,unclear,38,1.448798873944686,0.05575443846257988,100,2.411055750532519,0.6008981225857993,Afatinib,1.8750345032251936,0.7776819357292187,0.9568965517241379
CVCL_0546,Pyridoxine,unclear,8,2.9091201547430385,0.20693326711163185,312,5.3227907446594775,0.5465403947472197,Afatinib,4.096606105185663,0.7696350094724119,0.04310344827586207
CVCL_0546,RMC-6236,RAS inhibitor,18,2.0966223664908776,0.09801080442561705,145,3.751889992209091,0.5588176547938706,Afatinib,2.791094863811337,0.7439170310449205,0.22413793103448276
CVCL_0546,Radotinib,Other TK inhibitor,19,1.9283646821855578,0.08335424569581606,83,3.6609510345713647,0.5267387255321039,Afatinib,2.739060138258512,0.7481826750461331,0.19827586206896552
CVCL_0546,Raltitrexed,DNA synthesis/repair inhibitor,24,1.72978927903595,0.06922750025507207,84,3.275295750808175,0.5281322392364496,Afatinib,2.2863230907719614,0.6980508829493685,0.5517241379310345
CVCL_0546,Rapamycin,MTOR inhibitor,13,2.2347936343043866,0.11453889869363831,183,4.150298474364763,0.5384657629103266,Afatinib,3.226925061737688,0.7775163838623909,0.08620689655172414
CVCL_0546,Resveratrol,unclear,21,1.8832545820897233,0.095590667332066,157,3.339164211056202,0.5639898079447959,Afatinib,2.6252168266919234,0.7861897950390251,0.4396551724137931
CVCL_0546,Retinoic acid,Retinoic receptor agonist,30,1.672667785632387,0.05312917812251017,65,2.8340737741291533,0.5901990981679226,Afatinib,2.1887697041111793,0.7723051263137067,0.9051724137931034
CVCL_0546,Riluzole hydrochloride,unclear,20,2.1397335407819305,0.12266761280318983,149,3.4367608412993613,0.6226018159509016,Afatinib,2.7753577277389807,0.807550439468369,0.6206896551724138
CVCL_0546,Ritonavir,unclear,17,1.9153170377264852,0.08966789140299125,172,3.7391148723050676,0.5122380839146945,Afatinib,2.8081413270278177,0.7510176667283482,0.15517241379310345
CVCL_0546,S-Adenosyl-L-methionine (disulfate tosylate),unclear,35,1.6568416231622025,0.07327032086524266,123,2.567632306263139,0.6452799410261059,Afatinib,2.2043492628644406,0.8585143820972518,0.9224137931034483
CVCL_0546,Saquinavir,unclear,24,1.8191423921529064,0.08606264050648482,141,3.2976646873994313,0.5516456536966767,Afatinib,2.5211355077828506,0.7645214861948384,0.49137931034482757
CVCL_0546,Selinexor,unclear,25,1.8189396689175492,0.08264697887424444,133,2.873582241843536,0.632986814308337,Afatinib,2.2849382961005578,0.7951532629999356,0.9137931034482759
CVCL_0546,Sinomenine,unclear,12,2.7221674670494136,0.09716076678432184,136,4.689741213234177,0.5804515309645691,Tucidinostat,3.7496755906526213,0.7995485081503549,0.0603448275862069
CVCL_0546,Sivelestat (sodium tetrahydrate),unclear,20,1.8780959301143463,0.09293970359961834,119,3.4394136120774297,0.5460511999834656,Afatinib,2.368286029915991,0.6885726164482816,0.5948275862068966
CVCL_0546,Sodium Salicylate,Cyclooxygenase inhibitor,25,1.7455800830426862,0.07820323965324516,126,2.834562204492991,0.6158199951568579,Afatinib,2.3876800027202343,0.8423452478607047,0.8362068965517241
CVCL_0546,Sonidegib,Sonic inhibitor,30,1.8885889864010392,0.0686887654221432,89,2.883898713731289,0.6548735492716097,Afatinib,2.262796514377209,0.7846310633598931,0.9568965517241379
CVCL_0546,Sulfisoxazole,unclear,16,2.132790708062911,0.11571008395559135,218,3.7663160591329596,0.5662803319150806,Afatinib,2.733803903144317,0.7258562107434138,0.39655172413793105
CVCL_0546,TAK-901,unclear,23,2.056159890721547,0.09219701052544882,123,3.344249122248793,0.6148345459799093,Afatinib,2.6834198837190293,0.8023983219033042,0.5775862068965517
CVCL_0546,Temsirolimus,MTOR inhibitor,12,2.4888403870291422,0.16619701346418048,248,4.438727322040685,0.5607103582756034,Afatinib,3.304963744546041,0.7445746279874202,0.09482758620689655
CVCL_0546,Temuterkib,Other MAPK inhibitor,90,1.3162909802679994,0.03849493200131071,56,1.5884132639433566,0.828682944261122,Afatinib,1.4359373448747013,0.9040074000073997,0.9913793103448276
CVCL_0546,Terfenadine,unclear,20,1.9561889884818955,0.09204534397953923,115,3.4654926771697077,0.564476445548149,Afatinib,2.669777351415151,0.7703889749943368,0.4827586206896552
CVCL_0546,Tetracycline (hydrochloride),unclear,28,1.6837238486884472,0.07602850712962694,142,2.859144380720442,0.5888908094470505,Pravastatin (sodium),2.370028157618162,0.8289291627241877,0.8362068965517241
CVCL_0546,Thymol,unclear,16,2.0282834000765457,0.10747573513592434,194,3.853293661795553,0.526376543834816,Afatinib,2.9013852995014604,0.7529624145359003,0.19827586206896552
CVCL_0546,Tofacitinib (citrate),JAK/STAT inhibitor,15,2.070829110533535,0.08710848844884422,101,3.710514300366722,0.5580975958855268,Afatinib,2.9895662760050707,0.8057013217034636,0.19827586206896552
CVCL_0546,Tolcapone,unclear,24,1.8020880025842758,0.07429185296420904,99,3.291384453792735,0.5475167145872887,Afatinib,2.435285486354501,0.7398970009560165,0.4482758620689655
CVCL_0546,Triamcinolone,Glucocorticoid receptor agonist,9,2.945629246891877,0.16624735356640818,230,5.3827227875392145,0.5472377759655187,Afatinib,4.236510093456534,0.7870570825723895,0.017241379310344827
CVCL_0546,Triclosan,unclear,16,2.090005232099668,0.10874191666017996,172,3.920494481680219,0.5330973533736356,Tucidinostat,2.9755966898931847,0.7589850473703316,0.14655172413793102
CVCL_0546,Trifluridine,DNA synthesis/repair inhibitor,25,1.7932199758430647,0.08139934508303759,96,2.99822861170974,0.598093143678087,Afatinib,2.388035762043658,0.7964822137701769,0.7672413793103449
CVCL_0546,Trimetrexate,DNA synthesis/repair inhibitor,8,2.899870783585476,0.21606057300882475,360,4.928327951181934,0.5884086473770513,Afatinib,3.8543879156032603,0.7820883581172563,0.07758620689655173
CVCL_0546,Tucidinostat,HDAC inhibitor,120,1.299734623616963,0.042023668515517754,75,1.3946339285723592,0.931953967983167,Afatinib,1.510796270228655,1.0832923531232368,1.0
CVCL_0546,Valdecoxib,Cyclooxygenase inhibitor,25,1.7770777057067537,0.06309542167941873,107,3.1359615565649133,0.566677133521158,Afatinib,2.3913738751346303,0.7625647929670754,0.6982758620689655
CVCL_0546,Vemurafenib,RAF inhibitor,30,1.9201875834958213,0.05525741641718751,91,2.9141454675136327,0.6589196060737962,Afatinib,2.452880979726673,0.8417153526036868,0.9568965517241379
CVCL_0546,Verteporfin,unclear,22,1.8837310737034205,0.08389112077040828,112,3.343544379435071,0.5633934710989832,Afatinib,2.597046009904129,0.7767344216746807,0.45689655172413796
CVCL_0546,Vilanterol,Adrenoceptor agonist,13,2.3456600613432284,0.14173771621692255,224,3.7759287747347905,0.6212140644808588,Afatinib,3.1414654721470554,0.8319715915106747,0.35344827586206895
CVCL_0546,Vinblastine (sulfate),Microtubule inhibitor,15,2.11713150739746,0.09799142919135706,144,4.119046181436604,0.513985863265817,Afatinib,2.86597805504792,0.6957868226785332,0.1206896551724138
CVCL_0546,Vitamin K4,unclear,24,1.8003464531331708,0.07990498944757352,134,3.039994367417035,0.5922203252839758,Afatinib,2.2774856483252197,0.7491742987209251,0.8448275862068966
CVCL_0546,Volasertib,unclear,26,1.8703406370292575,0.0569083482247672,86,3.1497779651985223,0.5938007877680276,Afatinib,2.4816228285923985,0.7878723059248998,0.6810344827586207
CVCL_0546,palbociclib,CDK inhibitor,29,1.7978468439371904,0.06741469068567874,69,2.993194896862342,0.6006447645029089,Afatinib,2.33005703614525,0.7784514929474737,0.8189655172413793
CVCL_0292,8-Hydroxyquinoline,unclear,10,2.834855942258182,0.18420854219279637,188,4.676423398672547,0.6062017273848399,Adenosine,4.500937633639985,0.9624743634029427,0.8571428571428571
CVCL_0292,Adagrasib,RAS inhibitor,10,2.564472224380039,0.13212177575553496,145,5.082570787968542,0.5045620280293304,Docetaxel,4.301465619579175,0.846316913039677,0.45714285714285713
CVCL_0292,Adenine,unclear,8,2.836428920972335,0.16327552632897846,191,5.645371728355463,0.5024343935981355,Clonidine (hydrochloride),4.732002679499997,0.838209228230656,0.0
CVCL_0292,Adenosine,unclear,14,2.1891994704708235,0.1090375080664403,129,4.036039883286642,0.5424127446154241,S-Adenosyl-L-methionine (disulfate tosylate),4.150520520394601,1.028364595102746,1.0
CVCL_0292,Amsacrine,DNA synthesis/repair inhibitor,12,2.4941828834735986,0.13970352724854085,162,4.578317465616917,0.5447815495987047,Clonidine (hydrochloride),4.333411266754401,0.9465073794681654,0.7142857142857143
CVCL_0292,Anethole trithione,unclear,11,2.958062106129426,0.10059486363573145,103,4.493810361010371,0.6582525448324319,HI-TOPK-032,4.639713386637371,1.0324675529018532,0.9428571428571428
CVCL_0292,Aprepitant,unclear,12,2.5944005050308387,0.14118471356534268,165,4.2934199003878275,0.6042736478667006,Adenosine,4.35103865111621,1.0134202458797887,1.0
CVCL_0292,Busulfan,DNA synthesis/repair inhibitor,9,2.853870777504674,0.1413517160312472,160,4.917787868780091,0.5803159578358565,Docetaxel,4.813808729465981,0.9788565220606184,0.5714285714285714
CVCL_0292,Carbamazepine,HDAC inhibitor,10,2.6839925765157555,0.17384391159893298,191,4.54407947240784,0.5906570500831377,Adenosine,4.372732864311241,0.9622923390453371,0.8571428571428571
CVCL_0292,Cepharanthine,unclear,8,2.812360538467482,0.1970964505007856,219,5.36273451537765,0.5244265831924056,Adenosine,4.855470907460961,0.9054095244763452,0.05714285714285714
CVCL_0292,Chlorhexidine (diacetate),unclear,8,2.7093903563432113,0.15629158110620567,195,5.353004719531027,0.5061438385170299,S-Adenosyl-L-methionine (disulfate tosylate),4.576745811112099,0.854986320937349,0.2571428571428571
CVCL_0292,Clonidine (hydrochloride),Adrenoceptor agonist,12,2.60024144318838,0.12073380571406256,132,4.518364334735699,0.5754829072101554,Docetaxel,4.185043548695365,0.9262297678215382,1.0
CVCL_0292,DTP3,unclear,10,2.922629238714816,0.10002013319235814,101,4.921173713751059,0.5938886551694402,Adenosine,4.787383722314277,0.9728133979373788,0.7714285714285715
CVCL_0292,Darinaparsin,unclear,8,2.9841516974996307,0.1555284520107405,145,5.4622987420580245,0.5463179218892914,Docetaxel,4.522177144578664,0.8278890185480496,0.6
CVCL_0292,Dexmedetomidine,Adrenoceptor agonist,10,2.4904355350513123,0.1459552623531415,158,5.00257215283533,0.4978310075227595,Clonidine (hydrochloride),4.431824992518326,0.8859092597008282,0.2857142857142857
CVCL_0292,Docetaxel,Microtubule inhibitor,12,2.447012451166812,0.15349823014841313,170,4.388106538645745,0.5576465451821065,Clonidine (hydrochloride),4.185043548695365,0.9537242343224762,0.9428571428571428
CVCL_0292,Eplerenone,unclear,8,2.8568040634286236,0.17126612324622104,207,5.094474537348323,0.5607652060060333,Adenosine,4.634890895255946,0.9097878223312132,0.5714285714285714
CVCL_0292,Fusidic acid,unclear,8,2.9013413126438694,0.1700315243887638,202,5.152726812593788,0.563069112368367,Clonidine (hydrochloride),4.633087850485948,0.8991526271414604,0.6571428571428571
CVCL_0292,Gemfibrozil,unclear,9,2.4358980491645275,0.1280633824816757,186,5.178250123055522,0.47040949959504486,Tofacitinib (citrate),4.680933244128578,0.9039604369992286,0.08571428571428572
CVCL_0292,HI-TOPK-032,unclear,12,2.5752454109464873,0.11005313604979217,89,4.565372538059808,0.5640822056639686,S-Adenosyl-L-methionine (disulfate tosylate),4.252796529022936,0.9315332962576344,0.8857142857142857
CVCL_0292,Lipoic acid,unclear,8,2.9643707494161733,0.18492505816051608,193,5.66123889267476,0.5236258009270476,Norepinephrine (hydrochloride),5.074794736478381,0.896410632493323,0.05714285714285714
CVCL_0292,Mitoxantrone (dihydrochloride),DNA synthesis/repair inhibitor,10,2.648029168676126,0.13908439449257248,152,4.798771064896204,0.5518140233958841,S-Adenosyl-L-methionine (disulfate tosylate),4.4257649499278084,0.9222704917729881,0.7142857142857143
CVCL_0292,Naproxen,Cyclooxygenase inhibitor,8,2.662290391330221,0.18071613592026625,242,5.182276701640663,0.5137298806309134,Adenosine,4.328144219412671,0.835181999842351,0.45714285714285713
CVCL_0292,Neratinib (maleate),EGFR/ERBB inhibitor,9,2.857723703339272,0.16295120151625941,172,5.042328000930702,0.5667468881064064,Clonidine (hydrochloride),4.703262083784555,0.9327560767400369,0.5428571428571428
CVCL_0292,Norepinephrine (hydrochloride),Adrenoceptor agonist,8,2.954164571903889,0.16567906283132094,171,5.079686485300074,0.5815643505662883,S-Adenosyl-L-methionine (disulfate tosylate),4.618475519125032,0.909204836261111,0.5428571428571428
CVCL_0292,Omeprazole,unclear,9,2.67197066302648,0.13261084511457777,149,5.3901744147203035,0.4957113550406566,Clonidine (hydrochloride),4.75966283474275,0.8830257554828547,0.14285714285714285
CVCL_0292,Proglumide,unclear,8,2.860671609047719,0.14252229327251498,178,5.281253698040368,0.5416652508303442,HI-TOPK-032,4.535201253223674,0.8587357306668452,0.6857142857142857
CVCL_0292,Pyridoxine (hydrochloride),unclear,9,2.983465213297162,0.15123519150726727,142,5.423298909589812,0.5501200031629484,Clonidine (hydrochloride),5.047147877518861,0.9306416558737307,0.2
CVCL_0292,Raltitrexed,DNA synthesis/repair inhibitor,8,3.078960849062212,0.17462330454736064,155,5.418183870002762,0.5682643710392653,Adenosine,4.484936022811362,0.8277563350409287,0.5142857142857142
CVCL_0292,Ritonavir,unclear,9,2.755689237062075,0.17019055827498764,198,5.358852648434965,0.5142312016858431,HI-TOPK-032,4.877100730107304,0.9101016672909722,0.02857142857142857
CVCL_0292,S-Adenosyl-L-methionine (disulfate tosylate),unclear,12,2.363962902952179,0.12952810625986455,139,4.366975456943732,0.5413272701575064,Adenosine,4.150520520394601,0.9504336723017403,0.8857142857142857
CVCL_0292,Selinexor,unclear,9,2.657417218082064,0.17846784683514583,215,4.837247011572875,0.5493656229926495,Clonidine (hydrochloride),4.722885032311112,0.9763580443611506,0.4857142857142857
CVCL_0292,Sodium Salicylate,Cyclooxygenase inhibitor,10,2.4930900853767684,0.15824518885693928,185,4.805320272053063,0.5188187143063413,Clonidine (hydrochloride),4.208360519384462,0.8757710789558777,0.7428571428571429
CVCL_0292,TAK-901,unclear,12,2.62409118972936,0.1303043671082431,120,4.564715336849805,0.5748641472877243,HI-TOPK-032,4.574060196403347,1.0020471943733498,0.7714285714285715
CVCL_0292,Tofacitinib (citrate),JAK/STAT inhibitor,10,2.4693953901834127,0.12310240138922712,139,4.601525842112456,0.5366470764075443,Adenosine,4.435913089521869,0.9640091660303363,0.7714285714285715
CVCL_0292,Vinblastine (sulfate),Microtubule inhibitor,8,2.980747473771038,0.19862231630871352,208,5.391480707672101,0.5528624946259051,Mitoxantrone (dihydrochloride),4.7951430256935454,0.8893925965217747,0.2857142857142857
CVCL_1056,(R)-Verapamil (hydrochloride),unclear,15,2.5006554799230654,0.06065521620440806,134,4.3342981341502576,0.5769458866293056,Terfenadine,3.3645040929901513,0.7762511919706153,0.6698113207547169
CVCL_1056,8-Hydroxyquinoline,unclear,19,2.0899839474088413,0.047602658714915536,127,3.6281066779266364,0.5760536094829521,Terfenadine,2.8499259972217703,0.7855132856375725,0.7830188679245284
CVCL_1056,9-ING-41,GSK3 inhibitor,46,1.5374231282302373,0.0258066818378061,56,2.236895066786139,0.6873023017745448,Terfenadine,2.1680598870259447,0.9692273541203283,0.9905660377358491
CVCL_1056,AT7519,CDK inhibitor,9,2.9444942149014297,0.08926509345307188,201,5.2141155816209155,0.5647159463208663,Terfenadine,4.180294554836366,0.8017264844629385,0.24528301886792453
CVCL_1056,Abiraterone acetate,unclear,13,2.675424268184435,0.07872515945622238,196,4.382442430791501,0.6104870310187358,Terfenadine,3.4736961337149967,0.7926393075487866,0.6415094339622641
CVCL_1056,Acetohexamide,unclear,11,2.9130167818238353,0.09586668734994797,230,4.724278087767661,0.6166056967235619,Terfenadine,3.739274582719771,0.7915017941898234,0.4528301886792453
CVCL_1056,Adagrasib,RAS inhibitor,13,2.4400903124179116,0.064106238220208,147,4.322632731251611,0.564491703118018,Terfenadine,3.424016391447012,0.7921136502511964,0.5660377358490566
CVCL_1056,Adenine,unclear,16,2.202308752198797,0.04962549211709055,109,3.9982906327838252,0.5508125732884582,9-ING-41,3.2237508154229504,0.8062822619721371,0.6981132075471698
CVCL_1056,Adenosine,unclear,23,2.11189055121141,0.04882293126787507,119,3.3798485261392117,0.6248476921016974,Terfenadine,2.775022678597514,0.8210494219299858,0.9150943396226415
CVCL_1056,Aliskiren,unclear,12,2.6612176537396675,0.054898035221591424,123,4.7155003346603745,0.564355310120307,9-ING-41,3.8201260209533365,0.8101210369712495,0.5943396226415094
CVCL_1056,Allantoin,unclear,9,3.0021165831088017,0.08993216886702626,171,5.521369622697249,0.5437267903180579,Terfenadine,4.485037499643508,0.8123052441927476,0.09433962264150944
CVCL_1056,Amsacrine,DNA synthesis/repair inhibitor,24,1.9626145748246304,0.039370071730363554,85,3.353927088335626,0.58516912357763,Terfenadine,2.9087302996443327,0.8672610414699801,0.9150943396226415
CVCL_1056,Anethole trithione,unclear,17,2.468118682071062,0.04288584025986941,92,3.7912969479537715,0.6509958771240929,Omeprazole (sodium),3.4169343728645316,0.9012573849454631,0.8962264150943396
CVCL_1056,Aprepitant,unclear,16,2.34139747933238,0.05100004275404324,116,3.948637298806558,0.5929634205805754,Omeprazole (sodium),3.091519500731814,0.7829332670453677,0.8773584905660378
CVCL_1056,Ataluren,unclear,16,2.5515970488035506,0.07274948309306939,186,4.056536528393475,0.6290087691664566,Omeprazole (sodium),3.1405528860730034,0.7741956380993734,0.9150943396226415
CVCL_1056,Azithromycin (hydrate),unclear,9,2.8236677296674038,0.08141429377664633,194,5.204021212032802,0.5425934320057121,Terfenadine,4.14434910778273,0.7963743687670056,0.22641509433962265
CVCL_1056,Baicalin,unclear,11,2.6254304334362946,0.05901262534865448,138,4.780487724100747,0.5491971917844767,Omeprazole (sodium),4.085716797158544,0.8546652628267347,0.2830188679245283
CVCL_1056,Benztropine (mesylate),unclear,13,2.358536529186595,0.06182202748462973,169,4.304494683788068,0.5479241356876345,Terfenadine,3.4652587425585133,0.8050326454367914,0.4811320754716981
CVCL_1056,Berbamine,unclear,10,2.7127352458115825,0.07332829562957821,197,5.0322894579027775,0.5390658205384957,Terfenadine,3.7978503196898523,0.754696316946883,0.3867924528301887
CVCL_1056,Berbamine (dihydrochloride),unclear,10,2.7655690498614978,0.07372635302482888,157,5.194458361694461,0.5324075884900065,Terfenadine,3.7301977372293704,0.7181110093666357,0.3113207547169811
CVCL_1056,Berberine (chloride hydrate),unclear,19,2.16439821556997,0.04077226868038142,89,4.011616130949573,0.5395327331724644,Omeprazole (sodium),3.3257945234072044,0.8290410684483835,0.5094339622641509
CVCL_1056,Bergenin,unclear,12,2.674222357110996,0.07987933530796931,196,4.564055533053026,0.5859311609475822,Terfenadine,3.515939678038713,0.7703542721108831,0.4528301886792453
CVCL_1056,Bimatoprost,unclear,9,3.134390719823368,0.0712851051953931,155,5.42630940839655,0.5776284549814431,Omeprazole (sodium),4.265633789190653,0.7861022046752635,0.18867924528301888
CVCL_1056,Budesonide,Glucocorticoid receptor agonist,11,3.3657780996392894,0.11378424556879574,211,4.749543655220012,0.7086529452024539,Omeprazole (sodium),4.365556910914126,0.91915291822113,0.6320754716981132
CVCL_1056,Busulfan,DNA synthesis/repair inhibitor,21,2.077616610849488,0.04617309799620084,88,3.6392033573805445,0.5708987398673241,Terfenadine,2.730409191720035,0.7502766192448643,0.8018867924528302
CVCL_1056,Cabozantinib (S-malate),Multi-TK inhibitor,12,2.5849157794882993,0.07193206156607912,178,4.545841971742871,0.5686330047450473,Terfenadine,3.5722972209665618,0.7858384086319099,0.6132075471698113
CVCL_1056,Canagliflozin,Glucose transporter inhibitor,22,2.56499903434545,0.06433443983460363,215,3.4438842013192708,0.7447982813600003,Terfenadine,2.8765004433545514,0.835248886200248,0.9433962264150944
CVCL_1056,Canagliflozin (hemihydrate),Glucose transporter inhibitor,9,3.251288068260381,0.12110568644514708,280,5.319015146499472,0.6112575314623996,Terfenadine,4.025539081628354,0.7568203832391086,0.42452830188679247
CVCL_1056,Carbamazepine,HDAC inhibitor,19,2.296760787190162,0.058178502981659386,129,3.894970905256222,0.589673412987683,Terfenadine,3.175112977118958,0.8151827200645265,0.7924528301886793
CVCL_1056,Cepharanthine,unclear,18,2.3656917936964406,0.06124294691661736,165,3.580318756684405,0.6607489317200395,Terfenadine,2.995885958613735,0.8367651491980869,0.8773584905660378
CVCL_1056,Chlorhexidine (diacetate),unclear,15,2.4132707692718585,0.06098374156241959,139,4.091362695056549,0.5898452298515918,Terfenadine,3.344397295953271,0.8174287016876283,0.6792452830188679
CVCL_1056,Ciclopirox,unclear,21,2.2312388437223403,0.05497622747686681,149,3.2962226124534073,0.6769078142030006,Terfenadine,2.5143309769282634,0.7627916171161828,0.9716981132075472
CVCL_1056,Citalopram (hydrobromide),unclear,12,2.989520593682987,0.09883410752917143,217,4.392969980012581,0.6805237930796024,Terfenadine,3.6769340721689443,0.837004142732251,0.9339622641509434
CVCL_1056,Clonidine (hydrochloride),Adrenoceptor agonist,8,3.2584344409076644,0.0766663361360147,170,5.683412722823106,0.5733235645235898,Omeprazole (sodium),4.474460205583341,0.7872840534024695,0.1509433962264151
CVCL_1056,Clotrimazole,unclear,15,2.433734961991933,0.06595217851964386,167,3.969452050980373,0.6131161003420739,Terfenadine,3.163313687345067,0.7969144473136522,0.7547169811320755
CVCL_1056,Cysteamine (hydrochloride),unclear,12,2.4427598056628725,0.06563283728455249,175,4.3217137824055465,0.5652294271795082,Terfenadine,3.486732744556966,0.8067939988881414,0.5377358490566038
CVCL_1056,DTP3,unclear,14,2.978226755223431,0.055628939763233354,118,4.1533842208857665,0.7170602566088343,Omeprazole (sodium),3.5467425729832027,0.8539403976034778,0.9433962264150944
CVCL_1056,Dapagliflozin ((2S)-1,2-propanediol, hydrate),Glucose transporter inhibitor,14,3.054121816913927,0.10284049611058199,235,4.0501394614618045,0.7540781856957617,Terfenadine,3.4582867539523643,0.8538685610357168,0.9150943396226415
CVCL_1056,Darinaparsin,unclear,27,2.0455859960647715,0.04618249743893599,86,3.3800423177178813,0.6051953803483441,9-ING-41,2.7833910151033994,0.8234781560316896,0.8207547169811321
CVCL_1056,Delamanid,unclear,15,2.348274685695884,0.06063907058465534,184,3.9725315732966906,0.5911280105313594,Terfenadine,3.2260347568946908,0.8120853660623009,0.7264150943396226
CVCL_1056,Demeclocycline,unclear,29,1.885169669175573,0.03887005351840356,89,2.956809574119361,0.6375688463931739,Terfenadine,2.5376870114071153,0.8582517567648654,0.9716981132075472
CVCL_1056,Dexmedetomidine,Adrenoceptor agonist,13,2.5667854808247195,0.05971585626420728,108,4.771165027724501,0.5379787674309161,Omeprazole (sodium),3.777956746146462,0.791831077775206,0.25471698113207547
CVCL_1056,Diammonium Glycyrrhizinate,unclear,21,2.219348204913351,0.05204775283632468,166,3.7511857023504693,0.5916391192050879,Terfenadine,2.812588646530324,0.7497865660897496,0.8018867924528302
CVCL_1056,Docetaxel,Microtubule inhibitor,23,2.170533840180725,0.04563192452636666,91,3.041109491107038,0.7137309085805383,Terfenadine,2.837195622139595,0.9329475411642566,0.9811320754716981
CVCL_1056,Docetaxel (Trihydrate),Microtubule inhibitor,13,2.3858022160908545,0.06233286945443217,168,4.142861775347184,0.5758826495945348,Terfenadine,3.3301851634485664,0.8038368992336191,0.6981132075471698
CVCL_1056,Elagolix sodium,unclear,11,2.8523615601745735,0.09190792356186084,218,4.569196251094646,0.6242589294542188,Terfenadine,3.7121540771127965,0.8124304304555692,0.5471698113207547
CVCL_1056,Eplerenone,unclear,15,2.6110737410505225,0.0760044175021426,176,3.7898928368657128,0.6889571429702778,Terfenadine,3.356684715408598,0.8856938335450711,0.8962264150943396
CVCL_1056,Estrone sulfate (potassium),unclear,11,2.682602442543693,0.0725037512486223,168,4.664249086767953,0.5751413341440084,Omeprazole (sodium),3.9132451092572764,0.8389871630910095,0.3584905660377358
CVCL_1056,Fenofibrate,unclear,13,2.4348786756350154,0.06471387674845563,162,4.570960640076113,0.5326842358446716,Terfenadine,3.6271642679602096,0.7935234086591942,0.42452830188679247
CVCL_1056,Fluvoxamine (maleate),unclear,13,2.439212752427347,0.06233204151857896,144,4.403403742297419,0.5539380204901946,Terfenadine,3.257475275714714,0.739763025685028,0.5283018867924528
CVCL_1056,Furosemide,unclear,11,2.550337041160166,0.07203566045653653,207,4.746688765597401,0.5372876055502639,Terfenadine,3.657565013282963,0.7705508395224718,0.36792452830188677
CVCL_1056,Gallic acid,Cyclooxygenase inhibitor,18,2.404396896256473,0.054680733898149425,128,3.5173348203372115,0.6835848786286317,Terfenadine,3.2882243247688,0.9348624719365083,0.9339622641509434
CVCL_1056,Gemfibrozil,unclear,19,2.6977625086322607,0.07233587185679968,204,3.5880177995513276,0.7518810271703805,Terfenadine,3.1126815700657544,0.8675212175522059,0.9056603773584906
CVCL_1056,Goserelin (acetate),unclear,8,3.5744988413535803,0.06532625250128987,138,5.756388868902634,0.6209620167712893,Omeprazole (sodium),4.868529727286377,0.8457610905314822,0.16981132075471697
CVCL_1056,Idarubicin (hydrochloride),DNA synthesis/repair inhibitor,14,2.5565769376231957,0.06664414415296593,126,4.361399965136686,0.5861826381573497,Terfenadine,3.497551023390311,0.8019331066511572,0.7264150943396226
CVCL_1056,Isocorydine,unclear,11,2.5859147572785726,0.06876448361185972,192,4.783852914150611,0.5405506405996411,Omeprazole (sodium),3.683784967928468,0.7700456167939136,0.36792452830188677
CVCL_1056,Ixazomib,Proteasome inhibitor,8,3.639894960854039,0.15125014471875187,299,5.516831898173547,0.6597799295024914,Terfenadine,4.4561027815339775,0.8077285775209602,0.37735849056603776
CVCL_1056,Larotrectinib,Other TK inhibitor,13,2.526807672926102,0.06895051849926381,192,4.456163209530188,0.567036608426311,Terfenadine,3.473483702816314,0.7794785647410168,0.5377358490566038
CVCL_1056,Lenalidomide (hemihydrate),unclear,17,2.1922220504622976,0.05289779637757053,127,3.610135237436747,0.6072409774928016,Terfenadine,2.9921680484737903,0.8288243657592941,0.8113207547169812
CVCL_1056,Lidocaine (hydrochloride),unclear,21,2.6819435646931242,0.07645012724682909,203,3.2298016356429735,0.8303740809020972,Terfenadine,3.0022462923773023,0.9295451024748861,0.9905660377358491
CVCL_1056,Lipoic acid,unclear,11,2.6587707829256293,0.053150059833124375,116,4.830496661489169,0.5504135432123393,Omeprazole (sodium),3.841445214522998,0.7952484979751002,0.3490566037735849
CVCL_1056,Medroxyprogesterone acetate,unclear,15,2.670531742097273,0.07404946511583321,131,4.0458146033048585,0.6600726933744878,Terfenadine,3.5337648005065123,0.8734371559240323,0.839622641509434
CVCL_1056,Megestrol,unclear,13,2.5288511192635448,0.06718371030794723,170,4.585794670285426,0.5514531942848949,Terfenadine,3.5707060263466968,0.7786449858917148,0.46226415094339623
CVCL_1056,Mitoxantrone (dihydrochloride),DNA synthesis/repair inhibitor,20,2.2443014968982373,0.054144631302601165,113,3.5546143176495457,0.6313769361009776,Terfenadine,3.003573943099654,0.8449788569708284,0.9245283018867925
CVCL_1056,Mozavaptan,unclear,9,3.241199388036156,0.11961928325022042,308,5.084790182434883,0.6374303111331308,Terfenadine,4.318091370208792,0.8492172174823245,0.3018867924528302
CVCL_1056,Naproxen,Cyclooxygenase inhibitor,13,2.9848559421822944,0.09908457700094142,246,4.369589569075568,0.6830975529845407,Terfenadine,3.9110263376679346,0.8950557657284395,0.5943396226415094
CVCL_1056,Neratinib (maleate),EGFR/ERBB inhibitor,19,2.2243235776153143,0.04999371274117703,86,3.5788580192225696,0.621517692422596,Terfenadine,2.9929789302003127,0.8362944028862238,0.9150943396226415
CVCL_1056,Norepinephrine (hydrochloride),Adrenoceptor agonist,25,2.189330735744412,0.04706535132844836,130,3.0994239259307084,0.7063669856284633,Terfenadine,2.633284753314007,0.8496045769290088,0.9716981132075472
CVCL_1056,Omeprazole,unclear,16,2.4451822345340846,0.053106274578349155,108,3.8313479142553994,0.6382041749422518,Terfenadine,3.179392861069058,0.829836635101554,0.9339622641509434
CVCL_1056,Omeprazole (sodium),unclear,60,1.6857673818181156,0.022156170919629292,79,1.9579513936810824,0.8609853070196792,Terfenadine,2.2639004328211745,1.1562597723965389,1.0
CVCL_1056,Palmatine (chloride),unclear,9,3.2054412806695605,0.11739753802377761,288,4.982084683539358,0.6433935760386073,Terfenadine,4.182483162252729,0.8395046306762939,0.3867924528301887
CVCL_1056,Pasireotide (acetate),unclear,16,2.358102180480622,0.059372191480326575,125,4.2108961856787905,0.560000075162266,Terfenadine,3.166445770418719,0.7519648148030257,0.6698113207547169
CVCL_1056,Pentamidine (isethionate),unclear,27,2.0298822832800147,0.0453160668089293,114,2.846637066244292,0.7130808164309256,Terfenadine,2.4533801406746623,0.8618521025272557,0.9905660377358491
CVCL_1056,Proglumide,unclear,9,2.859170316973883,0.09015335961446602,245,5.316428121467678,0.5377991109159521,Terfenadine,4.274948125459777,0.8041015561176467,0.1320754716981132
CVCL_1056,Pyridoxine,unclear,10,2.682692501916123,0.08042830231698206,214,4.8832771442502265,0.5493631474664175,Terfenadine,3.5535926939056828,0.7277065357819862,0.4811320754716981
CVCL_1056,Quinestrol,unclear,10,2.700928270738696,0.06783334371555261,149,5.3874299114760955,0.5013389157945763,Omeprazole (sodium),3.860347431144573,0.7165471281438687,0.18867924528301888
CVCL_1056,RMC-6236,RAS inhibitor,9,3.3704557245391147,0.0647431823101301,164,5.023432683366255,0.6709467284591016,Omeprazole (sodium),4.385715773137808,0.8730515664437837,0.6037735849056604
CVCL_1056,Radotinib,Other TK inhibitor,9,3.034041035633071,0.10473013509944895,264,5.240789106804216,0.5789282823256364,Terfenadine,4.069566477090053,0.7765178857906069,0.25471698113207547
CVCL_1056,Raltitrexed,DNA synthesis/repair inhibitor,15,2.4548675470944787,0.04833655806122206,84,4.025098432739013,0.6098900655763545,Terfenadine,3.15205924947193,0.7831011594235736,0.8584905660377359
CVCL_1056,Rapamycin,MTOR inhibitor,12,2.53505216425867,0.07151009137817388,167,4.652318672099808,0.5449007995650657,Terfenadine,3.4898096782796304,0.7501226644701269,0.42452830188679247
CVCL_1056,Relugolix,unclear,8,2.9395012970873076,0.08571841083665632,211,5.847298264263312,0.5027110238334402,Terfenadine,4.223509245065592,0.7223009763121263,0.05660377358490566
CVCL_1056,Resveratrol,unclear,19,2.2756767171357435,0.05628066810985488,154,3.5396918805536806,0.6429024881057672,Terfenadine,2.9473655742134053,0.8326616196188175,0.8962264150943396
CVCL_1056,Retinoic acid,Retinoic receptor agonist,14,2.3916755757723696,0.051310383342154875,114,4.322767892606315,0.5532741139914322,Terfenadine,3.3414294062087238,0.7729837662401264,0.7169811320754716
CVCL_1056,Riluzole hydrochloride,unclear,9,3.1376791462340443,0.07381925798213751,152,5.2216472259746745,0.6008983392493283,Omeprazole (sodium),4.296460900244795,0.8228171521952665,0.3113207547169811
CVCL_1056,Rimonabant,unclear,8,2.9447863924968036,0.07845907475292446,177,5.502107515474731,0.5352106232411059,Terfenadine,3.9908535916553234,0.7253318079355972,0.1792452830188679
CVCL_1056,Ritonavir,unclear,13,2.5588866361516702,0.0729527898014477,208,4.107461925654437,0.6229848705764852,Terfenadine,3.3770004296245157,0.8221623208561969,0.6886792452830188
CVCL_1056,S-Adenosyl-L-methionine (disulfate tosylate),unclear,18,2.419428608367396,0.064988217423534,153,3.5612203281219834,0.6793818931285519,Terfenadine,2.9518648832323753,0.8288913943128723,0.8867924528301887
CVCL_1056,Saquinavir,unclear,9,3.0535575044787766,0.10598385062409832,297,4.940028410748954,0.61812549454869,Terfenadine,3.996978879516674,0.8091003830706097,0.37735849056603776
CVCL_1056,Selinexor,unclear,9,3.1236479849827052,0.10741978936050955,222,5.268182630353594,0.5929270498302847,Terfenadine,4.0806391311202495,0.7745819417134295,0.2830188679245283
CVCL_1056,Sinomenine,unclear,10,3.169548381840874,0.053821094015817805,143,5.074942086366094,0.6245486801427571,Anethole trithione,4.378272583177329,0.8627236545101907,0.32075471698113206
CVCL_1056,Sivelestat (sodium tetrahydrate),unclear,18,2.3672834007293035,0.05947852104232776,103,3.8754780130064566,0.6108364936620683,Omeprazole (sodium),3.140318803166948,0.8103048946807987,0.8207547169811321
CVCL_1056,Sodium Salicylate,Cyclooxygenase inhibitor,8,3.135714137310428,0.1120394264727873,286,5.455321662465442,0.5747991285069878,Terfenadine,4.053792177842613,0.7430894874144908,0.27358490566037735
CVCL_1056,Sonidegib,Sonic inhibitor,13,2.6336286293439373,0.0649674613476604,137,4.339899900118579,0.6068408695951671,Omeprazole (sodium),3.5361472636979596,0.8147992684350489,0.7452830188679245
CVCL_1056,Sulfisoxazole,unclear,22,2.004459716654691,0.04427090175312243,107,3.5085163336254825,0.5713126364680214,Terfenadine,2.687408374311798,0.7659671834945677,0.8584905660377359
CVCL_1056,Temsirolimus,MTOR inhibitor,16,2.648409046258842,0.07742755336729212,202,3.7979166660364028,0.697332058373673,Terfenadine,3.198977885477733,0.8422980720154304,0.9056603773584906
CVCL_1056,Terfenadine,unclear,88,1.373856971445493,0.020286097755637833,64,1.757744745677867,0.7816020925812358,9-ING-41,2.1680598870259447,1.2334327224456252,1.0
CVCL_1056,Tetracycline (hydrochloride),unclear,11,2.8782247174998457,0.0879636696208892,196,4.607750802295126,0.6246485196348289,Terfenadine,3.8742988060045658,0.8408221217334004,0.5377358490566038
CVCL_1056,Tofacitinib (citrate),JAK/STAT inhibitor,20,2.2121409066783935,0.05186222770932147,116,4.127483202425431,0.5359539453433692,Omeprazole (sodium),3.263627923804936,0.7907065307708901,0.6037735849056604
CVCL_1056,Triclosan,unclear,18,2.369561820053036,0.060855015750333474,174,3.8699254786060466,0.6123016665702193,Terfenadine,3.045308467059572,0.7869165656793208,0.7452830188679245
CVCL_1056,Trifluridine,DNA synthesis/repair inhibitor,14,2.5167198421515606,0.07065892807226537,191,4.014030986353914,0.6269806712273505,Terfenadine,3.306249210510607,0.8236730662395284,0.7452830188679245
CVCL_1056,Trimetrexate,DNA synthesis/repair inhibitor,8,2.7156639793395208,0.07721549301249309,198,5.475590542657338,0.49595819084412257,Terfenadine,3.958551006421408,0.7229450368106412,0.1509433962264151
CVCL_1056,Tucidinostat,HDAC inhibitor,19,2.290723332959137,0.058265837064506165,156,3.5824327823008346,0.6394323277401199,Terfenadine,2.847388401508427,0.7948197704018547,0.9150943396226415
CVCL_1056,Valdecoxib,Cyclooxygenase inhibitor,9,3.421963331743059,0.06947299082185365,129,5.2882246807398685,0.6470911389612698,Omeprazole (sodium),4.561571189099487,0.8625902764141412,0.32075471698113206
CVCL_1056,Vemurafenib,RAF inhibitor,14,2.4322569597427015,0.04605246402014351,102,3.7643356785737865,0.6461317925462544,Omeprazole (sodium),3.4329695203661057,0.9119722079798083,0.9245283018867925
CVCL_1056,Verteporfin,unclear,10,3.0727160741380795,0.1075749941770563,251,4.913142801495276,0.625407442503589,Terfenadine,3.9678236731778846,0.8075938016640406,0.49056603773584906
CVCL_1056,Vilanterol,Adrenoceptor agonist,20,2.062335469857186,0.04488008533249177,85,3.520490279295747,0.5858091647024073,Terfenadine,2.870326724999841,0.8153201677278974,0.9150943396226415
CVCL_1056,Vitamin K4,unclear,14,2.5696079697175853,0.0605885717284087,148,4.12649457937931,0.6227096438120355,Omeprazole (sodium),3.32045772123633,0.8046678984698387,0.9056603773584906
CVCL_0023,(R)-Verapamil (hydrochloride),unclear,14,2.1733540799303293,0.08579524505736225,176,3.745052835048162,0.5803266804652115,Regorafenib,3.0342732286506124,0.8102083901872619,0.8349514563106796
CVCL_0023,18β-Glycyrrhetinic acid,unclear,12,2.269275072835444,0.1060488742558382,197,4.330754316968996,0.5239907200331931,Regorafenib,3.34967224164864,0.7734616181120627,0.4368932038834951
CVCL_0023,8-Hydroxyquinoline,unclear,18,2.0011781209420025,0.07562646566065412,124,3.6316053631244842,0.5510450395469928,Regorafenib,2.7133287177950347,0.7471430528620538,0.8058252427184466
CVCL_0023,AT7519,CDK inhibitor,14,2.0966106692620197,0.07781106460252452,155,3.6771433756350187,0.5701737612828188,Regorafenib,2.8651286310470017,0.7791724005192516,0.883495145631068
CVCL_0023,Abiraterone acetate,unclear,12,2.2613133169286357,0.09310071547225485,143,4.228112053090804,0.5348281428056256,Regorafenib,3.2008280377104823,0.7570348177907528,0.6116504854368932
CVCL_0023,Acetohexamide,unclear,12,2.2934900497448845,0.09295273390534542,177,4.065076621885562,0.5641935596975445,Regorafenib,3.149010587077173,0.7746497495578627,0.6407766990291263
CVCL_0023,Adagrasib,RAS inhibitor,15,2.123878642264448,0.0683281232621894,117,3.9044580533036948,0.5439624688674429,Regorafenib,3.092628422427582,0.7920762318885214,0.4854368932038835
CVCL_0023,Adenine,unclear,18,1.983586558841211,0.0718525472115571,123,3.6818210158920186,0.5387514901673282,Regorafenib,2.7756790325059844,0.7538875519818018,0.8252427184466019
CVCL_0023,Adenosine,unclear,22,1.8385994034540751,0.06842966678833162,104,3.1946292285019466,0.5755282606977985,Regorafenib,2.5877534275303633,0.810032477147226,0.941747572815534
CVCL_0023,Aliskiren,unclear,10,3.023958569519277,0.08278956757949318,122,4.708635553810204,0.6422154645356456,Regorafenib,3.835543790488427,0.8145764832839366,0.6019417475728155
CVCL_0023,Almonertinib (hydrochloride),EGFR/ERBB inhibitor,9,2.6780824788966875,0.10653479113427089,147,5.090324559943907,0.5261123229686947,Regorafenib,3.8435766702237886,0.7550749711460722,0.1262135922330097
CVCL_0023,Amsacrine,DNA synthesis/repair inhibitor,22,2.013962544295349,0.06325506684432913,87,3.2567908741706786,0.618388659913017,Regorafenib,2.5991236823820887,0.7980628117683298,0.9611650485436893
CVCL_0023,Anastrozole,unclear,8,3.1182670934796657,0.11403090974006458,200,5.390969128760539,0.5784242163146276,Regorafenib,3.9605866052801892,0.7346706150014227,0.23300970873786409
CVCL_0023,Anethole trithione,unclear,11,2.9606283771504502,0.09272944528315341,135,4.349000227065931,0.6807606858065973,Regorafenib,3.725163621431956,0.8565563179896984,0.7766990291262136
CVCL_0023,Aprepitant,unclear,8,2.7724418886472524,0.13838482142545183,254,5.19961476866978,0.5332014027947936,Regorafenib,3.9021266870860325,0.7504645749139441,0.22330097087378642
CVCL_0023,Ataluren,unclear,8,2.8820070585057036,0.1602678842764962,260,4.946439331452851,0.5826427588386515,Regorafenib,3.779915607431051,0.7641690020123683,0.46601941747572817
CVCL_0023,Azithromycin (hydrate),unclear,11,2.464674088910943,0.08410111444669044,157,4.571937538935194,0.5390874367642753,Regorafenib,3.3992394055368305,0.7435008410741575,0.34951456310679613
CVCL_0023,Baicalin,unclear,10,2.5979651866062725,0.0917296762439328,161,5.116972642405024,0.5077152777946464,Regorafenib,3.418453931334849,0.6680617955635864,0.2524271844660194
CVCL_0023,Berbamine,unclear,8,2.8604144776301754,0.1049759359199951,187,5.222617883409771,0.547697446278159,Regorafenib,4.174470715942156,0.7993061734810867,0.04854368932038835
CVCL_0023,Berbamine (dihydrochloride),unclear,11,2.618330882249749,0.11940607820367832,171,4.745291339898482,0.5517745265153233,Regorafenib,3.7246852063865874,0.7849223450348302,0.24271844660194175
CVCL_0023,Berberine (chloride hydrate),unclear,25,2.033199189178635,0.04656946300041831,62,3.0437863350195387,0.6679835459493854,Regorafenib,2.6164300972923007,0.8595971626489036,0.9902912621359223
CVCL_0023,Bergenin,unclear,12,2.4285580400186637,0.12491999687530209,219,4.33407117258797,0.5603410611664039,Regorafenib,3.6317846172031167,0.8379614622328635,0.30097087378640774
CVCL_0023,Bimatoprost,unclear,9,2.9173513809346905,0.1125421177286624,194,5.209127695724164,0.5600460482720275,Regorafenib,4.134675123971048,0.7937365650231488,0.08737864077669903
CVCL_0023,Budesonide,Glucocorticoid receptor agonist,8,3.491327502382362,0.1684884574895209,184,5.516459345423473,0.6328928183398674,Regorafenib,4.548733573599744,0.8245748384556542,0.3106796116504854
CVCL_0023,Busulfan,DNA synthesis/repair inhibitor,23,1.714648227551619,0.06103676409485914,135,3.1282312311387983,0.5481206793423069,Regorafenib,2.6730248165865254,0.8544844095854897,0.9320388349514563
CVCL_0023,Cabozantinib (S-malate),Multi-TK inhibitor,9,2.606926834685914,0.1187716051587071,220,4.671852037606727,0.5580071487069991,Regorafenib,4.0007741473079115,0.8563572037605472,0.1941747572815534
CVCL_0023,Canagliflozin (hemihydrate),Glucose transporter inhibitor,10,2.5580585238302107,0.12448921215874686,188,4.677819932293639,0.5468484381304386,Regorafenib,3.7128430910356522,0.7937122729765194,0.32038834951456313
CVCL_0023,Cepharanthine,unclear,16,2.1196200592452055,0.07674276303718386,116,3.8180167987300155,0.5551625807278411,Regorafenib,2.9435307374911615,0.770958037290529,0.7766990291262136
CVCL_0023,Chlorhexidine (diacetate),unclear,21,2.0736000447666365,0.06428324066726454,83,3.4035837518025085,0.6092401997360799,Regorafenib,2.8012109272978605,0.8230180690615776,0.8737864077669902
CVCL_0023,Ciclopirox,unclear,15,2.0725715089830032,0.08791067954218545,170,3.7656492843008715,0.5503888844942701,Regorafenib,3.0453388810972974,0.8087154833546039,0.7572815533980582
CVCL_0023,Citalopram (hydrobromide),unclear,14,2.501266202187396,0.12571902571951254,154,3.8882976666846703,0.6432805347230741,Regorafenib,3.1054719187601747,0.7986713428264954,0.9514563106796117
CVCL_0023,Clonidine (hydrochloride),Adrenoceptor agonist,12,2.699138991525598,0.08131665135183674,108,4.27510768526786,0.6313616381704036,Regorafenib,3.542869360454372,0.8287204957814744,0.6213592233009708
CVCL_0023,Cloxacillin (sodium),unclear,8,3.048826526030318,0.10408515330086998,188,5.109612903252787,0.5966844423947323,Regorafenib,4.008355699705458,0.784473457305099,0.21359223300970873
CVCL_0023,Cysteamine (hydrochloride),unclear,14,2.141117277017046,0.09018760649696778,170,4.018452517442659,0.532821345461524,Regorafenib,3.113498346922941,0.7748003325679134,0.5436893203883495
CVCL_0023,DTP3,unclear,9,3.1354927432928217,0.11765156130001275,159,5.177485380788423,0.6056014672542352,Regorafenib,4.1607050619905435,0.8036150285289565,0.17475728155339806
CVCL_0023,Dapagliflozin ((2S)-1,2-propanediol, hydrate),Glucose transporter inhibitor,8,2.963478268523005,0.18476228572949982,274,4.588051165764317,0.6459122100983203,Regorafenib,3.889947770929165,0.8478431539638561,0.7087378640776699
CVCL_0023,Darinaparsin,unclear,20,1.8766806446634425,0.06823504450082185,97,3.1105754182664724,0.6033226629526054,Regorafenib,2.597334979036033,0.835001448215498,0.9611650485436893
CVCL_0023,Delamanid,unclear,12,2.508729232527189,0.10290322816729802,153,4.467004790348393,0.5616132845766495,Regorafenib,3.419355516357804,0.7654694088857513,0.5145631067961165
CVCL_0023,Demeclocycline,unclear,14,2.1720837113024363,0.09377348683953612,141,3.9520184596579537,0.5496137564829162,Regorafenib,3.0261115377096766,0.7657129055949768,0.6699029126213593
CVCL_0023,Dexmedetomidine,Adrenoceptor agonist,10,2.7283973093744605,0.1486875233797268,244,4.409935625275766,0.6186932284762877,Norepinephrine (hydrochloride),3.5666779276348572,0.8087823112864199,0.7475728155339806
CVCL_0023,Diammonium Glycyrrhizinate,unclear,15,2.128152421355825,0.09238845320661515,142,3.8138432356025005,0.5580073143776255,Regorafenib,2.999640262986326,0.7865137808980895,0.7766990291262136
CVCL_0023,Docetaxel,Microtubule inhibitor,21,2.058464403855356,0.07023589667568941,95,3.22649433992428,0.6379879172215329,Regorafenib,2.6588586168594763,0.8240704420147457,0.9611650485436893
CVCL_0023,Elagolix sodium,unclear,17,2.0323022439136986,0.07298536780686216,112,3.7010603867071246,0.5491135057436501,Regorafenib,2.8976635920056397,0.7829279420603358,0.7766990291262136
CVCL_0023,Erdafitinib,Other TK inhibitor,11,2.401841576811973,0.09484540940381625,162,4.440034815794491,0.5409510682817004,Regorafenib,3.4980723467727954,0.7878479543289025,0.3883495145631068
CVCL_0023,Estrone sulfate (potassium),unclear,15,2.4127441658042867,0.12017691620348558,170,4.010380049953721,0.6016248175362157,Regorafenib,3.1878848239982713,0.794908408751699,0.8446601941747572
CVCL_0023,Fenofibrate,unclear,12,2.440720692645989,0.10150884203007693,139,4.5649248125576785,0.5346683226702433,Regorafenib,3.529197265920317,0.7731118059626804,0.4077669902912621
CVCL_0023,Fluvoxamine (maleate),unclear,11,2.410885925295186,0.11341688245811599,191,4.323700706247177,0.5575977823376568,Regorafenib,3.4862561181852167,0.8063130070839633,0.4854368932038835
CVCL_0023,Furosemide,unclear,13,2.2582515347943812,0.09610424708875165,160,4.422505709337279,0.51062716098399,Regorafenib,3.2229039593571973,0.7287506610907588,0.3883495145631068
CVCL_0023,Gallic acid,Cyclooxygenase inhibitor,22,1.7847263976837753,0.06438722261995178,103,3.275738550843169,0.5448317593064288,Regorafenib,2.5194371109696223,0.7691203287030108,0.8640776699029126
CVCL_0023,Gallic acid (hydrate),Cyclooxygenase inhibitor,11,2.48633873883485,0.13119691500686914,230,4.288596917059186,0.5797557539027949,Regorafenib,3.474769774638332,0.8102346389366621,0.49514563106796117
CVCL_0023,Gemfibrozil,unclear,10,2.6815118005467786,0.15362302229167502,219,4.3932791393798105,0.6103668161011325,Regorafenib,3.653236730373251,0.8315512432676815,0.5533980582524272
CVCL_0023,HI-TOPK-032,unclear,13,2.753146369316215,0.07892110600626645,113,4.4293962011684185,0.6215624532729698,Regorafenib,3.5476005541679574,0.8009219299985278,0.49514563106796117
CVCL_0023,Idarubicin (hydrochloride),DNA synthesis/repair inhibitor,15,2.440858397154724,0.11694991189188875,125,4.003805107237545,0.6096346679668463,Regorafenib,3.3134444125821245,0.8275738513327039,0.7961165048543689
CVCL_0023,Isocorydine,unclear,10,2.700309681588908,0.08918939061837128,138,4.525103512908561,0.5967398699026122,Regorafenib,3.623125943825355,0.8006725003063081,0.4854368932038835
CVCL_0023,Ixazomib,Proteasome inhibitor,18,2.3837896848729727,0.12085854172874977,185,3.472409701427918,0.6864943626590823,Regorafenib,3.1100144405674106,0.8956357999139665,0.941747572815534
CVCL_0023,Larotrectinib,Other TK inhibitor,18,2.1349292898592895,0.07051744012104,110,3.519448874583459,0.6066089793993575,Regorafenib,2.81130257971622,0.7987905720178842,0.8737864077669902
CVCL_0023,Lenalidomide (hemihydrate),unclear,11,2.372587147568385,0.1137484629462081,192,4.4086082901775585,0.5381714571590637,Regorafenib,3.5705828046358215,0.8099115570306236,0.39805825242718446
CVCL_0023,Lipoic acid,unclear,12,2.56715456166996,0.09441591195199561,158,4.416289540131597,0.5812921771414162,Regorafenib,3.1695658827167508,0.7176988406023541,0.6601941747572816
CVCL_0023,Medroxyprogesterone acetate,unclear,15,2.252806736503071,0.09186345629236681,134,3.8946587239048798,0.5784349531515183,Regorafenib,3.1585877486054224,0.8110050128958527,0.6699029126213593
CVCL_0023,Megestrol,unclear,15,2.1458817340066236,0.08742257877063875,140,3.6466404809805755,0.588454426806999,Regorafenib,2.9174427691875553,0.800035754663443,0.7475728155339806
CVCL_0023,Mitoxantrone (dihydrochloride),DNA synthesis/repair inhibitor,16,2.143699464867118,0.08296651027976076,90,3.898337067190371,0.5499010034071106,Regorafenib,3.009737202246242,0.7720566873442358,0.6699029126213593
CVCL_0023,Mozavaptan,unclear,14,2.3602207974840064,0.11581406743942468,183,3.9370924557013027,0.5994832034147868,Regorafenib,3.244541539082225,0.8240958462592884,0.8349514563106796
CVCL_0023,Naproxen,Cyclooxygenase inhibitor,8,2.8441766995242923,0.16822889561902543,261,5.14045781389191,0.5532924892094246,Pentoxifylline,4.005044004880255,0.7791220451331712,0.21359223300970873
CVCL_0023,Neratinib (maleate),EGFR/ERBB inhibitor,18,2.151856912937198,0.06979041221384352,97,3.4135221002331715,0.6303919675194745,Regorafenib,2.835281990077994,0.8306030858520942,0.9029126213592233
CVCL_0023,Norepinephrine (hydrochloride),Adrenoceptor agonist,27,1.8441586916664652,0.07016400521926913,115,2.66916147583407,0.6909131232272845,Regorafenib,2.4191209156248084,0.906322430293908,1.0
CVCL_0023,Olanzapine,unclear,10,3.0698303388771797,0.08722204421441315,131,4.6090999023027805,0.6660368410204003,Regorafenib,3.8185385029534853,0.8284781375742544,0.5825242718446602
CVCL_0023,Pasireotide (acetate),unclear,16,2.0318243644770364,0.07578792205907936,118,3.6778626556393332,0.5524470472984094,Regorafenib,2.968035345435225,0.8070000495761533,0.6504854368932039
CVCL_0023,Pentamidine (isethionate),unclear,20,2.1006357250136944,0.09309829067477438,149,3.296237915533929,0.637282799009801,Regorafenib,2.646667111242637,0.8029357039945116,0.9223300970873787
CVCL_0023,Pentoxifylline,unclear,36,1.6592584076922616,0.0569586684266572,86,2.467815964795315,0.6723590540633703,Regorafenib,2.348534565657425,0.9516651967409637,0.9902912621359223
CVCL_0023,Proglumide,unclear,20,2.065130821863676,0.08455761357634162,124,3.1769803697787298,0.6500294561176367,Regorafenib,2.7713605018429885,0.8723253464849102,0.9805825242718447
CVCL_0023,RMC-6236,RAS inhibitor,16,2.2244764143001303,0.07724937482043603,107,3.850620021898414,0.5776930472624068,Regorafenib,2.9449413123877317,0.7647966549905983,0.7378640776699029
CVCL_0023,Radotinib,Other TK inhibitor,12,2.3631119086835004,0.1104112669232552,200,4.2908635405005535,0.5507310792754389,Regorafenib,3.1045646597716443,0.7235291056143629,0.5436893203883495
CVCL_0023,Raltitrexed,DNA synthesis/repair inhibitor,16,2.065072744823198,0.08337235393813225,157,3.7312729812464887,0.5534499231769767,Regorafenib,2.8990199126631317,0.7769519751660383,0.7572815533980582
CVCL_0023,Rapamycin,MTOR inhibitor,14,2.302673813723053,0.0991629725679285,153,4.025654063138039,0.571999922896528,Regorafenib,3.149578132008236,0.7823767473832829,0.6116504854368932
CVCL_0023,Regorafenib,Multi-TK inhibitor,110,1.1994172596643344,0.023732792689473592,63,1.5350054174501702,0.7813765645574801,Pentoxifylline,2.348534565657425,1.5299845453044882,1.0
CVCL_0023,Resveratrol,unclear,19,1.9400092628313046,0.07623709834501202,128,3.46403434912186,0.5600433099986728,Regorafenib,2.75230841193071,0.7945384296285706,0.7961165048543689
CVCL_0023,Retinoic acid,Retinoic receptor agonist,14,2.3394090144905766,0.10745717423652656,159,3.7767006768543303,0.6194319366710059,Regorafenib,2.996841351238914,0.7935077750813515,0.8446601941747572
CVCL_0023,Riluzole hydrochloride,unclear,15,2.1468363273200866,0.08347142695236554,123,3.724140842040221,0.5764648595148112,Regorafenib,3.0800834998118156,0.8270588118048814,0.7184466019417476
CVCL_0023,Rimonabant,unclear,10,3.0529940671121647,0.0913463489156151,156,4.736668097273215,0.6445446470842445,Regorafenib,3.742737922060854,0.7901625879625084,0.5339805825242718
CVCL_0023,Ritonavir,unclear,11,2.4899285048892663,0.11626578029744983,171,4.5410422835733675,0.548316520613838,Regorafenib,3.6882160596108036,0.8121959297653861,0.23300970873786409
CVCL_0023,Ropivacaine (hydrochloride monohydrate),unclear,8,2.8425291769393484,0.16339352121007555,289,4.985637500201536,0.5701435727776927,Regorafenib,3.9476829155679596,0.7918110603525389,0.3786407766990291
CVCL_0023,S-Adenosyl-L-methionine (disulfate tosylate),unclear,22,1.9111557351001225,0.07446791421817711,101,3.0851960833183734,0.619460054883942,Regorafenib,2.6370273428847,0.8547357353210328,0.9611650485436893
CVCL_0023,Saquinavir,unclear,13,2.199762672688762,0.09585771800074416,157,4.146914216612433,0.5304577229682178,Regorafenib,3.2930076704721687,0.7940862767984117,0.5145631067961165
CVCL_0023,Selinexor,unclear,21,2.008999087690503,0.07984120367345682,123,3.041802320726043,0.6604633950081865,Regorafenib,2.7512221501847933,0.904471053703486,0.970873786407767
CVCL_0023,Sinomenine,unclear,12,2.602978600296062,0.08491192570540151,139,4.29189121802956,0.6064875524713577,Regorafenib,3.3781074109969786,0.7870906412553237,0.6019417475728155
CVCL_0023,Sivelestat (sodium tetrahydrate),unclear,13,2.4107432009243057,0.09304018796560476,137,4.113081825266769,0.5861160325367337,Regorafenib,3.3708566684069137,0.819545248941962,0.5339805825242718
CVCL_0023,Sodium Salicylate,Cyclooxygenase inhibitor,15,2.237482827978051,0.08855871115897129,138,3.892147567530957,0.5748710163621654,Regorafenib,3.117366076549405,0.8009372775469954,0.7087378640776699
CVCL_0023,Sonidegib,Sonic inhibitor,12,2.8361917460724557,0.09316148939215918,132,4.458590139241716,0.6361185167279839,Regorafenib,3.487800984852286,0.7822654417491413,0.7572815533980582
CVCL_0023,Sulfisoxazole,unclear,13,2.2479070637920775,0.10340295693696844,170,4.0059983191140045,0.5611352988009343,Regorafenib,3.2385784455900253,0.8084323026641441,0.5631067961165048
CVCL_0023,TAK-901,unclear,17,2.330081451711394,0.0818894961793577,132,3.41959110591188,0.681391832983507,Regorafenib,2.945139383261917,0.8612548377992566,0.941747572815534
CVCL_0023,Terfenadine,unclear,19,2.0313362943831916,0.08054753003136539,121,3.40741196508932,0.596152245515151,Regorafenib,2.8212977819836453,0.8279884589504543,0.9029126213592233
CVCL_0023,Tetracycline (hydrochloride),unclear,11,2.526335649258097,0.1327067847068203,215,4.357016741630519,0.5798315221328874,Regorafenib,3.602043520604479,0.8267224420295645,0.6019417475728155
CVCL_0023,Thymol,unclear,9,2.559691358953205,0.12843998334883688,224,4.660676993529219,0.5492102032616771,Regorafenib,3.7991140409442687,0.8151421019347349,0.3106796116504854
CVCL_0023,Tofacitinib (citrate),JAK/STAT inhibitor,14,2.1666650666262477,0.09667737347614425,168,4.048840565019383,0.53513222658,Regorafenib,3.1791320042334577,0.7851956512439848,0.6019417475728155
CVCL_0023,Tolcapone,unclear,11,2.681062536362355,0.08695867536751445,117,4.485736500777385,0.5976861404805481,Regorafenib,3.6950161513308473,0.8237256358438565,0.3883495145631068
CVCL_0023,Triclosan,unclear,17,2.0267081527328097,0.08103425367783523,160,3.4676492950743687,0.5844616857914819,Regorafenib,2.8400546900793344,0.8190143951735538,0.8640776699029126
CVCL_0023,Trifluridine,DNA synthesis/repair inhibitor,12,2.31500197775007,0.09148672616313502,154,4.282713559813818,0.5405456016186873,Regorafenib,3.225267499167435,0.7530897068230842,0.49514563106796117
CVCL_0023,Tucidinostat,HDAC inhibitor,19,1.9687945364637534,0.07777780939092738,141,3.358187012386374,0.5862670926907971,Regorafenib,2.859104580964139,0.8513833715688215,0.9320388349514563
CVCL_0023,Vemurafenib,RAF inhibitor,8,3.08252872311057,0.07979495400141723,134,5.223512289215645,0.5901256764485259,Regorafenib,4.133923648750005,0.7914068963300457,0.22330097087378642
CVCL_0023,Vilanterol,Adrenoceptor agonist,10,2.6658301865872724,0.10480163566373268,161,4.948963763229854,0.5386643172443568,Regorafenib,3.9448892031301783,0.7971141822537039,0.11650485436893204
CVCL_0023,Vinblastine (sulfate),Microtubule inhibitor,9,3.0739435752495727,0.16399482494043527,195,5.125020290551136,0.5997914936877267,Regorafenib,4.14034220635269,0.8078684515622561,0.2524271844660194
CVCL_0023,Vitamin K4,unclear,13,2.4155860850664665,0.09616374001868788,132,4.449429926810899,0.5428978823805913,Regorafenib,3.5058958483834983,0.7879427041334095,0.36893203883495146
CVCL_0023,Volasertib,unclear,15,2.388681313905517,0.06430808851528713,101,3.818296814247152,0.6255881693095905,Regorafenib,3.0158780293186562,0.7898490285159491,0.8737864077669902
CVCL_0023,palbociclib,CDK inhibitor,10,2.5085953035589768,0.11339522446586292,203,4.597880256008158,0.5455982243732721,Regorafenib,3.638117854778606,0.791259809349013,0.39805825242718446
CVCL_0131,(R)-Verapamil (hydrochloride),unclear,13,2.806928634396655,0.09721455688682967,140,4.131781965529714,0.6793506186468853,Radotinib,3.430241238417716,0.8302086767973834,0.7362637362637363
CVCL_0131,18β-Glycyrrhetinic acid,unclear,11,2.486359442728393,0.09989031781202107,180,4.59121034660278,0.5415477085618936,Radotinib,3.5835572656476513,0.7805256120097545,0.37362637362637363
CVCL_0131,8-Hydroxyquinoline,unclear,30,1.7393787707036508,0.05254860178016607,78,3.0227617154162822,0.5754270215322317,Norepinephrine (hydrochloride),2.7256212157973043,0.9016989999233013,0.9120879120879121
CVCL_0131,AT7519,CDK inhibitor,11,2.8998954002374324,0.0836033724473978,135,5.0977635093433475,0.5688564004435297,Radotinib,4.1429993217894,0.8127092035940812,0.24175824175824176
CVCL_0131,Abiraterone acetate,unclear,9,2.8025313988172003,0.13714787308817267,245,5.165373849053828,0.5425611931904128,Radotinib,4.211106478889068,0.8152568627071284,0.2087912087912088
CVCL_0131,Acetohexamide,unclear,11,2.5022717370421113,0.09999951983704503,171,4.497889689915032,0.5563212772097532,Radotinib,3.746428649829301,0.832930309124605,0.43956043956043955
CVCL_0131,Adagrasib,RAS inhibitor,12,2.2154952301586537,0.08289174198894955,168,4.68013796884281,0.4733824611385222,Radotinib,3.414467162943727,0.7295654926574682,0.31868131868131866
CVCL_0131,Adenine,unclear,19,2.232155957780768,0.08408520655818885,111,3.380931607105972,0.6602191990779314,Radotinib,2.9017384127376835,0.8582659307981474,0.9230769230769231
CVCL_0131,Adenosine,unclear,28,1.8160804708933629,0.05561636679640147,83,2.9009322800423867,0.6260333905025964,Radotinib,2.3694273351689623,0.8167813331838073,0.9560439560439561
CVCL_0131,Almonertinib (hydrochloride),EGFR/ERBB inhibitor,12,2.6698301492665553,0.0753747902377282,127,4.530570064593564,0.5892923210991252,Radotinib,3.2897909294888903,0.726131785312985,0.7142857142857143
CVCL_0131,Amsacrine,DNA synthesis/repair inhibitor,33,1.9772929356644537,0.04305309232779686,70,2.7930663477482947,0.707929096370554,Radotinib,2.2981927585086965,0.8228206824952248,0.989010989010989
CVCL_0131,Anastrozole,unclear,9,3.0462602054209933,0.09126965266034792,151,5.0504247510942735,0.6031691106299448,Radotinib,4.113531698163446,0.814492226079038,0.3626373626373626
CVCL_0131,Anethole trithione,unclear,14,2.907112787938451,0.06270385388489441,92,4.1588248461072315,0.6990226555608815,Radotinib,3.3608633325513604,0.8081281267945718,0.8901098901098901
CVCL_0131,Ataluren,unclear,8,2.8792889573938414,0.13391328708370087,261,5.249828370610204,0.5484539215629963,Radotinib,4.012461658427768,0.764303397210181,0.3076923076923077
CVCL_0131,Benztropine (mesylate),unclear,9,2.861962513839668,0.14674243880535076,254,5.2743149833038645,0.5426226008305094,Norepinephrine (hydrochloride),4.262579294153251,0.8081768547473333,0.1978021978021978
CVCL_0131,Berbamine,unclear,12,2.58717945839085,0.08713948411744432,149,4.6317613901067265,0.5585735620830924,Radotinib,3.4784784817584984,0.7510055438495605,0.5824175824175825
CVCL_0131,Berbamine (dihydrochloride),unclear,11,2.6971982047415866,0.12177127575892388,242,4.531457074263899,0.5952165408473447,Norepinephrine (hydrochloride),3.9551546235676387,0.8728218228151535,0.5054945054945055
CVCL_0131,Berberine (chloride hydrate),unclear,23,2.321964078663838,0.051575778834033414,88,3.224494479092016,0.720101738030477,Radotinib,2.7377772593353638,0.8490562713279303,0.945054945054945
CVCL_0131,Bergenin,unclear,17,2.1443187749023678,0.07876095121285942,144,3.60560090273953,0.5947188368166642,Radotinib,3.046326364312986,0.8448872868870184,0.7802197802197802
CVCL_0131,Budesonide,Glucocorticoid receptor agonist,8,3.4924615068132834,0.15018593563515448,207,6.081588798579863,0.5742679458415246,Radotinib,4.828100013302361,0.7938879416559356,0.054945054945054944
CVCL_0131,Busulfan,DNA synthesis/repair inhibitor,15,2.3592266112083142,0.09891214943762061,186,3.9599921722213396,0.5957654734163065,Radotinib,3.372824009655226,0.8517249183761026,0.6923076923076923
CVCL_0131,Canagliflozin (hemihydrate),Glucose transporter inhibitor,8,2.980787829014724,0.1590351935456067,312,5.1115358651395,0.5831491566641632,Norepinephrine (hydrochloride),4.191721341439067,0.8200512433115187,0.38461538461538464
CVCL_0131,Chlorhexidine (diacetate),unclear,31,1.6407687867893397,0.04556998577145566,61,2.8048597912155784,0.5849735490978886,Radotinib,2.3489628239069384,0.8374617623538815,0.9560439560439561
CVCL_0131,Ciclopirox,unclear,28,1.8478288233329478,0.05818799078302739,90,2.9675137068983704,0.62268585955894,Radotinib,2.544384909908827,0.8574130269370195,0.9560439560439561
CVCL_0131,Darinaparsin,unclear,16,2.200672713045657,0.07485678292449383,108,3.993321093272683,0.5510883451753988,Radotinib,3.079391777964643,0.7711355300610102,0.7142857142857143
CVCL_0131,Delamanid,unclear,13,2.5622783820884747,0.10258151432950546,179,4.292205673235542,0.5969607649665546,Radotinib,3.6207283865623827,0.8435589210320885,0.6373626373626373
CVCL_0131,Demeclocycline,unclear,26,1.9078019984814474,0.05517997830515298,69,3.1212993858238876,0.6112204446475648,Radotinib,2.608512192581821,0.8357135507183291,0.8791208791208791
CVCL_0131,Dexmedetomidine,Adrenoceptor agonist,12,2.7149847346646325,0.12036322480057793,204,4.693733387815951,0.5784275565613126,Radotinib,3.7183755660230755,0.7921999949284038,0.5384615384615384
CVCL_0131,Diammonium Glycyrrhizinate,unclear,18,2.079563318006676,0.07604264731741395,156,3.471653058385224,0.5990124252145019,Radotinib,2.8332568532001368,0.8161117500946291,0.8681318681318682
CVCL_0131,Docetaxel,Microtubule inhibitor,27,2.033336301546808,0.06137641448646547,76,2.9828046269421717,0.681686049156792,Radotinib,2.427502048998236,0.8138320649873723,0.989010989010989
CVCL_0131,Docetaxel (Trihydrate),Microtubule inhibitor,10,2.681920789321145,0.12276744213028601,235,4.811524363741009,0.5573952424582392,Radotinib,3.7206144118346343,0.7732714479994482,0.32967032967032966
CVCL_0131,Elagolix sodium,unclear,10,2.838719551746056,0.14517582086758063,233,4.878304348998127,0.5819070211002831,8-Hydroxyquinoline,3.901411361978743,0.7997474292025236,0.5604395604395604
CVCL_0131,Erdafitinib,Other TK inhibitor,12,2.6234875249715435,0.08557530969752303,158,4.54114391162332,0.5777151255340258,Radotinib,3.490919756644576,0.7687313647359568,0.5384615384615384
CVCL_0131,Fluvoxamine (maleate),unclear,13,2.505487584439846,0.08793691884843946,144,4.356337662373935,0.5751362218957357,Radotinib,3.552839155022372,0.8155564215576195,0.45054945054945056
CVCL_0131,Folic acid,unclear,12,3.2129466145895447,0.07651566594608661,112,4.497970162901083,0.7143103440502306,Radotinib,3.8001408121671223,0.8448568297563188,0.7472527472527473
CVCL_0131,Furosemide,unclear,17,2.1745988280811703,0.08341140764141763,166,3.7139922120879785,0.5855151825584005,Radotinib,2.967294938554067,0.7989502317469523,0.7582417582417582
CVCL_0131,Gallic acid,Cyclooxygenase inhibitor,25,2.047092242419913,0.05309565881334277,80,3.3472793826542806,0.6115689813727582,Radotinib,2.5857408997110998,0.7724903135096819,0.9230769230769231
CVCL_0131,Gallic acid (hydrate),Cyclooxygenase inhibitor,8,2.962715369815116,0.15155237890652984,233,5.751286798017075,0.5151395633472146,Radotinib,4.152335158011234,0.7219836714529475,0.0989010989010989
CVCL_0131,Gemfibrozil,unclear,16,2.538380373212628,0.11393251005047922,213,3.6900606245971668,0.6878966584701398,Norepinephrine (hydrochloride),3.260330853790259,0.883543980838033,0.8791208791208791
CVCL_0131,HI-TOPK-032,unclear,10,3.1442646742277667,0.0759949752726452,120,5.48150984013842,0.5736128851222435,Radotinib,3.815690148528307,0.6961020338936311,0.3516483516483517
CVCL_0131,Homoharringtonine,Protein synthesis inhibitor,11,4.211242076372372,0.23619220542339425,240,4.641754421260238,0.9072522357244868,Radotinib,4.981337137467644,1.0731582684883207,0.9560439560439561
CVCL_0131,Idarubicin (hydrochloride),DNA synthesis/repair inhibitor,13,2.6245415062185478,0.09632312391523123,143,4.218086686808065,0.6222113723804491,Radotinib,3.4469458825803745,0.8171823242420765,0.6483516483516484
CVCL_0131,Isocorydine,unclear,12,2.4496710590081694,0.06983075508482439,132,4.701344344119542,0.5210575698570615,Radotinib,3.4978557914132464,0.7440118262744094,0.3956043956043956
CVCL_0131,Ixazomib,Proteasome inhibitor,12,2.9563725348811825,0.1558625469699454,204,4.664979096335112,0.633737573916196,Norepinephrine (hydrochloride),3.5923527001973654,0.7700683381453047,0.5934065934065934
CVCL_0131,Larotrectinib,Other TK inhibitor,17,2.509024916968672,0.07058999098272589,88,3.7405670045987134,0.67076058626514,Radotinib,3.1395701590337364,0.8393300147207358,0.8351648351648352
CVCL_0131,Lenalidomide (hemihydrate),unclear,15,2.272150249626933,0.08269692717271004,123,3.9145296718694356,0.5804401652528124,Radotinib,3.355543642175395,0.8572022499379627,0.6703296703296703
CVCL_0131,Lidocaine (hydrochloride),unclear,17,2.259359570330176,0.0902698059918251,177,3.6110725267985373,0.6256754893630598,Norepinephrine (hydrochloride),3.0878164450937273,0.8550967675609904,0.8021978021978022
CVCL_0131,Lipoic acid,unclear,12,2.466553086137005,0.07805792238383813,125,4.703451672867957,0.5244134005597233,Radotinib,3.3769825110580967,0.7179796340926283,0.4065934065934066
CVCL_0131,Lumateperone (tosylate),unclear,8,2.98674134502866,0.08539872806861981,138,5.918580793945884,0.5046380963632021,Radotinib,4.378997463195084,0.739872887715643,0.054945054945054944
CVCL_0131,Medroxyprogesterone acetate,unclear,17,2.376436289587355,0.08323537522683311,119,3.7735114714567626,0.6297678720637181,Radotinib,3.3191425992625865,0.8795899056804067,0.7252747252747253
CVCL_0131,Megestrol,unclear,22,2.037957363741939,0.05913000221510656,77,3.102139527814287,0.656952192339926,Radotinib,2.5649476462621714,0.8268318118074426,0.967032967032967
CVCL_0131,Mitoxantrone (dihydrochloride),DNA synthesis/repair inhibitor,11,2.8879492003749587,0.12744609464520473,209,4.690160672364714,0.6157463255771353,Radotinib,3.813131610622803,0.8130066061682009,0.43956043956043955
CVCL_0131,Mozavaptan,unclear,11,2.9987349475279133,0.16533019145522676,249,4.7860513730798395,0.6265572000323552,Norepinephrine (hydrochloride),4.017035485914178,0.8393214307119321,0.5054945054945055
CVCL_0131,Neratinib (maleate),EGFR/ERBB inhibitor,22,2.1179206166304207,0.053735739672895244,67,3.626818210836194,0.583961062702979,Radotinib,2.7654907438998904,0.7625115412835326,0.8351648351648352
CVCL_0131,Norepinephrine (hydrochloride),Adrenoceptor agonist,37,1.7316824562707576,0.05134391862734411,84,2.576882869842905,0.6720066622105825,Radotinib,2.6415415805228046,1.0250918314668456,0.989010989010989
CVCL_0131,Olanzapine,unclear,9,2.8668585276075413,0.10949151310231386,201,5.50200040362576,0.5210574913295738,Radotinib,4.303654535679428,0.7821981497571983,0.07692307692307693
CVCL_0131,Omeprazole,unclear,12,2.5500615835647045,0.07934359831431304,142,4.522337089235859,0.5638813589624716,Radotinib,3.413705618410874,0.754854304544487,0.4945054945054945
CVCL_0131,Palmatine (chloride),unclear,18,2.192386381954629,0.07993748144452462,122,3.465093482169677,0.632706272784843,Radotinib,3.019313693654017,0.8713512951931865,0.8461538461538461
CVCL_0131,Pasireotide (acetate),unclear,16,2.330213238805118,0.061437775360228986,102,4.2256189828269655,0.5514489707366353,Radotinib,2.9491152748290665,0.6979132020218467,0.7472527472527473
CVCL_0131,Pentamidine (isethionate),unclear,25,1.9975145441101048,0.06965691664423279,119,3.070960315293407,0.6504527375891074,Radotinib,2.694177995597447,0.8773079815393312,0.9120879120879121
CVCL_0131,Proglumide,unclear,9,2.883641564703343,0.14540254186264634,287,5.1591589093698085,0.558936372257543,Norepinephrine (hydrochloride),4.2864472756558945,0.8308422653683067,0.18681318681318682
CVCL_0131,RMC-6236,RAS inhibitor,10,2.908985152933999,0.09440639506399306,164,5.171044128335186,0.5625527612487315,Radotinib,3.903393257025864,0.7548559169388791,0.4065934065934066
CVCL_0131,Radotinib,Other TK inhibitor,120,1.5158330127909792,0.03227304355123517,100,1.4519527772429581,1.043996083446543,Amsacrine,2.2981927585086965,1.5828288595395106,1.0
CVCL_0131,Raltitrexed,DNA synthesis/repair inhibitor,9,2.7884400355867895,0.1091307225771917,187,5.357490238879433,0.520475056650783,Radotinib,4.070821867375397,0.7598374772264346,0.14285714285714285
CVCL_0131,Rapamycin,MTOR inhibitor,14,2.1564826705882543,0.07526382747288773,117,4.350586404615466,0.49567632269077033,Radotinib,3.25897630209783,0.7490889730727874,0.43956043956043955
CVCL_0131,Resveratrol,unclear,18,2.2368811810902063,0.08251091864980886,111,3.5324444063137483,0.6332388917691374,Radotinib,3.041505324263403,0.8610200117593187,0.8351648351648352
CVCL_0131,Retinoic acid,Retinoic receptor agonist,26,2.0359986928600264,0.05672885102770997,75,2.911708072209434,0.6992454746038773,Radotinib,2.4937839080508715,0.8564676973809956,0.9560439560439561
CVCL_0131,Riluzole hydrochloride,unclear,19,2.690358758592927,0.07691562374331051,103,3.5981659406513873,0.7477028027523052,Radotinib,3.0550484671303844,0.8490571356409758,0.9120879120879121
CVCL_0131,Ritonavir,unclear,11,2.5445058618397343,0.1076033890088458,188,4.625766513306716,0.5500722646765848,Radotinib,3.7847870502734056,0.818196733316715,0.3516483516483517
CVCL_0131,S-Adenosyl-L-methionine (disulfate tosylate),unclear,23,1.9798626637516537,0.06774800892022348,106,3.152614468769116,0.6280065905187122,Radotinib,2.7358691246802285,0.8678096074806132,0.8791208791208791
CVCL_0131,Salicylic acid,Cyclooxygenase inhibitor,9,2.8389091318228026,0.1371749603250344,266,5.37458284563474,0.528210135253302,Radotinib,4.287129624861737,0.7976674186618524,0.12087912087912088
CVCL_0131,Saquinavir,unclear,13,2.3553300359798475,0.08786484212853785,131,4.407478264448048,0.5343940218556716,Radotinib,3.2717203284752694,0.7423111657443396,0.5384615384615384
CVCL_0131,Selinexor,unclear,19,2.298068784827375,0.08750808600279003,134,3.5401287106761057,0.6491483707631868,Radotinib,3.2580540170062187,0.9203207801967134,0.8571428571428571
CVCL_0131,Sivelestat (sodium tetrahydrate),unclear,13,2.857440591205795,0.11900776198360896,163,4.324768329087863,0.6607152970453929,Radotinib,3.8120390807645275,0.8814435342409485,0.7582417582417582
CVCL_0131,Sodium Salicylate,Cyclooxygenase inhibitor,11,2.4952662127277763,0.09315031618526348,179,4.677410686794258,0.5334716961614394,Radotinib,3.6763927733391832,0.7859888770765308,0.32967032967032966
CVCL_0131,Sonidegib,Sonic inhibitor,9,2.8079886740334246,0.10485874574539478,205,5.232282715749868,0.5366660837307213,Radotinib,4.412453338792943,0.8433132493989423,0.10989010989010989
CVCL_0131,Sulfisoxazole,unclear,19,2.1843715277429685,0.0759309821133688,126,3.4836866468566923,0.6270287052694342,Radotinib,2.818062164811912,0.8089310120227464,0.8901098901098901
CVCL_0131,Terfenadine,unclear,14,2.2026813493547666,0.0752340724077688,125,4.159309173968304,0.5295786529024091,Radotinib,3.063841294310564,0.7366226375971521,0.6263736263736264
CVCL_0131,Tetracycline (hydrochloride),unclear,8,2.962784958968199,0.15582930340204115,273,5.572148815446425,0.5317131787211302,Radotinib,4.290661870895172,0.7700192534343532,0.17582417582417584
CVCL_0131,Thymol,unclear,14,2.1730944181046,0.08298977020781917,184,4.028972772662126,0.5393668661276998,Radotinib,3.24732961653488,0.805994430781229,0.6483516483516484
CVCL_0131,Tofacitinib (citrate),JAK/STAT inhibitor,14,2.405528300589055,0.09299497274622692,140,4.088429237108083,0.588374693820208,Radotinib,3.2035524651659095,0.7835655894663145,0.6813186813186813
CVCL_0131,Tolcapone,unclear,15,2.5450571924813836,0.07385243729950586,92,4.445051951558854,0.5725596056506936,Radotinib,3.383418102854589,0.761165030178791,0.43956043956043955
CVCL_0131,Triclosan,unclear,24,1.9484307901991857,0.06612066311295217,121,3.073780078758882,0.6338875066774182,Norepinephrine (hydrochloride),2.7944776225150445,0.9091338843094419,0.9120879120879121
CVCL_0131,Trifluridine,DNA synthesis/repair inhibitor,22,2.2078859892248714,0.07510081031057769,83,3.3328443498637412,0.6624629768009231,Radotinib,2.8208653436621147,0.8463837633994045,0.9120879120879121
CVCL_0131,Tucidinostat,HDAC inhibitor,23,2.0017515332126696,0.06483718388379045,115,3.285553044097865,0.6092586259742774,Radotinib,2.898464108693458,0.8821845423863207,0.9560439560439561
CVCL_0131,Valdecoxib,Cyclooxygenase inhibitor,11,2.483672989166494,0.08778244757817444,159,4.7562695440186085,0.5221892843078905,Radotinib,3.766826094446706,0.7919706945927387,0.3076923076923077
CVCL_0131,Vemurafenib,RAF inhibitor,11,2.812919225322659,0.07830348328388437,130,4.594943422603736,0.6121771187617173,Radotinib,3.4878618531224497,0.7590652446262427,0.6703296703296703
CVCL_0131,Verteporfin,unclear,9,2.9550825320970837,0.15349923231132134,278,4.786225426835943,0.6174139888038279,Norepinephrine (hydrochloride),4.137303093498179,0.8644187693919901,0.37362637362637363
CVCL_0131,Vilanterol,Adrenoceptor agonist,15,2.329492380377766,0.0907607358656457,150,3.8957508712850286,0.5979572250238305,Norepinephrine (hydrochloride),3.1813978781584162,0.8166327835817232,0.7582417582417582
CVCL_0131,Vinblastine (sulfate),Microtubule inhibitor,9,2.9703019180888597,0.15414175735022595,271,5.011645259637248,0.5926800011188054,Radotinib,4.101744025373844,0.8184426097370538,0.31868131868131866
CVCL_0131,Vitamin K4,unclear,9,2.7675560791794935,0.12246005093814494,226,5.012854478761164,0.5520918452560875,Radotinib,4.051697148109083,0.8082614736325613,0.24175824175824176
CVCL_0131,palbociclib,CDK inhibitor,9,3.2612165831324553,0.11892522120907378,151,5.89182714626252,0.5535153191317244,Radotinib,3.9168291519027565,0.664790234789457,0.23076923076923078
CVCL_0152,(R)-Verapamil (hydrochloride),unclear,9,2.685487185219292,0.07947500662187268,125,4.950223702538644,0.5424981468700257,ML264,3.9898925817119584,0.8060024801840379,0.07228915662650602
CVCL_0152,8-Hydroxyquinoline,unclear,16,2.1274447442490123,0.07891069758817137,118,3.6761030176936513,0.5787228306740296,ML264,2.9432870261087087,0.8006541198498013,0.7228915662650602
CVCL_0152,AT7519,CDK inhibitor,15,2.1800798280018863,0.09179114912724429,165,3.7371132044179554,0.5833593227587087,ML264,2.9260377768963033,0.7829673913643259,0.6506024096385542
CVCL_0152,Acetohexamide,unclear,11,2.2718839511132622,0.09540216195539342,170,4.348085935979908,0.5225020812752769,ML264,3.3056058184957364,0.7602439020678572,0.3253012048192771
CVCL_0152,Adagrasib,RAS inhibitor,11,2.9753607845003924,0.06353061747062505,91,4.647607795746373,0.640191882633369,Amsacrine,4.110224012885807,0.8843741110529173,0.3132530120481928
CVCL_0152,Adenine,unclear,12,2.351714665835215,0.10121009237394363,184,4.297955966031364,0.5471704885815141,ML264,3.190740222674641,0.7423855078768754,0.37349397590361444
CVCL_0152,Adenosine,unclear,18,2.0149693408166627,0.07623460184139208,133,3.574944259019643,0.5636365757963532,ML264,2.7287904340116347,0.7633099249385082,0.7349397590361446
CVCL_0152,Almonertinib (hydrochloride),EGFR/ERBB inhibitor,12,2.289370231473217,0.08801625823762182,138,4.44042591010682,0.5155744691657614,ML264,3.340560466481231,0.7523063179317565,0.30120481927710846
CVCL_0152,Amsacrine,DNA synthesis/repair inhibitor,26,1.805451515941336,0.0571349794675704,72,3.0310191745562736,0.5956582297786503,ML264,2.471083551960704,0.8152649025463385,0.9036144578313253
CVCL_0152,Anastrozole,unclear,8,2.826078174965167,0.11694618464002937,193,5.536550234099696,0.5104402661352748,ML264,3.7366126420712464,0.6748990768759566,0.060240963855421686
CVCL_0152,Anethole trithione,unclear,14,2.534932102368422,0.06837786584547068,98,3.946647498258737,0.6423001049591673,ML264,3.3683192576285417,0.8534634165110124,0.6867469879518072
CVCL_0152,Atazanavir (sulfate),unclear,44,1.5559175536031464,0.04277479275508844,69,2.4481344514527854,0.6355523295216998,Erlotinib,2.0859916021443783,0.8520739540700053,0.9879518072289156
CVCL_0152,Azithromycin (hydrate),unclear,20,1.8410061899986192,0.05723297484793366,94,3.167635292960835,0.5811925994415235,ML264,2.574067326784538,0.8126148021221596,0.9036144578313253
CVCL_0152,Baicalin,unclear,15,2.133078274990941,0.06256158012881163,81,4.068315221291624,0.5243148966991115,ML264,3.063953245093236,0.7531258219761252,0.4578313253012048
CVCL_0152,Berberine (chloride hydrate),unclear,22,1.914289334906372,0.06370467022595472,92,3.1710431605287126,0.6036781078019764,ML264,2.5758426902289413,0.8123013657749986,0.9036144578313253
CVCL_0152,Bergenin,unclear,11,2.3462629162929876,0.07996481673821165,97,4.43906767129129,0.5285485804748902,ML264,3.436807905646483,0.7742184080394392,0.1927710843373494
CVCL_0152,Busulfan,DNA synthesis/repair inhibitor,11,2.82197421221299,0.09082348226166137,143,4.359896890324458,0.6472570987803756,ML264,3.794426183250042,0.8703018164651288,0.46987951807228917
CVCL_0152,Cepharanthine,unclear,8,2.7837050743218557,0.10180620909616389,129,5.722926324641238,0.48641287977726366,ML264,4.0433103362949305,0.7065109887725839,0.012048192771084338
CVCL_0152,Chlorhexidine (diacetate),unclear,9,2.5700862162166187,0.126529338513944,223,4.813515664289839,0.533931204438242,ML264,3.873068277543493,0.8046235948242012,0.2289156626506024
CVCL_0152,Ciclopirox,unclear,19,1.995450469349471,0.07898049013344732,146,2.9884910630057204,0.6677117071056309,ML264,2.7312282130052217,0.9139154695206775,0.963855421686747
CVCL_0152,Clonidine (hydrochloride),Adrenoceptor agonist,12,2.591649317760579,0.08246744570088249,132,4.242055657972096,0.6109418467648089,ML264,3.3927292618872316,0.7997842403390617,0.6144578313253012
CVCL_0152,Cysteamine (hydrochloride),unclear,9,2.566269291660706,0.10728244202919768,191,5.0748188616049985,0.5056868750679072,ML264,3.907267893768737,0.7699324843553128,0.08433734939759036
CVCL_0152,Darinaparsin,unclear,23,1.7017929067531354,0.04976857044184868,62,2.8979370689890835,0.5872428787236532,ML264,2.522100852072258,0.8703090481368071,0.9518072289156626
CVCL_0152,Demeclocycline,unclear,17,2.0033003038395862,0.0674947595054336,83,3.788167581518583,0.5288309613368563,ML264,2.823932244373401,0.7454612774130115,0.6265060240963856
CVCL_0152,Docetaxel,Microtubule inhibitor,15,2.2673824266606197,0.09821639432656937,171,3.5949141113564664,0.6307194988324965,ML264,3.1566427033318702,0.8780857081842148,0.7349397590361446
CVCL_0152,Docetaxel (Trihydrate),Microtubule inhibitor,11,2.5318837374796326,0.1117820674027512,170,4.233461375428154,0.598064683470407,Erlotinib,3.5203944668132374,0.831564092505084,0.5783132530120482
CVCL_0152,Elagolix sodium,unclear,11,2.4738614841127893,0.10740545922641787,150,4.395058621088573,0.5628733760779874,ML264,3.4430065868750686,0.78338126603242,0.3493975903614458
CVCL_0152,Erdafitinib,Other TK inhibitor,20,1.9243047556080868,0.07160870327825042,118,3.327870992430394,0.5782389882255436,ML264,2.522820861688326,0.7580885399183914,0.927710843373494
CVCL_0152,Erlotinib,EGFR/ERBB inhibitor,83,1.4833553156034829,0.03578926392484194,77,1.5669470656337352,0.9466531117332643,Atazanavir (sulfate),2.0859916021443783,1.3312457375838163,1.0
CVCL_0152,Fenofibrate,unclear,12,2.196954142159671,0.08400742367400804,149,4.049382357505228,0.542540552656822,Erlotinib,3.0719149159771852,0.7586132019080936,0.7710843373493976
CVCL_0152,Fluvoxamine (maleate),unclear,9,2.5483044871575062,0.11356598721650635,210,4.481904566505902,0.5685762490797897,ML264,3.740443178657072,0.8345655564846456,0.26506024096385544
CVCL_0152,Folic acid,unclear,9,2.6896354650695256,0.09920905467266361,165,4.987379610107826,0.5392882987327641,ML264,3.764982163490679,0.7549018638686059,0.13253012048192772
CVCL_0152,Furosemide,unclear,16,2.1198601608269625,0.08553589380612814,113,3.6581791842830103,0.5794850536394508,ML264,2.693550780197349,0.7363091430211818,0.7469879518072289
CVCL_0152,Gallic acid,Cyclooxygenase inhibitor,23,1.7874379870738453,0.0613942812142545,97,3.0809390485862163,0.5801601261453277,ML264,2.5794157201187597,0.8372173806237433,0.9036144578313253
CVCL_0152,Gallic acid (hydrate),Cyclooxygenase inhibitor,13,2.136559130067651,0.0827824358188709,160,4.022786139873505,0.5311142714971258,ML264,3.3108871479961226,0.8230333487477494,0.3855421686746988
CVCL_0152,Gemfibrozil,unclear,14,2.266693313621163,0.09731011361298436,152,3.8758131373389717,0.5848303912756261,ML264,3.1541161522700287,0.8137946904312212,0.6746987951807228
CVCL_0152,HI-TOPK-032,unclear,18,2.1739335066351058,0.06549545273478807,75,3.967403352438833,0.5479486993170862,ML264,2.839762676660299,0.715773624306348,0.6626506024096386
CVCL_0152,Idarubicin (hydrochloride),DNA synthesis/repair inhibitor,13,2.3573587210725373,0.10183523693307972,170,4.049414957665859,0.5821479758723844,ML264,3.2096570871680554,0.7926224209479751,0.4819277108433735
CVCL_0152,Ixazomib,Proteasome inhibitor,9,2.711400578542676,0.11040978942073298,151,4.802784969063863,0.5645475689641732,ML264,3.9949963200934517,0.8318082832828009,0.20481927710843373
CVCL_0152,Larotrectinib,Other TK inhibitor,16,2.107177353724194,0.06009660003855255,87,4.048751196712174,0.5204511839194631,ML264,3.0733932952261465,0.7590966068060503,0.5421686746987951
CVCL_0152,Lenalidomide (hemihydrate),unclear,12,2.442375044581052,0.10625692454154467,178,4.028531362026095,0.6062693386486862,ML264,3.3163937736452014,0.823226500085447,0.7108433734939759
CVCL_0152,Lipoic acid,unclear,21,2.1138710602360553,0.05617285185345944,82,3.3205624701320566,0.6366002986692758,ML264,2.6527856156443206,0.798896463929143,0.9036144578313253
CVCL_0152,ML264,unclear,87,1.3288795215747358,0.033222149405611634,60,1.566477209982788,0.8483235588147096,Erlotinib,2.0945700624345744,1.3371213121304133,1.0
CVCL_0152,Medroxyprogesterone acetate,unclear,19,2.181668836425841,0.05921576621196645,70,3.319745695792412,0.6571795060058311,ML264,2.928495284218632,0.8821444630323138,0.9397590361445783
CVCL_0152,Megestrol,unclear,12,2.261883986292001,0.08474652539827587,134,4.175963632551291,0.5416436026072647,ML264,3.3002932144157127,0.7903069817682798,0.42168674698795183
CVCL_0152,Mitoxantrone (dihydrochloride),DNA synthesis/repair inhibitor,16,2.1536024024019698,0.06253106927482732,102,3.8803377259969323,0.555003856487432,ML264,2.951037897155569,0.7605105806601902,0.6746987951807228
CVCL_0152,Neratinib (maleate),EGFR/ERBB inhibitor,18,2.0966597190004994,0.05754186743392409,82,3.3355573749132663,0.6285785202705495,ML264,2.7166868038452754,0.8144626215329055,0.9156626506024096
CVCL_0152,Norepinephrine (hydrochloride),Adrenoceptor agonist,14,2.1771664663272055,0.07140656533393641,122,4.120751663859535,0.5283420705551692,ML264,3.105299559297435,0.7535760008379108,0.4939759036144578
CVCL_0152,Omeprazole,unclear,8,2.656019123830432,0.0991373934028098,136,5.487908448201357,0.4839765730240877,Erlotinib,3.957792640077643,0.7211841592173054,0.03614457831325301
CVCL_0152,Ouabain (Octahydrate),unclear,66,1.9536917447421829,0.05535834148642804,113,1.6907020193350712,1.155550607025679,Erlotinib,2.180686736329226,1.2898113986915676,1.0
CVCL_0152,Palmatine (chloride),unclear,10,2.8388555064198626,0.09560621202927555,120,4.829509262020498,0.5878144864002569,ML264,3.820707949686159,0.7911172217294203,0.1686746987951807
CVCL_0152,Pasireotide (acetate),unclear,11,2.5511325810664847,0.07164138552024069,137,4.3875166248503055,0.581452516126597,ML264,3.6296436599762045,0.8272660756242813,0.40963855421686746
CVCL_0152,Pentagastrin,unclear,8,2.965707643775933,0.12871866854164904,200,5.292660799276429,0.5603434182257403,ML264,4.138735129054245,0.7819762660059494,0.060240963855421686
CVCL_0152,Pentamidine (isethionate),unclear,13,2.382232027456329,0.11278033558676814,196,3.8995703822976737,0.6108960203079318,ML264,3.2132460203244144,0.8240000064907487,0.6506024096385542
CVCL_0152,RMC-6236,RAS inhibitor,14,2.264072629107107,0.07812413950430663,136,4.224219179167803,0.5359742317047912,ML264,3.0133975776092563,0.7133620320816104,0.5060240963855421
CVCL_0152,Radotinib,Other TK inhibitor,12,2.290495615493573,0.09985729078117389,144,4.397925787997998,0.5208127026027515,ML264,3.32171897092202,0.7552921834167912,0.40963855421686746
CVCL_0152,Raltitrexed,DNA synthesis/repair inhibitor,11,2.47538859267359,0.1142839645117294,202,4.390874118235175,0.5637575858513848,ML264,3.6360296791777653,0.8280878889416206,0.27710843373493976
CVCL_0152,Rapamycin,MTOR inhibitor,13,2.2415076679337056,0.10009828912483831,202,3.816064519731371,0.5873872562541198,ML264,3.311109207982444,0.8676764218377332,0.6746987951807228
CVCL_0152,Relugolix,unclear,8,2.9856758772703884,0.09720742648474123,138,5.3652811745541875,0.5564807845356724,ML264,3.9321860346073882,0.7328946809454253,0.08433734939759036
CVCL_0152,Resveratrol,unclear,13,2.20968065450028,0.0768488074486191,112,4.203960052362039,0.5256188515061526,ML264,3.3114189195295958,0.7876903867507116,0.3855421686746988
CVCL_0152,Retinoic acid,Retinoic receptor agonist,16,2.017048054210333,0.07902513641422382,133,3.8410144038568776,0.5251342073034027,ML264,3.0122949572849715,0.7842446397129456,0.5662650602409639
CVCL_0152,Riluzole hydrochloride,unclear,15,2.1819830014590527,0.08422630208839876,143,3.6016371172445107,0.6058308847973038,ML264,3.004526257497467,0.8342112655136471,0.7469879518072289
CVCL_0152,Ritonavir,unclear,12,2.3749555518622785,0.09808826004572024,162,4.261026982101652,0.5573669356796439,ML264,3.2473610151968253,0.7621075925680105,0.4939759036144578
CVCL_0152,S-Adenosyl-L-methionine (disulfate tosylate),unclear,27,1.9691545490172857,0.0501571282706188,69,2.6134842992810627,0.7534594906726533,ML264,2.5979448210565637,0.9940541145669887,0.9759036144578314
CVCL_0152,Selinexor,unclear,21,1.9895924256356605,0.07644084220551417,105,3.3240289168177357,0.5985484709743139,ML264,2.74774720794675,0.8266315596848989,0.8313253012048193
CVCL_0152,Sinomenine,unclear,18,2.0675396354599043,0.06815042698532747,90,3.526531555807853,0.5862813369853074,ML264,2.7599921164752907,0.7826364439954758,0.7831325301204819
CVCL_0152,Sivelestat (sodium tetrahydrate),unclear,8,2.8109984456502386,0.126007784657854,172,5.158596671457183,0.5449153373830633,Erlotinib,3.8117191487403352,0.7389062164582084,0.13253012048192772
CVCL_0152,Sonidegib,Sonic inhibitor,10,2.6196897494068865,0.0970277347274544,152,5.104531704967739,0.5132086351540142,Erlotinib,3.8157810132954073,0.7475281247801601,0.0963855421686747
CVCL_0152,Sulfisoxazole,unclear,19,1.9977084163518304,0.07981020540981631,127,3.3782403280581534,0.5913458553436112,ML264,2.9997821809694134,0.887971810665619,0.7228915662650602
CVCL_0152,TAK-901,unclear,16,2.2069410055494765,0.07224115420584798,109,3.709086122972167,0.5950093722226674,ML264,2.7869481460521155,0.7513840481597868,0.8192771084337349
CVCL_0152,Terfenadine,unclear,21,1.7862381699833707,0.05975432951572035,110,3.1499925435035525,0.5670610788166002,ML264,2.6559646574348226,0.843165379204596,0.8433734939759037
CVCL_0152,Thymol,unclear,13,2.1698672467238653,0.0690167751914571,110,4.372230110149476,0.4962838624817216,Erlotinib,3.3582798433109655,0.7680931146590896,0.24096385542168675
CVCL_0152,Tofacitinib (citrate),JAK/STAT inhibitor,13,2.25091771106969,0.09609168887167352,168,4.248473586700833,0.5298179840674607,ML264,3.4237731267303513,0.8058831146903973,0.3132530120481928
CVCL_0152,Tolcapone,unclear,12,2.4169801898123873,0.10588564936688405,168,3.962348425339016,0.6099867882278909,ML264,3.2083160361615404,0.8097006350184963,0.6626506024096386
CVCL_0152,Triclosan,unclear,16,1.9521768987957406,0.07087065854558627,115,3.6240256773141386,0.5386763430005691,ML264,2.79964864127196,0.7725245046682047,0.7831325301204819
CVCL_0152,Trifluridine,DNA synthesis/repair inhibitor,14,2.3633738389474326,0.10329878874182363,154,3.9385951951693623,0.600055025163815,Atazanavir (sulfate),3.238809125792484,0.8223259729166488,0.6626506024096386
CVCL_0152,Trimetrexate,DNA synthesis/repair inhibitor,9,2.7494111790143587,0.12323581972636721,203,5.002375219776549,0.5496211416018434,ML264,3.810910250597238,0.7618201520611777,0.1566265060240964
CVCL_0152,Tucidinostat,HDAC inhibitor,21,1.9396310293110803,0.07452198560293632,130,3.192418192412386,0.6075742313212972,ML264,2.7080091913076725,0.8482626736509529,0.9156626506024096
CVCL_0152,Valdecoxib,Cyclooxygenase inhibitor,11,2.457380405648311,0.0778849745507103,141,4.649571292872106,0.5285176311664537,Erlotinib,3.4002245298583498,0.7312985038149578,0.21686746987951808
CVCL_0152,Vemurafenib,RAF inhibitor,12,2.379095239628115,0.09507696667931154,153,3.9898535905361157,0.5962863512764729,ML264,3.204687240310309,0.80320923251715,0.7108433734939759
CVCL_0152,Vilanterol,Adrenoceptor agonist,16,2.1148638058836644,0.063543715758547,109,3.8718336865284075,0.5462176263515878,ML264,3.0603515076011725,0.7904139886610594,0.5783132530120482
CVCL_0152,Vinblastine (sulfate),Microtubule inhibitor,10,2.4788461951574057,0.10407163003722542,159,4.56769707688303,0.5426905842120678,ML264,3.4580322955116154,0.7570625278573326,0.30120481927710846
CVCL_0152,Volasertib,unclear,12,2.466894675807503,0.08164684524413546,151,4.133303900678744,0.5968336069850577,ML264,3.211674262691703,0.7770234998119309,0.5421686746987951
CVCL_0152,palbociclib,CDK inhibitor,16,2.21303147783683,0.0969514115360347,146,3.6205387624412126,0.611243691351796,ML264,2.9993555006957484,0.8284279488485243,0.7590361445783133
CVCL_1550,18β-Glycyrrhetinic acid,unclear,15,2.4021319038499342,0.0669309093612388,190,4.349554737186967,0.5522707608005619,Canagliflozin,3.5501438935720726,0.8162085795172896,0.42424242424242425
CVCL_1550,8-Hydroxyquinoline,unclear,26,2.0042827288128624,0.045898869195880154,101,2.897020653434214,0.6918427476300268,Pralsetinib,2.7768409246714336,0.9585160952786733,0.9797979797979798
CVCL_1550,AT7519,CDK inhibitor,14,2.5807217390674837,0.04497519789025384,106,4.014106463318885,0.6429131271555086,ETC-206,3.3181405516603997,0.826619966854826,0.9191919191919192
CVCL_1550,Abiraterone acetate,unclear,9,2.93623938722827,0.09854036568987457,230,5.02893038461797,0.5838695632394055,Pralsetinib,4.022830994508641,0.7999376978478975,0.31313131313131315
CVCL_1550,Acetohexamide,unclear,16,2.095718331851709,0.04844880788255801,107,3.8141284627777274,0.5494619156916004,ETC-206,3.068111328709169,0.8044069198641374,0.797979797979798
CVCL_1550,Adagrasib,RAS inhibitor,15,2.294143884313624,0.05677541430553723,123,3.8275395779358754,0.5993782265605769,Pralsetinib,3.125174184172998,0.8164968958618448,0.797979797979798
CVCL_1550,Adenine,unclear,14,2.2747866038782933,0.05658382180267307,140,4.1700911544198584,0.5455004506237852,ETC-206,3.209588844612027,0.7696687496171877,0.5656565656565656
CVCL_1550,Adenosine,unclear,24,1.9415782290676564,0.04279635050716146,118,2.9527811756970426,0.6575421995533826,ETC-206,2.6256338169164706,0.8892070426778765,0.9595959595959596
CVCL_1550,Almonertinib (hydrochloride),EGFR/ERBB inhibitor,14,2.423799129499719,0.06357300554502077,153,4.3096242098110045,0.5624154245239896,ETC-206,3.263330748788702,0.7572193281631423,0.6161616161616161
CVCL_1550,Amsacrine,DNA synthesis/repair inhibitor,30,1.8713254555052734,0.028877205797328664,61,2.814644813321468,0.6648531447550518,ETC-206,2.521045661351222,0.8956887382092878,0.9797979797979798
CVCL_1550,Anastrozole,unclear,9,2.7874360967393894,0.057023034021947194,139,5.248955349780581,0.5310458769392867,ETC-206,3.9024053252766144,0.7434632351063425,0.1919191919191919
CVCL_1550,Aprepitant,unclear,8,2.994412877504774,0.09969921953965,237,5.281400454915455,0.5669732683719982,Pralsetinib,3.832230464834873,0.7256087656197657,0.41414141414141414
CVCL_1550,Ataluren,unclear,14,2.333616664468635,0.06289432196701039,177,4.046334027602133,0.5767236833513574,ETC-206,3.1818024033454155,0.7863420028205035,0.8686868686868687
CVCL_1550,Azithromycin (hydrate),unclear,9,2.7145987592338914,0.06529610792701246,170,5.526995556754005,0.49115269432714553,ETC-206,4.193433998976983,0.7587185399222176,0.06060606060606061
CVCL_1550,Baicalin,unclear,9,2.7807728564396705,0.07088864974763731,186,4.861899728871663,0.5719519141718344,ETC-206,3.9540393034660375,0.8132704341855443,0.36363636363636365
CVCL_1550,Benztropine (mesylate),unclear,8,2.9727804411073055,0.1031619296409354,265,5.744533654675474,0.5174972625824483,Gemfibrozil,4.319257673866943,0.7518900460007751,0.020202020202020204
CVCL_1550,Berbamine,unclear,10,2.7407305567835945,0.07721016773593758,192,4.995310437691459,0.5486607070711306,Pralsetinib,3.8800948152119163,0.7767474841874031,0.3939393939393939
CVCL_1550,Berbamine (dihydrochloride),unclear,10,2.5154660242415683,0.06384584845725239,152,4.992813328589516,0.5038173588100467,Pralsetinib,3.7474883000716845,0.7505764893337922,0.18181818181818182
CVCL_1550,Berberine (chloride hydrate),unclear,14,2.731329242432711,0.0471075445206941,113,4.29190684339899,0.6363906165935386,ETC-206,3.2980960653974116,0.7684453986856512,0.9090909090909091
CVCL_1550,Bergenin,unclear,16,2.5177152672209036,0.07108163529938871,235,3.725925595660324,0.6757288095482497,Norepinephrine (hydrochloride),3.22885066162492,0.8665902146263041,0.8585858585858586
CVCL_1550,Busulfan,DNA synthesis/repair inhibitor,29,1.9545280309716475,0.04221573808435375,117,2.9775106212966382,0.6564302464588674,ETC-206,2.888458546007368,0.9700917690595878,0.9292929292929293
CVCL_1550,Cabozantinib (S-malate),Multi-TK inhibitor,13,2.265332785412043,0.055650313772132254,145,4.75322501762644,0.4765885850157488,Pralsetinib,3.663423728444299,0.7707238169577879,0.25252525252525254
CVCL_1550,Canagliflozin,Glucose transporter inhibitor,21,2.6038403084840938,0.07239050857129736,218,3.4424539011924007,0.7563907559029833,Dapagliflozin ((2S)-1,2-propanediol, hydrate),3.38906253354453,0.984490317320044,0.9191919191919192
CVCL_1550,Canagliflozin (hemihydrate),Glucose transporter inhibitor,8,2.981573169416754,0.10075306188167055,247,5.2232383160390725,0.5708284763230493,ETC-206,4.026360990144827,0.7708553097761254,0.31313131313131315
CVCL_1550,Cepharanthine,unclear,12,2.3317120590711973,0.06164451695903961,169,4.642649949539492,0.5022373180003549,Pralsetinib,3.49680932405032,0.7531925434949434,0.35353535353535354
CVCL_1550,Chlorhexidine (diacetate),unclear,22,1.9566775741602787,0.04347091192471009,94,3.3917517853116985,0.5768929149337684,Pralsetinib,2.7835385942298396,0.8206787437347911,0.8080808080808081
CVCL_1550,Ciclopirox,unclear,16,2.5256665174392854,0.0715146051939568,216,3.779093708622256,0.668325982940515,ETC-206,3.2336010304393326,0.8556551596118548,0.8282828282828283
CVCL_1550,Citalopram (hydrobromide),unclear,10,2.8776045052234487,0.08656894834531503,169,4.789381356810552,0.6008301053603643,Pralsetinib,3.750901756307262,0.7831704090494775,0.6363636363636364
CVCL_1550,Clotrimazole,unclear,11,2.527176551556526,0.06003615137983065,123,5.03523937221829,0.5018979962502103,ETC-206,3.9200503313717494,0.7785231329816122,0.15151515151515152
CVCL_1550,DTP3,unclear,10,2.593589569104286,0.06935095681600245,195,5.2423851632717975,0.49473464622076996,ETC-206,3.685034263865275,0.7029308509574347,0.1919191919191919
CVCL_1550,Dapagliflozin ((2S)-1,2-propanediol, hydrate),Glucose transporter inhibitor,25,2.327408171563705,0.058651735543215566,157,2.812166061815517,0.8276211718667655,Pralsetinib,2.979178708446969,1.0593893258649276,1.0
CVCL_1550,Darinaparsin,unclear,14,2.357144346578194,0.05938584123214474,136,4.337292764374551,0.5434598203605702,ETC-206,3.315949479745891,0.7645205569202704,0.6161616161616161
CVCL_1550,Demeclocycline,unclear,21,2.0429625604467074,0.04758365266984077,117,3.5947732787041047,0.5683147175232102,8-Hydroxyquinoline,3.003201132942075,0.8354354781519662,0.8080808080808081
CVCL_1550,Dexmedetomidine,Adrenoceptor agonist,10,2.8806144656874477,0.09666719851478556,187,5.073190640694,0.5678112000327641,Dapagliflozin ((2S)-1,2-propanediol, hydrate),4.137981150138495,0.8156565450046698,0.1414141414141414
CVCL_1550,Diammonium Glycyrrhizinate,unclear,14,2.337327472847496,0.06132670564155129,145,4.678178738098639,0.4996233798876741,Pralsetinib,3.4721690259305613,0.7422052940503426,0.31313131313131315
CVCL_1550,Docetaxel,Microtubule inhibitor,17,2.3279641852263686,0.060680603723082704,101,3.9126627132347043,0.594982076362462,Pralsetinib,3.473635406021522,0.8877932141382495,0.7272727272727273
CVCL_1550,Docetaxel (Trihydrate),Microtubule inhibitor,13,2.6327250933035873,0.08099490418645727,217,4.247702373668772,0.6197998027412837,Fostamatinib (disodium hexahydrate),3.7147702739820865,0.8745363839542298,0.5555555555555556
CVCL_1550,ETC-206,Protein synthesis inhibitor,73,1.5333396439116613,0.02486442961882629,52,1.78754903240332,0.8577888584404983,Pralsetinib,2.051859271577531,1.1478618121142399,1.0
CVCL_1550,Elagolix sodium,unclear,15,2.3028595903187274,0.061034646169518925,133,4.362891604334204,0.5278287427611105,Pralsetinib,3.3609051587869923,0.7703389090501781,0.3939393939393939
CVCL_1550,Eplerenone,unclear,9,2.8961548794964433,0.09721624176627075,265,5.23292522680692,0.553448550088236,Canagliflozin,4.348552593732536,0.8309984196708999,0.12121212121212122
CVCL_1550,Erdafitinib,Other TK inhibitor,10,2.783188913838088,0.07105086027283469,192,5.044277057561851,0.551751793582754,ETC-206,3.891355793084218,0.7714397422422913,0.31313131313131315
CVCL_1550,Fenofibrate,unclear,11,2.717191679192889,0.08547076566385758,217,4.6288576018760095,0.5870112915315542,ETC-206,3.711559838310482,0.8018306367442024,0.47474747474747475
CVCL_1550,Fluvoxamine (maleate),unclear,16,2.186767289533069,0.052017482844519125,136,3.8384543164075886,0.5696999649535144,ETC-206,3.123702577532624,0.813791781806615,0.8181818181818182
CVCL_1550,Fostamatinib (disodium hexahydrate),Other TK inhibitor,30,1.87322151008655,0.03968475947547945,90,2.838091765262062,0.6600285209289494,Pralsetinib,2.6083967292860155,0.9190670862769523,0.9797979797979798
CVCL_1550,Furosemide,unclear,17,2.317352769837945,0.06101164795258285,134,3.8529820775744614,0.6014439525492863,ETC-206,3.09753557347362,0.803931996336611,0.7272727272727273
CVCL_1550,Gallic acid,Cyclooxygenase inhibitor,23,2.049982062522655,0.03852216740802861,71,3.324895575674953,0.61655532207399,ETC-206,2.7653135399629254,0.8316993652955754,0.9595959595959596
CVCL_1550,Gallic acid (hydrate),Cyclooxygenase inhibitor,13,2.615411697234236,0.07972880893873435,214,4.455984643761116,0.5869436064812541,Busulfan,3.619652711746672,0.8123126539079519,0.3838383838383838
CVCL_1550,Gemfibrozil,unclear,21,2.39832423573888,0.061817929992751264,199,3.3824075996424385,0.7090583157371134,Norepinephrine (hydrochloride),3.11307121912296,0.9203714003752975,0.8787878787878788
CVCL_1550,Idarubicin (hydrochloride),DNA synthesis/repair inhibitor,18,2.3166390029178094,0.05915652779685476,127,3.4998770344323455,0.6619201132286499,ETC-206,2.889086354013116,0.8254822456874416,0.9595959595959596
CVCL_1550,Isocorydine,unclear,20,2.10445890302447,0.050730408922507575,121,3.439403299259083,0.611867443250349,Pralsetinib,2.9302168552742214,0.8519550050747028,0.9090909090909091
CVCL_1550,Ixazomib,Proteasome inhibitor,19,2.741399550164948,0.08546622004508342,172,3.558674878370499,0.7703427943999825,Norepinephrine (hydrochloride),3.548503151556912,0.9971417094392606,0.9191919191919192
CVCL_1550,Larotrectinib,Other TK inhibitor,18,2.162101585145395,0.0526287339364947,122,3.588362823764839,0.6025314861770196,ETC-206,3.0350596746171634,0.8458062419208877,0.8181818181818182
CVCL_1550,Lenalidomide (hemihydrate),unclear,14,2.394740436023616,0.06060194153418241,149,4.522804597719192,0.5294812951307384,ETC-206,3.53376490687781,0.781321596042388,0.43434343434343436
CVCL_1550,Lidocaine (hydrochloride),unclear,14,2.6149701248946107,0.07795768728020425,188,4.245036247422989,0.6160065479963962,S-Adenosyl-L-methionine (disulfate tosylate),3.528805469506346,0.8312780536676357,0.6868686868686869
CVCL_1550,Lipoic acid,unclear,8,2.822999518221886,0.08439707672464725,197,6.0679238834778415,0.46523317899694533,Gemfibrozil,4.384720900512374,0.7226064441004925,0.030303030303030304
CVCL_1550,Medroxyprogesterone acetate,unclear,18,2.285064709339131,0.055328273448937204,85,3.547068260716009,0.6442122173532318,ETC-206,3.1139931978873587,0.8779061943563414,0.9191919191919192
CVCL_1550,Megestrol,unclear,10,2.6289697975880495,0.07381309742619191,171,5.4731190058987655,0.48034215860364515,ETC-206,3.6732955776498706,0.671152148106208,0.0707070707070707
CVCL_1550,Mitoxantrone (dihydrochloride),DNA synthesis/repair inhibitor,13,2.4853273443849955,0.06475134050981068,102,4.471493448992558,0.5558159421982263,Pralsetinib,3.494522298395432,0.7815112195194558,0.37373737373737376
CVCL_1550,Mozavaptan,unclear,15,2.474368027678735,0.069447011412752,188,4.361381069635377,0.5673358938767528,Fostamatinib (disodium hexahydrate),3.423599504473589,0.7849805944060309,0.494949494949495
CVCL_1550,Naproxen,Cyclooxygenase inhibitor,8,3.02422851735948,0.10418149519957476,241,5.589059703296421,0.5410979087548115,Busulfan,4.40136889603771,0.7874972051992553,0.04040404040404041
CVCL_1550,Neratinib (maleate),EGFR/ERBB inhibitor,20,2.4792137042903875,0.04331454289782366,79,3.3289521483273896,0.7447429683049221,ETC-206,2.7223546449117597,0.8177812487570869,0.98989898989899
CVCL_1550,Norepinephrine (hydrochloride),Adrenoceptor agonist,27,2.1491713108952717,0.04575830884672083,136,2.9235738408156493,0.7351178481935224,Pralsetinib,2.934924334829442,1.003882403740015,0.98989898989899
CVCL_1550,Palmatine (chloride),unclear,17,2.236902006495783,0.05693951630244376,133,3.79583160220133,0.589304858834762,Pralsetinib,3.376736823588912,0.8895907873338293,0.7272727272727273
CVCL_1550,Pasireotide (acetate),unclear,13,2.380047115391688,0.052596944653504285,123,4.8029028537873435,0.49554346357742685,Triclosan,3.6333281925530985,0.7564858801355989,0.36363636363636365
CVCL_1550,Pentamidine (isethionate),unclear,23,1.8533061937235626,0.038785231561730416,94,3.3898475456229784,0.5467225793433038,ETC-206,2.8689575704194477,0.8463382296126822,0.8383838383838383
CVCL_1550,Pralsetinib,Other TK inhibitor,53,1.5031839914312775,0.02392474835906999,58,2.0070186497251115,0.7489636389961593,ETC-206,2.051859271577531,1.0223419059202867,0.98989898989899
CVCL_1550,Proglumide,unclear,8,3.059752854730787,0.09365495006886115,254,5.399145521410998,0.5667105734781455,Fostamatinib (disodium hexahydrate),4.221162559038175,0.7818204829446842,0.37373737373737376
CVCL_1550,Pyridoxine,unclear,8,2.761441496755532,0.07980154721366306,226,5.4738349697606985,0.5044802249265207,Pralsetinib,4.047510818729819,0.7394287261288708,0.13131313131313133
CVCL_1550,Pyridoxine (hydrochloride),unclear,8,3.620865809644945,0.09017935523256704,184,5.315205628685374,0.6812277948577702,ETC-206,4.4144172700567585,0.8305261505279882,0.6666666666666666
CVCL_1550,Radotinib,Other TK inhibitor,15,2.3712793524709457,0.06320760736169506,157,3.9344040812250176,0.6027035615855256,Busulfan,3.418324000709621,0.8688289077936525,0.6767676767676768
CVCL_1550,Raltitrexed,DNA synthesis/repair inhibitor,11,2.5118156571053345,0.0659952166676353,150,4.622595775486686,0.5433777425284131,ETC-206,3.782988248417225,0.8183688196312031,0.35353535353535354
CVCL_1550,Rapamycin,MTOR inhibitor,8,3.042796775483429,0.1063654506531242,259,5.595737322351233,0.5437704810283872,ETC-206,4.348253456563107,0.7770653277799048,0.1111111111111111
CVCL_1550,Resveratrol,unclear,15,2.370887498428946,0.06513255851256838,184,4.120067486155823,0.5754487047592205,ETC-206,3.4532883297582284,0.8381630498436995,0.5959595959595959
CVCL_1550,Retinoic acid,Retinoic receptor agonist,12,2.5188299515688626,0.070428837653147,166,4.486590344415484,0.5614129568802916,ETC-206,3.593688275318661,0.800984266324152,0.4444444444444444
CVCL_1550,Riluzole hydrochloride,unclear,17,2.2098241048350684,0.052122902445746244,93,4.072404804670688,0.5426337043656848,Pralsetinib,3.2722603329457516,0.8035203988544455,0.5858585858585859
CVCL_1550,Ritonavir,unclear,19,1.975470522158268,0.04449599370361179,114,3.478472521006056,0.5679132177208965,ETC-206,2.968997608804134,0.8535348751139279,0.8383838383838383
CVCL_1550,S-Adenosyl-L-methionine (disulfate tosylate),unclear,22,1.9463461929835568,0.043401945342506965,122,3.430998440313314,0.5672827390751654,ETC-206,2.63868235756073,0.7690712786566494,0.8888888888888888
CVCL_1550,Saquinavir,unclear,12,2.4090039183228757,0.06441693318614139,171,4.176140056838767,0.5768494077151309,ETC-206,3.5337495054029806,0.846176003991097,0.6464646464646465
CVCL_1550,Selinexor,unclear,16,2.462868965195413,0.06931139052219182,119,4.051927418625317,0.6078265256861344,Pralsetinib,3.4270409418906267,0.8457804367713248,0.696969696969697
CVCL_1550,Sinomenine,unclear,8,3.082500375176788,0.06594218744928815,149,5.313859299864096,0.580086938932618,ETC-206,4.414501525548687,0.8307524299075042,0.1717171717171717
CVCL_1550,Sodium Salicylate,Cyclooxygenase inhibitor,12,2.4585556943190143,0.06982312103044364,194,4.440670589194137,0.553645140961734,ETC-206,3.332815759651244,0.7505208262376564,0.6060606060606061
CVCL_1550,Sonidegib,Sonic inhibitor,12,2.429186112859335,0.053613280000653796,142,4.232969284868046,0.573872841823623,ETC-206,3.2929318694553915,0.777924820108408,0.6868686868686869
CVCL_1550,Sulfisoxazole,unclear,17,2.2177810626458325,0.051032355585232114,106,3.6150696993969893,0.6134822415777402,ETC-206,3.0181609014574233,0.8348831841225266,0.8585858585858586
CVCL_1550,Terfenadine,unclear,17,2.2698931448723276,0.058912505460005704,158,4.230735655410973,0.536524455733652,ETC-206,3.2773618332469003,0.7746553082453311,0.494949494949495
CVCL_1550,Tetracycline (hydrochloride),unclear,15,2.260608700532024,0.055435769875956886,138,4.035456141971867,0.5601866606899636,ETC-206,3.3844340198759952,0.8386744647464415,0.5252525252525253
CVCL_1550,Thymol,unclear,11,2.5177036221212106,0.0660237803576772,185,4.528305958977355,0.5559923832288474,ETC-206,3.664875808269393,0.8093260131868488,0.41414141414141414
CVCL_1550,Tofacitinib (citrate),JAK/STAT inhibitor,12,2.414268234504574,0.06714414510660094,185,4.304474333904433,0.5608741154496973,ETC-206,3.4348741709873587,0.7979776169025751,0.6565656565656566
CVCL_1550,Tolcapone,unclear,15,2.2317121906941413,0.050801916517143164,118,3.870700477531867,0.5765654572469481,ETC-206,3.1063414193101524,0.8025269424336589,0.7878787878787878
CVCL_1550,Triamcinolone,Glucocorticoid receptor agonist,8,3.1006463782826486,0.08163838497291276,116,5.214587738803751,0.594610069595636,ETC-206,4.090788894551828,0.7844894168930548,0.45454545454545453
CVCL_1550,Triclosan,unclear,30,1.6925624637073589,0.032574467299683496,82,2.9216480239126805,0.5793177172110806,ETC-206,2.685868242953324,0.9192990466238299,0.9696969696969697
CVCL_1550,Trifluridine,DNA synthesis/repair inhibitor,15,2.313775947659006,0.06150192075447525,125,3.9975992446134776,0.5787913710401759,ETC-206,3.211152089074807,0.8032701360451875,0.6868686868686869
CVCL_1550,Trimetrexate,DNA synthesis/repair inhibitor,8,3.0133053909726053,0.10746961559921386,293,5.49022414422353,0.5488492476473874,Demeclocycline,4.334481429450782,0.7894907959288424,0.1414141414141414
CVCL_1550,Tucidinostat,HDAC inhibitor,17,2.477404044020982,0.07113254304250627,142,3.6873415818215323,0.6718672488153794,Pralsetinib,3.5006892220869434,0.9493802362507507,0.8383838383838383
CVCL_1550,Valdecoxib,Cyclooxygenase inhibitor,14,2.431808344343848,0.05615054894127658,142,4.136741883784588,0.5878559534681567,ETC-206,3.296693288520693,0.7969298982475168,0.797979797979798
CVCL_1550,Vemurafenib,RAF inhibitor,10,2.773344230015872,0.0602733126598225,136,5.02388726556054,0.5520315411986929,ETC-206,3.712455487846921,0.7389607472477199,0.42424242424242425
CVCL_1550,Verteporfin,unclear,12,2.479426682620593,0.06603351889740172,149,4.6756241709325,0.5302878486330734,ETC-206,3.7374229284954157,0.7993420326061043,0.3434343434343434
CVCL_1550,Vilanterol,Adrenoceptor agonist,15,2.2679301117288664,0.05812861094824362,140,3.8060013118309524,0.595882640575821,ETC-206,3.403219491261374,0.8941719175667303,0.7777777777777778
CVCL_1550,Vinblastine (sulfate),Microtubule inhibitor,8,3.201849214265848,0.06966531033586365,139,5.471632519354781,0.5851725610117202,Pralsetinib,4.148119540882757,0.7581136938947621,0.36363636363636365
CVCL_1550,Volasertib,unclear,8,3.2630715039430127,0.07150009227076737,190,5.3126717113881305,0.614205371837368,ETC-206,4.238262324157356,0.7977647696680197,0.24242424242424243
CVCL_1550,palbociclib,CDK inhibitor,9,2.896223925326607,0.06932958040121895,156,5.310263312332024,0.5454011891652729,ETC-206,4.150274492904115,0.7815571938336717,0.06060606060606061
CVCL_0397,18β-Glycyrrhetinic acid,unclear,10,2.6792123607959897,0.11490637238954116,249,4.396477859643268,0.6093997163932908,Clopidogrel,3.389490940798718,0.770955990000992,0.8666666666666667
CVCL_0397,8-Hydroxyquinoline,unclear,12,2.665754924558269,0.09691021499776664,132,5.148534692240374,0.5177696342565133,Clopidogrel,3.9310340983906342,0.7635248344184805,0.3333333333333333
CVCL_0397,AT7519,CDK inhibitor,11,2.6009005300629804,0.09203095214012802,129,4.567764670605507,0.56940335538744,Clopidogrel,3.7896856550835505,0.8296586904905472,0.5866666666666667
CVCL_0397,Abiraterone acetate,unclear,9,2.9010962804916183,0.11935813520311822,212,5.157602073125137,0.5624893583024644,Clopidogrel,4.082996442730592,0.7916462698830484,0.38666666666666666
CVCL_0397,Adagrasib,RAS inhibitor,19,1.9823004894534364,0.06008672694332429,126,3.586705160592811,0.5526800784276903,Clopidogrel,2.953594203978853,0.8234839697530876,0.96
CVCL_0397,Adenine,unclear,10,2.690119888641434,0.09156966381868525,130,4.923062273001842,0.5464322284514046,Methyl aminolevulinate (hydrochloride),3.7586924364405747,0.763486673132962,0.4666666666666667
CVCL_0397,Adenosine,unclear,13,2.3571285210729345,0.0798725591854339,160,4.405107680071419,0.5350898757223386,Clopidogrel,3.3830012554565383,0.7679724313576123,0.6666666666666666
CVCL_0397,Amsacrine,DNA synthesis/repair inhibitor,14,2.318581717747612,0.061883464864719406,89,4.628340143770142,0.5009531809948063,Clopidogrel,3.1368741182720568,0.677753583537797,0.7333333333333333
CVCL_0397,Anastrozole,unclear,11,2.6256297126307895,0.10525512791476876,183,4.565799766874676,0.5750645772247811,Clopidogrel,3.779604943545319,0.8278078620457083,0.52
CVCL_0397,Azithromycin (hydrate),unclear,8,3.052057582753753,0.10211287894785459,148,6.009865638903466,0.5078412340863278,Methyl aminolevulinate (hydrochloride),4.194760223432776,0.6979790357173665,0.04
CVCL_0397,Benztropine (mesylate),unclear,10,2.834358015818502,0.12537298145516762,223,4.686819429100069,0.6047508462178446,Clopidogrel,3.6872777215518386,0.786733471884545,0.76
CVCL_0397,Berbamine,unclear,8,2.896884378922739,0.10669190623404412,197,5.27497650851998,0.5491748397824674,Clopidogrel,4.385759413748106,0.8314272881906417,0.25333333333333335
CVCL_0397,Bergenin,unclear,15,2.276365641834048,0.07588067870553383,128,3.979820871244484,0.5719769093834195,Clopidogrel,3.4893752803717835,0.8767669182258098,0.8533333333333334
CVCL_0397,Budesonide,Glucocorticoid receptor agonist,8,2.9200756882949412,0.10728254967039808,196,5.612523850257512,0.5202785353261284,Clopidogrel,4.4302289876654575,0.7893470220999045,0.08
CVCL_0397,Busulfan,DNA synthesis/repair inhibitor,9,2.880100674306059,0.09309112879432269,170,5.542839926848664,0.519607405646931,Methyl aminolevulinate (hydrochloride),4.387862084004625,0.7916270615628814,0.02666666666666667
CVCL_0397,Cabozantinib (S-malate),Multi-TK inhibitor,8,2.9544738219721354,0.1368251452668925,272,5.429109386242201,0.544191249758019,Clopidogrel,3.9595099630534407,0.7293111413608937,0.24
CVCL_0397,Canagliflozin,Glucose transporter inhibitor,8,2.8444831682979754,0.126532285898603,240,5.805723497582582,0.4899446502201451,Clopidogrel,4.217072050273998,0.7263646041755046,0.04
CVCL_0397,Carbamazepine,HDAC inhibitor,10,2.9785766799959736,0.07950971797179585,148,4.929038675859395,0.6042916024546405,Clopidogrel,3.8545649993234674,0.7820115143753483,0.8133333333333334
CVCL_0397,Chlorhexidine (diacetate),unclear,9,2.9383964986503015,0.08933303571319295,128,4.933535542887412,0.595596499327249,Clopidogrel,4.311175490472143,0.8738511059654746,0.41333333333333333
CVCL_0397,Ciclopirox,unclear,11,2.44199061238444,0.08753324841367793,159,4.675984560786432,0.5222409485402008,Clopidogrel,3.587822664034058,0.7672871065747572,0.52
CVCL_0397,Clopidogrel,unclear,79,1.3968908827398072,0.029898518942431895,40,1.7301357435054958,0.8073880260455818,Methyl aminolevulinate (hydrochloride),2.262303092665377,1.3075870498355442,1.0
CVCL_0397,Dapagliflozin ((2S)-1,2-propanediol, hydrate),Glucose transporter inhibitor,9,2.9335517931484802,0.13890028231222473,271,5.364520771471268,0.5468432164060626,Clopidogrel,4.20372660115464,0.783616427307025,0.2
CVCL_0397,Darinaparsin,unclear,8,2.754525807923887,0.09113100568001742,143,6.296034305679114,0.4375017152367269,Methyl aminolevulinate (hydrochloride),4.060399673840667,0.644913842063746,0.0
CVCL_0397,Delamanid,unclear,10,2.5233640908309933,0.0914091772501423,202,5.263504563942808,0.47940760004600075,Clopidogrel,3.818590752581076,0.7254844573974549,0.3466666666666667
CVCL_0397,Demeclocycline,unclear,11,2.571121984676429,0.07700633210412344,164,4.6126789090183165,0.5574032000470682,Clopidogrel,3.5887005308748714,0.7780078782111952,0.7466666666666667
CVCL_0397,Diammonium Glycyrrhizinate,unclear,13,2.473375130987754,0.09108818716714062,156,4.16550234212364,0.5937759549372352,Clopidogrel,3.5865921242453846,0.8610227121891096,0.8133333333333334
CVCL_0397,Docetaxel,Microtubule inhibitor,10,2.6822590576065575,0.10101646958564736,178,5.0583959213828775,0.5302588210361506,Clopidogrel,3.949377620143901,0.7807569200839086,0.37333333333333335
CVCL_0397,Docetaxel (Trihydrate),Microtubule inhibitor,8,3.0781210637578784,0.15270077280302163,281,5.1186624582858204,0.6013526167905795,Clopidogrel,4.044856924266509,0.7902175533608214,0.5466666666666666
CVCL_0397,Eplerenone,unclear,12,2.3903315820880096,0.0790704393097893,153,4.496570834719177,0.531589887038284,Clopidogrel,3.545622687879064,0.7885170318017459,0.7333333333333333
CVCL_0397,Fenofibrate,unclear,10,2.8765288634352966,0.10551534962417175,185,4.794175918529828,0.6000048626328687,Methyl aminolevulinate (hydrochloride),3.660355109130636,0.7635003744821097,0.7066666666666667
CVCL_0397,Furosemide,unclear,8,2.9035811694335325,0.11557566634786776,198,5.262721605681857,0.5517261574883048,Clopidogrel,3.9671676824919833,0.7538243478828257,0.38666666666666666
CVCL_0397,Gallic acid,Cyclooxygenase inhibitor,12,2.701646942521235,0.09442166568321486,134,4.847671264017532,0.557308199211972,Methyl aminolevulinate (hydrochloride),3.993132703486283,0.8237218420988708,0.41333333333333333
CVCL_0397,Gemfibrozil,unclear,13,2.203763493406771,0.06846719504207832,112,4.032424545538782,0.5465107824137403,Clopidogrel,3.418159364533169,0.8476685244649657,0.8666666666666667
CVCL_0397,HI-TOPK-032,unclear,8,2.7470099159557466,0.09653514312102518,181,5.4694241428890455,0.5022484715373944,Clopidogrel,3.9330189772372286,0.7190919691885038,0.38666666666666666
CVCL_0397,Idarubicin (hydrochloride),DNA synthesis/repair inhibitor,21,2.0994469142874514,0.06903283902486712,123,3.2518013299730524,0.6456258243503608,Clopidogrel,2.932963430105446,0.9019503753415807,0.9866666666666667
CVCL_0397,Isocorydine,unclear,10,2.509267364830425,0.07762492006954991,154,4.8977203953456065,0.5123337312630234,Methyl aminolevulinate (hydrochloride),3.644837682869918,0.7441906414938824,0.52
CVCL_0397,Ixazomib,Proteasome inhibitor,10,2.618928878859775,0.10690787572621097,212,4.994426537318242,0.5243702874176239,Clopidogrel,3.6804211912777833,0.7369056614964219,0.41333333333333333
CVCL_0397,Larotrectinib,Other TK inhibitor,9,2.7710181965818315,0.0960234189915965,178,5.2997043051469825,0.522862793286536,Methyl aminolevulinate (hydrochloride),4.449182151377315,0.8395151682436971,0.13333333333333333
CVCL_0397,Lenalidomide (hemihydrate),unclear,13,2.604928029455486,0.10452223143496753,161,4.198561916421995,0.6204333963176134,Clopidogrel,3.6515801755399404,0.8697216447511172,0.8266666666666667
CVCL_0397,Lidocaine (hydrochloride),unclear,9,2.7178259613721596,0.10711634881049137,196,5.317531843290291,0.5111066640440596,Clopidogrel,4.236824882681358,0.79676530532251,0.16
CVCL_0397,Lipoic acid,unclear,9,2.9047493028830775,0.07664949267396282,154,4.941437219262268,0.5878349099650693,Methyl aminolevulinate (hydrochloride),4.2258555456360565,0.8551875412204377,0.44
CVCL_0397,Medroxyprogesterone acetate,unclear,8,2.854665090533688,0.11172119174841111,228,5.19804417504103,0.5491806137855985,Clopidogrel,3.990664964778109,0.7677243267650009,0.38666666666666666
CVCL_0397,Methyl aminolevulinate (hydrochloride),unclear,72,1.8186653177534595,0.02890817389154854,106,1.6817841060540015,1.0813904776521077,Clopidogrel,2.262303092665377,1.3451804452911955,1.0
CVCL_0397,Mitoxantrone (dihydrochloride),DNA synthesis/repair inhibitor,9,2.7423323034195133,0.10654874124651414,216,5.492508670102909,0.4992859307344766,Clopidogrel,4.115472998775561,0.749288393694689,0.18666666666666668
CVCL_0397,Mozavaptan,unclear,9,2.8184400667184266,0.11277142498593129,200,5.483904604109869,0.5139476832996273,Clopidogrel,4.08823386267163,0.7454968964280917,0.08
CVCL_0397,Neratinib (maleate),EGFR/ERBB inhibitor,14,2.4179676300374275,0.07254585262295132,111,4.0951898543515615,0.590440911419061,Clopidogrel,3.297755417133143,0.805275343615373,0.9333333333333333
CVCL_0397,Norepinephrine (hydrochloride),Adrenoceptor agonist,16,2.3254613978310186,0.08542491116207795,172,3.75676704219564,0.6190060154679978,Clopidogrel,3.1139170344025566,0.8288821210970351,0.9333333333333333
CVCL_0397,Omeprazole,unclear,8,3.0411036325784284,0.13318342450051202,244,5.410117399965979,0.5621141664314996,Clopidogrel,3.9018809096701847,0.7212192677546556,0.49333333333333335
CVCL_0397,Pentamidine (isethionate),unclear,10,2.835449938909737,0.11869671135219217,226,5.2222236103246855,0.5429583546181099,Clopidogrel,4.020907781727681,0.7699608599252773,0.41333333333333333
CVCL_0397,RMC-6236,RAS inhibitor,8,3.035030266677393,0.1269815337070448,232,5.284461738159913,0.574331013651016,Clopidogrel,4.15866341113814,0.7869606437128289,0.37333333333333335
CVCL_0397,Radotinib,Other TK inhibitor,12,2.373541719208033,0.07836377389401672,146,4.952599925267474,0.47925165671035813,Methyl aminolevulinate (hydrochloride),3.6704427885693014,0.7411143326645898,0.26666666666666666
CVCL_0397,Raltitrexed,DNA synthesis/repair inhibitor,11,2.457819713986681,0.08160012727335986,154,4.439009263642224,0.5536865476081549,Methyl aminolevulinate (hydrochloride),3.529038299066793,0.7950058424007891,0.72
CVCL_0397,Rapamycin,MTOR inhibitor,11,2.3421108229870544,0.06899698286585387,147,4.438013642959014,0.5277385360684625,Clopidogrel,3.497038089610843,0.7879737132306827,0.76
CVCL_0397,Resveratrol,unclear,16,2.161996183308109,0.06628957539522273,127,3.743647679042151,0.5775105909168452,Clopidogrel,3.0295643261537135,0.8092546590625903,0.96
CVCL_0397,Riluzole hydrochloride,unclear,15,2.2680332768095575,0.07561113814258369,117,4.230400813262648,0.5361272789327881,Methyl aminolevulinate (hydrochloride),3.4717893548253422,0.8206762214920634,0.6
CVCL_0397,Rimonabant,unclear,8,2.8334757125924765,0.08684476598966762,156,5.273826726857054,0.5372712945161722,Clopidogrel,4.091311600564356,0.7757766442589553,0.41333333333333333
CVCL_0397,S-Adenosyl-L-methionine (disulfate tosylate),unclear,11,2.613574779744589,0.09957666957224776,185,4.648729006296028,0.562212763145557,Clopidogrel,3.7681225962268297,0.8105705002643637,0.6
CVCL_0397,Salicylic acid,Cyclooxygenase inhibitor,8,2.835958362250908,0.09376142727642334,162,6.336440727644491,0.4475633063019509,Clopidogrel,4.162687759916477,0.6569441645300319,0.05333333333333334
CVCL_0397,Saquinavir,unclear,13,2.414172618644301,0.09240786586249239,183,4.285784415700652,0.5632977267358944,Clopidogrel,3.347622494694947,0.7810991337854469,0.7866666666666666
CVCL_0397,Selinexor,unclear,16,2.365880321785516,0.08708138988409297,149,3.872484721883933,0.6109463281844878,Clopidogrel,3.3310044379571444,0.8601723898697881,0.9333333333333333
CVCL_0397,Sinomenine,unclear,11,2.66203455304371,0.06786336475680066,127,4.849925554927311,0.548881528777117,Clopidogrel,3.608467384106624,0.7440253140464351,0.6533333333333333
CVCL_0397,Sivelestat (sodium tetrahydrate),unclear,13,2.3102758835955877,0.06661064392210603,106,4.243634114511189,0.544409772674688,Clopidogrel,3.5162238736675864,0.8285878986701023,0.7333333333333333
CVCL_0397,Sodium Salicylate,Cyclooxygenase inhibitor,8,2.8933422310406103,0.11085141905510465,212,5.586540057056046,0.5179130913750796,Methyl aminolevulinate (hydrochloride),4.366345160258811,0.7815830756899208,0.09333333333333334
CVCL_0397,TAK-901,unclear,8,3.188083301565489,0.1587038138669452,283,5.3685832957605975,0.5938407073022446,Clopidogrel,4.511763196320547,0.8404010793468261,0.36
CVCL_0397,Terfenadine,unclear,15,2.170042540645717,0.07016770300236586,126,4.524141351147348,0.47965843067555397,Clopidogrel,3.239445717714346,0.7160354786202258,0.48
CVCL_0397,Tetracycline (hydrochloride),unclear,9,2.8986744651349303,0.13574035628195869,254,5.1392743997958865,0.5640240702559208,Clopidogrel,3.9944985853314288,0.777249524853173,0.28
CVCL_0397,Thymol,unclear,10,2.738085785235642,0.09418507451059377,151,4.937890634479586,0.5545051496516619,Clopidogrel,3.609281189542144,0.7309358300363681,0.7066666666666667
CVCL_0397,Tofacitinib (citrate),JAK/STAT inhibitor,12,2.4969771035339874,0.06695336087875836,89,4.734927224426414,0.5273527944954781,Methyl aminolevulinate (hydrochloride),3.5775916870574087,0.7555747992495905,0.36
CVCL_0397,Triclosan,unclear,12,2.351920261602279,0.08140375645372877,164,4.146605744600753,0.5671916759061764,Clopidogrel,3.3387415340791637,0.8051745788531983,0.88
CVCL_0397,Trifluridine,DNA synthesis/repair inhibitor,11,2.733408558901994,0.0872437568369343,131,4.76377300490603,0.5737906814801964,Clopidogrel,3.967913924144594,0.8329351377696186,0.68
CVCL_0397,Tucidinostat,HDAC inhibitor,16,2.4691475396972917,0.07168090522204618,108,3.83177355879822,0.6443876449921806,Methyl aminolevulinate (hydrochloride),3.409137112575624,0.8897021340803997,0.9466666666666667
CVCL_0397,Valdecoxib,Cyclooxygenase inhibitor,11,2.559769005460746,0.09399837163880453,171,4.379872751291008,0.584439126617601,Clopidogrel,3.706769286177854,0.8463189450162106,0.72
CVCL_0397,Vemurafenib,RAF inhibitor,14,2.4263646648728643,0.07415311474527608,107,4.476211809614926,0.5420576076540927,Clopidogrel,3.4683591945637158,0.7748425101586262,0.72
CVCL_0397,Vilanterol,Adrenoceptor agonist,11,2.491542134970712,0.08674527226576167,153,4.312871484248819,0.5776991371224846,Clopidogrel,3.439190284061975,0.7974247080216407,0.8266666666666667
CVCL_0397,Volasertib,unclear,11,2.5338257357143177,0.07324773862304967,133,5.036318507280848,0.5031107012098709,Clopidogrel,3.4489294405203093,0.6848116209358681,0.37333333333333335
CVCL_0397,palbociclib,CDK inhibitor,9,2.939037867539867,0.11161476273563686,191,5.590426848301709,0.5257269162609121,Clopidogrel,4.212003439014556,0.7534314558277607,0.12
CVCL_1381,18β-Glycyrrhetinic acid,unclear,11,2.529195973975425,0.12942386764546743,210,4.283861697510528,0.5904009402183108,Nevirapine,3.400380261132775,0.7937651822673993,0.7032967032967034
CVCL_1381,8-Hydroxyquinoline,unclear,14,2.291725151439625,0.09434795344426328,143,3.8857540318119344,0.5897761754032046,Adenosine,3.2179412585498604,0.8281381765817349,0.7582417582417582
CVCL_1381,Acetohexamide,unclear,13,2.2125887609940116,0.09364461044620653,169,3.9772886750346617,0.5563058007034727,Nevirapine,3.4826534957954194,0.8756350821744334,0.6373626373626373
CVCL_1381,Adagrasib,RAS inhibitor,9,2.7540950929824293,0.102406451205165,174,5.345173562384874,0.515248955125346,Nevirapine,4.249871121276051,0.7950857108145749,0.01098901098901099
CVCL_1381,Adenine,unclear,12,2.422002506777139,0.09303073596408684,146,4.278303354775207,0.5661128503367656,Nevirapine,3.647315611948843,0.8525144921941802,0.5274725274725275
CVCL_1381,Adenosine,unclear,26,1.9222300405150599,0.05365127793364155,66,2.8928057806499923,0.6644863797538281,Nevirapine,2.4911760175211763,0.861162555116793,0.989010989010989
CVCL_1381,Aliskiren,unclear,12,2.4402385076554753,0.07421523695411669,146,3.9596027185776523,0.6162836731590196,Nevirapine,3.491048038537809,0.8816662394331937,0.7912087912087912
CVCL_1381,Amsacrine,DNA synthesis/repair inhibitor,19,1.9643004309258463,0.0691848892483301,87,3.3676443585070657,0.583286185182765,Norepinephrine (hydrochloride),3.1056359246528475,0.9221983066019563,0.8681318681318682
CVCL_1381,Anastrozole,unclear,9,3.1379823494095413,0.08471605281446881,148,4.820039230466596,0.651028383664374,Nevirapine,4.239756578475971,0.8796103881639046,0.5494505494505495
CVCL_1381,Anethole trithione,unclear,8,2.7447308926885214,0.10059114709189632,171,5.85676232272679,0.46864303884037933,Nevirapine,3.922385772926457,0.6697191309447356,0.01098901098901099
CVCL_1381,Aprepitant,unclear,8,2.916952521225413,0.09976049109217944,177,5.300137019103299,0.5503541721113686,Nevirapine,4.022728322140784,0.7589857219995734,0.10989010989010989
CVCL_1381,Ataluren,unclear,17,2.109063947790353,0.07567485646144645,131,3.370365247191564,0.6257671774736522,Nevirapine,2.7832872180749813,0.8258117485617384,0.989010989010989
CVCL_1381,Azithromycin (hydrate),unclear,12,2.5668119114691605,0.07756046876896883,124,4.257986595885684,0.6028229196281089,Nevirapine,3.6351882935195863,0.8537340857371694,0.6923076923076923
CVCL_1381,Benztropine (mesylate),unclear,9,2.629606974180425,0.12343301968315845,203,5.1057704161331365,0.5150264817766644,Nevirapine,4.132631685525471,0.8094041346761781,0.08791208791208792
CVCL_1381,Berbamine,unclear,10,2.7942489421423984,0.09319727561325986,153,5.193612839111602,0.5380164114467129,Nevirapine,3.774787262482332,0.726813372389928,0.31868131868131866
CVCL_1381,Berberine (chloride hydrate),unclear,13,2.5409662083831965,0.06653732372444987,104,4.153394594550803,0.6117805930880994,Nevirapine,3.55505822585261,0.8559403988527355,0.7692307692307693
CVCL_1381,Bergenin,unclear,16,2.041302556889203,0.0773015194062755,145,3.6702713210767848,0.5561721132622766,Ciclopirox,3.2792972876643116,0.8934754411295759,0.8241758241758241
CVCL_1381,Bimatoprost,unclear,9,2.931266952073117,0.10284179437079888,149,5.064423702355856,0.5787957572960488,Nevirapine,4.283518550040337,0.8458057227810027,0.17582417582417584
CVCL_1381,Budesonide,Glucocorticoid receptor agonist,14,2.6040769344597137,0.08373813461238011,123,3.951774838156338,0.6589638937208833,Nevirapine,3.263442404016119,0.8258168892888256,0.9230769230769231
CVCL_1381,Busulfan,DNA synthesis/repair inhibitor,10,2.447205405251355,0.09429702961695774,163,4.706544543593493,0.5199579824613515,Nevirapine,3.7059935916001554,0.7874128370132439,0.32967032967032966
CVCL_1381,Cabozantinib (S-malate),Multi-TK inhibitor,12,2.2305571922858562,0.08698992918091863,149,4.3535780305635585,0.5123503418628554,Nevirapine,3.234595394049365,0.7429740253514315,0.4945054945054945
CVCL_1381,Canagliflozin,Glucose transporter inhibitor,16,2.097139561819166,0.08742967966995319,138,3.797411307361164,0.5522550474724521,Nevirapine,3.132294341549781,0.8248499011623854,0.7252747252747253
CVCL_1381,Canagliflozin (hemihydrate),Glucose transporter inhibitor,12,2.451499622831237,0.11313157748878011,175,4.247463625967224,0.5771678909370264,Nevirapine,3.5566682503061675,0.8373628507521946,0.6703296703296703
CVCL_1381,Carbamazepine,HDAC inhibitor,9,2.5054536689761293,0.1073143324173087,190,5.398185568882753,0.4641288516309149,Nevirapine,4.159016893905151,0.7704471883811009,0.0
CVCL_1381,Cepharanthine,unclear,18,2.082095080906956,0.06288772101990947,80,3.8284798905572246,0.5438438075755213,Nevirapine,3.0729986104232347,0.8026680819200982,0.8131868131868132
CVCL_1381,Chlorhexidine (diacetate),unclear,19,2.069178629661041,0.07648535476616714,112,3.1668357551602115,0.6533899417705546,Nevirapine,2.908072000808667,0.9182894932489313,0.9560439560439561
CVCL_1381,Ciclopirox,unclear,27,1.7200821960753232,0.0580884555147102,114,2.737936703118766,0.628240307424196,Nevirapine,2.7285944601171064,0.9965878528196004,0.989010989010989
CVCL_1381,Cysteamine (hydrochloride),unclear,14,2.0856300029258485,0.08180035542066444,160,3.846832813549427,0.5421680910019748,Nevirapine,3.028168722043321,0.7871849047812571,0.7802197802197802
CVCL_1381,DTP3,unclear,13,2.953055573433347,0.08002854855462038,90,4.1704672911137015,0.7080874557452167,Nevirapine,3.5093856322877786,0.8414849913259038,0.945054945054945
CVCL_1381,Dapagliflozin ((2S)-1,2-propanediol, hydrate),Glucose transporter inhibitor,9,2.58527842445095,0.13412793974148474,236,4.738436128417812,0.5455973984636547,Nevirapine,3.8752837581926203,0.8178402437359851,0.3626373626373626
CVCL_1381,Darinaparsin,unclear,15,2.0349631335788256,0.0668941248310082,103,4.121195157297183,0.4937798516955994,Nevirapine,3.0827871904583337,0.7480323238271802,0.5714285714285714
CVCL_1381,Delamanid,unclear,8,2.6498570313726924,0.10323793995051911,203,5.1287300716428055,0.5166692328036491,Nevirapine,3.7956690803622615,0.7400797131728273,0.17582417582417584
CVCL_1381,Demeclocycline,unclear,19,1.8747686905783818,0.06226755829915476,100,3.315933178186734,0.5653819271483539,Nevirapine,2.776771534151297,0.8374027415322437,0.8681318681318682
CVCL_1381,Dexmedetomidine,Adrenoceptor agonist,9,2.645503124280033,0.10594474915718344,189,5.231125305912348,0.5057235240169108,Nevirapine,3.715564409257493,0.7102801389708767,0.13186813186813187
CVCL_1381,Diammonium Glycyrrhizinate,unclear,13,2.371706542016972,0.09803051774720595,134,4.20055030336551,0.5646180549526437,Nevirapine,3.4150374018407077,0.8129976205985573,0.5934065934065934
CVCL_1381,Docetaxel,Microtubule inhibitor,18,2.080625891520091,0.06520298494453458,93,3.6643385782878575,0.5678039425309471,Nevirapine,3.022383239618782,0.8248100373494893,0.8901098901098901
CVCL_1381,Docetaxel (Trihydrate),Microtubule inhibitor,10,2.497752471667619,0.09808210837861353,166,5.059099532185753,0.49371483122184795,Nevirapine,3.7190077444592955,0.7351125868940003,0.1978021978021978
CVCL_1381,Elagolix sodium,unclear,13,2.3085031231265556,0.08252982645371276,121,4.241799436730942,0.5442273161565757,Nevirapine,3.4528708107882613,0.8140108607891442,0.4065934065934066
CVCL_1381,Eplerenone,unclear,13,2.4252099810804073,0.1197160572170537,201,4.001186770460567,0.6061226631520745,Nevirapine,3.510158724590037,0.8772793988284608,0.7252747252747253
CVCL_1381,Erdafitinib,Other TK inhibitor,8,2.9124615146548165,0.11577583941115854,202,5.324861723490342,0.5469553325312935,Pentamidine (isethionate),4.182015618083169,0.7853754398230535,0.16483516483516483
CVCL_1381,Fenofibrate,unclear,9,2.403566228685735,0.09142036185334668,181,5.130386197723908,0.4684961591686948,Nevirapine,4.065962300512821,0.7925255806895555,0.03296703296703297
CVCL_1381,Fluvoxamine (maleate),unclear,12,2.35745512990809,0.09524497525927511,147,4.292315740563809,0.5492268678255321,Nevirapine,3.389369735718556,0.7896366298704186,0.5714285714285714
CVCL_1381,Furosemide,unclear,15,2.2471640109355633,0.09036816410878257,136,4.005922245901208,0.5609604662783517,Nevirapine,3.2753997895173854,0.8176393820096531,0.7472527472527473
CVCL_1381,Gallic acid,Cyclooxygenase inhibitor,18,1.945932121818752,0.058979647302916605,96,3.343414922594847,0.582019332589597,Nevirapine,2.7442602100983713,0.8207955858402799,0.945054945054945
CVCL_1381,Gallic acid (hydrate),Cyclooxygenase inhibitor,15,2.200089074281422,0.09397975956504567,152,3.7548858317710794,0.5859270222454936,S-Adenosyl-L-methionine (disulfate tosylate),3.3320595805166335,0.8873930472993875,0.7692307692307693
CVCL_1381,Gemfibrozil,unclear,24,1.9285875083712731,0.0719877141212133,113,2.8870456243628793,0.6680142122093685,Adenosine,2.8589581281576746,0.990271197667199,0.9560439560439561
CVCL_1381,Idarubicin (hydrochloride),DNA synthesis/repair inhibitor,14,2.4187289692047456,0.09806458967510834,94,3.930789477563766,0.615329053618977,Nevirapine,3.201566749485118,0.8144844102588248,0.8791208791208791
CVCL_1381,Isocorydine,unclear,11,2.641901947639284,0.10144332064991646,157,4.381595270698933,0.602954354389254,Adenosine,3.795919872311692,0.8663328394788464,0.5934065934065934
CVCL_1381,Ixazomib,Proteasome inhibitor,13,2.695864369487727,0.1464400419165327,181,4.164910491472525,0.6472802656881567,Norepinephrine (hydrochloride),3.4942709317524114,0.8389786380539944,0.7912087912087912
CVCL_1381,Larotrectinib,Other TK inhibitor,9,2.7001532189920665,0.1083973841050313,193,5.07829043583242,0.53170515808623,Adenosine,4.116645245896634,0.8106360394138907,0.08791208791208792
CVCL_1381,Lenalidomide (hemihydrate),unclear,12,2.2421916607584076,0.09118529165092737,156,4.329345144691412,0.5179054997515629,Nevirapine,3.440709310236758,0.7947412819363021,0.5274725274725275
CVCL_1381,Lumateperone (tosylate),unclear,8,2.940094376874245,0.08862128580127437,145,5.295146762087361,0.5552432272368693,Nevirapine,4.148210798246605,0.7833986449530191,0.15384615384615385
CVCL_1381,Medroxyprogesterone acetate,unclear,11,2.537726999017249,0.11093161277158303,170,4.562085363686579,0.5562646896564284,Nevirapine,3.4229333728286884,0.7503001587990119,0.5054945054945055
CVCL_1381,Megestrol,unclear,8,2.7349994060727214,0.132671055865498,207,5.018964179709639,0.5449330395960206,S-Adenosyl-L-methionine (disulfate tosylate),3.9564779426718677,0.7883056744391352,0.32967032967032966
CVCL_1381,Mozavaptan,unclear,15,2.121662560231765,0.08830992924938341,157,3.647973997389058,0.5816002421481868,Nevirapine,2.9682142426712907,0.8136610197319697,0.7582417582417582
CVCL_1381,Naproxen,Cyclooxygenase inhibitor,16,2.1285413102834045,0.08450166767654632,108,3.8513636002770046,0.5526721263425536,Nevirapine,2.8421534452609802,0.7379603019191857,0.7472527472527473
CVCL_1381,Neratinib (maleate),EGFR/ERBB inhibitor,8,2.6045288932341375,0.11373189968255026,210,4.955304947561911,0.5256041597431067,Nevirapine,3.781623732784281,0.7631465213144754,0.2857142857142857
CVCL_1381,Nevirapine,unclear,78,1.3887193186213467,0.031020269587776705,48,1.7230196573860168,0.8059799623691843,Adenosine,2.4911760175211763,1.4458198470588113,1.0
CVCL_1381,Norepinephrine (hydrochloride),Adrenoceptor agonist,22,1.7962862762578535,0.06311011885444029,102,3.1443826485038198,0.5712683464630407,S-Adenosyl-L-methionine (disulfate tosylate),2.747913005031779,0.8739117697203006,0.945054945054945
CVCL_1381,Omeprazole,unclear,11,2.6692696220396726,0.08381953097523553,141,4.65659422331091,0.5732235823077109,Nevirapine,3.452231259436242,0.7413639870432285,0.3626373626373626
CVCL_1381,Palmatine (chloride),unclear,8,2.9399019903299206,0.11747701286799306,168,5.795939911984091,0.5072347255103825,Adenosine,4.167785464484126,0.7190870726362296,0.02197802197802198
CVCL_1381,Pentamidine (isethionate),unclear,18,1.9615081435073667,0.07623677090691106,118,3.7608984462624195,0.5215530734302899,Nevirapine,2.753822311777856,0.7322245870570114,0.7142857142857143
CVCL_1381,Proglumide,unclear,8,2.780442648634875,0.10535580107292719,200,5.467364938594301,0.5085525988959769,Nevirapine,3.8716432755870396,0.7081369762345637,0.15384615384615385
CVCL_1381,Radotinib,Other TK inhibitor,13,2.306306361267349,0.0995598534397445,126,4.2051530589877375,0.5484476614562329,Nevirapine,3.4016659969535925,0.8089279865053093,0.4835164835164835
CVCL_1381,Raltitrexed,DNA synthesis/repair inhibitor,14,2.195820046345316,0.0757789670623028,116,4.408585064397923,0.49807818478494015,Nevirapine,3.5059991227611067,0.7952662978138357,0.32967032967032966
CVCL_1381,Rapamycin,MTOR inhibitor,16,2.1234926081457206,0.08710725709175193,140,3.6843265491498203,0.576358414439602,Nevirapine,2.9910272157418607,0.8118246783613841,0.8681318681318682
CVCL_1381,Resveratrol,unclear,12,2.369455446312583,0.11016597091410185,178,4.106535203141025,0.5769962581838392,Nevirapine,3.651383884447149,0.8891641502681535,0.5824175824175825
CVCL_1381,Retinoic acid,Retinoic receptor agonist,14,2.3062243298605907,0.0987205674567363,148,3.91187749042131,0.5895441090646757,S-Adenosyl-L-methionine (disulfate tosylate),3.3847921323360755,0.8652602594595908,0.7912087912087912
CVCL_1381,Riluzole hydrochloride,unclear,17,2.0883495730325965,0.08076973159848433,144,3.49685710366318,0.5972075813006249,S-Adenosyl-L-methionine (disulfate tosylate),3.0764230192233386,0.8797680111093444,0.9010989010989011
CVCL_1381,Rimonabant,unclear,9,2.8764699418980406,0.08684705333181275,155,5.091335114425753,0.5649736026504857,Nevirapine,4.191997818933452,0.8233592416762894,0.0989010989010989
CVCL_1381,Ritonavir,unclear,12,2.2563391601654716,0.10248678143496437,190,4.1098134201189795,0.5490125534944967,Nevirapine,3.501932614377471,0.8520904129696695,0.6813186813186813
CVCL_1381,S-Adenosyl-L-methionine (disulfate tosylate),unclear,27,1.7326639880385615,0.05704057584521882,79,3.019605994910438,0.5738046589386085,Norepinephrine (hydrochloride),2.747913005031779,0.9100236950328623,0.9340659340659341
CVCL_1381,Selinexor,unclear,11,2.640570153930977,0.10480581524240651,98,4.505392917466575,0.5860909808096815,Nevirapine,3.7942112803409787,0.8421488091818858,0.4065934065934066
CVCL_1381,Sivelestat (sodium tetrahydrate),unclear,13,2.367736915075012,0.096153052701623,140,4.152409940746862,0.5702078910467943,Nevirapine,3.4091756602278878,0.8210113425397265,0.5164835164835165
CVCL_1381,Sodium Salicylate,Cyclooxygenase inhibitor,17,2.0214353333045647,0.07756491802332477,132,3.5917276805714393,0.5628030611115141,Nevirapine,3.0227948305879706,0.841599113134058,0.8021978021978022
CVCL_1381,Sulfisoxazole,unclear,22,1.7454879825914926,0.06016962204484988,122,3.1932098569039016,0.5466248886892442,Nevirapine,2.905595665505067,0.9099294426963526,0.9230769230769231
CVCL_1381,Temsirolimus,MTOR inhibitor,10,2.7419201977689083,0.10537014415926227,170,4.763273188443694,0.5756378207366218,Nevirapine,3.872240634853432,0.8129369199835063,0.37362637362637363
CVCL_1381,Terfenadine,unclear,13,2.2246440565904955,0.07822696227153281,105,4.336274492309057,0.5130311885320427,Nevirapine,3.4460914574640484,0.7947124803967407,0.4065934065934066
CVCL_1381,Thymol,unclear,11,2.495570212549619,0.12260838539449526,174,4.532617133989726,0.5505804127676132,Nevirapine,3.6268601350924983,0.8001690916920756,0.45054945054945056
CVCL_1381,Tofacitinib (citrate),JAK/STAT inhibitor,13,2.176523586336499,0.08708608528874584,163,4.367330182360515,0.4983647893459938,Nevirapine,3.3850827439076667,0.7750920133265606,0.34065934065934067
CVCL_1381,Tolcapone,unclear,9,2.6882352496247273,0.08357195670039075,128,4.943464455911947,0.5437958083039993,Nevirapine,3.937504887636238,0.7965071707812786,0.26373626373626374
CVCL_1381,Triclosan,unclear,13,2.306191015409711,0.10339117561678746,157,4.35254418913807,0.5298489607905402,Nevirapine,3.486564746014566,0.801040631526594,0.5604395604395604
CVCL_1381,Trifluridine,DNA synthesis/repair inhibitor,14,2.2837532526384523,0.10062286918818664,148,4.11963029109451,0.5543587873832486,S-Adenosyl-L-methionine (disulfate tosylate),3.329948689950173,0.8083125073501357,0.6593406593406593
CVCL_1381,Tucidinostat,HDAC inhibitor,17,2.237431459557604,0.08665965384827357,118,3.5534680536562546,0.6296472701521696,Nevirapine,3.175865203535434,0.8937368102318254,0.8461538461538461
CVCL_1381,Valdecoxib,Cyclooxygenase inhibitor,10,2.5717793607979496,0.08563126241519614,145,5.097433771424202,0.5045243305004049,Nevirapine,3.805446987427854,0.7465417223782052,0.08791208791208792
CVCL_1381,Vemurafenib,RAF inhibitor,10,2.997581853064204,0.08336810154384278,112,4.840067982513272,0.6193263945659847,Nevirapine,3.752789204869912,0.7753587797585488,0.6043956043956044
CVCL_1381,Verteporfin,unclear,10,2.705865632648609,0.10498390014948533,163,4.709497932314987,0.5745550102234617,Nevirapine,3.729326449373027,0.7918734657008014,0.5384615384615384
CVCL_1381,Vilanterol,Adrenoceptor agonist,11,2.3239588660740838,0.09649095492390147,183,4.1045122600831645,0.5661961077994189,Nevirapine,3.5743923574595895,0.8708446049049361,0.5934065934065934
CVCL_1381,Vinblastine (sulfate),Microtubule inhibitor,13,2.378620384010366,0.07866872332394481,124,4.247169424154891,0.5600483866931368,Nevirapine,3.364231690756188,0.7921114876234561,0.6923076923076923
CVCL_1381,Vitamin K4,unclear,11,2.7656288883954954,0.08405152728228149,139,4.616060894041077,0.5991318034746196,Nevirapine,3.524250518764494,0.7634757425566,0.6373626373626373
CVCL_1381,Volasertib,unclear,14,2.73023005172518,0.07244772848941106,130,4.137649853521061,0.6598504340336596,Nevirapine,3.369336559852413,0.8143116694577653,0.9340659340659341
CVCL_1381,palbociclib,CDK inhibitor,10,2.7470591965499693,0.10986325315518963,144,4.687241109849543,0.5860716639426615,Nevirapine,3.9021788747999695,0.832510806111535,0.4065934065934066
CVCL_1094,8-Hydroxyquinoline,unclear,12,2.350545949944551,0.11990855514278209,97,4.431937854370304,0.5303652774884227,Allopurinol,3.612191407686673,0.8150365655792569,0.5918367346938775
CVCL_1094,AT7519,CDK inhibitor,9,2.6639363473596034,0.17106317829363882,212,4.835261193935175,0.5509394923072523,Allopurinol,4.04853768488441,0.8372945167806974,0.5102040816326531
CVCL_1094,Adagrasib,RAS inhibitor,12,2.5123099039083705,0.12628582753223716,106,4.526757646350346,0.5549910333578154,Imiquimod (hydrochloride),3.77831655087204,0.8346628748544273,0.5918367346938775
CVCL_1094,Adenine,unclear,14,2.1393676790779628,0.10521672629310108,102,4.01154714218401,0.5333023901379917,Imiquimod (hydrochloride),3.169581000133196,0.7901143593211218,0.8163265306122449
CVCL_1094,Adenosine,unclear,16,2.141391168737761,0.08472976555906064,69,3.599907053813141,0.5948462381742685,Allopurinol,3.0553978962501542,0.8487435510352345,0.9591836734693877
CVCL_1094,Allantoin,unclear,8,2.711698620355625,0.1378501078620762,153,5.355907381674394,0.5063005065460782,Allopurinol,4.0882544516009425,0.7633168686951509,0.20408163265306123
CVCL_1094,Allopurinol,unclear,68,1.4522879408970557,0.04819774823596734,54,1.8068719848159953,0.8037580709100157,Imiquimod (hydrochloride),2.183344289108947,1.2083558256792,1.0
CVCL_1094,Amsacrine,DNA synthesis/repair inhibitor,9,2.9234596868688563,0.14287468700501338,140,5.133352653247647,0.5695029904129637,Allopurinol,4.0486929408007395,0.7887034486592908,0.3673469387755102
CVCL_1094,Baicalin,unclear,8,2.7993351599634213,0.15056271865354376,153,5.48488530007319,0.5103725979330994,Imiquimod (hydrochloride),3.8884004482926855,0.7089301299045943,0.30612244897959184
CVCL_1094,Berbamine,unclear,11,2.6633684413118757,0.1162920941486032,132,4.581651745341538,0.5813118476365854,Allopurinol,3.716908689796029,0.8112595405303886,0.6938775510204082
CVCL_1094,Berberine (chloride hydrate),unclear,9,2.693273832338109,0.12174520732114946,162,5.463573304503583,0.4929509832178995,Allopurinol,4.354749143304322,0.7970514717382368,0.061224489795918366
CVCL_1094,Bergenin,unclear,8,2.7342422897773657,0.148760021470009,140,5.525737140564434,0.49481946394179593,Imiquimod (hydrochloride),3.9775710460834492,0.7198263226971298,0.10204081632653061
CVCL_1094,Chlorhexidine (diacetate),unclear,14,2.251083617675169,0.13634179700137117,138,3.9640292665158103,0.5678776483034805,Imiquimod (hydrochloride),3.181595350927475,0.8026165139098337,0.9183673469387755
CVCL_1094,Ciclopirox,unclear,14,2.134695815510001,0.11042889454159266,111,3.9159404445632973,0.5451297959532837,Allopurinol,3.2301650924284306,0.8248759495086387,0.8775510204081632
CVCL_1094,DTP3,unclear,8,2.982599234967528,0.14908894386029048,143,5.577548790403142,0.5347508999113475,Allopurinol,3.9431617207416645,0.7069703679735367,0.30612244897959184
CVCL_1094,Demeclocycline,unclear,14,2.402103150127255,0.15732700366505903,153,3.924341855363909,0.6121034401842408,Allopurinol,3.3829878518515724,0.8620522820221694,0.9183673469387755
CVCL_1094,Dexmedetomidine,Adrenoceptor agonist,8,2.8309466499230593,0.20210052975171267,229,5.006310332303964,0.5654756621170594,Allopurinol,3.842935193522175,0.7676182534520608,0.673469387755102
CVCL_1094,Diammonium Glycyrrhizinate,unclear,12,2.4729464287339202,0.13906880385547193,125,4.150762806511194,0.5957811958936013,Allopurinol,3.367034928059654,0.811184614735844,0.8571428571428571
CVCL_1094,Docetaxel,Microtubule inhibitor,12,2.5787640220613124,0.11542054587208705,92,4.518936118576537,0.5706573304854821,Allopurinol,3.5155815545836857,0.7779666413366101,0.7142857142857143
CVCL_1094,Folic acid,unclear,9,3.2362519851409126,0.09322562904698006,94,5.570064085489351,0.5810080342830733,Allopurinol,4.636285510389051,0.8323576603843932,0.0
CVCL_1094,Gallic acid,Cyclooxygenase inhibitor,13,2.371357726454464,0.10846028395186458,105,4.471307908765986,0.5303499054058487,Allopurinol,3.483202299162649,0.779011951365246,0.6326530612244898
CVCL_1094,Gemfibrozil,unclear,9,2.716770058120465,0.15981741765014157,172,5.065115090233203,0.5363688701484929,Imiquimod (hydrochloride),4.144308457594954,0.8182061777009189,0.20408163265306123
CVCL_1094,Idarubicin (hydrochloride),DNA synthesis/repair inhibitor,8,3.2503353074460146,0.17280138419154634,115,5.60402739826879,0.579999895869552,Allopurinol,4.502159720312339,0.8033793199696272,0.04081632653061224
CVCL_1094,Imiquimod (hydrochloride),unclear,47,1.4401435139069616,0.0569095902040494,61,2.120176129179887,0.679256545758785,Allopurinol,2.183344289108947,1.0297938265881212,0.9795918367346939
CVCL_1094,Ixazomib,Proteasome inhibitor,8,2.902556684882784,0.23282627462141525,243,5.035244288378784,0.5764480368076305,Imiquimod (hydrochloride),3.9163131955525836,0.7777801773374403,0.6530612244897959
CVCL_1094,Lenalidomide (hemihydrate),unclear,12,2.160868449437807,0.11395766977020205,140,4.0921238879779676,0.5280554813567857,Imiquimod (hydrochloride),3.4386937345903124,0.8403200461972002,0.8571428571428571
CVCL_1094,Lumateperone (tosylate),unclear,8,2.9191250236017625,0.19477888136831822,197,5.555053423416132,0.5254900000235496,Imiquimod (hydrochloride),4.356770791418034,0.7842896295205739,0.08163265306122448
CVCL_1094,Medroxyprogesterone acetate,unclear,8,2.712112757023254,0.17440166321430184,191,5.14555884040363,0.5270783681895492,Imiquimod (hydrochloride),3.8430811170408297,0.7468734176868084,0.5306122448979592
CVCL_1094,Megestrol,unclear,12,2.5893179537540827,0.11130219409265774,96,4.67564565575914,0.5537883202429462,Allopurinol,3.9273602500534928,0.8399610533394548,0.46938775510204084
CVCL_1094,Neratinib (maleate),EGFR/ERBB inhibitor,15,2.1188748154313033,0.11707376508360401,127,3.7285490553899776,0.5682840118110463,Imiquimod (hydrochloride),3.113596880214076,0.8350693081838554,0.9387755102040817
CVCL_1094,Norepinephrine (hydrochloride),Adrenoceptor agonist,9,2.8136057337063782,0.22790992411214683,240,4.655341419914749,0.604382252539042,Imiquimod (hydrochloride),3.721143920584389,0.7993278225880439,0.7959183673469388
CVCL_1094,Pasireotide (acetate),unclear,9,2.659456227702424,0.16556431214336087,181,5.211619912610165,0.5102935886148446,Allopurinol,4.113885254854191,0.7893678594826403,0.061224489795918366
CVCL_1094,Radotinib,Other TK inhibitor,12,2.565768600790678,0.1226616903249439,112,4.64407028002394,0.5524827244383242,Allopurinol,3.4895643766203466,0.7514021464383088,0.6326530612244898
CVCL_1094,Raltitrexed,DNA synthesis/repair inhibitor,11,2.599928935839978,0.1442435598971934,127,4.787446504082414,0.5430721645919036,Allopurinol,3.913147978341615,0.8173768573716165,0.3469387755102041
CVCL_1094,Rapamycin,MTOR inhibitor,11,2.496222996982692,0.1419062482641309,158,4.200650768143866,0.5942467333664334,Allopurinol,3.6125281743124784,0.8599925044253892,0.8163265306122449
CVCL_1094,Relugolix,unclear,10,2.935385286291965,0.1222707129459788,108,5.263550621084047,0.5576815913071644,Imiquimod (hydrochloride),3.8020362727992643,0.7223329927842931,0.5306122448979592
CVCL_1094,Riluzole hydrochloride,unclear,11,2.513199362606318,0.16053809432022503,180,4.51659108947267,0.5564372140006467,Imiquimod (hydrochloride),3.5452962628010236,0.7849495764769245,0.7346938775510204
CVCL_1094,S-Adenosyl-L-methionine (disulfate tosylate),unclear,9,2.667479699264553,0.19127755438964178,192,5.315316529341866,0.501847761001514,Allopurinol,4.1107517518050525,0.7733785427664907,0.16326530612244897
CVCL_1094,Salicylic acid,Cyclooxygenase inhibitor,9,2.674697693909363,0.12385079379379316,165,5.204152719090604,0.5139544971648625,Allopurinol,4.142530734175083,0.7960048364796963,0.10204081632653061
CVCL_1094,Selinexor,unclear,10,2.73859304892653,0.1729456216344778,150,4.796634594060674,0.5709405199048375,Imiquimod (hydrochloride),3.6643237928568495,0.7639364060364567,0.6938775510204082
CVCL_1094,Sodium Salicylate,Cyclooxygenase inhibitor,8,2.7888885263399357,0.15262407450706372,159,5.575569274627223,0.500197986783403,Allopurinol,4.17391944240321,0.7486086598183778,0.04081632653061224
CVCL_1094,Sulfisoxazole,unclear,12,2.3218445488519137,0.13314443835879541,136,4.347517242069263,0.5340621829821194,Allopurinol,3.2907659824877693,0.7569299439791255,0.8571428571428571
CVCL_1094,Terfenadine,unclear,8,2.599933767934358,0.15529519724185714,202,5.336482197303216,0.4871999328037169,Imiquimod (hydrochloride),4.063676548718941,0.7614897601968043,0.20408163265306123
CVCL_1094,Tofacitinib,JAK/STAT inhibitor,8,2.75065055980211,0.18763363425914825,201,5.430088723740637,0.5065572037112616,Allopurinol,3.939214231057573,0.7254419644811914,0.16326530612244897
CVCL_1094,Triclosan,unclear,17,2.0911922981002418,0.10137999795242691,106,3.5261157132977914,0.5930583305062497,Imiquimod (hydrochloride),3.11606753658606,0.8837110832281126,0.9183673469387755
CVCL_1094,Trifluridine,DNA synthesis/repair inhibitor,8,3.0670399657990295,0.21318820913468617,222,5.147884301730717,0.5957864990803876,Imiquimod (hydrochloride),4.211533084732447,0.8181095063299171,0.42857142857142855
CVCL_1094,Trimetrexate,DNA synthesis/repair inhibitor,8,2.8765425034071663,0.20472914179563795,213,5.071636730696917,0.5671822837776253,Imiquimod (hydrochloride),4.008081227684594,0.7902934379004358,0.46938775510204084
CVCL_1094,Tucidinostat,HDAC inhibitor,13,2.2686598397345965,0.11121865230461014,129,4.077220597331507,0.5564231283486126,Allopurinol,3.4663999173071938,0.8501869924761764,0.7755102040816326
CVCL_1094,Vilanterol,Adrenoceptor agonist,8,2.7803683879716865,0.1431267974421202,169,5.118933487948116,0.5431538414237485,Allopurinol,3.9355720819623676,0.768826571243439,0.42857142857142855
CVCL_1094,Vinblastine (sulfate),Microtubule inhibitor,8,2.8298012439289026,0.1847633773638091,206,5.300044275007068,0.5339203027554197,Imiquimod (hydrochloride),4.180464396339498,0.7887602781080395,0.32653061224489793
CVCL_0504,(R)-Verapamil (hydrochloride),unclear,9,2.7666064341439833,0.14974183184629541,187,5.0837114702406385,0.5442099635943787,Triamcinolone,3.9082335844495906,0.7687756489186813,0.2
CVCL_0504,18β-Glycyrrhetinic acid,unclear,12,2.49505029515781,0.14506957927229747,210,4.353384817798408,0.5731288180537198,GSK1059615,3.573559892859779,0.8208692873300822,0.5888888888888889
CVCL_0504,8-Hydroxyquinoline,unclear,17,2.1747632069352263,0.10244160260747381,111,3.6333797641293004,0.598551031853502,Triamcinolone,3.1747237201558685,0.8737660047260862,0.9111111111111111
CVCL_0504,AT7519,CDK inhibitor,12,2.3759641463493733,0.11640156346654451,165,3.899989733403064,0.6092231797431291,Triamcinolone,3.41433603602038,0.8754730831152955,0.8777777777777778
CVCL_0504,Abiraterone acetate,unclear,8,2.6735312722898716,0.1535684647226001,232,5.0513626906496,0.5292693152362137,Triamcinolone,3.6332394155627483,0.7192592648886824,0.34444444444444444
CVCL_0504,Acetohexamide,unclear,9,2.575299127205722,0.1511158541554286,222,4.954455936196989,0.5197945365485492,Triamcinolone,3.813172980143275,0.7696451495883612,0.3
CVCL_0504,Adenine,unclear,11,2.554842946784249,0.12429949415297659,149,4.642931118729073,0.5502650979417494,Triamcinolone,3.6990354741384093,0.7967026388172996,0.43333333333333335
CVCL_0504,Adenosine,unclear,19,1.8970632548534059,0.07602432001927284,87,3.2833027682101785,0.5777911416581143,Triamcinolone,2.7417584102563035,0.8350610966502227,0.9333333333333333
CVCL_0504,Aliskiren,unclear,12,2.3802237517723275,0.08891641773642722,145,4.676440452355097,0.5089819438572399,Triamcinolone,3.403006681490229,0.727691652692048,0.36666666666666664
CVCL_0504,Almonertinib (hydrochloride),EGFR/ERBB inhibitor,10,2.698333910563067,0.11777700694250293,131,5.264543958097734,0.5125484623245639,Triamcinolone,4.126290875141739,0.7837888538844519,0.044444444444444446
CVCL_0504,Amsacrine,DNA synthesis/repair inhibitor,19,2.391744235281673,0.06905838567099476,66,3.998675053754223,0.5981341827303881,Triamcinolone,2.7664040838902384,0.6918301804226262,0.9666666666666667
CVCL_0504,Anethole trithione,unclear,13,2.757344689562632,0.10311781409733534,124,4.360311890899834,0.6323732702051277,Triamcinolone,3.6232560170048083,0.8309625796647037,0.5333333333333333
CVCL_0504,Ataluren,unclear,12,2.4068975770502625,0.12195628206180609,166,4.376678640526088,0.549937012684337,Triamcinolone,3.646527972449294,0.8331724286732123,0.6
CVCL_0504,Azithromycin (hydrate),unclear,12,2.320131290195909,0.08514238202093494,109,4.649033756886487,0.49905666672330823,Triamcinolone,3.2402369049512005,0.696969967178992,0.5222222222222223
CVCL_0504,Baicalin,unclear,15,2.2564189549603073,0.09613441051997229,120,3.8584033914462705,0.5848063890785974,Triamcinolone,3.1567506877950033,0.8181494694912493,0.7777777777777778
CVCL_0504,Benztropine (mesylate),unclear,9,2.7242414416129934,0.17089489358818877,237,5.312438388519503,0.512804336234796,GSK1059615,4.403588007563474,0.828920297142625,0.03333333333333333
CVCL_0504,Berbamine,unclear,18,2.2075658744080404,0.08046607709968256,117,3.4972327198320974,0.6312321916380863,Triamcinolone,2.8873795329520537,0.8256183572166388,0.9666666666666667
CVCL_0504,Berberine (chloride hydrate),unclear,13,2.398873413062822,0.09809587916784712,129,4.347243825990135,0.5518147840526179,Triamcinolone,3.5375093663315216,0.8137361298168762,0.5444444444444444
CVCL_0504,Bergenin,unclear,11,2.447261079250456,0.1287636882119889,186,4.551611079770071,0.5376691980840511,Triamcinolone,3.948397011469369,0.867472405324408,0.4444444444444444
CVCL_0504,Budesonide,Glucocorticoid receptor agonist,14,2.2012349210406184,0.10764862499920114,141,3.99633244342251,0.5508137654222411,Triamcinolone,2.9845674149877346,0.7468266109592507,0.9
CVCL_0504,Busulfan,DNA synthesis/repair inhibitor,18,2.1489486318478175,0.10899428464733962,151,3.454775041542385,0.6220227383860047,GSK1059615,3.1204836730669454,0.9032378767196967,0.8888888888888888
CVCL_0504,Cabozantinib (S-malate),Multi-TK inhibitor,10,2.583341364129239,0.15618238176014665,203,4.40879408757867,0.5859519208228711,Triamcinolone,3.551025000980662,0.8054413362114857,0.6111111111111112
CVCL_0504,Carbamazepine,HDAC inhibitor,9,2.5476952053123023,0.12476605663442897,167,5.0023492368661815,0.5092997479137132,Triamcinolone,3.887027456711281,0.7770404009509709,0.16666666666666666
CVCL_0504,Cepharanthine,unclear,15,2.191406941383364,0.113332310531009,152,3.884352539442689,0.5641627321751228,Triamcinolone,2.945281968414229,0.758242702871868,0.7666666666666667
CVCL_0504,Chlorhexidine (diacetate),unclear,20,1.8924435272929039,0.07896260870934468,97,3.296321048849138,0.574107770222692,Triamcinolone,2.825051859298011,0.8570317688819591,0.9222222222222223
CVCL_0504,Ciclopirox,unclear,21,1.8388937129718108,0.07554185030998417,99,3.235278636286493,0.5683880492848442,Triamcinolone,2.761553349154422,0.8535751196763006,0.9111111111111111
CVCL_0504,Citalopram (hydrobromide),unclear,15,2.2797059581839303,0.11233156552892898,160,3.7702423998981818,0.6046576629251996,Triamcinolone,3.2737673161859173,0.8683174631621372,0.8111111111111111
CVCL_0504,Clotrimazole,unclear,13,2.380214881975279,0.11775223814496183,161,4.4939216595024405,0.5296520639033152,Triamcinolone,3.5266535560592898,0.7847607998688956,0.3888888888888889
CVCL_0504,Cysteamine (hydrochloride),unclear,15,2.238867344623619,0.113371415041848,157,3.537834990326452,0.63283543487624,Triamcinolone,3.141986202843269,0.8881098783392788,0.9
CVCL_0504,DTP3,unclear,10,3.099352840434637,0.1349617380136927,120,4.830381571658957,0.6416372691174765,Triamcinolone,3.957403209289396,0.8192734156879985,0.7
CVCL_0504,Darinaparsin,unclear,20,1.917157520811565,0.08273327273627573,89,3.4709415818759255,0.5523450843489583,Triamcinolone,2.6680668515599923,0.7686867636988558,0.9
CVCL_0504,Delamanid,unclear,16,2.2464277394544623,0.10446361408657967,105,3.769152873062485,0.5960033501186198,Triamcinolone,3.2229264724479663,0.8550797967049018,0.9222222222222223
CVCL_0504,Demeclocycline,unclear,27,1.8593234496053967,0.08043672002982605,95,3.179463592256494,0.5847915523026379,Triamcinolone,2.8600941657080026,0.8995524190538593,0.9222222222222223
CVCL_0504,Diammonium Glycyrrhizinate,unclear,10,2.639583121311451,0.16740728868026356,238,4.661262401426471,0.566280739849288,GSK1059615,3.8022244048415876,0.8157070075432794,0.43333333333333335
CVCL_0504,Docetaxel,Microtubule inhibitor,10,2.683771435459643,0.12417558852096311,165,4.832461997576431,0.5553631744658528,Triamcinolone,3.6061169639932342,0.7462276921788042,0.43333333333333335
CVCL_0504,Elagolix sodium,unclear,14,2.4695654523451247,0.14010208951762693,137,4.1244874321112315,0.5987569347692279,Triamcinolone,3.5459602857597368,0.8597335654735261,0.7555555555555555
CVCL_0504,Erdafitinib,Other TK inhibitor,8,2.7716091893070565,0.13024103667572828,176,5.108270018988658,0.5425729609054188,Triamcinolone,3.6047730953631496,0.7056739526225804,0.4888888888888889
CVCL_0504,Fenofibrate,unclear,14,2.126355017621611,0.09068745459151906,112,4.034050997909123,0.527101669940146,Triamcinolone,3.228529819893577,0.800319535267885,0.7111111111111111
CVCL_0504,Furosemide,unclear,9,2.783050977567185,0.1402003754074974,198,5.108391173582328,0.5447998955051699,Triamcinolone,3.9854433584127875,0.78017583677288,0.2
CVCL_0504,Fusidic acid,unclear,11,2.6553759014220986,0.09500926094575246,122,4.833068633077302,0.5494182067369842,Triamcinolone,3.8127302091112028,0.7888839365981792,0.34444444444444444
CVCL_0504,GSK1059615,PI3K/AKT inhibitor,36,1.7742862801500876,0.07269181744425057,98,2.645723603842632,0.6706242018528034,Triamcinolone,2.3577850907752755,0.8911683319266016,0.9888888888888889
CVCL_0504,Gallic acid,Cyclooxygenase inhibitor,20,1.901252106405569,0.07324794534324885,87,3.291287998601664,0.5776620299449136,Triamcinolone,2.650004115039312,0.8051571652693997,0.9555555555555556
CVCL_0504,Gemfibrozil,unclear,15,2.2815979226766285,0.12279793672607331,162,3.7286564423961206,0.6119088625956702,Triamcinolone,3.3916557729553665,0.9096187394448737,0.8777777777777778
CVCL_0504,HI-TOPK-032,unclear,10,2.906692652002034,0.08845292550056649,116,4.717488446680102,0.6161525745860804,Triamcinolone,3.7775432333306154,0.8007530439187475,0.6666666666666666
CVCL_0504,Isocorydine,unclear,9,2.7826297027382743,0.16682513640473118,230,4.909292363400525,0.5668087163606664,Triamcinolone,3.8760769793715246,0.7895388362421092,0.34444444444444444
CVCL_0504,Ixazomib,Proteasome inhibitor,13,2.4266478491503913,0.13128583396405402,181,3.8914251776240567,0.6235884639652771,Triamcinolone,3.4038652122210213,0.8747091507228415,0.8666666666666667
CVCL_0504,Larotrectinib,Other TK inhibitor,10,2.6533120693198353,0.14445000660049945,179,4.608223566329003,0.5757776355962506,Triamcinolone,3.6027709309607925,0.7818133992641393,0.6555555555555556
CVCL_0504,Lenalidomide (hemihydrate),unclear,10,2.5418216302309755,0.14570886924920312,213,4.649180011288587,0.5467247179199829,Triamcinolone,3.701009297378518,0.7960563558288055,0.5222222222222223
CVCL_0504,Lipoic acid,unclear,9,2.6485345213929268,0.12337881985904553,182,4.953181474248263,0.5347138067043851,Triamcinolone,3.859858306292209,0.7792685017417041,0.18888888888888888
CVCL_0504,Medroxyprogesterone acetate,unclear,10,2.525591376169878,0.14437633243018055,192,4.595264636168416,0.5496073841518178,Triamcinolone,3.810006043521428,0.8291156973928392,0.4222222222222222
CVCL_0504,Megestrol,unclear,18,2.1156664360094743,0.10460936585577874,146,3.260733007017951,0.6488315453782957,Triamcinolone,2.869675607337208,0.8800707083839476,0.9777777777777777
CVCL_0504,Mitoxantrone (dihydrochloride),DNA synthesis/repair inhibitor,11,2.408977900479191,0.09171246343044626,116,4.517442474638291,0.5332614447231177,Triamcinolone,3.493396921102615,0.7733129842195343,0.43333333333333335
CVCL_0504,Mozavaptan,unclear,11,2.7287423408739926,0.17810677085502424,233,4.277886946431788,0.6378715414978542,Megestrol,3.8889918397041776,0.9090917755430657,0.6444444444444445
CVCL_0504,Neratinib (maleate),EGFR/ERBB inhibitor,15,2.301988786436819,0.09372366387204034,101,3.9274156922946073,0.5861332150180093,Triamcinolone,3.2291578101560123,0.8222093262221919,0.7333333333333333
CVCL_0504,Norepinephrine (hydrochloride),Adrenoceptor agonist,17,2.303847247873558,0.1255742501949757,147,3.720812097313327,0.6191786060728753,Busulfan,3.5620669161887433,0.9573358780360856,0.8
CVCL_0504,Palmatine (chloride),unclear,11,2.586894120885378,0.13447806592333822,155,4.485702856714707,0.5766976109469718,Triamcinolone,3.576448340660592,0.7972994321964416,0.6666666666666666
CVCL_0504,Pasireotide (acetate),unclear,16,2.1638915833757904,0.07836971602032838,95,4.013940821047754,0.5390940424505193,Triamcinolone,3.060811025811533,0.7625451301528091,0.6888888888888889
CVCL_0504,Pentamidine (isethionate),unclear,14,2.2974228404342396,0.12294505389814459,182,3.885535919940624,0.5912756664129223,Triamcinolone,3.3890005662235376,0.872209300351887,0.7666666666666667
CVCL_0504,Proglumide,unclear,12,2.452455712141692,0.1400635740439511,172,4.487353956514824,0.5465260231101606,Triamcinolone,3.5797580404692075,0.7977436313603138,0.4777777777777778
CVCL_0504,RMC-6236,RAS inhibitor,9,2.893596079233818,0.14103721124658852,182,5.355898557527487,0.5402634213762305,Triamcinolone,4.253899293164086,0.7942456802482587,0.03333333333333333
CVCL_0504,Raltitrexed,DNA synthesis/repair inhibitor,17,2.1437868382173764,0.09745186680618823,135,3.62185994636313,0.5919021911297392,Triamcinolone,2.884019994451802,0.7962814788980934,0.9
CVCL_0504,Rapamycin,MTOR inhibitor,13,2.2073347697752843,0.10750355075393003,150,3.975142530022543,0.5552844339804758,Triamcinolone,3.3083267590054857,0.8322536195920311,0.6666666666666666
CVCL_0504,Relugolix,unclear,8,3.2579677544670775,0.10723974084898735,132,5.219572082937361,0.6241829220286631,Triamcinolone,4.04438800921283,0.774850494436857,0.5777777777777777
CVCL_0504,Resveratrol,unclear,11,2.4805701232621655,0.14154126036743764,188,4.395417086593135,0.5643537517357295,GSK1059615,3.822038664616783,0.8695508501968412,0.4666666666666667
CVCL_0504,Retinoic acid,Retinoic receptor agonist,10,2.3867443417178564,0.11294695693380086,164,5.038914956045457,0.4736623583722823,Triamcinolone,3.4935167040738935,0.6933073359141602,0.2111111111111111
CVCL_0504,Riluzole hydrochloride,unclear,10,2.508311345061367,0.11973298579358782,128,4.77502369835329,0.525298198190384,Triamcinolone,3.5367474593603885,0.7406764202196667,0.4
CVCL_0504,Ritonavir,unclear,12,2.4087785625588727,0.12993901388948048,182,4.202316019326351,0.5732026224303355,Triamcinolone,3.301356781811486,0.7856041208297103,0.6777777777777778
CVCL_0504,S-Adenosyl-L-methionine (disulfate tosylate),unclear,16,2.2055349058353313,0.11252248321250324,140,3.8791989069006894,0.5685542192517933,Triamcinolone,3.2015898647021617,0.8253224290734017,0.7777777777777778
CVCL_0504,Saquinavir,unclear,13,2.1622319767873264,0.10609278573684755,182,4.012309984288111,0.5388995330008041,Triamcinolone,3.2998246887287097,0.8224251619766575,0.6333333333333333
CVCL_0504,Selinexor,unclear,11,2.4232393685086167,0.11848347031479345,149,4.351661435200568,0.5568538372280172,Triamcinolone,3.70817160558706,0.852127781723017,0.5111111111111111
CVCL_0504,Sinomenine,unclear,11,2.8033885515158543,0.10671187199040788,146,4.534469694547543,0.6182395606010509,Triamcinolone,3.698909520956852,0.8157314460397856,0.6333333333333333
CVCL_0504,Sivelestat (sodium tetrahydrate),unclear,11,2.687709964028843,0.1457298960278517,203,4.3150071678723405,0.6228749708784629,GSK1059615,4.020695195864927,0.9317933990472294,0.6222222222222222
CVCL_0504,Sodium Salicylate,Cyclooxygenase inhibitor,18,2.0532997153879884,0.09841020349874052,148,3.2507973437821764,0.6316295659941243,Triamcinolone,2.887938212435942,0.8883784213616768,0.9666666666666667
CVCL_0504,Sonidegib,Sonic inhibitor,10,2.7354622517241802,0.12023881050615115,162,4.817870937927983,0.5677740825703018,Triamcinolone,3.4125252022084025,0.7083056491496685,0.6666666666666666
CVCL_0504,Sulfisoxazole,unclear,17,2.1669103243417314,0.10808618919685753,135,3.527512876795969,0.6142884236073805,Triamcinolone,2.9668334650447674,0.8410553181990181,0.9
CVCL_0504,TAK-901,unclear,8,2.8642070406314595,0.1724266750286464,224,5.236491983839703,0.5469705767660232,Triamcinolone,3.9082083135416115,0.7463409331290304,0.4888888888888889
CVCL_0504,Tetracycline (hydrochloride),unclear,8,2.5821322216021145,0.14191821419365158,194,4.9727177489780034,0.5192597593404122,Triamcinolone,3.918308610645835,0.7879611931425483,0.23333333333333334
CVCL_0504,Thymol,unclear,8,2.970532136934522,0.11587676342066489,163,5.189149465020304,0.5724506794338211,Triamcinolone,3.9816121259338213,0.7672957105540306,0.4111111111111111
CVCL_0504,Tofacitinib,JAK/STAT inhibitor,8,2.8232151147973044,0.15122237809983485,198,5.273787799146912,0.5353296761871966,GSK1059615,3.9073735038825577,0.7409045742254959,0.23333333333333334
CVCL_0504,Tofacitinib (citrate),JAK/STAT inhibitor,14,2.181834351020103,0.1103903480191416,192,3.709562947219357,0.5881648005610955,Triamcinolone,3.017179598492079,0.8133517725460677,0.9555555555555556
CVCL_0504,Tolcapone,unclear,8,2.887831808626182,0.16529953172136602,218,5.449144142659276,0.5299606200574593,Triamcinolone,4.1387148094018915,0.7595164857177237,0.06666666666666667
CVCL_0504,Triamcinolone,Glucocorticoid receptor agonist,116,1.2949129894937026,0.03416409386646568,71,1.5668946251382772,0.8264199574872034,GSK1059615,2.3577850907752755,1.5047502575785547,1.0
CVCL_0504,Triclosan,unclear,17,2.057110122707238,0.09514433957363622,118,3.4224238974300083,0.6010681856949334,Triamcinolone,3.003085962231618,0.8774734083895094,0.8888888888888888
CVCL_0504,Trifluridine,DNA synthesis/repair inhibitor,14,2.2867952794588877,0.11768880536203796,126,4.070007512698883,0.5618651248981306,Triamcinolone,3.270775649831025,0.8036288973978145,0.7666666666666667
CVCL_0504,Tucidinostat,HDAC inhibitor,10,2.6779439352715984,0.1332692872246911,179,4.540348355986411,0.5898102359790856,Triamcinolone,3.680540113644163,0.810629455070645,0.5555555555555556
CVCL_0504,Verteporfin,unclear,9,2.601712709348524,0.13350982427851898,194,5.012216444702056,0.5190742933894147,Triamcinolone,4.124414254072139,0.8228723359366634,0.1111111111111111
CVCL_0504,Vilanterol,Adrenoceptor agonist,10,2.511792193988265,0.1344159659417914,193,4.603160663133198,0.5456668532352686,Triamcinolone,3.5987180046733886,0.781792830629526,0.37777777777777777
CVCL_0504,Vinblastine (sulfate),Microtubule inhibitor,8,2.7380296697005786,0.1412829926076986,213,5.516903196721286,0.4962982985323721,Triamcinolone,4.009905619558533,0.7268399456313887,0.1
CVCL_0504,Vitamin K4,unclear,11,2.478431570687113,0.11643282008275146,139,4.870412488474613,0.508875085334578,Triamcinolone,3.719255103192483,0.7636427329294513,0.24444444444444444
CVCL_0504,Volasertib,unclear,9,2.7818454984127436,0.12218759615686214,148,4.959965401365435,0.5608598595560619,Triamcinolone,3.723728259952262,0.750756902241123,0.4222222222222222
CVCL_0504,palbociclib,CDK inhibitor,11,2.4206470152584196,0.10090219292237324,130,4.721766321497485,0.5126570970354,Triamcinolone,3.802085774712444,0.8052253152389445,0.3
CVCL_1285,(R)-Verapamil (hydrochloride),unclear,14,2.397595738533833,0.07041324562766182,122,4.041427281670407,0.5932547022206611,Docetaxel,3.1216698640193297,0.772417674858937,0.3619047619047619
CVCL_1285,8-Hydroxyquinoline,unclear,26,1.6989971288446946,0.04609420512618656,64,2.8371790081041297,0.5988332509128512,Thymol,2.362804600665677,0.8328006776860227,0.9238095238095239
CVCL_1285,AT7519,CDK inhibitor,16,2.11646506090229,0.07535755093206431,114,3.682705838570298,0.5747038057549406,Thymol,3.0560200182351114,0.8298300630553542,0.6
CVCL_1285,Abiraterone acetate,unclear,14,2.2042313718946236,0.0811476683882939,144,3.70415714856081,0.595069615972163,Thymol,3.0291210236479684,0.8177625576239076,0.6952380952380952
CVCL_1285,Acetohexamide,unclear,11,2.5905991307576914,0.10928962205184134,174,4.294328973930195,0.603260520208064,Thymol,3.671181180705378,0.8548905319066628,0.26666666666666666
CVCL_1285,Adagrasib,RAS inhibitor,14,2.3108240901329378,0.07756572239754744,93,4.071631725897845,0.5675425101525784,Thymol,3.09246946379013,0.7595160053696169,0.6
CVCL_1285,Adenine,unclear,27,1.734822154601354,0.05213393908560038,96,2.968282019987027,0.5844532773233374,Thymol,2.356723606424632,0.7939688986947852,0.8666666666666667
CVCL_1285,Adenosine,unclear,21,1.9982724168380142,0.0512546399829138,92,3.1730495236516822,0.6297640178456201,PF-06260933,2.690114917539932,0.8478011129319002,0.8952380952380953
CVCL_1285,Almonertinib (hydrochloride),EGFR/ERBB inhibitor,13,2.3727912029750375,0.07310289941911463,130,4.029537565390676,0.5888495055498976,PF-06260933,3.2247508916954852,0.8002781558342007,0.5714285714285714
CVCL_1285,Amsacrine,DNA synthesis/repair inhibitor,33,1.7085894484874817,0.04315942262484629,61,2.618160909294353,0.6525914593033859,Thymol,2.211866934858331,0.8448170343565603,0.9714285714285714
CVCL_1285,Anastrozole,unclear,13,2.1783862342910423,0.07432095632777558,133,4.413589683211833,0.4935633782580802,PF-06260933,3.307340369188265,0.7493538381622882,0.21904761904761905
CVCL_1285,Anethole trithione,unclear,20,2.1202915551693207,0.04621493135658172,80,3.367534367244309,0.6296272952083868,Docetaxel,2.6591143952062413,0.7896324447557825,0.9333333333333333
CVCL_1285,Aprepitant,unclear,11,2.4075054019521605,0.09288456213824281,175,4.560884097142053,0.5278593690773143,Thymol,3.5382343249346695,0.7757781714189584,0.2571428571428571
CVCL_1285,Ataluren,unclear,19,1.9359721394719447,0.05669480153755002,104,3.369686965388408,0.5745258118505362,PF-06260933,2.9212951112527406,0.8669336770028478,0.819047619047619
CVCL_1285,Azithromycin (hydrate),unclear,14,2.5207478378237167,0.06500633860612348,96,3.857830984023633,0.6534106466205608,Docetaxel,3.0775771324660233,0.7977480468198681,0.8571428571428571
CVCL_1285,Baicalin,unclear,11,2.485793855352342,0.07839529269601253,122,4.563629634035302,0.5446966679358523,Docetaxel,3.4207360188457154,0.7495647747867293,0.23809523809523808
CVCL_1285,Benztropine (mesylate),unclear,23,1.8375705378836764,0.05142405516531923,77,2.946403580638915,0.6236655935251094,Thymol,2.4852099790087787,0.8434723590954474,0.9142857142857143
CVCL_1285,Berbamine,unclear,11,2.6093162216349066,0.07040265819178715,104,4.5796472410224585,0.5697635831558824,Docetaxel,3.5777465506109456,0.7812275405326138,0.19047619047619047
CVCL_1285,Berbamine (dihydrochloride),unclear,20,1.8396900120678006,0.05747161960422409,98,3.1339286608264665,0.5870235768489527,Thymol,2.516333190185443,0.8029325050181092,0.9142857142857143
CVCL_1285,Berberine (chloride hydrate),unclear,25,2.1386244074622307,0.04414597937429254,59,3.184256397958488,0.6716244360326512,Thymol,2.5128107927233936,0.7891358228358821,0.9523809523809523
CVCL_1285,Bergenin,unclear,17,2.025266985155932,0.06955031636799258,127,3.2945779192066977,0.6147272988594535,Thymol,2.683090168460797,0.8143957235975341,0.7714285714285715
CVCL_1285,Bimatoprost,unclear,8,2.840885962370598,0.085018907700662,160,5.34837880294447,0.5311676803457882,Docetaxel,3.96126878832129,0.7406485094399956,0.0380952380952381
CVCL_1285,Budesonide,Glucocorticoid receptor agonist,23,2.5546309387798782,0.09024917564039081,109,3.217379805228396,0.7940097512356112,Docetaxel,3.2527963293539846,1.0110078779222877,0.9809523809523809
CVCL_1285,Busulfan,DNA synthesis/repair inhibitor,18,1.9402724646476057,0.06496180286340325,109,3.461801508824136,0.5604805647296209,Thymol,2.824361179297602,0.8158645641866821,0.6285714285714286
CVCL_1285,Cabozantinib (S-malate),Multi-TK inhibitor,16,2.0881926788713696,0.07692126521107001,171,3.53452313271587,0.5907989848879095,Thymol,2.930894254687817,0.829219146299876,0.7714285714285715
CVCL_1285,Canagliflozin,Glucose transporter inhibitor,15,2.287329013802879,0.09297211977989583,174,3.7335976027375914,0.6126340482235518,Thymol,3.1916070423727962,0.8548342328141119,0.5523809523809524
CVCL_1285,Carbamazepine,HDAC inhibitor,8,2.8213289261314833,0.11132170739174063,208,5.531708243027077,0.5100285123836517,Thymol,4.118434802422688,0.7445141033267848,0.02857142857142857
CVCL_1285,Cepharanthine,unclear,19,1.9920122264435187,0.06261486048680831,98,3.2120968310224454,0.6201594569642658,Thymol,2.6938584894466353,0.8386604237547692,0.8095238095238095
CVCL_1285,Chlorhexidine (diacetate),unclear,20,1.7979306255711067,0.05434735284216252,95,3.2424437335289578,0.5544986353901366,Thymol,2.612380636300119,0.8056826427815601,0.8095238095238095
CVCL_1285,Ciclopirox,unclear,28,1.7027390928044668,0.048687503393676,85,2.6658080739928396,0.638732814044677,Thymol,2.1626718175229467,0.8112631357904558,0.9714285714285714
CVCL_1285,Citalopram (hydrobromide),unclear,19,2.0037976343918045,0.065812665115634,91,3.4674608511774454,0.5778861594677774,Thymol,2.821381975603797,0.8136737793725171,0.819047619047619
CVCL_1285,Clotrimazole,unclear,14,2.2351211309294627,0.08864524495227288,180,3.7312140665426505,0.5990332077088597,Thymol,3.0928189164549136,0.828904174699557,0.5333333333333333
CVCL_1285,Cysteamine (hydrochloride),unclear,11,2.5175572035631992,0.09140741979843714,150,4.4673824256436,0.563541905235593,Docetaxel,3.468565415055206,0.7764200788240111,0.20952380952380953
CVCL_1285,DTP3,unclear,10,2.6443967950305893,0.08719075544381205,125,4.79086087679373,0.551966935178536,Docetaxel,3.7488144889625308,0.7824928724441303,0.2
CVCL_1285,Dapagliflozin ((2S)-1,2-propanediol, hydrate),Glucose transporter inhibitor,20,2.0825899285190284,0.07647008425106616,156,3.0826501291001622,0.6755842672054855,Thymol,2.756454286518683,0.8941833069208224,0.9428571428571428
CVCL_1285,Darinaparsin,unclear,21,1.9454994912416637,0.06336680407912032,82,3.468617919672495,0.5608860751735252,Thymol,2.693256670853198,0.7764639211422554,0.638095238095238
CVCL_1285,Delamanid,unclear,8,2.8158033309175496,0.10832087723635853,211,5.255749824741699,0.5357567283096349,Thymol,3.9544652519393986,0.7524074363896776,0.09523809523809523
CVCL_1285,Demeclocycline,unclear,19,1.9144402851080313,0.051859385351936016,72,3.5223273990202753,0.5435157122647165,Thymol,2.617403333155023,0.7430891670896481,0.7238095238095238
CVCL_1285,Dexmedetomidine,Adrenoceptor agonist,25,1.7671603691276117,0.05243323846000203,79,2.916701284884093,0.605876363920427,Thymol,2.572948347871226,0.8821432490209474,0.9333333333333333
CVCL_1285,Diammonium Glycyrrhizinate,unclear,12,2.40609999036264,0.10318392232799733,211,4.076878386230182,0.5901819388307824,Adenine,3.323840393432241,0.8152905430435805,0.4666666666666667
CVCL_1285,Docetaxel,Microtubule inhibitor,98,1.4453021719393067,0.027637079025662925,101,1.6022270176403475,0.902058295127148,Thymol,1.84427005771553,1.1510666325123187,1.0
CVCL_1285,Docetaxel (Trihydrate),Microtubule inhibitor,26,2.019434472801162,0.06687758818099754,93,2.8060049903617625,0.7196831366079672,Thymol,2.740041117673144,0.9764918904580728,0.9714285714285714
CVCL_1285,Elagolix sodium,unclear,16,2.102800839302042,0.07312441246615009,133,3.703540481754698,0.5677812486892967,Thymol,2.9047365599386046,0.7843134358186822,0.5333333333333333
CVCL_1285,Eplerenone,unclear,14,2.1685738788173325,0.0775856237819631,130,4.25447864996893,0.5097155391373674,Thymol,3.198857485103044,0.7518800182782454,0.3142857142857143
CVCL_1285,Erdafitinib,Other TK inhibitor,18,2.0168820518729054,0.0663169748747755,106,3.424546106267262,0.5889487217537558,Thymol,2.8743228293664234,0.839329575416177,0.7142857142857143
CVCL_1285,Estrone sulfate (potassium),unclear,14,2.3985410400466085,0.09666454550537318,160,3.9618118599199916,0.6054151799361434,Thymol,3.2469134070776096,0.819552649616022,0.5714285714285714
CVCL_1285,Fenofibrate,unclear,8,2.943149371445582,0.10562469397363783,186,5.266159096983279,0.5588796914874004,Thymol,3.8729835243365223,0.7354474965549678,0.11428571428571428
CVCL_1285,Fluvoxamine (maleate),unclear,14,2.1455756154669445,0.08047245798969405,160,3.874367118088273,0.553787379995532,Thymol,3.1942463850215637,0.8244563015488576,0.47619047619047616
CVCL_1285,Folic acid,unclear,11,2.525892851622149,0.08283241784819573,122,4.430172107005552,0.5701568224918138,Docetaxel,3.5789124955512985,0.8078495392745276,0.29523809523809524
CVCL_1285,Furosemide,unclear,12,2.451797890877463,0.0911719974372538,147,4.426892603498503,0.5538417374164094,Thymol,3.414425140174225,0.7712916137779938,0.2761904761904762
CVCL_1285,Gallic acid,Cyclooxygenase inhibitor,32,1.7015033991028663,0.04646103876689667,69,2.6725359552047383,0.6366624912152088,Thymol,2.3568504518049243,0.8818779209368467,0.9333333333333333
CVCL_1285,Gallic acid (hydrate),Cyclooxygenase inhibitor,14,2.3731301072544015,0.09829128510732055,136,3.9813805772431174,0.5960570865339533,Thymol,3.4063263253373464,0.8555641087936476,0.41904761904761906
CVCL_1285,Gemfibrozil,unclear,19,2.128858465445494,0.07973660568669316,174,3.082675288326551,0.6905879686735211,Thymol,2.8479640731891096,0.9238611941951058,0.9142857142857143
CVCL_1285,HI-TOPK-032,unclear,11,3.083076588977762,0.08425567022783165,101,4.62726415572472,0.666284976439797,Docetaxel,3.6835406797575785,0.7960515232743751,0.4
CVCL_1285,Idarubicin (hydrochloride),DNA synthesis/repair inhibitor,19,2.052338903652151,0.0733282477449706,98,3.662591611033559,0.5603515547486865,Thymol,3.1013426738626637,0.8467618023587089,0.4857142857142857
CVCL_1285,Larotrectinib,Other TK inhibitor,22,1.9813431339239158,0.0655706341073139,90,3.2397334523161616,0.611575971630446,Thymol,2.607445917698349,0.8048334704307926,0.8571428571428571
CVCL_1285,Lidocaine (hydrochloride),unclear,14,2.3885357334838084,0.09649795506873993,161,3.8962226761046903,0.6130388152947625,Thymol,3.0857006524226263,0.7919723560326906,0.5428571428571428
CVCL_1285,Lipoic acid,unclear,15,2.1504507774598984,0.06873797494467093,127,3.5883775657329213,0.5992821931547975,Thymol,3.093153840463227,0.8619923025941264,0.6952380952380952
CVCL_1285,Medroxyprogesterone acetate,unclear,18,2.1340731597149705,0.07085629589855258,106,3.435790876147333,0.6211301085088095,Thymol,2.746816125440083,0.7994712787991858,0.819047619047619
CVCL_1285,Megestrol,unclear,18,2.1274981564162547,0.07503387473018541,87,3.6019262569320594,0.5906556671785811,Thymol,2.7673991626970573,0.7683108884783748,0.7523809523809524
CVCL_1285,Mitoxantrone (dihydrochloride),DNA synthesis/repair inhibitor,16,2.2550787740241223,0.07720067551140708,110,4.186931456412715,0.5385994008978193,Docetaxel,3.2591474833567475,0.7784095625365514,0.24761904761904763
CVCL_1285,Mozavaptan,unclear,14,2.1828119964235744,0.08439474329681129,171,3.8334699268070462,0.5694089266644308,Thymol,3.080660020220987,0.8036218045375184,0.6190476190476191
CVCL_1285,Naproxen,Cyclooxygenase inhibitor,16,2.290559899390519,0.09289915395298032,172,3.378307864854515,0.6780198818526448,Thymol,2.9134091385477854,0.8623871047564369,0.8476190476190476
CVCL_1285,Neratinib (maleate),EGFR/ERBB inhibitor,16,2.1467364659923067,0.05943559782352337,78,3.7430083744214047,0.5735323705558499,Thymol,2.9947686781522096,0.8000967079362044,0.4666666666666667
CVCL_1285,Norepinephrine (hydrochloride),Adrenoceptor agonist,17,2.100390261452339,0.07637562603330916,155,3.6208531791195937,0.5800815878325799,Thymol,2.894421154871085,0.7993754542609928,0.6
CVCL_1285,Olanzapine,unclear,8,2.9971241761098315,0.09018802493031974,173,5.259319479423958,0.5698691984458225,Thymol,4.032994353432836,0.7668281741033465,0.14285714285714285
CVCL_1285,Omeprazole,unclear,19,1.9172528456454137,0.059141701128574864,83,3.4895266330230688,0.5494306383855988,Thymol,2.7572636252752707,0.7901540567657398,0.7238095238095238
CVCL_1285,PF-06260933,Other MAPK inhibitor,64,1.3195556969726354,0.024330190963077092,44,1.8452099039162606,0.7151249807255097,Thymol,1.8921094563837992,1.0254169199764207,0.9904761904761905
CVCL_1285,Pasireotide (acetate),unclear,21,1.926485934242332,0.056974472087371164,75,2.981611697192673,0.6461223425089889,Thymol,2.422835454075821,0.8125925506520632,0.9428571428571428
CVCL_1285,Pentagastrin,unclear,8,3.1224057327005084,0.09472222182278656,172,5.151908192442687,0.6060678133357952,Docetaxel,3.9226024027914606,0.7613882577615629,0.37142857142857144
CVCL_1285,Pentamidine (isethionate),unclear,29,1.8245621233437943,0.05803866452215867,104,2.780332585782769,0.6562388013123657,Thymol,2.4404888973766927,0.8777686920824268,0.9238095238095239
CVCL_1285,Proglumide,unclear,17,2.0059665987051525,0.062942331871355,106,3.696739461477854,0.5426313159497647,Thymol,2.7202538097977573,0.735852184917104,0.7047619047619048
CVCL_1285,Pyridoxine,unclear,10,2.6610914276152333,0.11679325746205149,219,4.364618925293414,0.6096961666444545,Thymol,3.4755337093152874,0.7962971725146983,0.47619047619047616
CVCL_1285,RMC-6236,RAS inhibitor,10,2.6610321913647197,0.09247594997573017,139,4.574570302037873,0.5817010157608217,Docetaxel,3.5534775645137313,0.7767893659718669,0.3904761904761905
CVCL_1285,Radotinib,Other TK inhibitor,10,2.557085769027685,0.11570327715961115,200,4.649310751785831,0.549992440932345,Thymol,3.6962925004424703,0.7950194550929297,0.2
CVCL_1285,Raltitrexed,DNA synthesis/repair inhibitor,18,2.034449587972532,0.06417294541325358,93,3.474537742881439,0.5855310083019447,Thymol,2.6708715247834065,0.768698377289305,0.7238095238095238
CVCL_1285,Rapamycin,MTOR inhibitor,12,2.335154126847569,0.08332036325614356,156,3.9409108371367885,0.5925417304148249,Thymol,3.1098879552669834,0.7891292352928307,0.6095238095238096
CVCL_1285,Resveratrol,unclear,27,1.6801010135516423,0.04903196928358977,82,2.9138005163709755,0.5766012477903403,Thymol,2.245127962399165,0.7705153286180977,0.8857142857142857
CVCL_1285,Retinoic acid,Retinoic receptor agonist,16,2.2648475426882255,0.09099018161867634,184,3.490596919843448,0.6488424744240602,Thymol,3.081068595407835,0.8826767072108743,0.7523809523809524
CVCL_1285,Riluzole hydrochloride,unclear,12,2.206985585073473,0.07655967920743545,157,4.159403231382357,0.5306014979317099,Thymol,2.986199375060474,0.7179393795075802,0.4666666666666667
CVCL_1285,Ritonavir,unclear,18,1.9649800289796464,0.06640748048124556,125,3.5437512293390574,0.5544915265810386,Thymol,2.7379280678996536,0.7726072996411497,0.6666666666666666
CVCL_1285,S-Adenosyl-L-methionine (disulfate tosylate),unclear,26,1.8490837706587901,0.05980141121877525,114,2.7508187171983143,0.6721939759600248,Thymol,2.3726472453817276,0.8625240298634614,0.9809523809523809
CVCL_1285,Salicylic acid,Cyclooxygenase inhibitor,11,2.4406708715483956,0.08632900185648396,163,4.467568929931388,0.5463084979386942,Thymol,3.5761409434605174,0.8004668757322204,0.20952380952380953
CVCL_1285,Selinexor,unclear,15,2.380336961175442,0.09035170769406531,118,3.8108899645787933,0.6246144557570646,Thymol,3.192414505706114,0.8377083923647117,0.580952380952381
CVCL_1285,Sinomenine,unclear,14,2.416144271695712,0.0630557735129399,99,3.740916355273387,0.6458696325272795,Docetaxel,3.0469776291534436,0.8145003362233074,0.7428571428571429
CVCL_1285,Sivelestat (sodium tetrahydrate),unclear,11,2.7428586253030938,0.09579513521195171,132,4.734555862380239,0.5793275451869219,Docetaxel,3.694590688047305,0.7803457801403775,0.21904761904761905
CVCL_1285,Sodium Salicylate,Cyclooxygenase inhibitor,18,1.9326793660933288,0.06385125589853802,113,3.428226858559879,0.5637548055688485,Thymol,2.7654154937401803,0.8066605880632617,0.7714285714285715
CVCL_1285,Sulfisoxazole,unclear,27,1.7435570792133261,0.04748764139479633,67,2.9044964469031025,0.6002958210096558,Thymol,2.3053004537264776,0.7937005590709146,0.9333333333333333
CVCL_1285,TAK-901,unclear,17,2.1346218664756207,0.06667148088032238,101,3.6486749216448886,0.585040298825332,Docetaxel,2.903421922220438,0.7957469450064143,0.7333333333333333
CVCL_1285,Temsirolimus,MTOR inhibitor,11,2.3286559981805453,0.0888998155699634,215,4.244627905305002,0.5486125168404408,Thymol,3.485560787432193,0.8211699270684917,0.29523809523809524
CVCL_1285,Terfenadine,unclear,15,2.1906345761073553,0.08423388572270363,155,3.7605846660965283,0.5825249982687466,Thymol,2.997436533498722,0.7970666265067897,0.5238095238095238
CVCL_1285,Tetracycline (hydrochloride),unclear,11,2.575288306330337,0.10249503665798243,137,4.561305787413274,0.5645945319949243,Docetaxel,3.7749587124080235,0.8276048325514282,0.18095238095238095
CVCL_1285,Thymol,unclear,81,1.2287694897708332,0.02452150006384779,45,1.5959775991570317,0.7699165015974212,Docetaxel,1.84427005771553,1.1555738994642795,1.0
CVCL_1285,Tofacitinib (citrate),JAK/STAT inhibitor,21,1.820749450841711,0.056230130901952724,99,3.4574708706152,0.5266130992790515,Thymol,2.707952113841959,0.7832176221227638,0.6095238095238096
CVCL_1285,Tolcapone,unclear,13,2.3968824791997236,0.08111274597147144,107,4.071511121873369,0.5886960412125507,Docetaxel,3.2863973005226836,0.8071689360903817,0.5047619047619047
CVCL_1285,Triclosan,unclear,30,1.865600542040233,0.06067314597774076,93,2.6465229788525213,0.7049251251349874,Thymol,2.3129053907725585,0.8739411708321487,0.9809523809523809
CVCL_1285,Trifluridine,DNA synthesis/repair inhibitor,23,1.7879194871258262,0.054243850308301256,82,3.0723942404992415,0.5819303602246378,Thymol,2.523406239768966,0.821315899667528,0.8285714285714286
CVCL_1285,Tucidinostat,HDAC inhibitor,15,2.313143254685513,0.09169209463207273,146,4.166828960601695,0.5551327584013653,Thymol,3.223618788775944,0.7736383756703203,0.42857142857142855
CVCL_1285,Valdecoxib,Cyclooxygenase inhibitor,11,2.3876897297692747,0.07414426359533843,163,4.564679846218859,0.5230793418616447,Thymol,3.5705395545195446,0.782210291807692,0.13333333333333333
CVCL_1285,Vemurafenib,RAF inhibitor,10,2.5426170674606072,0.07749332218229876,136,4.716475631942382,0.5390925907134356,Docetaxel,3.4689220963390586,0.7354903039985506,0.20952380952380953
CVCL_1285,Verteporfin,unclear,16,2.049383037171996,0.06593026614389186,117,3.5977756326883057,0.5696250256830689,Thymol,2.9405494661808667,0.8173243043462521,0.6476190476190476
CVCL_1285,Vilanterol,Adrenoceptor agonist,20,1.9270083566272327,0.06461712385938279,124,3.024336974078543,0.6371672115718371,Thymol,2.561577208729036,0.8469880276848115,0.8761904761904762
CVCL_1285,Vitamin K4,unclear,15,2.0682393215394153,0.058197232525524445,115,3.66767655806274,0.5639099546531048,PF-06260933,3.203477063812085,0.8734349970882261,0.6190476190476191
CVCL_1285,Volasertib,unclear,9,2.7449854985949766,0.10111170382231083,174,5.0508928707515475,0.5434653968787377,Docetaxel,3.931711206764834,0.7784190453795579,0.06666666666666667
CVCL_1285,palbociclib,CDK inhibitor,9,2.72392115753697,0.09317322236230496,155,5.150556729192209,0.5288595584431468,Thymol,3.8179201203846382,0.7412635800602908,0.05714285714285714
CVCL_1285,vincristine,Microtubule inhibitor,17,2.3830153645373304,0.10146831504540765,160,3.4742735850470585,0.6859031985257582,Thymol,2.903953425751257,0.8358447757970457,0.8571428571428571
CVCL_0359,(R)-Verapamil (hydrochloride),unclear,19,2.0038403062664956,0.05890077975234098,113,3.649527531453705,0.5490684174858963,Pentamidine (isethionate),3.0085012289673787,0.8243536192119125,0.7708333333333334
CVCL_0359,18β-Glycyrrhetinic acid,unclear,11,2.7487998146755768,0.12817770089186664,236,4.36457979842089,0.6297971263281967,Norepinephrine (hydrochloride),3.7467124286113633,0.8584360010938346,0.5833333333333334
CVCL_0359,8-Hydroxyquinoline,unclear,27,1.8014703544705952,0.05303973153662589,102,2.9460525855816293,0.6114861504126672,Pentamidine (isethionate),2.891042339170732,0.9813274730124898,0.8854166666666666
CVCL_0359,Acetohexamide,unclear,16,2.1002944628741957,0.0740081226214544,136,3.7561864791872597,0.5591560681323373,Pentamidine (isethionate),3.088594806482123,0.8222687621064048,0.75
CVCL_0359,Adagrasib,RAS inhibitor,14,2.3367452077100386,0.06113539069950902,106,4.339411431059661,0.5384935825592868,Amsacrine,3.651453686768079,0.8414628907119815,0.3958333333333333
CVCL_0359,Adenine,unclear,18,2.0375417439442693,0.06072630648952393,95,3.715860497279423,0.548336447354808,Pentamidine (isethionate),3.172848572263392,0.8538664394388329,0.7604166666666666
CVCL_0359,Adenosine,unclear,21,1.9978702297504756,0.05708768351706084,102,3.323307629003708,0.6011692123576943,Ciclopirox,3.1098139959294757,0.9357586907660922,0.8125
CVCL_0359,Aliskiren,unclear,10,2.8377516965069773,0.0912110145024626,180,5.02316751626501,0.5649327216976819,8-Hydroxyquinoline,3.9928620799526398,0.7948892938616435,0.34375
CVCL_0359,Almonertinib (hydrochloride),EGFR/ERBB inhibitor,9,3.2010152592811254,0.08336406752483605,146,5.214716165798534,0.6138426632451147,Berberine (chloride hydrate),4.188121168728765,0.8031350193510358,0.4166666666666667
CVCL_0359,Amsacrine,DNA synthesis/repair inhibitor,30,2.111607755324311,0.044093544937785056,65,2.835589578383197,0.7446803202487126,Pentamidine (isethionate),2.8092148281737646,0.9906986714824679,1.0
CVCL_0359,Anastrozole,unclear,9,3.2984200341122336,0.09120759480423324,163,5.366251090634384,0.614660025854717,Adenosine,4.593488758249895,0.8559958676303506,0.2916666666666667
CVCL_0359,Anethole trithione,unclear,11,2.723174471640907,0.0695768669832546,128,4.645829161587044,0.5861546727023113,Ciclopirox,3.8715296766555136,0.833334490356717,0.5104166666666666
CVCL_0359,Aprepitant,unclear,12,2.5656484280820617,0.09276927543482416,174,4.5875261920104515,0.559266219024612,XRK3F2,3.8460878988263585,0.8383794964538038,0.3854166666666667
CVCL_0359,Ataluren,unclear,11,2.820392439081037,0.10440696627255652,151,5.177923682050926,0.5446956371446375,Amsacrine,4.522345171839756,0.8733896923811938,0.08333333333333333
CVCL_0359,Azithromycin (hydrate),unclear,11,2.405800935771891,0.08757811935888704,204,4.681220608758189,0.5139259900015885,Pentamidine (isethionate),3.7096651819341138,0.792456816710075,0.20833333333333334
CVCL_0359,Baicalin,unclear,11,2.74086427974917,0.07592620309788589,162,4.465368124772996,0.6138047755891359,Gallic acid,3.80880008586104,0.8529644095255117,0.5
CVCL_0359,Benztropine (mesylate),unclear,11,2.501515657494059,0.10140495039137598,200,4.410050837541493,0.567230571629555,Ciclopirox,3.6765743976539027,0.8336807291100328,0.4270833333333333
CVCL_0359,Berbamine,unclear,19,2.007041222689385,0.05795724423949078,101,3.5813411509491972,0.5604160950032474,XRK3F2,3.203870995003756,0.8946008939010469,0.78125
CVCL_0359,Berbamine (dihydrochloride),unclear,10,2.6305472519138284,0.0930402051588628,173,4.90433915122015,0.5363713990414742,Pentamidine (isethionate),3.764361486863418,0.7675573345956066,0.2708333333333333
CVCL_0359,Berberine (chloride hydrate),unclear,27,1.7917762450681278,0.042740576790846196,64,2.959067968140021,0.6055204761634397,Gallic acid,2.9079602158342777,0.9827284290675256,0.9270833333333334
CVCL_0359,Bergenin,unclear,16,2.328241392799943,0.0917891167027064,178,3.4680480900260924,0.6713405732451727,Ciclopirox,3.285478223061364,0.9473565930386637,0.9166666666666666
CVCL_0359,Budesonide,Glucocorticoid receptor agonist,13,2.7569409457113605,0.08557226442348354,112,4.90892700318369,0.5616178329649928,Pentamidine (isethionate),3.7953464514856714,0.7731519431892541,0.5
CVCL_0359,Busulfan,DNA synthesis/repair inhibitor,19,2.0343251395534545,0.059053746805497465,104,3.588075130072966,0.5669683788120916,Pentamidine (isethionate),3.2041868070764674,0.8930099540617222,0.7083333333333334
CVCL_0359,Cabozantinib (S-malate),Multi-TK inhibitor,9,2.553516073331012,0.10576053477524117,220,5.301809511387778,0.48163104838947995,Pentamidine (isethionate),4.17382902898451,0.787246131725315,0.0625
CVCL_0359,Canagliflozin,Glucose transporter inhibitor,12,2.710634525369095,0.12750066092894852,238,4.200805143686584,0.645265474749031,Ciclopirox,3.633607263765684,0.8649787694215368,0.59375
CVCL_0359,Canagliflozin (hemihydrate),Glucose transporter inhibitor,14,2.4678963863239476,0.1032923580526659,199,4.081080247831073,0.6047164565400382,Ciclopirox,3.4531077990722743,0.8461259248473391,0.7083333333333334
CVCL_0359,Carbamazepine,HDAC inhibitor,20,2.15296293147452,0.0761872397550154,115,3.740736931215551,0.575545132165954,Ciclopirox,3.210496580364822,0.8582524351215397,0.71875
CVCL_0359,Cepharanthine,unclear,14,2.290707496513298,0.08514361515458146,155,3.9920956191671073,0.5738107788588542,Ciclopirox,3.2976236769105314,0.8260382494541884,0.625
CVCL_0359,Chlorhexidine (diacetate),unclear,23,1.8490761765784545,0.05109920330824991,76,3.1906182103529406,0.5795353924134699,XRK3F2,3.042783614206596,0.9536658458017164,0.8541666666666666
CVCL_0359,Ciclopirox,unclear,37,1.633992712060201,0.04424458201996595,88,2.4153989531453557,0.6764897823328109,Pentamidine (isethionate),2.4594186111535006,1.0182245909938903,1.0
CVCL_0359,Cysteamine (hydrochloride),unclear,19,2.098006080512472,0.06686356082508871,118,3.5412139699756415,0.5924539150417119,Ciclopirox,3.2948872368475493,0.9304400312388391,0.71875
CVCL_0359,DTP3,unclear,10,2.9322008248179885,0.08205778805472908,141,4.941260182129162,0.5934115421452102,Amsacrine,4.2781127475834095,0.865793864297183,0.3229166666666667
CVCL_0359,Dapagliflozin ((2S)-1,2-propanediol, hydrate),Glucose transporter inhibitor,11,2.802231032519154,0.13613090606581124,286,4.412356471125938,0.6350871809330684,Norepinephrine (hydrochloride),3.737692726454999,0.8470967273188651,0.4791666666666667
CVCL_0359,Darinaparsin,unclear,23,2.0201517005757115,0.06528468330148529,103,3.325161167857729,0.6075349730723627,Ciclopirox,2.917835144801591,0.8775018705879564,0.8645833333333334
CVCL_0359,Delamanid,unclear,9,2.602170924072698,0.09745162727662948,219,5.100625235055938,0.5101670489704504,Ciclopirox,3.9737024329887074,0.7790618306316575,0.17708333333333334
CVCL_0359,Demeclocycline,unclear,25,1.7478823700979267,0.04682091924876319,78,2.9514850387245564,0.5922043809015037,Pentamidine (isethionate),2.66709615173124,0.9036454926038822,0.9791666666666666
CVCL_0359,Dexmedetomidine,Adrenoceptor agonist,14,2.420710936583421,0.09546897183784997,166,4.049070462508097,0.5978436184298881,Ciclopirox,3.426651242349247,0.8462809610447461,0.7083333333333334
CVCL_0359,Diammonium Glycyrrhizinate,unclear,13,2.404611821786807,0.09306766385385934,172,4.399861225617666,0.5465199238071969,Pentamidine (isethionate),3.6850699450405493,0.8375423123767336,0.3958333333333333
CVCL_0359,Docetaxel,Microtubule inhibitor,19,2.1590422542541705,0.06894069307726303,87,3.479957655003065,0.6204219902360476,Gallic acid,3.146201130207898,0.9040917856240773,0.7604166666666666
CVCL_0359,Elagolix sodium,unclear,17,2.0735503352477673,0.07253584341849828,139,3.5450933457022917,0.5849071189511914,Ciclopirox,3.0705103040243302,0.8661296063604933,0.7395833333333334
CVCL_0359,Eplerenone,unclear,13,2.595005030251602,0.11420310365943986,233,4.128352996484333,0.6285811878154519,Norepinephrine (hydrochloride),3.57666053567151,0.8663649980312635,0.625
CVCL_0359,Erdafitinib,Other TK inhibitor,8,3.279142906443396,0.12589596275947845,193,5.705521587038491,0.5747314871076439,Gallic acid,4.442766510287629,0.7786784157263512,0.08333333333333333
CVCL_0359,Estrone sulfate (potassium),unclear,11,2.9571771650972343,0.15222593210037894,264,4.694603466007268,0.629909892605327,Norepinephrine (hydrochloride),4.346980405059844,0.9259526255061802,0.34375
CVCL_0359,Fluvoxamine (maleate),unclear,13,2.32894982082125,0.07210021101183495,134,4.34634386261324,0.5358411332464083,Berberine (chloride hydrate),3.47759662121794,0.8001199930663182,0.3854166666666667
CVCL_0359,Furosemide,unclear,17,2.1633746438177974,0.0775794968372665,146,3.5871189882238483,0.6030953115633854,XRK3F2,3.315146295516773,0.924180744045588,0.7291666666666666
CVCL_0359,Gallic acid,Cyclooxygenase inhibitor,31,1.7859168486738504,0.044546964884836004,67,2.874416339563085,0.6213146036267356,Pentamidine (isethionate),2.7985213616590445,0.9735963865570092,0.9270833333333334
CVCL_0359,Gallic acid (hydrate),Cyclooxygenase inhibitor,15,2.191284937759106,0.07768779618266408,164,3.5805308977642953,0.6120000079114963,Pentamidine (isethionate),3.3717440103288574,0.94168828774364,0.7395833333333334
CVCL_0359,Gemfibrozil,unclear,21,2.0771206476670554,0.07207367429148914,155,3.1251076278097494,0.6646557159129965,Pentamidine (isethionate),2.7959893899609067,0.8946857910044183,0.9479166666666666
CVCL_0359,HI-TOPK-032,unclear,8,2.9638984236383985,0.09842364964431582,159,5.627043703907598,0.5267239032780523,Gallic acid,4.287164290255819,0.7618857282517064,0.08333333333333333
CVCL_0359,Idarubicin (hydrochloride),DNA synthesis/repair inhibitor,18,2.7096384174594452,0.11843343490588243,144,3.701762641511386,0.7319859969069038,Gallic acid,3.561334861586389,0.9620646179875915,0.8958333333333334
CVCL_0359,Isocorydine,unclear,12,2.250671802781992,0.07439295935752677,145,4.642232988104698,0.4848252572736299,Ciclopirox,3.4441676054134116,0.7419204538502869,0.34375
CVCL_0359,Ixazomib,Proteasome inhibitor,15,2.888461375001777,0.14464470956470665,196,4.125262783507639,0.7001884550360131,Pentamidine (isethionate),3.837321142993691,0.9302004125252072,0.8229166666666666
CVCL_0359,Larotrectinib,Other TK inhibitor,23,1.9407365497591926,0.05496072470798796,82,3.3065885715596175,0.5869301570965649,Ciclopirox,2.9626180357667984,0.8959741956555004,0.8125
CVCL_0359,Lenalidomide (hemihydrate),unclear,11,2.490868310657315,0.10638602552727938,240,4.512851922299053,0.5519499317824621,Ciclopirox,3.6859470061447897,0.8167666632117191,0.3854166666666667
CVCL_0359,Lidocaine (hydrochloride),unclear,13,2.367034001585397,0.09047887882733852,162,4.544637512571565,0.5208411000960164,Ciclopirox,3.720299717230382,0.8186130812279604,0.3854166666666667
CVCL_0359,Medroxyprogesterone acetate,unclear,19,2.103867425035789,0.07134904560718858,121,3.6248888064426112,0.5803950237857033,Ciclopirox,3.2496099959238984,0.8964716352535504,0.71875
CVCL_0359,Megestrol,unclear,14,2.3349955471218053,0.06484182732943156,111,4.024430831950447,0.5802051630715059,Triclosan,3.616518014355018,0.8986408675838186,0.5833333333333334
CVCL_0359,Mitoxantrone (dihydrochloride),DNA synthesis/repair inhibitor,11,2.719264740620376,0.11475923704767499,159,4.550080554153395,0.5976300217670174,Pentamidine (isethionate),4.016658400140604,0.8827664372829898,0.375
CVCL_0359,Mozavaptan,unclear,10,2.834624369305016,0.12737520077149433,227,4.654599910343478,0.6089942044225751,XRK3F2,4.0616783465346975,0.8726159981030406,0.4479166666666667
CVCL_0359,Naproxen,Cyclooxygenase inhibitor,12,2.499058147087487,0.10234356128267008,203,4.412005722061271,0.5664222361706134,Pentamidine (isethionate),3.594144107010343,0.814628160847256,0.5104166666666666
CVCL_0359,Neratinib (maleate),EGFR/ERBB inhibitor,21,2.0471918085734133,0.06195882760020943,95,3.485838346424279,0.5872882231252612,8-Hydroxyquinoline,3.122791126356489,0.8958508157900672,0.7916666666666666
CVCL_0359,Norepinephrine (hydrochloride),Adrenoceptor agonist,29,1.9307609199886546,0.060595959490870266,111,2.6776661274792826,0.7210611136968916,Ciclopirox,2.737376814023848,1.0222995264166024,0.9791666666666666
CVCL_0359,Olanzapine,unclear,8,3.197313398994982,0.10598386042921115,168,5.65727557619267,0.5651684023401887,Berberine (chloride hydrate),4.519053744470014,0.7988038913089901,0.0625
CVCL_0359,Omeprazole,unclear,12,2.4929185056786625,0.072163984388531,135,4.126397588754457,0.6041391921303308,Pentamidine (isethionate),3.4291922888173363,0.8310377793363412,0.8645833333333334
CVCL_0359,Pasireotide (acetate),unclear,25,1.9307864328529898,0.05225880691886575,71,3.053671481147716,0.6322836116370015,Pentamidine (isethionate),2.875289568801799,0.9415844456592061,0.9166666666666666
CVCL_0359,Pentamidine (isethionate),unclear,36,1.6580399171920621,0.045664041087606355,78,2.4386359257334056,0.6799046547685942,Ciclopirox,2.4594186111535006,1.008522258366158,1.0
CVCL_0359,Proglumide,unclear,13,2.3429196658677442,0.08729546810563371,185,4.243380758200485,0.5521351486877458,Pentamidine (isethionate),3.722613643625793,0.8772754215920193,0.4895833333333333
CVCL_0359,Radotinib,Other TK inhibitor,8,2.9382300518781106,0.13017973139680616,278,5.462236348611898,0.5379170479550549,8-Hydroxyquinoline,4.214202092931897,0.7715158817693488,0.13541666666666666
CVCL_0359,Raltitrexed,DNA synthesis/repair inhibitor,12,2.4275528788017806,0.07248333997423673,106,4.5010579812247,0.5393293952061609,Gallic acid,3.7128868513959943,0.8248920291370584,0.3645833333333333
CVCL_0359,Rapamycin,MTOR inhibitor,16,2.205408975354463,0.0766675171441511,154,3.7563717728566366,0.5871114758370412,Pentamidine (isethionate),3.114540499334131,0.8291353166477429,0.7708333333333334
CVCL_0359,Relugolix,unclear,8,3.5094227922251044,0.0840835392573519,136,5.642320595472436,0.6219821672382758,Berberine (chloride hydrate),4.555337527034339,0.8073517713065925,0.25
CVCL_0359,Resveratrol,unclear,19,2.134579665612392,0.07646713075438871,136,3.48889842158108,0.6118205254726374,Pentamidine (isethionate),3.081641618326382,0.8832706619557757,0.7291666666666666
CVCL_0359,Retinoic acid,Retinoic receptor agonist,16,2.1735505528352683,0.07719956754044932,135,3.837972392658181,0.56632782377308,Ciclopirox,3.1774549109894146,0.8278993660995848,0.7291666666666666
CVCL_0359,Riluzole hydrochloride,unclear,14,2.7856587308235956,0.06413134404439036,108,3.9201169036535606,0.7106060353014864,Amsacrine,3.564016941977896,0.9091608820788538,0.8645833333333334
CVCL_0359,Ritonavir,unclear,10,2.681431720444949,0.11453871804803284,203,4.887876347117872,0.5485882886595629,Pentamidine (isethionate),3.7457555367515276,0.7663359853528632,0.3854166666666667
CVCL_0359,S-Adenosyl-L-methionine (disulfate tosylate),unclear,23,1.9904917691895772,0.06630670725767729,112,3.010759442662074,0.6611261401308138,Ciclopirox,2.7295253044164913,0.9065902993575206,0.9583333333333334
CVCL_0359,Saquinavir,unclear,14,2.1793236922088592,0.07273310480899398,139,4.071300481678084,0.5352893263507288,Ciclopirox,3.351298041693969,0.8231517316827107,0.5416666666666666
CVCL_0359,Selinexor,unclear,19,2.169692346045128,0.07360420009105217,101,3.4449751306134466,0.6298136456093287,Pentamidine (isethionate),3.103963963446676,0.901012009016725,0.90625
CVCL_0359,Sinomenine,unclear,17,2.4320950748591046,0.048664611664367974,81,3.892724971540793,0.6247795805354439,Amsacrine,3.698095066415817,0.9500016295659494,0.6875
CVCL_0359,Sivelestat (sodium tetrahydrate),unclear,11,2.7213063181868593,0.12296454362046161,182,4.814918821898364,0.5651821803952943,XRK3F2,4.090462759482175,0.8495392987476039,0.2916666666666667
CVCL_0359,Sodium Salicylate,Cyclooxygenase inhibitor,10,2.7689031020090646,0.12968179472671282,247,4.806138944755463,0.5761179886466946,Demeclocycline,3.741701410856316,0.7785254346296671,0.4375
CVCL_0359,Sulfisoxazole,unclear,17,1.977337931402625,0.05534054638548869,100,3.7115965997869496,0.5327459162766036,Pentamidine (isethionate),2.9227319019263764,0.787459472857084,0.65625
CVCL_0359,Tetracycline (hydrochloride),unclear,9,2.7876295490240253,0.12545435742714495,227,5.183107806683553,0.5378297448163072,Pentamidine (isethionate),4.360069150657025,0.8412074981413216,0.11458333333333333
CVCL_0359,Thymol,unclear,22,1.84779261552669,0.05534831274254903,107,3.1838086386461306,0.5803717576168264,Pentamidine (isethionate),2.8737752175837,0.9026218418722968,0.8958333333333334
CVCL_0359,Tofacitinib (citrate),JAK/STAT inhibitor,22,2.0274043789710423,0.06890016606529936,138,3.0204073404425738,0.6712354164369005,Pentamidine (isethionate),2.8073438609091363,0.9294586936402367,0.96875
CVCL_0359,Tolcapone,unclear,18,2.2084614046783577,0.058458569921702064,106,3.6439183135702007,0.6060677585592127,8-Hydroxyquinoline,3.2792776980725127,0.8999317262026041,0.8333333333333334
CVCL_0359,Triamcinolone,Glucocorticoid receptor agonist,9,2.8253707283926346,0.10984162048554802,170,5.16680374160165,0.5468314396468255,Gallic acid,4.179671165983812,0.8089471508914255,0.13541666666666666
CVCL_0359,Triclosan,unclear,25,1.798578400692919,0.050974415962263486,104,2.932267606125402,0.6133745763639558,Ciclopirox,2.6613044970921136,0.9075926397484131,0.96875
CVCL_0359,Trifluridine,DNA synthesis/repair inhibitor,18,2.024995091366332,0.06739050484452969,138,3.564564616927266,0.5680904427289981,Ciclopirox,3.001087137856606,0.8419224955567253,0.7708333333333334
CVCL_0359,Tucidinostat,HDAC inhibitor,18,2.1524647021628915,0.07315061935946365,129,3.320170728102185,0.6482994033843688,Demeclocycline,3.088329426255767,0.9301718734268407,0.8541666666666666
CVCL_0359,Valdecoxib,Cyclooxygenase inhibitor,11,2.6584338149796523,0.08959397639057876,167,4.437477409541971,0.5990867264502989,Gallic acid,4.140922752759397,0.9331704413537095,0.40625
CVCL_0359,Vemurafenib,RAF inhibitor,10,2.722551055783683,0.0775548495072933,127,5.638759522965962,0.482828012915797,Triclosan,3.8126789427907712,0.6761556202675796,0.15625
CVCL_0359,Verteporfin,unclear,13,2.655181205434089,0.12189980301481884,213,4.289771142452994,0.6189563772196464,Ciclopirox,3.7413876323945496,0.8721648563879177,0.4895833333333333
CVCL_0359,Vilanterol,Adrenoceptor agonist,18,2.0865267312452858,0.07191029597732113,135,3.489223183719094,0.5979917653250538,Ciclopirox,3.0807545599740362,0.8829342228232935,0.8333333333333334
CVCL_0359,Vitamin K4,unclear,14,2.5556713622968235,0.09101263961365458,126,4.235906795699606,0.6033351264695914,Gallic acid,3.6637945008951958,0.8649374685521334,0.625
CVCL_0359,Volasertib,unclear,8,3.113083152792244,0.09442328167046199,180,5.361844528089838,0.5805992949783052,Amsacrine,4.56574620881188,0.8515252885257437,0.15625
CVCL_0359,XRK3F2,unclear,31,1.7343923986293919,0.04860258696354269,74,2.6733059743895446,0.6487818511030875,Ciclopirox,2.60708468945169,0.975228692273814,0.9895833333333334
CVCL_0099,(S)-Crizotinib,unclear,69,1.249116212481938,0.03664884705839233,42,1.6831813211139957,0.7421162514180134,Gallic acid,3.2005869904149655,1.9015105207421688,1.0
CVCL_0099,Adenine,unclear,8,2.825977183478827,0.1355482429546231,174,5.2673766983800725,0.5365056166094837,(S)-Crizotinib,3.7527885761119486,0.7124587419893625,0.6428571428571429
CVCL_0099,Ataluren,unclear,9,2.5119154692939727,0.1275347008315172,162,4.7800824459096445,0.5254962644929774,(S)-Crizotinib,3.8591890144472867,0.8073477932895543,0.2857142857142857
CVCL_0099,Balsalazide (sodium hydrate),JAK/STAT inhibitor,8,3.4178953797532063,0.09797696255024158,115,5.622146401404101,0.6079342542377775,(S)-Crizotinib,4.4430408485296855,0.7902748401251273,0.5
CVCL_0099,Carbamazepine,HDAC inhibitor,12,2.2957068425104827,0.10653501031697465,113,4.2394940416685385,0.5415049107149967,(S)-Crizotinib,3.340131675786517,0.7878609199488202,0.8571428571428571
CVCL_0099,Dexmedetomidine,Adrenoceptor agonist,8,2.829129399870219,0.17664017523029973,197,5.251567748729752,0.5387209182542734,(S)-Crizotinib,3.7732734951813702,0.7185042021202238,0.5714285714285714
CVCL_0099,Docetaxel (Trihydrate),Microtubule inhibitor,12,2.616311204184418,0.16688891976817166,150,4.273806126296898,0.6121735817837294,(S)-Crizotinib,3.5365638648113693,0.8274974952772781,0.9285714285714286
CVCL_0099,Fenofibrate,unclear,8,2.8381936528749834,0.17975996445751063,209,5.272520151043512,0.5382992518887314,(S)-Crizotinib,4.067874129275154,0.7715236761058295,0.14285714285714285
CVCL_0099,Gallic acid,Cyclooxygenase inhibitor,16,2.420664369637181,0.09720172713542619,96,3.804634715525602,0.6362409404926989,(S)-Crizotinib,3.2005869904149655,0.841233713542671,0.9285714285714286
CVCL_0099,Larotrectinib,Other TK inhibitor,9,3.0324998830826075,0.1290516901521771,119,5.421330061586109,0.5593645560468595,(S)-Crizotinib,4.232751522138203,0.780758868036866,0.21428571428571427
CVCL_0099,Proglumide,unclear,10,2.3660989392004232,0.134090432356594,190,4.469190625854481,0.5294244835994303,(S)-Crizotinib,3.4605005522841314,0.7743013986167809,0.7142857142857143
CVCL_0099,Ritonavir,unclear,9,2.7346410638935494,0.15393626765033963,178,4.7681857822031475,0.573518144804753,(S)-Crizotinib,3.8997819204057023,0.8178754139491189,0.6428571428571429
CVCL_0099,Sinomenine,unclear,12,2.732565310084167,0.07171344616931086,97,4.387648914894527,0.62278577048589,(S)-Crizotinib,3.744625936431956,0.8534470303036933,0.8571428571428571
CVCL_0099,Sulfisoxazole,unclear,11,2.2687823973383794,0.1188004456845888,161,4.353579568918764,0.5211303391663619,(S)-Crizotinib,3.446319781954712,0.791606016933469,0.7142857142857143
CVCL_0099,Vinblastine (sulfate),Microtubule inhibitor,9,2.597835168894771,0.09862722390219869,131,4.95900371145953,0.5238623159106647,(S)-Crizotinib,3.917357698532483,0.7899485312906793,0.2857142857142857
CVCL_1478,(R)-Verapamil (hydrochloride),unclear,9,2.5211796201417633,0.09895299944275082,201,4.945898136658242,0.5097516265964244,Adenine,4.271858712904099,0.8637174876776647,0.15789473684210525
CVCL_1478,18β-Glycyrrhetinic acid,unclear,13,2.403081116694233,0.08222926596488722,125,3.9672435737030405,0.6057306722035188,Gallic acid,3.602913008467068,0.9081653146655916,0.8552631578947368
CVCL_1478,8-Hydroxyquinoline,unclear,17,2.3090795583080173,0.05558762473003509,55,3.650668095834423,0.6325087621476138,Gallic acid,3.5038756771190904,0.9597902589712745,0.9473684210526315
CVCL_1478,AT7519,CDK inhibitor,11,2.466594932505637,0.09169118704725676,144,4.555963439343924,0.5413991936820362,Gallic acid,3.7563880876877125,0.8244991729408273,0.5921052631578947
CVCL_1478,Acetohexamide,unclear,9,2.6482278831312462,0.08094619756039212,117,5.890999755349981,0.44953793805987297,8-Hydroxyquinoline,4.560034649236246,0.7740680425415053,0.0
CVCL_1478,Adagrasib,RAS inhibitor,13,2.274085234650156,0.07356169749341024,106,4.355648510172129,0.5221002634485508,Idarubicin (hydrochloride),3.690408542006432,0.8472695933539853,0.42105263157894735
CVCL_1478,Adenine,unclear,15,2.2851032939785485,0.08750629258487153,130,3.7410003306395625,0.6108268088786527,Idarubicin (hydrochloride),3.5763760605358237,0.9559945855242428,0.8947368421052632
CVCL_1478,Adenosine,unclear,14,2.659030726053421,0.06414908292760091,64,4.393308832401678,0.6052455740061907,Gallic acid,3.417967075989564,0.7779938097638981,0.881578947368421
CVCL_1478,Aliskiren,unclear,9,2.6885954447058165,0.10466032130960656,169,4.852938506243987,0.5540139116221153,Gallic acid,4.239390769789222,0.8735719120146794,0.35526315789473684
CVCL_1478,Almonertinib (hydrochloride),EGFR/ERBB inhibitor,9,2.9110097335694967,0.10283915425738621,122,4.860313200377867,0.5989345981537114,Gallic acid,4.365526676457393,0.8981986338077953,0.3026315789473684
CVCL_1478,Amsacrine,DNA synthesis/repair inhibitor,24,1.9121486167750075,0.049892546260820625,50,3.0079317500476876,0.6357021287948745,Gallic acid,2.8759346494718567,0.9561169894982696,0.9868421052631579
CVCL_1478,Anastrozole,unclear,10,2.425905511056547,0.07410500066116632,113,4.589449910555695,0.5285830673251244,Idarubicin (hydrochloride),3.720873064785994,0.8107448904122514,0.4605263157894737
CVCL_1478,Aprepitant,unclear,10,2.3967049563456686,0.07745068201629757,112,5.303974794193755,0.4518695976778272,Gallic acid,4.2757950515542795,0.8061492027139682,0.05263157894736842
CVCL_1478,Ataluren,unclear,9,2.742279143209883,0.07942660253493139,131,5.517419809436779,0.49702202078580204,Gallic acid,4.561819700002271,0.8268030814330846,0.0
CVCL_1478,Azithromycin (hydrate),unclear,13,2.180953034119786,0.06709672954982593,99,3.8495204990866743,0.5665518691580502,Amsacrine,3.5519827935247426,0.9227078526708652,0.9342105263157895
CVCL_1478,Baicalin,unclear,8,3.0288550747870286,0.09233148547914649,137,5.17803734390288,0.5849426865091064,Gallic acid,4.249645916790617,0.8207059228328198,0.3026315789473684
CVCL_1478,Berbamine,unclear,12,2.750164308332725,0.07004047871835895,91,4.251306469532757,0.6468986247032394,8-Hydroxyquinoline,3.851435533045347,0.905941634800241,0.7368421052631579
CVCL_1478,Berberine (chloride hydrate),unclear,10,2.49019672383487,0.07658184278319946,88,5.113340519979493,0.48699997860593425,8-Hydroxyquinoline,3.991428032154212,0.7805910865037049,0.14473684210526316
CVCL_1478,Busulfan,DNA synthesis/repair inhibitor,13,2.2422098670694406,0.06637759405776955,112,4.053671948317107,0.5531305679534083,Gallic acid,3.4883272782826493,0.860535169781274,0.75
CVCL_1478,Canagliflozin (hemihydrate),Glucose transporter inhibitor,8,2.702436363465856,0.1028090185117233,181,4.917488789544258,0.5495561818487261,Amsacrine,4.211987314693966,0.8565321640691169,0.3684210526315789
CVCL_1478,Cepharanthine,unclear,8,2.7550635606884057,0.11335078902586904,181,5.51680255358556,0.49939499083536987,Gallic acid,4.296288524435519,0.7787642357515973,0.09210526315789473
CVCL_1478,Chlorhexidine (diacetate),unclear,12,2.463993441084865,0.07727000130058703,132,4.124316454063444,0.5974307424099911,Gallic acid,3.4943964249996053,0.8472668050379073,0.8157894736842105
CVCL_1478,Ciclopirox,unclear,12,2.4022734648209427,0.0927270321216449,165,4.4405854794779165,0.5409812458116177,Gallic acid,3.6566611219539156,0.8234637389265689,0.5921052631578947
CVCL_1478,Clonidine (hydrochloride),Adrenoceptor agonist,17,2.1777398851102356,0.06670813675030596,97,3.7979119989533925,0.5734045142990056,Gallic acid,3.5188329137957606,0.9265177589068575,0.868421052631579
CVCL_1478,Clotrimazole,unclear,11,2.3401756140830012,0.06611047141648296,105,4.408889558711761,0.5307857189252843,Gallic acid,3.922134006764875,0.8895967917851153,0.5263157894736842
CVCL_1478,Cysteamine (hydrochloride),unclear,17,1.9437595514829753,0.05080861543548054,56,3.918783634944702,0.4960109392491131,Idarubicin (hydrochloride),3.2094599093170713,0.8189939043068296,0.8289473684210527
CVCL_1478,DTP3,unclear,12,2.6383855911357434,0.08143109605334842,120,4.811045810788615,0.5484016770780376,Gallic acid,3.785526387127239,0.7868406446345446,0.5526315789473685
CVCL_1478,Dapagliflozin ((2S)-1,2-propanediol, hydrate),Glucose transporter inhibitor,8,2.9541952760638592,0.10934281547724944,147,5.374825810978096,0.5496355379610457,Gallic acid,4.478399109169615,0.8332175342357092,0.07894736842105263
CVCL_1478,Darinaparsin,unclear,11,2.801860941543874,0.07349191503493224,80,4.412800387231669,0.634939425234595,Gallic acid,3.8817827969508274,0.879664262218312,0.6578947368421053
CVCL_1478,Delamanid,unclear,13,2.3943024282147474,0.08193320616168587,126,4.049759065916332,0.5912209564183031,Idarubicin (hydrochloride),3.5830601191696574,0.8847588364763435,0.881578947368421
CVCL_1478,Demeclocycline,unclear,14,2.1632834610992697,0.07644594410193706,133,3.7205654706005484,0.5814394285474265,S-Adenosyl-L-methionine (disulfate tosylate),3.306602541043881,0.8887365555510979,0.9342105263157895
CVCL_1478,Diammonium Glycyrrhizinate,unclear,11,2.307857839135243,0.0725700202446472,128,4.618538718075089,0.49969437954546586,Gallic acid,3.8885837171810462,0.8419510920115718,0.3026315789473684
CVCL_1478,Docetaxel,Microtubule inhibitor,10,2.5659741263115974,0.08408944210128289,105,4.386541824551953,0.5849651568234366,Gallic acid,3.7952104735200827,0.8651941837822851,0.631578947368421
CVCL_1478,Elagolix sodium,unclear,8,2.992315116044016,0.09370898515500126,132,5.489670694509383,0.5450809861940985,Gallic acid,4.3846477243598985,0.7987086964515563,0.10526315789473684
CVCL_1478,Eplerenone,unclear,8,2.776709896698411,0.10227933574337422,160,5.467899281917214,0.5078202347071782,Amsacrine,4.183289199753308,0.7650633239693687,0.039473684210526314
CVCL_1478,Erdafitinib,Other TK inhibitor,8,2.7825631349778006,0.11874246825065993,196,5.387802817472354,0.516456007995337,Gallic acid,4.333904994256552,0.8043919091103209,0.18421052631578946
CVCL_1478,Fluvoxamine (maleate),unclear,14,2.155265901535725,0.0636737579856409,117,3.796700442754473,0.5676681460737257,Gallic acid,3.310950038035902,0.8720598551182607,0.9473684210526315
CVCL_1478,Furosemide,unclear,13,2.257763248632081,0.07271177094129577,116,4.090140365650884,0.5520014099254005,Gallic acid,3.5937914917048253,0.8786474718289841,0.7763157894736842
CVCL_1478,Gallic acid,Cyclooxygenase inhibitor,29,1.7234251225596833,0.046397325817489676,55,2.713546487085361,0.6351190704718039,Amsacrine,2.8759346494718567,1.0598435159151882,1.0
CVCL_1478,Gallic acid (hydrate),Cyclooxygenase inhibitor,8,3.046889378202874,0.09532909964286962,113,5.491072989882622,0.554880509477257,Gallic acid,4.206831413834947,0.7661219258214363,0.25
CVCL_1478,Gemfibrozil,unclear,13,2.3153438944808467,0.08762969481892013,152,3.753673727522908,0.6168207634840891,Gallic acid,3.61074775761154,0.9619237098676431,0.9078947368421053
CVCL_1478,Idarubicin (hydrochloride),DNA synthesis/repair inhibitor,22,1.8373356296049173,0.054475312238783324,76,3.0031703566539156,0.6117986698736755,Gallic acid,2.915015758695084,0.9706461547332759,1.0
CVCL_1478,Larotrectinib,Other TK inhibitor,13,2.245150395373347,0.07144455205657696,110,4.34722363723812,0.516456152874559,Gallic acid,3.6673554564733766,0.8436086483011771,0.4473684210526316
CVCL_1478,Lidocaine (hydrochloride),unclear,12,2.622011114379596,0.06884405790450121,95,4.350633506469999,0.6026734061787323,Amsacrine,3.8004511336976052,0.8735397104917719,0.6578947368421053
CVCL_1478,Lipoic acid,unclear,9,2.5738721516861056,0.09514159903312258,151,4.833632220501504,0.5324923441153036,Amsacrine,3.928920982815637,0.812829938974546,0.32894736842105265
CVCL_1478,Medroxyprogesterone acetate,unclear,15,2.4667713124076722,0.07835994536938806,87,3.825236478078485,0.6448676641415892,Gallic acid,3.5115100557889383,0.9179850908336157,0.9605263157894737
CVCL_1478,Megestrol,unclear,11,2.658418330037952,0.08886380232023916,116,4.4402397711651185,0.598710535251204,Gallic acid,4.05065618952545,0.9122606882246266,0.6052631578947368
CVCL_1478,Mitoxantrone (dihydrochloride),DNA synthesis/repair inhibitor,13,2.2710375504670974,0.06753194571267096,104,4.2143068150766485,0.5388875680200784,Gallic acid,3.6045234179721493,0.8553063590617076,0.5921052631578947
CVCL_1478,Neratinib (maleate),EGFR/ERBB inhibitor,10,2.616386248503798,0.08975900920293234,126,4.728417496396094,0.5533323253494336,Gallic acid,3.7941672112810942,0.8024179789904198,0.4868421052631579
CVCL_1478,Norepinephrine (hydrochloride),Adrenoceptor agonist,14,2.1497003411354303,0.0710472116336146,112,3.926248320921448,0.5475202191569276,Gallic acid,3.2074551704952325,0.8169262125892429,0.868421052631579
CVCL_1478,Omeprazole,unclear,9,2.7380524509217183,0.08176656115444558,139,4.931750531274496,0.5551887577359135,Idarubicin (hydrochloride),4.232975063359819,0.8583108647764277,0.2894736842105263
CVCL_1478,Pasireotide (acetate),unclear,11,2.309336284507619,0.07767555862399722,120,4.514930817838832,0.5114887420607326,Gallic acid,3.634744510480399,0.8050498794176977,0.5131578947368421
CVCL_1478,Pentamidine (isethionate),unclear,11,2.5751471950298277,0.10103482119540141,134,4.477416318510273,0.5751413341626965,Gallic acid,4.161013713377603,0.9293336641882916,0.39473684210526316
CVCL_1478,Quinestrol,unclear,8,2.6068601848261275,0.09230535018873831,169,5.206589509242532,0.5006847918773955,Gallic acid,4.007741403331433,0.7697440707044504,0.2236842105263158
CVCL_1478,RMC-6236,RAS inhibitor,13,2.417841366945841,0.08298707979390674,114,4.256963096908711,0.5679732973728644,Gallic acid,3.800910975083379,0.892869138998056,0.6447368421052632
CVCL_1478,Raltitrexed,DNA synthesis/repair inhibitor,8,2.8544623472688126,0.08709829732020036,102,5.173445184681167,0.5517526996750676,Amsacrine,3.975146935047002,0.7683751916068644,0.21052631578947367
CVCL_1478,Rapamycin,MTOR inhibitor,13,2.317013643130421,0.06157867059666622,97,4.202621846753852,0.5513257503575075,Gallic acid,3.6479226701338283,0.8680111614019047,0.5789473684210527
CVCL_1478,Resveratrol,unclear,13,2.4963766902100617,0.06825019815947109,81,3.939332531276907,0.6337054996981629,Gallic acid,3.3984057874949585,0.8626856860934735,0.9210526315789473
CVCL_1478,Retinoic acid,Retinoic receptor agonist,10,2.743437048569325,0.07577116403899586,121,4.785798907490968,0.5732453664685246,Gallic acid,3.871281944778738,0.8089102821932649,0.39473684210526316
CVCL_1478,Riluzole hydrochloride,unclear,13,2.364858794002351,0.07232545174707805,98,4.3053191327223574,0.5492876883454151,Gallic acid,3.628149357266936,0.8427132218123792,0.5921052631578947
CVCL_1478,Rimonabant,unclear,13,2.254648783078907,0.061959035135982554,87,4.279435581325408,0.5268565772827003,Gallic acid,3.784212469385279,0.8842784048202099,0.42105263157894735
CVCL_1478,S-Adenosyl-L-methionine (disulfate tosylate),unclear,18,1.9713110330285157,0.06362165707585521,105,3.451228708210402,0.5711910741640528,Idarubicin (hydrochloride),3.1455193351309254,0.9114201349936039,0.9605263157894737
CVCL_1478,Saquinavir,unclear,10,2.4879576386491173,0.08096930029471139,157,4.576994927375683,0.5435788499061415,Gallic acid,3.7649240009253724,0.8225755240423811,0.618421052631579
CVCL_1478,Selinexor,unclear,15,2.3204985346426836,0.07830808937014977,106,3.8346042135588347,0.6051468170919956,Gallic acid,3.679645807119121,0.95958946535035,0.9078947368421053
CVCL_1478,Sinomenine,unclear,10,2.7700896052756914,0.08434810114236568,93,4.727453844131153,0.5859580435067789,Gallic acid,4.188006473283551,0.8858905049877338,0.3684210526315789
CVCL_1478,Sodium Salicylate,Cyclooxygenase inhibitor,11,2.4200293352821927,0.08662180480258486,155,4.705555858247263,0.5142919153835337,Amsacrine,3.883042267750218,0.8252037346330818,0.3684210526315789
CVCL_1478,Sonidegib,Sonic inhibitor,8,2.9644568833061467,0.10246005849916118,146,4.989276208008687,0.5941657185761051,Gallic acid,4.184955437295629,0.8387900895480633,0.5394736842105263
CVCL_1478,Sulfisoxazole,unclear,10,2.4979712181601563,0.07389663153444304,118,4.905528459148164,0.5092155185649304,Idarubicin (hydrochloride),3.651999655901838,0.7444661031557854,0.40789473684210525
CVCL_1478,TAK-901,unclear,14,2.398422672806784,0.07119168486451333,83,4.0349850887190355,0.5944068243305946,Amsacrine,3.5727988668591157,0.8854552837996614,0.9605263157894737
CVCL_1478,Terfenadine,unclear,8,2.8199979408944236,0.11905176378695292,202,5.046231911091809,0.5588324101189169,Gallic acid,4.029832509311415,0.7985825028084205,0.39473684210526316
CVCL_1478,Tolcapone,unclear,8,2.7837632285086436,0.08838490652513731,103,5.258826527590426,0.5293506476974728,Gallic acid,4.0462514210710685,0.7694209725006932,0.14473684210526316
CVCL_1478,Triclosan,unclear,8,2.7342953198749522,0.12236994230264531,171,5.268101188770521,0.5190286256656143,Amsacrine,4.015499025852238,0.7622289098037205,0.32894736842105265
CVCL_1478,Trifluridine,DNA synthesis/repair inhibitor,12,2.419733657168808,0.0950796285711416,144,4.601016008886086,0.5259128967374816,S-Adenosyl-L-methionine (disulfate tosylate),3.713815375392061,0.8071728870796044,0.3684210526315789
CVCL_1478,Tucidinostat,HDAC inhibitor,14,2.35851600241009,0.09262913886984192,156,3.915937812905033,0.6022863781538013,Idarubicin (hydrochloride),3.698160178786328,0.944386850730618,0.8289473684210527
CVCL_1478,Vemurafenib,RAF inhibitor,8,2.9270007895351404,0.09074684170808511,125,5.028912882203394,0.582034498925877,Amsacrine,4.193635943225009,0.833905068840164,0.35526315789473684
CVCL_1478,Vilanterol,Adrenoceptor agonist,9,2.660678829093656,0.08617510604768519,133,4.93279258002797,0.5393859129342449,Gallic acid,4.112732323387474,0.8337533469457487,0.2236842105263158
CVCL_1478,palbociclib,CDK inhibitor,10,2.697289911818829,0.0886773872732387,120,4.8981355455480715,0.5506768619889262,Gallic acid,4.029513889099571,0.8226627972274078,0.2894736842105263
CVCL_1517,18β-Glycyrrhetinic acid,unclear,14,2.36052907646237,0.07494240886638359,144,4.128843899511327,0.5717167163286926,Bexarotene,3.421080315754713,0.8285806872378049,0.788235294117647
CVCL_1517,AT7519,CDK inhibitor,13,2.4156724629723714,0.07457940743616165,142,4.421533506809119,0.5463426793559879,Adenosine,3.8578327483960506,0.8725101240225874,0.5411764705882353
CVCL_1517,Acetohexamide,unclear,17,2.1837929272991965,0.06461935481639203,152,3.677875018599389,0.593764855046877,Norepinephrine (hydrochloride),3.350596353450083,0.9110141961066582,0.7529411764705882
CVCL_1517,Adagrasib,RAS inhibitor,9,3.028177804867188,0.08492634530604115,170,5.1941318569512935,0.5829997944342875,Bexarotene,4.261978655588506,0.8205372472176868,0.18823529411764706
CVCL_1517,Adenine,unclear,14,2.3764528504487132,0.057918175963135865,116,4.365883468963122,0.5443234725211551,Bexarotene,3.5052321826904773,0.8028689285018765,0.611764705882353
CVCL_1517,Adenosine,unclear,22,2.131253960377446,0.051725749683753874,73,3.378998883893553,0.6307353253463182,Norepinephrine (hydrochloride),3.099888571616376,0.9173985189496233,0.9882352941176471
CVCL_1517,Aliskiren,unclear,16,2.4337642981555963,0.050130039361631185,97,3.945220594014244,0.6168892816407135,Bexarotene,3.361218876643057,0.8519723540282527,0.8470588235294118
CVCL_1517,Almonertinib (hydrochloride),EGFR/ERBB inhibitor,8,3.0533009030718046,0.08546468215192216,198,5.731865787023795,0.5326888340589,Bexarotene,4.684521148971861,0.8172768384732617,0.07058823529411765
CVCL_1517,Amsacrine,DNA synthesis/repair inhibitor,15,3.187548863356646,0.0660569158512111,112,4.507289585976837,0.7071985951987214,Adenosine,4.110918926183897,0.9120600857273216,0.8705882352941177
CVCL_1517,Anastrozole,unclear,14,2.8434374322302163,0.05466984156161958,105,3.9090282798211557,0.7274026250739501,Bexarotene,3.9724874012283276,1.0162339888239629,0.9647058823529412
CVCL_1517,Anethole trithione,unclear,9,4.0189110576325655,0.07358274471615223,123,5.5377880718805,0.7257249655398677,Pasireotide (acetate),5.287954987072249,0.9548857627692832,0.27058823529411763
CVCL_1517,Aprepitant,unclear,10,2.8642608304802617,0.09718262901312957,164,5.1887808879894255,0.5520103647294538,Bexarotene,3.8845762769672243,0.7486491260324618,0.5529411764705883
CVCL_1517,Ataluren,unclear,8,3.1028369115304626,0.10677940075027148,216,5.717374561658213,0.5427031022838121,Bexarotene,4.027341235530129,0.7044039518659903,0.3058823529411765
CVCL_1517,Baicalin,unclear,10,3.142906996816687,0.07328595309751718,137,5.004183561516092,0.6280558972669853,Bexarotene,4.286250909845844,0.8565335098433641,0.38823529411764707
CVCL_1517,Berbamine,unclear,12,2.671007476182099,0.06004298027955812,112,4.807467845612602,0.5555954947508838,Bexarotene,3.958077495110234,0.8233185581724608,0.2823529411764706
CVCL_1517,Berbamine (dihydrochloride),unclear,8,3.1474901713495735,0.12194137759954271,215,5.103139320519165,0.6167752776597456,Bexarotene,4.026817903898316,0.7890864134762933,0.5294117647058824
CVCL_1517,Berberine (chloride hydrate),unclear,15,2.6665187259577707,0.061530157343742564,100,4.158827273135126,0.6411708279357367,Pasireotide (acetate),3.977422418584816,0.9563807673085788,0.6705882352941176
CVCL_1517,Bergenin,unclear,17,2.3999006927714577,0.07756358290514132,180,3.6249459541886435,0.66205144107,Norepinephrine (hydrochloride),3.3639216059018104,0.9279922096534382,0.8470588235294118
CVCL_1517,Bexarotene,Retinoic receptor agonist,53,1.7871017758796695,0.03589602641083167,80,2.1259451482871348,0.8406151858243051,Fulvestrant,2.4054128761137226,1.1314557565380996,1.0
CVCL_1517,Busulfan,DNA synthesis/repair inhibitor,18,2.266658860941318,0.0697874914996589,133,3.83110842104216,0.5916457097616487,Norepinephrine (hydrochloride),3.2021083829104247,0.835817740193155,0.788235294117647
CVCL_1517,CP21R7,GSK3 inhibitor,24,2.043387178444327,0.05250304543726858,69,3.3401018504695434,0.611773912869475,Gemfibrozil,3.0239090995476428,0.9053343984473254,0.9764705882352941
CVCL_1517,Cepharanthine,unclear,23,2.041890044333826,0.05498755409300926,107,3.0835604546564634,0.6621858317226704,CP21R7,3.0867370438462074,1.001030169259353,0.9882352941176471
CVCL_1517,Chlorhexidine (diacetate),unclear,19,2.2061380703995166,0.06114401201591779,96,3.7984112608770264,0.5808054786279606,Bexarotene,3.293878684737403,0.8671727357866114,0.8117647058823529
CVCL_1517,Ciclopirox,unclear,24,1.9618655815535642,0.051364872475267886,81,3.429045881223632,0.5721316218882103,Bexarotene,3.0010533125492187,0.8751861061358307,0.8941176470588236
CVCL_1517,Clonidine (hydrochloride),Adrenoceptor agonist,10,3.004607744836062,0.058455717233637405,91,4.878112588596257,0.6159365308336762,Bexarotene,3.8302280669923063,0.7851864829742494,0.6235294117647059
CVCL_1517,Cloxacillin (sodium),unclear,9,2.88392410697089,0.06836004699424525,138,5.298200974255806,0.5443213877661502,Bexarotene,4.221867355917679,0.7968492279609475,0.16470588235294117
CVCL_1517,Darinaparsin,unclear,18,2.1419487451277504,0.06195839386044666,134,3.8183918038749916,0.5609557256418924,Bexarotene,3.1463005411729745,0.8239857779864384,0.7764705882352941
CVCL_1517,Demeclocycline,unclear,14,2.3354538706517265,0.0696068332373897,110,4.1508195650150626,0.5626488538157528,Norepinephrine (hydrochloride),3.6013001834029836,0.8676118359266516,0.5529411764705883
CVCL_1517,Diammonium Glycyrrhizinate,unclear,23,2.0468029813769766,0.05652348832341758,121,3.2629891402187114,0.6272785147056247,Norepinephrine (hydrochloride),3.02498758676265,0.9270602679847997,0.9529411764705882
CVCL_1517,Docetaxel,Microtubule inhibitor,17,2.527061171379704,0.06408364136309064,103,4.096628306829806,0.6168636698542176,Bexarotene,3.824317332379533,0.9335280249867233,0.6235294117647059
CVCL_1517,Docetaxel (Trihydrate),Microtubule inhibitor,9,3.0429440435110395,0.10900520599012009,167,5.4640383803815284,0.5569038560264588,Bexarotene,4.535972714872678,0.8301502293905834,0.10588235294117647
CVCL_1517,Elagolix sodium,unclear,17,2.462135823403844,0.08292056067952691,172,3.743220547275732,0.6577586846160468,Gemfibrozil,3.144600662741333,0.840078916811336,0.8823529411764706
CVCL_1517,Erdafitinib,Other TK inhibitor,11,2.6294610359485087,0.0699632399810014,125,5.0308656737800215,0.5226657212600194,Bexarotene,3.959350205713307,0.7870117117912205,0.27058823529411763
CVCL_1517,Estrone sulfate (potassium),unclear,10,2.8918688108358555,0.11266828995068279,230,5.029016944989965,0.5750366010830027,Bexarotene,4.126894107368203,0.8206164649096124,0.5294117647058824
CVCL_1517,Fluvoxamine (maleate),unclear,19,2.1229799269223597,0.05863566672112375,115,3.7815502838148394,0.5614046535382021,Bexarotene,3.3051198773147514,0.8740118811749705,0.7058823529411765
CVCL_1517,Fulvestrant,unclear,35,2.0837511018877564,0.03630810468624013,88,2.7219358777736984,0.7655401138957321,Bexarotene,2.4054128761137226,0.8837140124260151,0.9882352941176471
CVCL_1517,Furosemide,unclear,11,2.645317502968663,0.08508762667555758,168,4.63990003687783,0.5701238134321288,Norepinephrine (hydrochloride),3.9600660361930333,0.8534808950017264,0.35294117647058826
CVCL_1517,Gallic acid,Cyclooxygenase inhibitor,13,2.563648838456604,0.0752457976756522,131,4.3933282270742025,0.5835322803012833,CP21R7,3.8743899199114837,0.8818803694281879,0.5058823529411764
CVCL_1517,Gallic acid (hydrate),Cyclooxygenase inhibitor,10,2.7904159950539613,0.10781068507033231,256,4.957878110953825,0.5628246464730302,Gemfibrozil,3.844892142522132,0.7755116314834997,0.47058823529411764
CVCL_1517,Gemfibrozil,unclear,27,2.0042166721505574,0.05366197362957059,106,2.9413433953015145,0.6813949963652942,Norepinephrine (hydrochloride),2.838045611399762,0.964880746645645,0.9882352941176471
CVCL_1517,HI-TOPK-032,unclear,12,2.9636523588494064,0.06282580890529865,110,4.538435813298722,0.6530118483035902,Fulvestrant,3.8741531944078478,0.8536318136428492,0.6235294117647059
CVCL_1517,Idarubicin (hydrochloride),DNA synthesis/repair inhibitor,24,2.477129265314763,0.07933034923625759,89,3.473392787201116,0.7131728016602612,Terfenadine,3.5933654042300875,1.034540469327584,0.9882352941176471
CVCL_1517,Isocorydine,unclear,10,2.901574326991945,0.11422531326449747,209,5.02376367003035,0.5775698296282349,Terfenadine,4.088863823024201,0.8139044930430612,0.3411764705882353
CVCL_1517,Ixazomib,Proteasome inhibitor,13,2.9054166299273003,0.11696840739560743,221,4.259785567363706,0.6820570153077924,CP21R7,3.9651450428021855,0.9308320759573192,0.6823529411764706
CVCL_1517,Larotrectinib,Other TK inhibitor,13,2.703233692543784,0.06837572276620563,87,4.489503145487138,0.6021231314340614,Bexarotene,4.077480127227864,0.9082252523481489,0.4470588235294118
CVCL_1517,Lenalidomide (hemihydrate),unclear,15,2.373560287237579,0.06589526498581988,95,3.942398380274214,0.6020599793043964,Bexarotene,3.4797676714491947,0.8826524708563722,0.8117647058823529
CVCL_1517,Lidocaine (hydrochloride),unclear,18,2.4963937761864012,0.08515570375184922,167,3.5894806670498762,0.6954749190049653,Gemfibrozil,3.2099762514580523,0.8942731690755333,0.9647058823529412
CVCL_1517,Lipoic acid,unclear,10,3.124745299022988,0.07145704514468798,118,4.731981534131783,0.6603460466792189,Ciclopirox,4.236415912167389,0.8952731285213438,0.7294117647058823
CVCL_1517,Medroxyprogesterone acetate,unclear,10,3.030113599123024,0.09039526156774091,131,5.192885370830303,0.5835125142842373,Bexarotene,4.180333902356951,0.8050117812803843,0.43529411764705883
CVCL_1517,Megestrol,unclear,9,2.9900350127626956,0.096303999705452,204,5.1366373601137285,0.5820996895713296,Bexarotene,4.250540491186514,0.827494758378739,0.27058823529411763
CVCL_1517,Mitoxantrone (dihydrochloride),DNA synthesis/repair inhibitor,9,2.9607657874558035,0.09198386182806317,158,5.0253409902610455,0.589167141731014,Bexarotene,4.185347691518457,0.8328484971725363,0.43529411764705883
CVCL_1517,Neratinib (maleate),EGFR/ERBB inhibitor,18,2.105926600683635,0.05733157853945192,119,3.8019124323766817,0.5539124422618964,Bexarotene,3.37657302873998,0.8881248815689292,0.7058823529411765
CVCL_1517,Norepinephrine (hydrochloride),Adrenoceptor agonist,30,1.9054012382362329,0.04614905996831942,105,2.9242626684045687,0.6515834773747563,Gemfibrozil,2.838045611399762,0.9705166509368854,0.9882352941176471
CVCL_1517,Palmatine (chloride),unclear,16,2.176863280792175,0.06419242864185826,137,3.924914587223873,0.5546269179661028,Gemfibrozil,3.2914575554899983,0.8386061613172774,0.7176470588235294
CVCL_1517,Pasireotide (acetate),unclear,18,2.227262676355147,0.05340699278291838,84,4.093636896238467,0.5440791972540894,Adenosine,3.5805303991466038,0.8746575453325275,0.5058823529411764
CVCL_1517,Pentamidine (isethionate),unclear,19,2.044843933997874,0.051201076408677326,83,3.748920644737095,0.545448711182649,Bexarotene,3.278733201566542,0.8745805825923194,0.6823529411764706
CVCL_1517,RMC-6236,RAS inhibitor,19,2.3015511578121894,0.05000483538668299,87,3.827943378285069,0.6012500526701343,Bexarotene,3.413996609841206,0.8918618360992288,0.8588235294117647
CVCL_1517,Radotinib,Other TK inhibitor,8,3.06132914964853,0.1037221924923456,163,5.4566897895550674,0.5610231234893321,Bexarotene,4.2427240098983425,0.7775270674209042,0.2
CVCL_1517,Raltitrexed,DNA synthesis/repair inhibitor,9,2.8910085827451417,0.08813788077856355,165,5.813020889029123,0.49733325201038303,Bexarotene,4.645975834680534,0.7992360466911197,0.011764705882352941
CVCL_1517,Rapamycin,MTOR inhibitor,14,2.43558281480493,0.07371124334642942,152,4.136612806819732,0.5887867510320429,Bexarotene,3.6619465384924905,0.8852524298274438,0.6705882352941176
CVCL_1517,Resveratrol,unclear,15,2.3145054581670466,0.07162733921107267,167,4.149796428968221,0.5577395175364085,Bexarotene,3.4190205851279023,0.8239007969790908,0.611764705882353
CVCL_1517,Retinoic acid,Retinoic receptor agonist,11,2.617323285918882,0.08655415760343987,163,4.781874762128594,0.5473424997759272,Adenosine,4.1499081784568075,0.8678412515783925,0.3411764705882353
CVCL_1517,Riluzole hydrochloride,unclear,15,2.452169619621997,0.06436713217559342,99,4.060876320344314,0.6038523279660194,Bexarotene,3.746348300793838,0.9225467621422639,0.6823529411764706
CVCL_1517,Ritonavir,unclear,14,2.5475922220796967,0.08825997877662262,176,4.196674267104038,0.6070502640743883,Norepinephrine (hydrochloride),3.4723603147892597,0.8274076313255069,0.6470588235294118
CVCL_1517,S-Adenosyl-L-methionine (disulfate tosylate),unclear,22,2.0262840924916827,0.05495259622297155,100,3.4311612544343584,0.5905534430574947,Bexarotene,3.058816286090138,0.8914813555139649,0.8941176470588236
CVCL_1517,Saquinavir,unclear,13,2.214030902363742,0.06494536864108313,168,4.902103117599668,0.4516491900006889,Gemfibrozil,3.6687445789507254,0.7484021635079637,0.17647058823529413
CVCL_1517,Selinexor,unclear,22,1.960181293252794,0.04918067333659848,98,3.204144981015667,0.6117642319142018,Bexarotene,2.887191267593031,0.901080096156521,0.9882352941176471
CVCL_1517,Sinomenine,unclear,14,2.658332057057338,0.05558938937725444,117,4.439460110126906,0.5987962479927198,Bexarotene,4.101930674425823,0.9239706118923919,0.4
CVCL_1517,Sodium Salicylate,Cyclooxygenase inhibitor,14,2.450630935826305,0.07968539496396321,155,4.219625925778665,0.5807697125128646,CP21R7,3.586128487445146,0.8498688155119776,0.6470588235294118
CVCL_1517,Sulfisoxazole,unclear,13,2.5294263778478574,0.08641836390495805,183,4.300980461054079,0.5881045963245201,Terfenadine,3.9496620704174576,0.9183166736473569,0.5882352941176471
CVCL_1517,TAK-901,unclear,12,2.999755403790292,0.07009009131812804,99,5.126922716881914,0.5850986194725946,Bexarotene,4.131914018460318,0.8059247713749936,0.35294117647058826
CVCL_1517,Terfenadine,unclear,21,2.0987086368265704,0.05931913942677469,104,3.285320777944857,0.6388139176288972,Norepinephrine (hydrochloride),3.085567686015815,0.9391982989088822,0.9764705882352941
CVCL_1517,Thymol,unclear,18,2.1193638445740035,0.06049367890832913,104,3.9571741122802395,0.5355750807115142,Bexarotene,3.1102655741516645,0.7859814822147005,0.7176470588235294
CVCL_1517,Tofacitinib (citrate),JAK/STAT inhibitor,14,2.4767692199844147,0.0779088362830227,132,4.335694244226173,0.5712508955821132,Trifluridine,3.80656519547557,0.8779597870732601,0.5647058823529412
CVCL_1517,Tolcapone,unclear,12,2.6073949283689757,0.06636686828689176,136,4.137544328095522,0.6301793338294307,Bexarotene,3.5081368960823602,0.8478789876064305,0.9411764705882353
CVCL_1517,Triclosan,unclear,19,2.1309753384785846,0.058489829078152034,78,3.759649335685057,0.5668016211651008,Bexarotene,3.331071476684228,0.8860058955677215,0.7764705882352941
CVCL_1517,Trifluridine,DNA synthesis/repair inhibitor,22,1.9649956290705763,0.050551049049699315,75,3.2527515397219955,0.6041025897841923,Selinexor,3.0959631168521553,0.9517982173076642,0.9647058823529412
CVCL_1517,Tucidinostat,HDAC inhibitor,17,2.0980910050375736,0.05749869721963652,116,3.736561909411687,0.5615030757961972,Cepharanthine,3.44464017654328,0.9218742416302239,0.7176470588235294
CVCL_1517,Valdecoxib,Cyclooxygenase inhibitor,8,3.013800931525358,0.09377666367276649,196,5.870082667666822,0.513417119000004,Bexarotene,4.20691277543359,0.7166701073233281,0.058823529411764705
CVCL_1517,Vemurafenib,RAF inhibitor,18,2.1042592367600577,0.04865346520620262,87,3.9644665565575754,0.5307799187457966,Bexarotene,3.288908533799854,0.8295967406660829,0.7647058823529411
CVCL_1517,Verteporfin,unclear,8,3.171445761707415,0.12816297495667084,231,5.6173389346558285,0.5645815213572702,Bexarotene,4.345340206827409,0.7735584869232474,0.3411764705882353
CVCL_1517,Vilanterol,Adrenoceptor agonist,11,2.566526708551886,0.08158561635475747,173,4.483830322925739,0.5723960372517408,Gemfibrozil,3.93182054680119,0.8768887900815218,0.5058823529411764
CVCL_1517,Vinblastine (sulfate),Microtubule inhibitor,12,2.4761200702082857,0.06997705074588423,139,4.6432509556489645,0.5332729361086646,Bexarotene,3.696772882737115,0.7961604742124982,0.36470588235294116
CVCL_1517,Vitamin K4,unclear,11,2.5644067919777025,0.07871832056530348,183,4.683423853027594,0.5475495860405513,Bexarotene,3.8352384764066825,0.8188963025260669,0.4823529411764706
CVCL_1517,Volasertib,unclear,15,2.736263687821057,0.05777982567090778,91,4.2473044904818185,0.6442353483139732,Bexarotene,3.8021809800909887,0.8951985873891668,0.6588235294117647
CVCL_1517,palbociclib,CDK inhibitor,11,2.574342934782956,0.07539184238545127,150,4.999573874507621,0.5149124704225894,Bexarotene,4.0443762326944155,0.8089441888870424,0.18823529411764706
CVCL_0459,(R)-Verapamil (hydrochloride),unclear,19,1.8506988352556852,0.08539996643880732,80,3.5593099290600088,0.5199600125141233,Adenine,3.1134883875165356,0.8747449504457141,0.4636363636363636
CVCL_0459,18β-Glycyrrhetinic acid,unclear,12,2.431794688868815,0.14169714622906948,161,4.316541454041202,0.5633664624237854,Aprepitant,3.5345389540147285,0.8188358646957155,0.3181818181818182
CVCL_0459,8-Hydroxyquinoline,unclear,22,1.7891784539221107,0.0825837274370751,82,3.5921413203865993,0.49808130982150584,Adenine,2.9987263570616443,0.8348018882338711,0.41818181818181815
CVCL_0459,AT7519,CDK inhibitor,18,2.0373176128747756,0.10482275554878806,99,3.7000040015266267,0.5506257863597379,Neratinib (maleate),3.269910135062423,0.8837585401835386,0.35454545454545455
CVCL_0459,Abiraterone acetate,unclear,30,1.6845330537820464,0.07334266816394508,52,2.8075530977368195,0.6000004256873915,Canagliflozin (hemihydrate),2.701518638312729,0.9622324295452986,0.9727272727272728
CVCL_0459,Acetohexamide,unclear,16,2.0500672484726965,0.1142583963105257,126,3.64144764665225,0.5629813874593028,Adenine,3.1546599354252067,0.8663202774109441,0.5272727272727272
CVCL_0459,Adagrasib,RAS inhibitor,17,2.107556624992178,0.08676280839232564,64,3.9434936004242473,0.5344389616266764,Gallic acid,3.1888738422716068,0.8086418200167848,0.2
CVCL_0459,Adenine,unclear,31,1.6337978883900992,0.06815457288890248,50,2.539058130507644,0.6434661218502499,Canagliflozin (hemihydrate),2.614523089243336,1.0297216348964031,0.990909090909091
CVCL_0459,Adenosine,unclear,23,1.7683640476995552,0.08268433312920842,77,3.036442262032104,0.5823802644994468,Gallic acid,2.6990136316681728,0.8888736879396115,0.7818181818181819
CVCL_0459,Aliskiren,unclear,23,2.1473324236941242,0.08716921494953311,71,3.277195520367026,0.6552347610476521,Canagliflozin (hemihydrate),2.934206127729673,0.8953405768725876,0.8545454545454545
CVCL_0459,Almonertinib (hydrochloride),EGFR/ERBB inhibitor,23,1.9659340969870245,0.08670281059095741,81,3.084341993963011,0.6373917356878555,Tolcapone,2.957368975087736,0.9588330285280299,0.8636363636363636
CVCL_0459,Amsacrine,DNA synthesis/repair inhibitor,21,2.027738157368703,0.10283485887195354,97,3.347938989639945,0.6056675953903141,Adenine,2.956282145700321,0.8830155372748459,0.8181818181818182
CVCL_0459,Anastrozole,unclear,29,2.0278197166359218,0.07132539882755518,57,2.911970636912645,0.6963736828012368,Vitamin K4,2.7828597914685376,0.9556620373133314,0.9727272727272728
CVCL_0459,Anethole trithione,unclear,22,2.436917327044183,0.07596976586119086,64,3.2632593390967166,0.7467740298320058,Anastrozole,3.176656208393542,0.973461155947493,0.8
CVCL_0459,Aprepitant,unclear,30,1.7051302214837343,0.06764024972002047,56,2.655893337278424,0.6420175831424894,Canagliflozin (hemihydrate),2.776291428942825,1.0453324273134312,0.990909090909091
CVCL_0459,Ataluren,unclear,19,2.0109289756907507,0.09728705212363109,87,3.511324842102809,0.5726980744072873,Aprepitant,3.071427543152466,0.8747204207153606,0.5636363636363636
CVCL_0459,Azithromycin (hydrate),unclear,26,1.879233422780965,0.08589989972162637,82,3.0653809387909625,0.6130505344377087,Abiraterone acetate,2.721341013151921,0.887766012606989,0.9090909090909091
CVCL_0459,Baicalin,unclear,22,2.194491486772186,0.07549613013704859,55,3.3445431238577474,0.6561408854674775,Vitamin K4,2.9896632977828683,0.8938928837414586,0.8636363636363636
CVCL_0459,Benztropine (mesylate),unclear,17,2.033292371143138,0.11312190395015964,98,3.6490424993600947,0.5572125760387009,Adenine,3.0825661014221026,0.8447602629902692,0.5181818181818182
CVCL_0459,Berbamine,unclear,15,2.179536519599231,0.10107151826940397,110,3.813733619823249,0.571496789463823,Gallic acid,3.3482945135965134,0.8779571011967252,0.4090909090909091
CVCL_0459,Berbamine (dihydrochloride),unclear,25,1.9254735638046505,0.08476741743720373,71,2.9601098070289753,0.6504736950070187,S-Adenosyl-L-methionine (disulfate tosylate),2.841414942341264,0.9599018710705047,0.9363636363636364
CVCL_0459,Berberine (chloride hydrate),unclear,26,1.9077451967326484,0.05806809653421918,41,3.2491217311388763,0.5871571934191425,Gallic acid,2.857815959614788,0.8795656783881322,0.7272727272727273
CVCL_0459,Bergenin,unclear,9,2.64629081901167,0.14681494227300962,188,4.931066580242116,0.5366568826336425,Gallic acid,4.00994789019703,0.8132009221421101,0.03636363636363636
CVCL_0459,Budesonide,Glucocorticoid receptor agonist,20,2.4421534121271113,0.09556523793597738,80,3.6109932203592026,0.676310716497047,Carbamazepine,3.3562900187445024,0.9294645029576202,0.6
CVCL_0459,Busulfan,DNA synthesis/repair inhibitor,23,1.824381481445793,0.09015084186427968,80,3.0276199700881787,0.6025794186423795,Adenine,2.685941430532128,0.8871461600426359,0.9363636363636364
CVCL_0459,Cabozantinib (S-malate),Multi-TK inhibitor,18,1.8274851491861965,0.0842385175422129,91,3.5425966866471486,0.5158603450611251,Aprepitant,3.006567817695899,0.8486904052692015,0.5727272727272728
CVCL_0459,Canagliflozin,Glucose transporter inhibitor,16,2.3128293273124916,0.1422711075347609,150,3.5559056143931125,0.6504192119022886,S-Adenosyl-L-methionine (disulfate tosylate),3.205766731771784,0.9015331337243363,0.7909090909090909
CVCL_0459,Canagliflozin (hemihydrate),Glucose transporter inhibitor,30,1.5882820807216804,0.0647134249426845,58,2.709204096695186,0.5862541263167074,Adenine,2.614523089243336,0.9650520949797226,0.9727272727272728
CVCL_0459,Carbamazepine,HDAC inhibitor,24,1.9688395335158957,0.07947787733247225,80,2.9021146888001255,0.6784154813433335,Abiraterone acetate,2.828281554763449,0.9745588503715535,0.9636363636363636
CVCL_0459,Cepharanthine,unclear,10,2.4741909581812553,0.12566488483962135,144,4.682512151769269,0.5283896502535272,Abiraterone acetate,3.6795822934932216,0.7858137201209197,0.1
CVCL_0459,Chlorhexidine (diacetate),unclear,25,1.5923518493936764,0.0661134595780889,73,2.816730257972814,0.5653192544392531,Adenine,2.7290973542289603,0.9688884288810379,0.8909090909090909
CVCL_0459,Ciclopirox,unclear,19,1.9519176893305386,0.10720158944578817,111,3.387677736335048,0.5761816327435609,S-Adenosyl-L-methionine (disulfate tosylate),3.0685231872087626,0.9057895780040867,0.5818181818181818
CVCL_0459,Citalopram (hydrobromide),unclear,30,1.8317557195160856,0.07971474334254702,50,2.775456018594149,0.6599836953798764,Canagliflozin (hemihydrate),2.7741881427335082,0.9995431828671949,0.9818181818181818
CVCL_0459,Clonidine (hydrochloride),Adrenoceptor agonist,24,2.457340632383265,0.07153948795749654,57,3.1148801097308523,0.7889037605995041,palbociclib,3.031363222970296,0.9731877684474434,0.990909090909091
CVCL_0459,Clotrimazole,unclear,11,2.3436752448390843,0.15168492582508641,180,4.346948971784356,0.5391540733631022,Gallic acid,3.694780475702304,0.8499709795732092,0.18181818181818182
CVCL_0459,Cysteamine (hydrochloride),unclear,12,2.3471142727971013,0.11970458421870311,101,4.490814933161384,0.5226477393814158,Gallic acid,3.514025106221628,0.7824916320361195,0.13636363636363635
CVCL_0459,DTP3,unclear,24,2.2664165786160573,0.07702578880031863,64,3.0785520351866213,0.7361956376607639,Omeprazole,3.0020389597813417,0.9751464082689636,0.9
CVCL_0459,Dapagliflozin ((2S)-1,2-propanediol, hydrate),Glucose transporter inhibitor,11,2.530795357640422,0.16924038940069375,164,4.140868929740535,0.6111749491667683,Estrone sulfate (potassium),3.622091551259956,0.8747177495151759,0.3181818181818182
CVCL_0459,Darinaparsin,unclear,18,2.039497640622378,0.09835021618991036,85,3.7742254007353244,0.5403751562439877,Vitamin K4,3.217859468553657,0.8525880483785436,0.4
CVCL_0459,Delamanid,unclear,23,1.9424779129373828,0.09308973976808399,92,3.0125490163804876,0.6447954547379375,Omeprazole,2.9198577397080365,0.9692316121103923,0.9272727272727272
CVCL_0459,Demeclocycline,unclear,22,1.829277876754958,0.08123799390499742,72,3.274682952991645,0.5586122085754252,Gallic acid,2.811439407309928,0.8585378944063844,0.7181818181818181
CVCL_0459,Dexmedetomidine,Adrenoceptor agonist,22,1.9642838308258637,0.08932542457039538,76,3.232181588689054,0.6077269413636381,Adenine,2.9491316795247946,0.9124275968420876,0.8363636363636363
CVCL_0459,Diammonium Glycyrrhizinate,unclear,17,2.097706488717203,0.12446946307579831,149,3.5622979716704672,0.5888632858338704,S-Adenosyl-L-methionine (disulfate tosylate),3.2495993276208615,0.9122199640410844,0.5727272727272728
CVCL_0459,Docetaxel,Microtubule inhibitor,16,2.2166901012202844,0.11815534818703177,89,3.785057249494649,0.5856424236426647,Gallic acid,3.0778780144388547,0.8131655115255624,0.4090909090909091
CVCL_0459,Docetaxel (Trihydrate),Microtubule inhibitor,15,2.2773780720338523,0.1323695089233754,123,3.697011855358546,0.6160050768387342,Citalopram (hydrobromide),3.4341101138306493,0.928888044774095,0.43636363636363634
CVCL_0459,Elagolix sodium,unclear,8,2.849451844072662,0.19686618869812,211,4.984789361367746,0.5716293382737477,Pentamidine (isethionate),3.8202509554212654,0.7663816218651714,0.16363636363636364
CVCL_0459,Eplerenone,unclear,24,1.7694748820317825,0.08699088163502489,89,2.9774770047139425,0.59428666593574,S-Adenosyl-L-methionine (disulfate tosylate),2.6688344817085565,0.8963409213516198,0.8909090909090909
CVCL_0459,Erdafitinib,Other TK inhibitor,27,1.930425905968331,0.07481895168378727,51,2.990322775324954,0.645557704304531,Gallic acid,2.795204911514117,0.9347502331785459,0.7727272727272727
CVCL_0459,Estrone sulfate (potassium),unclear,26,1.7515211527623158,0.0840006155373717,84,2.905396240095159,0.602851042687709,Canagliflozin (hemihydrate),2.730908975911986,0.9399437289223386,0.9545454545454546
CVCL_0459,Fenofibrate,unclear,24,1.8627125719951518,0.07942532428281812,69,2.9994488322225648,0.6210182857544859,Aprepitant,2.779330843311055,0.9266138543365635,0.9545454545454546
CVCL_0459,Fluvoxamine (maleate),unclear,14,2.246005905351646,0.10818494286800229,96,4.141630772814788,0.5422998882696601,palbociclib,3.398423756102254,0.8205520826262775,0.22727272727272727
CVCL_0459,Furosemide,unclear,17,2.083560901451211,0.10460113345873501,91,3.543028567663687,0.5880734128048916,S-Adenosyl-L-methionine (disulfate tosylate),3.1379095971828894,0.885657436076521,0.5
CVCL_0459,Gallic acid,Cyclooxygenase inhibitor,36,1.591528856803021,0.06544458569561684,47,2.563320335837762,0.6208856671372158,Sivelestat (sodium tetrahydrate),2.6733701372792322,1.0429325199440993,0.990909090909091
CVCL_0459,Gallic acid (hydrate),Cyclooxygenase inhibitor,9,2.608169470967194,0.1664521332353558,208,4.650081825540244,0.5608867905596862,S-Adenosyl-L-methionine (disulfate tosylate),3.873247436172178,0.832941780701286,0.10909090909090909
CVCL_0459,Gemfibrozil,unclear,10,2.628519088338752,0.16669644704923514,140,4.924342746364485,0.5337806939371391,Aprepitant,3.9524746094366803,0.8026400299521576,0.07272727272727272
CVCL_0459,Goserelin (acetate),unclear,10,2.8629400205823137,0.12370126139721083,123,5.091518687674227,0.5622958877698014,Clonidine (hydrochloride),4.169982208593799,0.8190055785690576,0.03636363636363636
CVCL_0459,HI-TOPK-032,unclear,23,2.0072955872632736,0.07951728698800298,64,3.1083802117585155,0.645769002025553,palbociclib,2.8376891953343004,0.9129157316726463,0.8
CVCL_0459,Idarubicin (hydrochloride),DNA synthesis/repair inhibitor,20,2.135715024968841,0.12210178277990114,101,3.1908711623063426,0.6693203568348272,Chlorhexidine (diacetate),3.0248148735467626,0.9479589490415039,0.9363636363636364
CVCL_0459,Isocorydine,unclear,14,2.1651378021133167,0.11124174388420893,94,4.117568585194733,0.5258292017037333,Pentamidine (isethionate),3.3307130582319107,0.8089028729740978,0.2545454545454545
CVCL_0459,Ixazomib,Proteasome inhibitor,13,2.2300723085443774,0.13128715809979974,153,3.8223653601182233,0.5834273017991674,Gallic acid,3.316319317880806,0.8676091910215078,0.5818181818181818
CVCL_0459,Larotrectinib,Other TK inhibitor,12,2.210920696879713,0.11056829387369616,138,4.305945662776161,0.5134576397451034,S-Adenosyl-L-methionine (disulfate tosylate),3.4222364616011123,0.7947700063160348,0.2
CVCL_0459,Lenalidomide (hemihydrate),unclear,9,2.7502312923278813,0.19520755917761468,199,4.848195167564677,0.5672690964933585,Medroxyprogesterone acetate,4.1746632390758265,0.8610757394844778,0.10909090909090909
CVCL_0459,Lidocaine (hydrochloride),unclear,10,2.5773678279901273,0.15738019655495727,150,4.393362020053613,0.5866504549876987,Estrone sulfate (potassium),3.6361679543125556,0.8276504275575686,0.21818181818181817
CVCL_0459,Lipoic acid,unclear,19,2.2429797488286742,0.07798400307819386,83,3.4930944259450185,0.6421182697406929,Omeprazole,3.1703170177134354,0.9075955674618618,0.6090909090909091
CVCL_0459,Medroxyprogesterone acetate,unclear,24,1.8135519156237998,0.08795166974656543,93,3.2460381925579194,0.5586970355991707,Gallic acid,2.8099580610091817,0.8656577323863521,0.7272727272727273
CVCL_0459,Megestrol,unclear,18,1.8783847096343196,0.09146236893072046,104,3.5016587370948704,0.5364271194493128,Medroxyprogesterone acetate,3.0208426681797693,0.8626890553835046,0.5454545454545454
CVCL_0459,Mitoxantrone (dihydrochloride),DNA synthesis/repair inhibitor,20,1.9487408761565683,0.09922473359805428,100,3.2967674410627175,0.5911065645347399,Chlorhexidine (diacetate),3.0335076087649306,0.9201460712640002,0.7545454545454545
CVCL_0459,Mozavaptan,unclear,26,1.838554769176587,0.08710943082029732,67,2.921210759142153,0.6293810754402738,S-Adenosyl-L-methionine (disulfate tosylate),2.8360775083346614,0.9708568611350412,0.8909090909090909
CVCL_0459,Naproxen,Cyclooxygenase inhibitor,12,2.3386466624804614,0.12853905229496432,149,4.276403226423428,0.5468723454397891,Aprepitant,3.702563456972054,0.8658125206936332,0.23636363636363636
CVCL_0459,Neratinib (maleate),EGFR/ERBB inhibitor,27,1.811209823451894,0.08216954672650678,58,2.9881536881027486,0.6061300764626585,Adenine,2.924835547396574,0.978810279752921,0.8909090909090909
CVCL_0459,Norepinephrine (hydrochloride),Adrenoceptor agonist,22,1.807781117220011,0.09192922495470135,104,2.9898466259150993,0.6046400847289968,S-Adenosyl-L-methionine (disulfate tosylate),2.6408247496331536,0.8832642874531663,0.9272727272727272
CVCL_0459,Omeprazole,unclear,30,1.8165383494966387,0.06150750272900052,51,2.716496886661884,0.6687062143954295,palbociclib,2.7490312326081967,1.0119765813485955,1.0
CVCL_0459,Palmatine (chloride),unclear,8,2.845337481425232,0.1728602103877146,184,5.262371189261877,0.5406949413282135,Gallic acid,3.978573050809467,0.7560418882894346,0.02727272727272727
CVCL_0459,Pasireotide (acetate),unclear,22,1.9087335818127351,0.08479583177177452,66,3.2084474828458336,0.594908781277518,Adenine,2.8775137785491514,0.8968555022121945,0.7363636363636363
CVCL_0459,Pentamidine (isethionate),unclear,29,1.7042112870093782,0.0769542886063328,67,2.641375376617003,0.645198445512914,Adenine,2.6431714429392623,1.0006799739022931,0.9727272727272728
CVCL_0459,Proglumide,unclear,22,1.873777204407531,0.08890103609589195,85,3.019298715882232,0.6206001395459865,Canagliflozin (hemihydrate),2.767791016283976,0.9166999613932647,0.9636363636363636
CVCL_0459,Quinestrol,unclear,10,2.7125246698146133,0.1290419134784465,114,4.762160740857023,0.5695995615062867,palbociclib,3.7295231419355086,0.7831577607068183,0.12727272727272726
CVCL_0459,RMC-6236,RAS inhibitor,18,2.2341153845919903,0.1150544037995499,122,3.6253808977121977,0.6162429404319508,Gallic acid,3.1628915052184623,0.8724301237462827,0.5727272727272728
CVCL_0459,Radotinib,Other TK inhibitor,12,2.5695280966889515,0.11665325321693976,69,4.5125822281804275,0.5694141329198652,Pentamidine (isethionate),3.4900281653534733,0.7733993507217993,0.2818181818181818
CVCL_0459,Rapamycin,MTOR inhibitor,17,2.0489521985057273,0.10679225104411871,109,3.547588168333798,0.5775620227835133,Adenine,3.19817766820936,0.9015075923289748,0.4909090909090909
CVCL_0459,Relugolix,unclear,12,2.6041518578165666,0.12666472462730216,124,4.391507795125583,0.592997207179521,Canagliflozin (hemihydrate),3.630394082092713,0.8266851048567695,0.22727272727272727
CVCL_0459,Resveratrol,unclear,22,1.8958578181387138,0.09896838184016532,92,3.0810851298175996,0.6153214657366344,Neratinib (maleate),2.9448177184550954,0.9557729158328802,0.9181818181818182
CVCL_0459,Retinoic acid,Retinoic receptor agonist,13,2.239829991307186,0.11348218317723091,124,4.277368077652891,0.5236467731194744,Adenine,3.424308829913439,0.8005644517252888,0.12727272727272726
CVCL_0459,Riluzole hydrochloride,unclear,19,2.0850278695559297,0.09867251547526024,84,3.53885373387991,0.5891817029888821,Adenine,3.121658016497543,0.8821099291591901,0.5909090909090909
CVCL_0459,Ritonavir,unclear,12,2.3201396635592486,0.14026639442349575,147,4.6947066164531135,0.49420333433149266,S-Adenosyl-L-methionine (disulfate tosylate),3.6181945494624776,0.7706966260217665,0.1
CVCL_0459,S-Adenosyl-L-methionine (disulfate tosylate),unclear,26,1.7949458025529055,0.08862366811269606,87,2.836557873619295,0.632790121874951,Norepinephrine (hydrochloride),2.6408247496331536,0.9309962522511848,0.990909090909091
CVCL_0459,Saquinavir,unclear,17,2.0928731476136195,0.11087833338242292,99,3.5629586072700024,0.5873975474604836,Gallic acid,3.310838666269256,0.9292385994924806,0.41818181818181815
CVCL_0459,Selinexor,unclear,17,2.131528078186471,0.115445002683495,114,3.513128436327412,0.6067321809659622,Gallic acid,3.3166418711509134,0.944070770899027,0.5909090909090909
CVCL_0459,Sinomenine,unclear,17,2.3493965386876043,0.07858297964797323,80,3.6737620657796515,0.6395069949063268,Omeprazole,3.3063271889854535,0.8999840299357491,0.4636363636363636
CVCL_0459,Sivelestat (sodium tetrahydrate),unclear,30,1.8298853282115235,0.07715176394169865,49,2.7439937199902946,0.6668693572002766,Gallic acid,2.6733701372792322,0.974262483840046,0.990909090909091
CVCL_0459,Sodium Salicylate,Cyclooxygenase inhibitor,12,2.389205422987455,0.1325750272144126,122,4.381453101415039,0.5452997824433713,Tolcapone,3.589352975343192,0.8192151992187182,0.21818181818181817
CVCL_0459,Sonidegib,Sonic inhibitor,21,2.4546168873367193,0.06847871575643782,60,3.486804063971319,0.7039732781947652,Omeprazole,3.019203862614036,0.8658943282219572,0.9363636363636364
CVCL_0459,Sulfisoxazole,unclear,15,1.9985344804848386,0.10040338843512708,111,3.903733088550752,0.5119546944298868,S-Adenosyl-L-methionine (disulfate tosylate),3.158076245778723,0.8089887741149712,0.24545454545454545
CVCL_0459,TAK-901,unclear,21,2.283055445523806,0.0874164442802613,79,3.1366241907744787,0.7278702537074057,palbociclib,2.90238565014344,0.9253214518589804,0.990909090909091
CVCL_0459,Terfenadine,unclear,22,1.802618937041319,0.08712685232238138,85,3.1959829752403404,0.564026451644587,S-Adenosyl-L-methionine (disulfate tosylate),2.9519377145744974,0.923639999788331,0.7636363636363637
CVCL_0459,Tetracycline (hydrochloride),unclear,25,1.826720224006269,0.08352000674373317,84,3.0877670217206608,0.5915991106700556,Fenofibrate,2.9470339430729453,0.9544223778355881,0.7727272727272727
CVCL_0459,Tofacitinib,JAK/STAT inhibitor,8,2.847001912890356,0.17166274183969787,182,5.630725277638468,0.5056190406228435,Aprepitant,3.9748349743831946,0.7059188254430777,0.01818181818181818
CVCL_0459,Tofacitinib (citrate),JAK/STAT inhibitor,12,2.335526061297212,0.12242279222643826,130,4.425414375987214,0.5277530786653638,palbociclib,3.426657560401988,0.7743133793290431,0.12727272727272726
CVCL_0459,Tolcapone,unclear,24,1.8749247179291881,0.07943630047221006,71,3.1212886957995085,0.6006892987670056,Chlorhexidine (diacetate),2.866846856936906,0.9184817991347551,0.9
CVCL_0459,Triclosan,unclear,19,1.9453494914861484,0.09876122506504081,99,3.4874892631748677,0.5578080231034696,S-Adenosyl-L-methionine (disulfate tosylate),3.011709060417556,0.8635751490961779,0.5454545454545454
CVCL_0459,Trifluridine,DNA synthesis/repair inhibitor,13,2.272816464797076,0.14085000730089858,143,4.326204105106923,0.525360433668421,Gallic acid,3.4495771193603484,0.7973680934952309,0.19090909090909092
CVCL_0459,Trimetrexate,DNA synthesis/repair inhibitor,8,2.6847248452489954,0.165145359295381,174,5.184895704134382,0.5177972708512195,Gallic acid,4.092643908969276,0.7893396786565724,0.01818181818181818
CVCL_0459,Tucidinostat,HDAC inhibitor,18,2.1291865592772528,0.11322179832510526,111,3.2822726372046667,0.6486927792477852,Gallic acid,3.1199665995060806,0.9505507142036764,0.8363636363636363
CVCL_0459,Valdecoxib,Cyclooxygenase inhibitor,25,1.9889378907076878,0.0856954026458433,67,2.970430179394068,0.6695790746084486,Canagliflozin (hemihydrate),2.9596958444597123,0.9963862692317026,0.9
CVCL_0459,Vemurafenib,RAF inhibitor,22,2.039430877938692,0.07804643391690702,64,3.103593855797429,0.657119124697676,Tolcapone,2.9521597912742834,0.9512068680506405,0.9545454545454546
CVCL_0459,Verteporfin,unclear,27,1.9055764945438216,0.07664506569057838,61,2.97651516649945,0.6402038585225445,Gallic acid,2.909584691228357,0.9775138134606561,0.9090909090909091
CVCL_0459,Vilanterol,Adrenoceptor agonist,13,2.11819386751378,0.12105850967755583,154,3.776756669926698,0.5608499706587906,Canagliflozin (hemihydrate),3.304425302863484,0.8749373051157194,0.4090909090909091
CVCL_0459,Vinblastine (sulfate),Microtubule inhibitor,8,2.991066679116607,0.18150007933962076,181,5.436332625342696,0.5501993504174252,Pentamidine (isethionate),4.06656965232922,0.7480354740201114,0.02727272727272727
CVCL_0459,Vitamin K4,unclear,26,1.9082521709446467,0.07045440252592294,61,2.969498890119716,0.6426175733871768,Anastrozole,2.7828597914685376,0.9371479480015384,0.9090909090909091
CVCL_0459,Volasertib,unclear,16,2.382469754774563,0.08301311336917838,75,3.7869452027047235,0.6291270739996312,Gallic acid,3.184504502726384,0.8409164464412999,0.6363636363636364
CVCL_0459,palbociclib,CDK inhibitor,30,1.8324230048819166,0.062016928919359726,46,2.6296213491549567,0.6968391116351317,Omeprazole,2.7490312326081967,1.045409535289791,1.0
CVCL_0428,8-Hydroxyquinoline,unclear,12,2.4250964017220396,0.08405717056811368,133,4.342275306935403,0.5584851789219167,Docetaxel,3.4196251534129436,0.787519194821936,0.4931506849315068
CVCL_0428,Abiraterone acetate,unclear,12,2.218118077043681,0.08193390548532331,151,4.413765560291261,0.5025455128380921,Docetaxel,3.4768924138216892,0.7877383531879867,0.4657534246575342
CVCL_0428,Adagrasib,RAS inhibitor,15,2.261653770902227,0.08579135992802855,113,3.823280828551543,0.5915479067121152,Irinotecan,3.4373524170903607,0.8990583143725301,0.8356164383561644
CVCL_0428,Adenine,unclear,12,2.412513244554554,0.09068983848474255,154,4.1739856239850255,0.5779879141632638,Docetaxel,3.2279034579209975,0.7733384224834067,0.8082191780821918
CVCL_0428,Adenosine,unclear,12,2.455327386260401,0.09142349456133914,144,4.564541982084734,0.5379132004694577,Docetaxel,3.526599683533678,0.7726075688152608,0.4246575342465753
CVCL_0428,Amsacrine,DNA synthesis/repair inhibitor,10,2.7820769893283197,0.1188197257326753,171,5.025468234159673,0.5535955775061269,Docetaxel,3.8811470335894973,0.7722956056528488,0.3698630136986301
CVCL_0428,Anethole trithione,unclear,8,3.34839243580195,0.0952608631861459,164,5.531114534332625,0.6053739106319124,Docetaxel,4.131433777384904,0.7469441740431065,0.2328767123287671
CVCL_0428,Aprepitant,unclear,14,2.2043683493786017,0.0680173934197511,111,4.001490323303682,0.5508868374717565,Docetaxel,3.1606380693441074,0.7898652286967531,0.7808219178082192
CVCL_0428,Ataluren,unclear,24,1.766848177366389,0.04578015843025307,65,3.010026196462126,0.5869876413178986,Docetaxel,2.758944484910554,0.9165848749599973,0.958904109589041
CVCL_0428,Azithromycin (hydrate),unclear,10,2.9534515291435364,0.08901461024271973,96,5.30090866575369,0.5571594825287582,Docetaxel,3.9029520358316487,0.736279811996482,0.4931506849315068
CVCL_0428,Benztropine (mesylate),unclear,13,2.2132839170708953,0.07426609918434579,114,4.408358277506571,0.5020653444535274,Docetaxel,3.3797815821961184,0.7666757938984419,0.4246575342465753
CVCL_0428,Berbamine,unclear,8,3.0726793288513807,0.1068391388514024,152,5.571759858887508,0.5514737545535372,Irinotecan,3.959581459915467,0.7106518515150188,0.136986301369863
CVCL_0428,Berbamine (dihydrochloride),unclear,24,2.018232033477167,0.058131575376623945,75,3.304827032960771,0.6106921824798338,Docetaxel,2.7778203854929395,0.840534272380455,0.9452054794520548
CVCL_0428,Berberine (chloride hydrate),unclear,16,2.3485822146978292,0.06036959805390851,90,3.929451771701302,0.597686993287866,Docetaxel,3.0103780634110713,0.7661063777626396,0.9178082191780822
CVCL_0428,Bergenin,unclear,9,2.7927617584748314,0.12578688485001854,234,4.885138736933827,0.5716852496655432,Docetaxel,4.010500316469264,0.8209593488406159,0.3013698630136986
CVCL_0428,Budesonide,Glucocorticoid receptor agonist,16,2.2539344949866296,0.06136380812000797,80,3.8408612198727368,0.5868304960680958,Irinotecan,3.392075116289406,0.8831548244281002,0.8082191780821918
CVCL_0428,Busulfan,DNA synthesis/repair inhibitor,13,2.338487979176571,0.08758412024153228,130,3.952590809397304,0.5916342196659479,Docetaxel,3.3671328990392824,0.8518799596036876,0.6986301369863014
CVCL_0428,Cabozantinib (S-malate),Multi-TK inhibitor,18,1.9972245089860552,0.060170884894669596,99,3.888006489628332,0.5136885739038406,Docetaxel,3.037896671925855,0.7813507204861322,0.7123287671232876
CVCL_0428,Canagliflozin,Glucose transporter inhibitor,15,2.426893046797668,0.10413828811262005,145,3.9572810342101836,0.6132728572516056,Dapagliflozin ((2S)-1,2-propanediol, hydrate),3.2311810933996608,0.8165154472140131,0.7808219178082192
CVCL_0428,Canagliflozin (hemihydrate),Glucose transporter inhibitor,19,1.9465067790499695,0.06482038518081368,108,3.726835305300647,0.5222948210996792,Dapagliflozin ((2S)-1,2-propanediol, hydrate),2.9860509691417954,0.8012296558677439,0.7534246575342466
CVCL_0428,Carbamazepine,HDAC inhibitor,13,2.2869900527207387,0.07964863464631633,136,4.201135890526566,0.5443742150492755,Docetaxel,3.6634884025625882,0.8720233046552108,0.4794520547945205
CVCL_0428,Chlorhexidine (diacetate),unclear,10,2.603217133391555,0.09630646240814,153,4.878049708127826,0.5336594108612842,Docetaxel,3.4415616287984583,0.7055199997376236,0.410958904109589
CVCL_0428,Ciclopirox,unclear,14,2.385459745216926,0.10093743673084477,169,3.632912545788414,0.6566245994504758,Docetaxel,3.1405854013251875,0.864481421378014,0.9041095890410958
CVCL_0428,Citalopram (hydrobromide),unclear,16,2.023216951228285,0.06831068732431145,120,3.7813053237282097,0.5350578115267025,Dapagliflozin ((2S)-1,2-propanediol, hydrate),3.073341507683908,0.8127726392254728,0.7808219178082192
CVCL_0428,Cysteamine (hydrochloride),unclear,8,2.9269446869106175,0.11610982511476842,212,4.83338614443728,0.6055681461079255,Irinotecan,3.896971130293909,0.8062610794668069,0.4246575342465753
CVCL_0428,DTP3,unclear,11,2.818579028420634,0.09056061292857587,107,4.744422302179468,0.5940826614708917,Docetaxel,3.982589471732425,0.839425586104113,0.3561643835616438
CVCL_0428,Dapagliflozin ((2S)-1,2-propanediol, hydrate),Glucose transporter inhibitor,29,2.185830814945319,0.0805685503920448,133,2.5607733488070683,0.8535823039409498,Naproxen,2.8287913949144503,1.104662931700784,1.0
CVCL_0428,Darinaparsin,unclear,14,2.1155367263533646,0.0748007832013543,115,3.987823532024837,0.5304990828616708,Docetaxel,3.0754345826532656,0.7712062878298174,0.6301369863013698
CVCL_0428,Delamanid,unclear,18,1.9604421015753881,0.058324551953080395,98,3.709397858233073,0.5285068295448957,Docetaxel,2.85713194346144,0.7702414388146545,0.8767123287671232
CVCL_0428,Demeclocycline,unclear,16,2.2954822394385914,0.07968384546661711,105,3.758711867700659,0.6107098176809231,Docetaxel,2.9997053404976968,0.7980673821461941,0.8493150684931506
CVCL_0428,Dexmedetomidine,Adrenoceptor agonist,16,2.1761737479813403,0.07524334865607563,106,3.932768292947347,0.5533440024635785,Irinotecan,3.2778056296785865,0.83346014448822,0.7534246575342466
CVCL_0428,Docetaxel,Microtubule inhibitor,78,1.52167327641911,0.03191289366635197,61,1.7230321441576657,0.883136905819599,Irinotecan,1.9689562858991267,1.1427275414305664,1.0
CVCL_0428,Docetaxel (Trihydrate),Microtubule inhibitor,13,2.3925545253043534,0.09352360818462391,138,4.475329866493566,0.5346096481551486,Docetaxel,3.528124764508559,0.788349656842805,0.4383561643835616
CVCL_0428,Eplerenone,unclear,19,2.1952482415180503,0.08397897942703025,146,3.6811629179793135,0.5963463966226954,Docetaxel,2.9254829663976114,0.7947170585982881,0.8767123287671232
CVCL_0428,Estrone sulfate (potassium),unclear,13,2.393589397142734,0.09813368245677312,167,4.102063935024966,0.5835085544877462,Dapagliflozin ((2S)-1,2-propanediol, hydrate),3.5301952415236713,0.8605900096733099,0.6712328767123288
CVCL_0428,Fenofibrate,unclear,17,2.2237836348049806,0.06424258685192363,94,3.708784482863319,0.5995990452074307,Docetaxel,3.2667053780904327,0.880802158546677,0.821917808219178
CVCL_0428,Fluvoxamine (maleate),unclear,9,2.8590204351887936,0.12620933202104268,185,4.895023094778756,0.5840667918887551,Docetaxel,3.919329158037483,0.8006763363829702,0.2876712328767123
CVCL_0428,Gallic acid,Cyclooxygenase inhibitor,16,2.1083600199598362,0.06781008886971629,111,3.649050619157618,0.5777831660900747,Docetaxel,2.894223059797507,0.7931441248314712,0.9041095890410958
CVCL_0428,Gemfibrozil,unclear,12,2.5761865244085684,0.11857895516255756,237,4.2052010019286055,0.6126191169523331,Dapagliflozin ((2S)-1,2-propanediol, hydrate),3.5082352807318795,0.8342610208460711,0.6438356164383562
CVCL_0428,Idarubicin (hydrochloride),DNA synthesis/repair inhibitor,13,2.6540113709026714,0.12440034631690511,180,4.333751095534778,0.6124051225824197,Docetaxel,3.9308424220922187,0.9070300382830729,0.4794520547945205
CVCL_0428,Irinotecan,DNA synthesis/repair inhibitor,69,1.7193365547583943,0.0296350624544931,102,1.8736028089221275,0.9176633097318627,Docetaxel,1.9689562858991267,1.0508931116685587,1.0
CVCL_0428,Ixazomib,Proteasome inhibitor,8,3.075177511852017,0.16625141332412552,281,4.630564596390859,0.664104224838773,Dapagliflozin ((2S)-1,2-propanediol, hydrate),3.9828118181785395,0.86011365034899,0.726027397260274
CVCL_0428,Larotrectinib,Other TK inhibitor,8,2.8370824467133664,0.11954569377488522,222,5.151056890105267,0.5507767643108651,Irinotecan,4.098552828711107,0.7956722117715435,0.136986301369863
CVCL_0428,Lenalidomide (hemihydrate),unclear,8,2.8441437842848356,0.1395111148301572,288,4.913195778947368,0.578878577660543,Docetaxel,3.969712478702258,0.8079695288578044,0.3972602739726027
CVCL_0428,Medroxyprogesterone acetate,unclear,13,2.537088158634482,0.10568188547694268,151,4.154719391785063,0.6106521089368756,Docetaxel,3.5363284246705233,0.8511593903700798,0.5753424657534246
CVCL_0428,Megestrol,unclear,8,3.111219429116621,0.10310320925521732,155,5.880077758255752,0.5291119534513644,Irinotecan,4.366741953616749,0.7426333686634929,0.0
CVCL_0428,Mozavaptan,unclear,12,2.4394531019716927,0.1032694321810369,188,4.110443607129755,0.5934768446258083,Dapagliflozin ((2S)-1,2-propanediol, hydrate),3.367076965126922,0.8191517234992765,0.8082191780821918
CVCL_0428,Naproxen,Cyclooxygenase inhibitor,24,1.8976980619911612,0.06254102159397668,97,2.890153163523735,0.6566081292651799,Dapagliflozin ((2S)-1,2-propanediol, hydrate),2.8287913949144503,0.9787686793268522,0.958904109589041
CVCL_0428,Norepinephrine (hydrochloride),Adrenoceptor agonist,12,2.537538948890337,0.11490415349132077,236,4.096019112351202,0.6195134542313538,Docetaxel,3.5406336761609767,0.8644084851763735,0.8493150684931506
CVCL_0428,Omeprazole,unclear,13,2.4182533525004417,0.07771216361986943,125,4.240917699065985,0.5702193544178032,Docetaxel,3.5787595827913985,0.8438644266969813,0.5753424657534246
CVCL_0428,Pentagastrin,unclear,9,3.2171098701434526,0.08529518351873322,122,5.213765818751465,0.6170414978311877,Docetaxel,4.147488376428005,0.7954880446512267,0.2876712328767123
CVCL_0428,Pentamidine (isethionate),unclear,13,2.520039240131276,0.11324128481312978,189,4.016904825370649,0.6273584637143464,Docetaxel,3.5516173463977845,0.884167661619931,0.726027397260274
CVCL_0428,Proglumide,unclear,26,1.69345445059275,0.04705124179402975,83,2.909704175237816,0.5820022753530746,Docetaxel,2.5671241462307837,0.8822629352074829,0.9726027397260274
CVCL_0428,Raltitrexed,DNA synthesis/repair inhibitor,9,2.8777683276892265,0.09550810307858426,139,5.095371229371889,0.5647808958649656,Irinotecan,4.1830569531398965,0.8209523437717307,0.136986301369863
CVCL_0428,Retinoic acid,Retinoic receptor agonist,12,2.5027932483602395,0.08513754658606099,115,4.368735204353425,0.572887376160088,Docetaxel,3.385908814332586,0.775031824075431,0.684931506849315
CVCL_0428,Ritonavir,unclear,8,2.8934369868937857,0.12659776542883927,198,5.1775762232989,0.5588400560620289,Docetaxel,4.005736500011175,0.7736702130980728,0.2465753424657534
CVCL_0428,S-Adenosyl-L-methionine (disulfate tosylate),unclear,14,2.5031329593730334,0.11080783292404872,180,3.9992731657289013,0.6258969706853761,Dapagliflozin ((2S)-1,2-propanediol, hydrate),3.424965269858494,0.8563969321246064,0.8493150684931506
CVCL_0428,Salicylic acid,Cyclooxygenase inhibitor,10,2.6230268994034276,0.10272457407789848,158,4.823442099166373,0.5438081033162523,Docetaxel,3.694549533736475,0.7659570609078105,0.2876712328767123
CVCL_0428,Selinexor,unclear,11,2.776599733525163,0.10017234575087952,146,4.765004830303269,0.582706593677985,Docetaxel,3.8345681135301253,0.8047354095307546,0.3424657534246575
CVCL_0428,Sinomenine,unclear,8,3.4240726379422286,0.10973268225678146,139,5.452854557259074,0.6279413107367693,Irinotecan,4.215966466930895,0.7731668656590921,0.4246575342465753
CVCL_0428,Sivelestat (sodium tetrahydrate),unclear,13,2.439218324846683,0.08457257652831551,123,4.414936712923897,0.5524922515211442,Docetaxel,3.4995342386461585,0.7926578490699381,0.6027397260273972
CVCL_0428,Sodium Salicylate,Cyclooxygenase inhibitor,8,2.8498500665926105,0.1256499975683718,199,5.187400809365766,0.5493791922627713,Docetaxel,4.0766535927481815,0.7858759603437335,0.2328767123287671
CVCL_0428,Sonidegib,Sonic inhibitor,9,2.7082195706254333,0.09145073913248825,143,5.210570159132987,0.5197549381191073,Docetaxel,4.174078646693103,0.8010790602976257,0.136986301369863
CVCL_0428,Terfenadine,unclear,11,2.4963129824913666,0.10904522552296803,206,4.585515525321857,0.544390912800617,Docetaxel,3.618025071922795,0.7890116284512735,0.3013698630136986
CVCL_0428,Tetracycline (hydrochloride),unclear,10,2.6444836694731477,0.10340448079175557,178,4.5282842589116274,0.5839924170548315,Ataluren,3.9080754830437234,0.8630366954885091,0.4931506849315068
CVCL_0428,Thymol,unclear,12,2.300623293643121,0.0739793830554395,125,4.375810269750409,0.5257593798220931,Irinotecan,3.36436872851524,0.768856170884013,0.3835616438356164
CVCL_0428,Tofacitinib (citrate),JAK/STAT inhibitor,13,2.3527551028179214,0.08966513200422688,149,3.9093749231429253,0.6018238590752595,Docetaxel,3.3976951206809693,0.8691146762535139,0.7808219178082192
CVCL_0428,Triclosan,unclear,10,2.6008437125252355,0.11092867767962244,193,4.664322576724048,0.5576037398236549,Docetaxel,3.611166228897307,0.7742102244209668,0.3698630136986301
CVCL_0428,Trifluridine,DNA synthesis/repair inhibitor,9,2.749738391469902,0.11285922664042591,169,5.439674447151443,0.5054968671718651,Docetaxel,4.2106470903672815,0.7740623324567231,0.0273972602739726
CVCL_0428,Tucidinostat,HDAC inhibitor,12,2.604644115664223,0.11366757038382702,181,4.307599727773342,0.6046625221166034,Docetaxel,3.43734405679157,0.7979720201552666,0.7808219178082192
CVCL_0428,Valdecoxib,Cyclooxygenase inhibitor,19,2.2617664131525403,0.05171598317982218,73,3.438557137086573,0.6577661277627901,Irinotecan,3.136209388478743,0.9120713320866892,0.9315068493150684
CVCL_0428,Verteporfin,unclear,21,1.9883067936161238,0.06608482102842139,100,3.1012970036221135,0.6411210507390652,Docetaxel,2.811713128478989,0.9066249137683655,0.958904109589041
CVCL_0428,Vilanterol,Adrenoceptor agonist,12,2.581691202812889,0.10498296202613433,168,4.158485664777644,0.6208248412829224,Docetaxel,3.5851182965429937,0.8621211146425081,0.6575342465753424
CVCL_0428,Vitamin K4,unclear,16,2.102345991442111,0.0703737998674695,112,4.03353302520741,0.5212170021426825,Ataluren,3.2930578307539693,0.8164201979193255,0.684931506849315
CVCL_C466,(R)-Verapamil (hydrochloride),unclear,8,2.7024779014572005,0.15969672682444802,211,4.989669072079777,0.5416146566871944,Raltitrexed,3.909647335116663,0.7835484234803285,0.35714285714285715
CVCL_C466,18β-Glycyrrhetinic acid,unclear,8,2.619963530298943,0.10898092470491239,149,5.130033452426087,0.5107108081449087,Phenylephrine (hydrochloride),3.7926686954973197,0.7393068155732391,0.17857142857142858
CVCL_C466,8-Hydroxyquinoline,unclear,12,2.2324967470570014,0.10486719346389761,121,4.449562073770465,0.5017340381016937,Phenylephrine (hydrochloride),3.455514249668687,0.7765964812668761,0.4642857142857143
CVCL_C466,AT7519,CDK inhibitor,9,2.6405359612200185,0.13182982238403695,157,4.792380211651446,0.5509863250833544,Raltitrexed,3.8073084823097942,0.7944504221625192,0.4107142857142857
CVCL_C466,Acetohexamide,unclear,9,2.44207604414292,0.110394437394438,162,4.830575337269173,0.5055455869410946,Phenylephrine (hydrochloride),3.8767822708663044,0.8025508350849843,0.19642857142857142
CVCL_C466,Adagrasib,RAS inhibitor,11,2.3039371461653997,0.10640958276332657,166,4.3978045330588404,0.5238834806882433,Raltitrexed,3.274986176852654,0.7446866162955125,0.48214285714285715
CVCL_C466,Adenine,unclear,18,2.023710434777037,0.07442433430949047,113,3.2493416686777734,0.6228062915896831,Raltitrexed,2.5686544266651956,0.7905153377454566,0.9642857142857143
CVCL_C466,Adenosine,unclear,12,2.393818197776897,0.09286229611833607,151,3.9234005629037174,0.6101386181188767,Raltitrexed,3.0458890248899295,0.776339039579395,0.8392857142857143
CVCL_C466,Aliskiren,unclear,9,2.5298446502175658,0.11145351438968232,181,4.6740281149103335,0.541255762272217,Raltitrexed,3.6613540701220586,0.7833401896839677,0.21428571428571427
CVCL_C466,Amsacrine,DNA synthesis/repair inhibitor,15,2.1995519780590076,0.08627160494060504,94,3.8540226247746987,0.5707158966633182,Raltitrexed,3.0867921876496567,0.8009273655548679,0.7142857142857143
CVCL_C466,Anethole trithione,unclear,8,2.8396699334757742,0.11395221953327817,148,4.703053372226181,0.6037928359999924,Raltitrexed,3.5404409433788753,0.7527962502588004,0.625
CVCL_C466,Aprepitant,unclear,14,2.1442971602423446,0.09128938902179784,103,3.792130191082329,0.5654597949418849,Phenylephrine (hydrochloride),3.294040801036217,0.8686518223405326,0.7857142857142857
CVCL_C466,Azithromycin (hydrate),unclear,10,2.57960454905638,0.07982591487259405,124,4.561086524150073,0.5655679924943041,Raltitrexed,3.4921898562335825,0.7656486755388461,0.4642857142857143
CVCL_C466,Baicalin,unclear,10,2.362202367544706,0.1129511488513808,147,4.552721280786896,0.5188550367696617,Raltitrexed,3.5239175559444575,0.7740244435379494,0.39285714285714285
CVCL_C466,Berberine (chloride hydrate),unclear,15,2.2299680421703583,0.07151812130079593,104,3.5119025748789143,0.6349743464188339,Raltitrexed,2.9050969347323217,0.8272145575770949,0.9464285714285714
CVCL_C466,Bergenin,unclear,9,2.5340145592563483,0.12603875223237537,171,4.4833445831370256,0.5652062901404918,Raltitrexed,3.7029091528641773,0.8259256196348904,0.5
CVCL_C466,Cepharanthine,unclear,8,2.525411040785205,0.12848728478236404,194,5.393050139532027,0.46827138176845196,Raltitrexed,3.7161962460235305,0.6890713325253818,0.0
CVCL_C466,Chlorhexidine (diacetate),unclear,16,2.016119947413378,0.08258631201513733,122,3.529842608453943,0.5711642617109295,Raltitrexed,2.7964545922344493,0.7922320914640681,0.875
CVCL_C466,Ciclopirox,unclear,14,2.1255300240220194,0.10114847423145712,110,3.8609422219550296,0.5505210650227588,Phenylephrine (hydrochloride),3.016826171617831,0.7813704526482732,0.9107142857142857
CVCL_C466,Clonidine (hydrochloride),Adrenoceptor agonist,13,2.3183741245249045,0.07018768855023572,95,4.005388971537216,0.5788137284542287,Raltitrexed,3.2318860703828394,0.8068844482643301,0.625
CVCL_C466,Cysteamine (hydrochloride),unclear,8,2.8031208430374908,0.178046528730334,220,4.757202667581667,0.5892372133185704,Phenylephrine (hydrochloride),3.9259247763845173,0.8252590967246448,0.5892857142857143
CVCL_C466,Demeclocycline,unclear,11,2.1498960666075533,0.09875855696674962,129,3.9755902061960255,0.5407740624918794,Phenylephrine (hydrochloride),3.248952684916973,0.8172252461668269,0.75
CVCL_C466,Docetaxel,Microtubule inhibitor,9,2.631192726640551,0.15132466985274984,186,4.557448249112712,0.5773390245633215,Phenylephrine (hydrochloride),3.8996297456988236,0.8556607848389812,0.5357142857142857
CVCL_C466,Elagolix sodium,unclear,9,2.447884513265678,0.10725003660655474,160,4.8740787746721,0.5022250616846786,Raltitrexed,3.7368468777374146,0.7666775713916951,0.14285714285714285
CVCL_C466,Erdafitinib,Other TK inhibitor,9,2.4710054532298917,0.1372776561433352,200,4.804072209953076,0.5143564345495188,Phenylephrine (hydrochloride),3.822286120898076,0.7956346103580759,0.26785714285714285
CVCL_C466,Estrone sulfate (potassium),unclear,8,3.03370855620669,0.18547620313889723,191,4.969235113427584,0.61049809215289,Phenylephrine (hydrochloride),4.0522041150292365,0.8154583195469262,0.6071428571428571
CVCL_C466,Fluvoxamine (maleate),unclear,8,2.556322696815368,0.11688133572156179,163,4.916891042689005,0.5199063136890943,Raltitrexed,3.686226674179886,0.7497068050065883,0.08928571428571429
CVCL_C466,Furosemide,unclear,8,2.6084298594792794,0.13564499835541843,187,5.0500231525450525,0.5165183961908596,Raltitrexed,3.735328339609439,0.7396655870234875,0.17857142857142858
CVCL_C466,Gallic acid,Cyclooxygenase inhibitor,23,1.8817355451224755,0.0667834289478324,80,3.062877431878545,0.6143685429711617,Raltitrexed,2.5266071964905774,0.8249129299767445,0.9642857142857143
CVCL_C466,Gallic acid (hydrate),Cyclooxygenase inhibitor,8,2.9125085424687334,0.18163519568370678,205,5.231666406726688,0.5567076178106339,Phenylephrine (hydrochloride),4.189859246450902,0.8008651394637342,0.05357142857142857
CVCL_C466,Goserelin (acetate),unclear,8,2.655593453746045,0.12038739887077299,166,5.476158717054441,0.4849372691619969,Raltitrexed,3.7888166421212865,0.6918748776075002,0.14285714285714285
CVCL_C466,Hexylresorcinol,unclear,8,2.6912116577692275,0.11962894035438831,186,5.3443896045887485,0.5035582838980387,Raltitrexed,3.7083849700990723,0.693883725639129,0.08928571428571429
CVCL_C466,Idarubicin (hydrochloride),DNA synthesis/repair inhibitor,20,1.9646851895802164,0.09173259291725167,104,3.062662886461411,0.6414957383214338,Phenylephrine (hydrochloride),2.836357913012249,0.9261084285673263,0.9642857142857143
CVCL_C466,Lumateperone (tosylate),unclear,9,2.4521800773413975,0.10520191017684499,178,4.819063370248171,0.5088499338856206,Phenylephrine (hydrochloride),3.7436039518387085,0.7768322730410415,0.2857142857142857
CVCL_C466,Medroxyprogesterone acetate,unclear,18,2.1528051359921,0.09025587600627749,112,3.4198812209599665,0.6294970488442297,Raltitrexed,2.909881854254156,0.8508721988412647,0.9464285714285714
CVCL_C466,Neratinib (maleate),EGFR/ERBB inhibitor,8,2.7781380835813483,0.15077734284013133,176,5.172620586518132,0.5370852234595092,Raltitrexed,4.154908193803701,0.8032501368132458,0.25
CVCL_C466,Pentamidine (isethionate),unclear,12,2.25191052843268,0.10729115753735696,153,4.088372919088545,0.5508084935008123,Raltitrexed,3.126015840026874,0.7646112284502126,0.7142857142857143
CVCL_C466,Phenylephrine (hydrochloride),Adrenoceptor agonist,59,1.3920539375019723,0.042519102339146575,44,1.942920423479437,0.7164750139426928,Raltitrexed,2.1350154725161805,1.0988692314493942,1.0
CVCL_C466,Raltitrexed,DNA synthesis/repair inhibitor,96,1.4454478364460701,0.029673917883272893,76,1.498824369283855,0.9643877335252505,Phenylephrine (hydrochloride),2.1350154725161805,1.4244600743556768,1.0
CVCL_C466,Rapamycin,MTOR inhibitor,9,2.4734500487666313,0.12025506020874333,200,4.138930538859181,0.5976060785616354,Phenylephrine (hydrochloride),3.5610093176077435,0.8603694321937738,0.75
CVCL_C466,Retinoic acid,Retinoic receptor agonist,16,2.087057876418866,0.08700026551860873,95,3.6257455353693775,0.5756217186395141,Raltitrexed,3.3014285421845524,0.9105516396500823,0.8392857142857143
CVCL_C466,Riluzole hydrochloride,unclear,9,2.5535238668120384,0.12783399354318803,152,5.023627562416574,0.5083027822197247,Raltitrexed,4.07249341076511,0.8106678610557807,0.08928571428571429
CVCL_C466,Rimonabant,unclear,8,2.5292185065377115,0.12297096505769256,189,4.960786111631746,0.5098422809657839,Raltitrexed,3.437098374594612,0.6928535714401222,0.5
CVCL_C466,Selinexor,unclear,15,2.283473950291992,0.10180004438215606,101,3.768058817537757,0.6060080430974087,Phenylephrine (hydrochloride),3.0915064206061595,0.8204506803920615,0.875
CVCL_C466,Sinomenine,unclear,13,2.2244137105458384,0.06205694415555074,84,4.292859031932399,0.5181660273490357,Raltitrexed,3.1958991064392417,0.7444686822154118,0.4642857142857143
CVCL_C466,Sivelestat (sodium tetrahydrate),unclear,8,2.4875283806963444,0.12035474426477255,193,4.7798268452715025,0.5204222791369859,Raltitrexed,3.6448124518696496,0.7625406881580493,0.4642857142857143
CVCL_C466,Sulfisoxazole,unclear,12,2.2376784101421836,0.11298025939660616,167,4.046988094216354,0.552924386740871,Raltitrexed,3.2721089567810826,0.8085294249956729,0.7678571428571429
CVCL_C466,TAK-901,unclear,16,2.1195116415371964,0.08574114159479274,82,3.4956431318472254,0.6063295255248693,Raltitrexed,2.8903326898644663,0.8268386047568618,0.9285714285714286
CVCL_C466,Terfenadine,unclear,13,2.2439646724710474,0.11038564279302099,132,3.5491944311768227,0.6322461944489769,Raltitrexed,3.312857616066038,0.9334111388672439,0.875
CVCL_C466,Tolcapone,unclear,11,2.250675387109852,0.10049381519275635,147,4.355820441936884,0.51670527220104,Raltitrexed,3.542554344501772,0.8132920977170766,0.48214285714285715
CVCL_C466,Triclosan,unclear,9,2.370787213909476,0.1197575844858314,168,4.936810555465513,0.4802264918358659,Phenylephrine (hydrochloride),3.944795896223858,0.7990575801732149,0.03571428571428571
CVCL_C466,Trifluridine,DNA synthesis/repair inhibitor,10,2.3791464842241847,0.10721351214433117,179,4.492124093806391,0.5296261711702226,Raltitrexed,3.243665937796567,0.7220784355153588,0.5178571428571429
CVCL_C466,Tucidinostat,HDAC inhibitor,9,2.6881860646474505,0.1385804588195747,153,4.5774780614850075,0.5872635605325784,Phenylephrine (hydrochloride),4.073231339765161,0.8898418048220507,0.48214285714285715
CVCL_C466,Vemurafenib,RAF inhibitor,13,2.2727611269019254,0.08354821721902739,112,3.851048972429405,0.5901667683722472,Raltitrexed,3.0309089606496293,0.7870346449366504,0.75
CVCL_C466,Verteporfin,unclear,8,2.583562723053127,0.15712142110189709,193,5.054191385557683,0.5111723173830812,Phenylephrine (hydrochloride),4.066236503995086,0.8045276076434953,0.07142857142857142
CVCL_C466,Volasertib,unclear,11,2.334877349373196,0.11698420372788676,149,4.1372742393976205,0.5643516030769934,Phenylephrine (hydrochloride),3.546465930152823,0.8571986590546103,0.6785714285714286
CVCL_C466,palbociclib,CDK inhibitor,15,2.173982815221084,0.0932651415591279,123,3.625612305890292,0.5996181146255374,Raltitrexed,2.9268674416581137,0.8072753495742019,0.9107142857142857
CVCL_1495,(R)-Verapamil (hydrochloride),unclear,8,2.923790246820011,0.1302422550375142,251,5.051727794470616,0.5787703466564953,Gemcitabine,3.939280111071704,0.779788672577223,0.3880597014925373
CVCL_1495,18β-Glycyrrhetinic acid,unclear,12,2.324448718142555,0.08196707391355673,175,4.3941366487888365,0.5289887192705414,Gemcitabine,3.4792801995489864,0.7918006374489939,0.5671641791044776
CVCL_1495,8-Hydroxyquinoline,unclear,16,2.1484099364037563,0.07181010131347187,130,3.899924965628549,0.5508849414638669,Gemcitabine,3.112992825892668,0.7982186460838608,0.835820895522388
CVCL_1495,Abiraterone acetate,unclear,11,2.4616121110863323,0.09140938464741755,150,4.881226700812615,0.5043019433366062,Gemcitabine,3.799391673416386,0.7783682066608119,0.2835820895522388
CVCL_1495,Adagrasib,RAS inhibitor,13,2.373752206458149,0.08888083541080849,168,4.035367640487642,0.5882369136932712,Gemcitabine,3.377350886841482,0.8369375947202063,0.8208955223880597
CVCL_1495,Adenine,unclear,11,2.6241641429976355,0.07843737291429687,143,4.636883736955829,0.5659327021902929,Gemcitabine,3.535302800365855,0.7624307618907057,0.7164179104477612
CVCL_1495,Adenosine,unclear,14,2.4001829483354378,0.08195951276100599,151,4.014392723879011,0.5978944048145342,Gemcitabine,3.285208428672823,0.8183575087537537,0.8507462686567164
CVCL_1495,Aliskiren,unclear,9,2.705790269733203,0.09513890528307123,200,4.927041494057084,0.549171398900716,Gemcitabine,3.9703824583419554,0.8058349951245519,0.3283582089552239
CVCL_1495,Amsacrine,DNA synthesis/repair inhibitor,13,2.480292546216477,0.09439726972475071,191,4.022590397897517,0.6165908782342961,Gemcitabine,3.531866045948087,0.8780078746755036,0.8208955223880597
CVCL_1495,Aprepitant,unclear,9,2.892816096405674,0.1022063170606311,138,5.343971497635362,0.5413232644832981,Ixazomib citrate,4.337510177111284,0.8116641675635013,0.1044776119402985
CVCL_1495,Balsalazide (sodium hydrate),JAK/STAT inhibitor,8,3.301259093330485,0.08796073316586206,150,5.5515981981814235,0.5946502206178937,Gemcitabine,4.2810287921156,0.7711344804308725,0.6119402985074627
CVCL_1495,Benztropine (mesylate),unclear,11,2.393328407215068,0.08331650095775112,168,4.584137419157978,0.5220891496866773,Gemcitabine,3.7278062828597274,0.8131968878769906,0.40298507462686567
CVCL_1495,Berberine (chloride hydrate),unclear,15,2.1797288926768794,0.06769359490708382,124,3.946440796058369,0.5523277822522896,Gemcitabine,3.161147746978245,0.8010123324630994,0.8059701492537313
CVCL_1495,Bergenin,unclear,9,2.832461588933503,0.11945123812914138,235,4.9242227585542135,0.5752098813996656,Gemcitabine,4.139017847846279,0.8405423659309685,0.3283582089552239
CVCL_1495,Budesonide,Glucocorticoid receptor agonist,8,3.3835547736395952,0.1309342362307928,154,5.802828587462934,0.5830871483865295,Gemcitabine,4.418981633587058,0.76152200034554,0.5522388059701493
CVCL_1495,Busulfan,DNA synthesis/repair inhibitor,11,2.6452334134257867,0.11186946970925349,235,4.437561818349144,0.5961006340211082,Gemcitabine,3.7112592623243326,0.8363284646488577,0.6119402985074627
CVCL_1495,Canagliflozin,Glucose transporter inhibitor,11,2.839299312977898,0.13007397422017142,248,4.300664391067014,0.6602001585790923,Gemcitabine,3.7644284153931964,0.8753132244432645,0.8656716417910447
CVCL_1495,Canagliflozin (hemihydrate),Glucose transporter inhibitor,16,2.2814690497061774,0.08178801164495308,138,3.768222924125011,0.6054495967050408,Gemcitabine,3.1045622244838875,0.8238796607832785,0.9253731343283582
CVCL_1495,Chlorhexidine (diacetate),unclear,11,2.782999699274854,0.12448462018434658,249,4.553279143596428,0.6112077936598214,Gemcitabine,3.8864658257354145,0.8535531653492415,0.4626865671641791
CVCL_1495,Ciclopirox,unclear,11,2.6044114065296395,0.10795498952890759,215,4.386561514087763,0.5937250391144366,Gemcitabine,3.7579714658848022,0.856700961291846,0.582089552238806
CVCL_1495,Clonidine (hydrochloride),Adrenoceptor agonist,10,2.738487107179549,0.08088000470464196,130,4.945850937530793,0.5536938217039622,Gemcitabine,3.508257274217976,0.7093334025892554,0.6865671641791045
CVCL_1495,Clotrimazole,unclear,9,2.7118509818962515,0.11610429433859604,231,4.83108044277984,0.5613342634253119,Gallic acid,3.7879224322578255,0.7840735581041631,0.373134328358209
CVCL_1495,DTP3,unclear,11,2.8602768227026583,0.08468308878943531,124,4.63490760147359,0.6171162553042658,Gemcitabine,3.8435322459366423,0.8292575767237855,0.8059701492537313
CVCL_1495,Darinaparsin,unclear,13,2.536488293056853,0.09880464947524048,178,4.193927607994,0.6048002088119212,Gemcitabine,3.719473861034337,0.886871259757724,0.6865671641791045
CVCL_1495,Demeclocycline,unclear,15,2.2168988769919626,0.07663616122817873,141,3.990067405918628,0.555604367410823,Gemcitabine,3.075471736727142,0.7707819001165671,0.7014925373134329
CVCL_1495,Diammonium Glycyrrhizinate,unclear,11,2.596264213470865,0.10710781018832816,226,4.36237611131084,0.5951490993037554,Gemcitabine,3.6668020645954553,0.8405515643385519,0.582089552238806
CVCL_1495,Docetaxel,Microtubule inhibitor,17,2.162637585757765,0.06952334434809304,106,3.678216174047723,0.5879582611312029,Gemcitabine,3.2418429351377167,0.8813628078771141,0.8955223880597015
CVCL_1495,Docetaxel (Trihydrate),Microtubule inhibitor,8,3.1361989451220094,0.13859137182150683,201,5.622015116791645,0.5578424959682012,Gemcitabine,4.171355434452877,0.7419680217497128,0.417910447761194
CVCL_1495,Elagolix sodium,unclear,13,2.5625433017508454,0.10399868094837916,216,4.224592525520357,0.6065776252433265,Gemcitabine,3.7594056852720077,0.8898859860594364,0.6567164179104478
CVCL_1495,Eplerenone,unclear,13,2.6424572973643357,0.11049323916645826,184,4.035151897190432,0.6548594364450586,Gemcitabine,3.6218546718366977,0.8975757949430597,0.8805970149253731
CVCL_1495,Fenofibrate,unclear,16,2.0954672682618476,0.06605386999741891,105,3.5843706652212486,0.5846123250014108,Gemcitabine,2.904970400979086,0.8104547973137075,0.9701492537313433
CVCL_1495,Furosemide,unclear,10,2.624304511691629,0.10732492703520913,203,4.785452010108231,0.5483921907791268,Gemcitabine,3.5991986592153555,0.752112580298126,0.4626865671641791
CVCL_1495,Gallic acid,Cyclooxygenase inhibitor,21,2.299473826114573,0.08242622013795453,169,3.0493439260088446,0.7540880536634829,Gemcitabine,2.9606401996987044,0.9709105537248333,0.9850746268656716
CVCL_1495,Gemcitabine,DNA synthesis/repair inhibitor,79,1.3544420982539198,0.02774197667868661,45,1.7644227712601661,0.7676403412582152,Riluzole hydrochloride,2.629409708852061,1.4902379133171773,1.0
CVCL_1495,Idarubicin (hydrochloride),DNA synthesis/repair inhibitor,11,2.8232317032580165,0.12458855788638157,169,4.617641341499119,0.6114012532513956,Gemcitabine,3.9580639453215403,0.8571614061382588,0.44776119402985076
CVCL_1495,Ixazomib citrate,Proteasome inhibitor,56,2.2711450075628283,0.04970278796923788,129,2.07248834740851,1.095854174718388,Gemcitabine,2.691661252569499,1.2987582081873792,1.0
CVCL_1495,Larotrectinib,Other TK inhibitor,14,2.372514221069709,0.08592243376144237,158,4.125518501442106,0.5750826763327758,Gemcitabine,3.321348397036239,0.8050741733130603,0.7910447761194029
CVCL_1495,Lipoic acid,unclear,9,2.901778320018404,0.0940698326098861,164,5.287188667944511,0.5488319979219736,Gemcitabine,4.081457050194617,0.771952223861411,0.417910447761194
CVCL_1495,Medroxyprogesterone acetate,unclear,8,3.2742998850154073,0.16622394174487676,250,5.1946194995188195,0.6303252596881653,Gemcitabine,4.341982960864209,0.8358615989614657,0.4925373134328358
CVCL_1495,Megestrol,unclear,10,2.5832900633759674,0.103983397662618,227,4.712668525577097,0.5481586598666255,Gemcitabine,3.6742345540447485,0.779650538565051,0.5223880597014925
CVCL_1495,Mitoxantrone (dihydrochloride),DNA synthesis/repair inhibitor,9,2.7353753923853397,0.11952244921844501,213,5.3398465915836315,0.512257299057371,Gemcitabine,4.1129322279790665,0.7702341551275351,0.05970149253731343
CVCL_1495,Naproxen,Cyclooxygenase inhibitor,9,2.7635998551665635,0.11861676436170365,223,4.83160117320593,0.5719842669325337,Gemcitabine,4.02398375886647,0.832846837851979,0.417910447761194
CVCL_1495,Neratinib (maleate),EGFR/ERBB inhibitor,13,2.489125252933051,0.07759627607658015,123,4.217865072205317,0.5901386626461259,Gemcitabine,3.5895262474905927,0.8510291785160884,0.7611940298507462
CVCL_1495,Norepinephrine (hydrochloride),Adrenoceptor agonist,15,2.4004789019926296,0.09025500790895624,189,4.06664030264518,0.590285524006443,Gallic acid,3.559115788518001,0.8751980808833633,0.6567164179104478
CVCL_1495,Omeprazole,unclear,13,2.3387252578564666,0.06865613316041053,125,4.402382549567491,0.5312408068867692,Gemcitabine,3.4457566287136716,0.7827026819948206,0.6567164179104478
CVCL_1495,Pasireotide (acetate),unclear,10,2.577555844670975,0.08839433894199411,170,5.039599472723402,0.5114604560584382,Gemcitabine,3.5713769472423706,0.7086628543740991,0.373134328358209
CVCL_1495,Pentamidine (isethionate),unclear,20,2.2148883629068012,0.07661923498212408,137,3.212221623177728,0.6895191623533425,Gemcitabine,2.90107984159109,0.9031381336388498,0.9850746268656716
CVCL_1495,Proglumide,unclear,8,2.639103312040528,0.1032580004112037,211,5.45908322591744,0.48343342697381336,Gemcitabine,4.084646216315892,0.7482293358202898,0.04477611940298507
CVCL_1495,Radotinib,Other TK inhibitor,13,2.363439707781046,0.08817305192524827,152,4.1629305476824,0.5677345996312207,Gemcitabine,3.538113204989899,0.8499092561031671,0.5074626865671642
CVCL_1495,Raltitrexed,DNA synthesis/repair inhibitor,8,2.972255652409789,0.12730090890274393,202,5.673821635006589,0.5238542632485023,Gemcitabine,4.333052131587873,0.7636919893381248,0.08955223880597014
CVCL_1495,Resveratrol,unclear,17,2.3238353684435307,0.08513115135658234,173,3.8037687972712066,0.6109297100577279,Gemcitabine,3.1117031777788497,0.8180579166670594,0.8656716417910447
CVCL_1495,Retinoic acid,Retinoic receptor agonist,14,2.2789823089982364,0.07537576008694369,127,4.552107544491839,0.5006433364598033,Ixazomib citrate,3.5767546996307096,0.7857359837551884,0.373134328358209
CVCL_1495,Riluzole hydrochloride,unclear,20,1.8904984250778312,0.055031207871655385,93,3.222819559629192,0.5865976639707828,Gemcitabine,2.629409708852061,0.8158724558425458,0.9701492537313433
CVCL_1495,Ritonavir,unclear,11,2.442224339861914,0.09006645132638136,182,4.705355089856217,0.5190308262020119,Gemcitabine,3.786841769646884,0.8047940479158608,0.2835820895522388
CVCL_1495,S-Adenosyl-L-methionine (disulfate tosylate),unclear,14,2.4167811120139167,0.091999014829511,180,3.8554820365997644,0.6268427888060736,Gemcitabine,3.213273960554822,0.8334298876382991,0.9253731343283582
CVCL_1495,Selinexor,unclear,9,3.033477764349766,0.12650247130440395,207,5.386824243421198,0.5631291512906665,Gemcitabine,4.068344540777364,0.7552398884641425,0.19402985074626866
CVCL_1495,Sonidegib,Sonic inhibitor,9,3.0220052860998767,0.0867397696348009,134,5.780821305167762,0.5227640029970061,Gemcitabine,4.177079198991773,0.7225753882510909,0.31343283582089554
CVCL_1495,Sulfisoxazole,unclear,14,2.5228324323176405,0.10099745770693669,186,4.174205007116843,0.604386326981142,Gemcitabine,3.483800871045457,0.8346022452432796,0.6567164179104478
CVCL_1495,Terfenadine,unclear,10,2.8388576809196095,0.12900612647956755,244,4.391231762203661,0.6464832271788313,Gemcitabine,3.6862780190948774,0.8394633257172891,0.7910447761194029
CVCL_1495,Tetracycline (hydrochloride),unclear,10,2.681438239728049,0.10618788298548643,190,4.88244348739746,0.5492000566211088,Gemcitabine,3.7848200377565235,0.7751897277512547,0.3880597014925373
CVCL_1495,Tofacitinib (citrate),JAK/STAT inhibitor,9,2.748906717329239,0.11609821078494065,230,5.58505161759663,0.49219002894590147,Gemcitabine,4.135221201890729,0.740408770594354,0.05970149253731343
CVCL_1495,Triclosan,unclear,19,2.072002681585384,0.06410127996306259,102,3.3901757978163958,0.6111785362045107,Gemcitabine,2.9545260690738036,0.8714964194413773,0.9701492537313433
CVCL_1495,Trifluridine,DNA synthesis/repair inhibitor,8,2.8078088968084494,0.10654848896180724,172,5.572944816296311,0.5038285842339407,Gemcitabine,4.012418249089752,0.719981693943336,0.04477611940298507
CVCL_1495,Trimetrexate,DNA synthesis/repair inhibitor,9,2.748501109299743,0.1079034593251198,202,5.157726899968155,0.5328900041831824,Gemcitabine,4.10052771147732,0.7950261405858146,0.14925373134328357
CVCL_1495,Tucidinostat,HDAC inhibitor,8,2.7749539884242536,0.10474534429824989,231,5.380687595927577,0.5157247914791603,Gemcitabine,4.026764927018623,0.7483736706933733,0.1791044776119403
CVCL_1495,Valdecoxib,Cyclooxygenase inhibitor,12,2.6043986244742796,0.0847517928922703,148,4.235224390063015,0.6149375769994395,Gemcitabine,3.41895154640691,0.8072657388422434,0.9552238805970149
CVCL_1495,Vemurafenib,RAF inhibitor,9,2.8242925493449973,0.09833095829076277,170,5.232084566757374,0.5398025420478582,Gemcitabine,4.055819039925113,0.7751822410696887,0.23880597014925373
CVCL_1495,Verteporfin,unclear,17,2.2741881035300135,0.07635818964090202,134,3.9302098309013296,0.578642922738928,Gemcitabine,3.160440572782268,0.8041404171180022,0.9402985074626866
CVCL_1693,(R)-Verapamil (hydrochloride),unclear,8,2.7625337497669045,0.20488678824891937,244,5.1185014126748385,0.5397153438164732,Imiquimod (maleate),3.8457182016732,0.7513367471483212,0.4444444444444444
CVCL_1693,8-Hydroxyquinoline,unclear,9,2.651686862266066,0.16127822256539626,202,5.05342815616068,0.5247302979925361,Adenosine,3.9924192797772373,0.7900417610389974,0.24074074074074073
CVCL_1693,Abiraterone acetate,unclear,11,2.343439960500993,0.17654281769950553,215,4.442976728264898,0.5274481735618204,Imiquimod (maleate),3.674940146125777,0.8271346826434853,0.5925925925925926
CVCL_1693,Adagrasib,RAS inhibitor,13,2.4242834515476033,0.12396335243322132,122,4.079280735490824,0.5942918883850515,Imiquimod (maleate),3.297656842319728,0.8083917376975895,0.8333333333333334
CVCL_1693,Adenine,unclear,13,2.5109978738990337,0.151159043247032,151,4.335993612693783,0.5791055287876794,Imiquimod (maleate),3.5462241815175166,0.8178573351989756,0.7037037037037037
CVCL_1693,Adenosine,unclear,78,1.2799026817627874,0.04563090154283156,45,1.7915050466713036,0.7144287336175267,Imiquimod (maleate),1.9274637948636748,1.075890798323448,1.0
CVCL_1693,Amsacrine,DNA synthesis/repair inhibitor,13,2.298444149256964,0.1374587942288239,139,4.366614777745007,0.5263675103586579,Adenosine,3.2674560526231464,0.7482812702590896,0.7037037037037037
CVCL_1693,Aprepitant,unclear,15,2.10765653645631,0.10644696780439145,118,3.936486353308434,0.5354156847730267,Adenosine,3.136978961201614,0.7968982182715123,0.8148148148148148
CVCL_1693,Ataluren,unclear,12,2.1866649859649785,0.1365606887655909,167,4.4633218885100865,0.4899187288270878,Imiquimod (maleate),3.2821266979788932,0.7353551412969027,0.5370370370370371
CVCL_1693,Benztropine (mesylate),unclear,15,2.050978298024701,0.13345801755448883,158,3.8313110317354755,0.5353202287770581,Imiquimod (maleate),3.2303006405356025,0.8431319237144701,0.8333333333333334
CVCL_1693,Berbamine (dihydrochloride),unclear,14,2.2257458958807126,0.12764558991243302,130,4.107792128163665,0.5418350847455621,Adenosine,3.206950907902851,0.7806994141489035,0.8333333333333334
CVCL_1693,Berberine (chloride hydrate),unclear,13,2.414577381410376,0.10746822842300108,128,4.130583427011161,0.5845608554037932,Adenosine,3.264714500102888,0.7903761194493522,0.8333333333333334
CVCL_1693,Bergenin,unclear,11,2.3247013553033065,0.14414616501316835,184,4.488107058574814,0.517969229557886,Adenosine,3.4935683873315724,0.7784057603209104,0.37037037037037035
CVCL_1693,Busulfan,DNA synthesis/repair inhibitor,10,2.4631690090331224,0.17591367962452675,228,4.69643810671622,0.52447598649509,Imiquimod (maleate),3.5866652498696228,0.7636990349644877,0.5555555555555556
CVCL_1693,Cabozantinib (S-malate),Multi-TK inhibitor,16,1.9846610316144464,0.1105019008284105,128,3.8934511977475017,0.5097433949506398,Imiquimod (maleate),2.891794291562104,0.7427328980610078,0.9259259259259259
CVCL_1693,Canagliflozin (hemihydrate),Glucose transporter inhibitor,12,2.2768051314765154,0.13869624492573474,162,4.206319017448839,0.541282085840796,Imiquimod (maleate),3.277623608999033,0.7792142239812647,0.7222222222222222
CVCL_1693,Carbamazepine,HDAC inhibitor,11,2.3049073339376203,0.1338178215053364,151,4.752265168583971,0.4850123577225409,Adenosine,3.6953650829686966,0.7776007760252573,0.2777777777777778
CVCL_1693,Chlorhexidine (diacetate),unclear,9,2.6833838754446977,0.17620356121937064,186,5.354782966496855,0.5011190728426834,Imiquimod (maleate),4.165229776052295,0.777852212146186,0.037037037037037035
CVCL_1693,Ciclopirox,unclear,10,2.4912256123734826,0.1730847546632469,215,4.844172805766228,0.5142726554692824,Imiquimod (maleate),3.677513371933515,0.7591623006421265,0.48148148148148145
CVCL_1693,Citalopram (hydrobromide),unclear,8,2.7147062742573795,0.2098896248072859,266,5.145304574996693,0.5276084699532338,Adenosine,3.94191388241783,0.7661186670218377,0.37037037037037035
CVCL_1693,Clonidine (hydrochloride),Adrenoceptor agonist,10,2.9266983366356403,0.10833349598683018,140,5.208078801458118,0.5619535433711651,Adenosine,3.9027477748271244,0.7493641942849373,0.42592592592592593
CVCL_1693,DTP3,unclear,11,2.4813783403732823,0.13998773522308172,137,4.824131862118959,0.5143678513139477,Adenosine,3.6843766028214677,0.7637387841225254,0.3888888888888889
CVCL_1693,Darinaparsin,unclear,10,2.50671384439945,0.1651224515875962,200,4.817234919748788,0.5203636289612737,Adenosine,3.5399381604339037,0.7348485634199684,0.4444444444444444
CVCL_1693,Delamanid,unclear,10,2.7436235767887704,0.17498459809836509,180,5.062227591429753,0.5419794995850579,Imiquimod (maleate),3.9592745110469134,0.7821210009897389,0.24074074074074073
CVCL_1693,Dexmedetomidine,Adrenoceptor agonist,14,2.32936951964331,0.13024053573113714,118,4.011586915745127,0.5806603642316058,Imiquimod (maleate),3.1642521018868095,0.7887781489832358,0.9259259259259259
CVCL_1693,Docetaxel,Microtubule inhibitor,15,2.3533377220310943,0.10079765142041164,96,4.056408376437459,0.5801530574931691,Adenosine,3.382747333959745,0.8339267203985617,0.7592592592592593
CVCL_1693,Docetaxel (Trihydrate),Microtubule inhibitor,13,2.3568985453052678,0.15884490484566594,170,4.052433127511014,0.5816008484643063,Imiquimod (maleate),3.334227520662727,0.8227717560661129,0.7962962962962963
CVCL_1693,Elagolix sodium,unclear,10,2.5298877536667983,0.1999555728132264,232,4.824095869458211,0.5244273377077241,Adenosine,3.7174910915700665,0.7706088751481579,0.5
CVCL_1693,Eplerenone,unclear,8,3.0769036834730787,0.22764578643079614,208,5.106575681824518,0.6025375663038716,Imiquimod (maleate),4.217984839032275,0.8259908599896124,0.4444444444444444
CVCL_1693,Fenofibrate,unclear,10,2.6532408866962207,0.18238253307776953,196,4.855180202620118,0.5464762945903405,Imiquimod (maleate),3.7563839455409935,0.7736857930656921,0.46296296296296297
CVCL_1693,Fluvoxamine (maleate),unclear,9,2.6661501703355137,0.19116293317812139,241,4.977862387199376,0.53560142144378,Adenosine,4.126930617779147,0.8290567912025032,0.2037037037037037
CVCL_1693,Furosemide,unclear,9,2.6509517805382723,0.19861671634104217,227,5.437667487584949,0.48751634530629406,Imiquimod (maleate),4.0814985185429995,0.7505972970693231,0.05555555555555555
CVCL_1693,Idarubicin (hydrochloride),DNA synthesis/repair inhibitor,20,2.1464082827701283,0.10872857181132178,88,3.5730869374985708,0.6007153814938451,Adenosine,3.1147397423725627,0.8717223501293014,0.9259259259259259
CVCL_1693,Imiquimod (maleate),unclear,78,1.2856579344649923,0.04721149968268912,53,1.6921740963733085,0.7597669395958918,Adenosine,1.9274637948636748,1.1390457985349394,1.0
CVCL_1693,Larotrectinib,Other TK inhibitor,13,2.2381557122499713,0.13458885619155425,156,4.268876918998018,0.5242961450327565,Adenosine,3.3678912345389502,0.7889408147493404,0.6666666666666666
CVCL_1693,Lenalidomide (hemihydrate),unclear,8,2.7921820158705195,0.22730725967402232,280,4.887256757102018,0.5713188716375506,Adenosine,4.038705729396022,0.8263747803974271,0.42592592592592593
CVCL_1693,Mitoxantrone (dihydrochloride),DNA synthesis/repair inhibitor,9,2.799701917274692,0.16034312011121177,185,5.3548119373188285,0.522838514227357,Imiquimod (maleate),4.298690533444015,0.8027715228401434,0.018518518518518517
CVCL_1693,Mozavaptan,unclear,11,2.381711233481876,0.17506920887237887,226,4.244413615945927,0.5611402301919811,Imiquimod (maleate),3.4066519986730586,0.8026201748751667,0.7592592592592593
CVCL_1693,Naproxen,Cyclooxygenase inhibitor,12,2.4485781414084835,0.13840504771586915,144,4.307557166384118,0.5684377587642991,Imiquimod (maleate),3.458167104306245,0.8028139780229836,0.7592592592592593
CVCL_1693,Neratinib (maleate),EGFR/ERBB inhibitor,8,2.797889874536238,0.2059737345068139,246,5.31013574805503,0.5268961110007471,Adenosine,4.0836092094884195,0.7690216226551541,0.07407407407407407
CVCL_1693,Nimesulide,Cyclooxygenase inhibitor,30,1.7313295060354108,0.08177538416377894,71,2.8799086976405923,0.601175137063834,Imiquimod (maleate),2.4403681389120218,0.8473769119525661,0.9629629629629629
CVCL_1693,Omeprazole,unclear,9,2.6207524863851006,0.1578077692947537,185,5.1884778507861515,0.5051100846441905,Adenosine,4.04895107389424,0.7803735874637584,0.2037037037037037
CVCL_1693,Pasireotide (acetate),unclear,10,2.5108861733210985,0.14669480246051636,142,4.781926327486207,0.5250783892024193,Adenosine,3.669504849182398,0.767369590804927,0.3888888888888889
CVCL_1693,Pentamidine (isethionate),unclear,10,2.5460647882966483,0.16014570533076966,176,4.754667648941527,0.5354874359858669,Adenosine,3.6990480729903337,0.7779824681991826,0.5
CVCL_1693,Retinoic acid,Retinoic receptor agonist,9,2.860135391976863,0.23544928998436,241,4.692247507576706,0.6095448689265689,Adenosine,3.959220412842863,0.843779107229488,0.6666666666666666
CVCL_1693,Riluzole hydrochloride,unclear,8,2.940885614519622,0.16825570003472956,197,6.022539998639414,0.4883131727118482,Adenosine,4.029122264393576,0.6690071407253114,0.0
CVCL_1693,S-Adenosyl-L-methionine (disulfate tosylate),unclear,8,2.5331462554836737,0.18520471802490002,263,5.5951349104256725,0.45274087149597514,Adenosine,3.9723084673436473,0.7099575847477533,0.0
CVCL_1693,Sonidegib,Sonic inhibitor,16,2.2789767822253246,0.10612947398199879,101,3.740088903065771,0.6093375963221717,Imiquimod (maleate),3.0427984679289954,0.8135631389496643,0.9444444444444444
CVCL_1693,Tetracycline (hydrochloride),unclear,10,2.5930029578489027,0.1410870796435747,176,4.771262931062306,0.5434626000105132,Imiquimod (maleate),3.6177197262378655,0.7582310550704429,0.4074074074074074
CVCL_1693,Tolcapone,unclear,8,2.7698139573134353,0.1869111827016151,204,5.480888563908427,0.5053585609371117,Imiquimod (maleate),3.631025825099473,0.6624885331567816,0.2962962962962963
CVCL_1693,Triamcinolone,Glucocorticoid receptor agonist,8,2.8430179147267842,0.18894705568299297,213,5.28700335261003,0.5377371121437391,Imiquimod (maleate),3.8057578103446836,0.7198326833793095,0.2777777777777778
CVCL_1693,Triclosan,unclear,9,2.7085885547779123,0.18483749867907506,222,5.027598272728743,0.5387440300212806,Imiquimod (maleate),3.889754115816689,0.7736803747658053,0.37037037037037035
CVCL_1693,Valdecoxib,Cyclooxygenase inhibitor,12,2.3256693924076868,0.1315917674411371,159,4.150769232303477,0.5602984078970471,Imiquimod (maleate),3.1454451629813542,0.7577981301638838,0.8148148148148148
CVCL_1693,Verteporfin,unclear,14,2.1998028358668558,0.14643870179546614,168,4.240936621448554,0.5187068405458699,Imiquimod (maleate),3.170002349035432,0.7474769448341039,0.8333333333333334
CVCL_1693,Vilanterol,Adrenoceptor agonist,10,2.662815041663214,0.13433413503273128,155,5.0207866022399426,0.5303581395941509,Imiquimod (maleate),3.8354914223249894,0.7639224141918015,0.2777777777777778
CVCL_1547,8-Hydroxyquinoline,unclear,13,2.37711529774954,0.07915644040486969,90,4.4473487122028486,0.534501666403423,Perindopril (erbumine),3.447289447085237,0.7751336065972068,0.6363636363636364
CVCL_1547,AT7519,CDK inhibitor,9,3.1283400023493324,0.13056353828954803,167,5.3798916241550465,0.581487550474711,Perindopril (erbumine),4.225344193930196,0.7853957828739383,0.44155844155844154
CVCL_1547,Abiraterone acetate,unclear,9,2.9076411034261005,0.16069011672912825,192,5.645310752175775,0.5150542159801316,Perindopril (erbumine),4.414052939518423,0.7818972476966286,0.11688311688311688
CVCL_1547,Adagrasib,RAS inhibitor,10,2.6410435516995965,0.11841523307524726,169,4.711784677026935,0.5605187275590987,Perindopril (erbumine),3.896847918961275,0.8270428693316536,0.7142857142857143
CVCL_1547,Adenine,unclear,22,1.9735626769231174,0.053272260808346794,69,3.2860191466507587,0.6005937850163323,Perindopril (erbumine),2.85043219273868,0.8674423567020155,0.961038961038961
CVCL_1547,Adenosine,unclear,23,1.989306227965904,0.0588650152318233,68,3.3116048049779554,0.6007076161308886,Perindopril (erbumine),3.1223671795447103,0.9428562172790709,0.961038961038961
CVCL_1547,Allantoin,unclear,11,2.751393495286384,0.09202118871667153,110,4.5534458766522,0.6042442514567172,Perindopril (erbumine),3.74383647815866,0.822198523837779,0.6883116883116883
CVCL_1547,Almonertinib (hydrochloride),EGFR/ERBB inhibitor,16,2.5129963884607016,0.0827643675125952,103,4.223038689463997,0.5950682845341538,Perindopril (erbumine),3.522945026897292,0.8342204005108077,0.6753246753246753
CVCL_1547,Amsacrine,DNA synthesis/repair inhibitor,13,2.4678165814576545,0.08872859324519511,90,4.0733952094060975,0.6058377482644173,Perindopril (erbumine),3.4703945164978562,0.8519660720580661,0.8571428571428571
CVCL_1547,Anethole trithione,unclear,15,2.7488737709511653,0.06748925430911434,60,3.9347767576339066,0.6986098425070858,Perindopril (erbumine),3.4445991503234263,0.8754242902448072,0.935064935064935
CVCL_1547,Baicalin,unclear,9,3.286487378138802,0.09307146256937116,119,5.331949870724223,0.6163762709367724,Perindopril (erbumine),4.2707176717359046,0.800967333767492,0.37662337662337664
CVCL_1547,Berbamine,unclear,8,2.863986254550623,0.10342641735649849,179,5.815612749458571,0.4924650897392124,Perindopril (erbumine),4.239269514268964,0.7289463203449432,0.03896103896103896
CVCL_1547,Berberine (chloride hydrate),unclear,13,3.0314518770426537,0.07197295058463682,80,4.127960084758699,0.7343704432209543,Perindopril (erbumine),3.513133206828418,0.8510579401675051,0.961038961038961
CVCL_1547,Bergenin,unclear,13,2.262894268740267,0.08961435505823556,143,4.3516483500878005,0.5200085316394212,Perindopril (erbumine),3.7309895177951886,0.8573738541442373,0.5324675324675324
CVCL_1547,Bimatoprost,unclear,9,2.773485142644505,0.11148867665567297,165,5.28888000787497,0.5243993319029504,Perindopril (erbumine),4.213472288635002,0.7966662662721179,0.19480519480519481
CVCL_1547,Busulfan,DNA synthesis/repair inhibitor,23,1.8141247892986654,0.06722278257926861,93,3.3923964550783214,0.5347620224584813,Pentamidine (isethionate),3.1741910945222953,0.9356781073658479,0.948051948051948
CVCL_1547,Canagliflozin,Glucose transporter inhibitor,10,2.746923863414648,0.14897834944309118,222,4.462356456801835,0.6155769692552452,Tofacitinib (citrate),4.00962740004361,0.8985448470688298,0.8441558441558441
CVCL_1547,Carbamazepine,HDAC inhibitor,12,2.5369960968320746,0.094767880227834,133,4.492938365893888,0.5646630089766053,Perindopril (erbumine),3.473410890111499,0.773082247572842,0.7792207792207793
CVCL_1547,Cepharanthine,unclear,14,2.1616712068718265,0.09075191970012086,122,4.0575183065151865,0.5327569818725932,Perindopril (erbumine),3.3800780713731804,0.8330407446211061,0.8181818181818182
CVCL_1547,Chlorhexidine (diacetate),unclear,15,2.2678332571607145,0.07636097535222663,92,3.827820387156539,0.5924607290274019,Perindopril (erbumine),3.372364312029811,0.8810142511767489,0.8441558441558441
CVCL_1547,Ciclopirox,unclear,18,2.004686726269498,0.07741585476864576,103,3.517965765323965,0.5698425908601441,Perindopril (erbumine),3.091736686149565,0.8788421753913376,0.948051948051948
CVCL_1547,Clonidine (hydrochloride),Adrenoceptor agonist,14,3.326689901921736,0.07500725662468244,103,4.525354983447093,0.7351224189240732,Perindopril (erbumine),3.3886953233969344,0.7488241996024957,0.974025974025974
CVCL_1547,Clotrimazole,unclear,8,2.665031720472597,0.1293617649339286,214,5.690127827277052,0.4683606065398216,Perindopril (erbumine),4.5274608905140346,0.795669452065825,0.09090909090909091
CVCL_1547,Cysteamine (hydrochloride),unclear,8,2.7845896632758778,0.12626322383237332,197,5.2486981503314265,0.5305295872463244,Perindopril (erbumine),4.181878423416302,0.7967458412810878,0.3116883116883117
CVCL_1547,Darinaparsin,unclear,11,2.6467430642921146,0.10990065599813326,155,4.657551730769292,0.5682691717210299,Perindopril (erbumine),4.171975893725032,0.8957444028294117,0.4155844155844156
CVCL_1547,Demeclocycline,unclear,21,1.8531410238548027,0.06361946649072336,77,3.42119994055239,0.5416640523954859,Perindopril (erbumine),3.0997827463152,0.9060513270717252,0.948051948051948
CVCL_1547,Diammonium Glycyrrhizinate,unclear,10,2.5596524732128305,0.12731898398518882,217,4.890085175404601,0.5234371961631624,Perindopril (erbumine),4.0677643224720335,0.8318391554673626,0.37662337662337664
CVCL_1547,Docetaxel,Microtubule inhibitor,8,3.423700174728063,0.12970879501194,148,5.460927917304076,0.6269447659031284,Perindopril (erbumine),4.478643841294078,0.8201250609997197,0.3116883116883117
CVCL_1547,Elagolix sodium,unclear,13,2.2761052747486983,0.08731366986899147,106,4.286496575888047,0.5309943060615068,Perindopril (erbumine),3.6238842140215786,0.8454186653049658,0.5714285714285714
CVCL_1547,Eplerenone,unclear,8,3.110927988788969,0.20197133637350861,292,5.292669707615525,0.5877804889870063,Busulfan,4.180693784722555,0.7899026418948893,0.5844155844155844
CVCL_1547,Furosemide,unclear,14,2.2013706685250294,0.09370537115355004,135,4.477635213514326,0.49163689393028004,Perindopril (erbumine),3.3784468960231875,0.7545158850427149,0.5324675324675324
CVCL_1547,Gallic acid,Cyclooxygenase inhibitor,14,2.3705971582548453,0.10412409309532134,158,3.9892787667581486,0.5942420414458249,Perindopril (erbumine),3.5823160123081927,0.8979858820995178,0.8701298701298701
CVCL_1547,Gallic acid (hydrate),Cyclooxygenase inhibitor,10,2.7192520741700346,0.14715736949529512,221,4.68001533703037,0.581034863850573,Busulfan,4.245117455401551,0.9070734067498213,0.5714285714285714
CVCL_1547,Gemfibrozil,unclear,16,2.2306974211237662,0.09041671460542777,131,3.9581137842480287,0.5635758704060497,Perindopril (erbumine),3.294397094181338,0.8323149039554998,0.8181818181818182
CVCL_1547,HI-TOPK-032,unclear,14,2.726727966620057,0.0791825436275797,91,4.564274062066673,0.5974067134315358,Perindopril (erbumine),3.445140227360004,0.7548057326338699,0.7142857142857143
CVCL_1547,Idarubicin (hydrochloride),DNA synthesis/repair inhibitor,12,2.6960823666519564,0.0954512235910967,126,4.6339796091883,0.5818071277884215,Perindopril (erbumine),3.778127234915907,0.8153094216091499,0.5844155844155844
CVCL_1547,Isocorydine,unclear,15,2.3901762314154418,0.07755855663308997,86,3.862757913715591,0.6187745348805276,Perindopril (erbumine),3.4608271704820903,0.8959472086494586,0.8831168831168831
CVCL_1547,Larotrectinib,Other TK inhibitor,11,2.6382727150829335,0.10351900862258623,150,4.619257111139731,0.5711465397153396,Perindopril (erbumine),4.125068669949178,0.8930156020112463,0.5064935064935064
CVCL_1547,Lenalidomide (hemihydrate),unclear,10,2.5744505641595925,0.13302103641506136,237,4.684288031661252,0.5495927122240988,Busulfan,4.0957040710778845,0.8743493233966166,0.5844155844155844
CVCL_1547,Lipoic acid,unclear,9,3.0616909163595256,0.09678429764496843,148,5.233452676280801,0.5850231397401959,Perindopril (erbumine),4.383590612596929,0.8376096783036483,0.19480519480519481
CVCL_1547,Medroxyprogesterone acetate,unclear,16,2.3006912325374955,0.08246773555941134,98,3.909238781371209,0.5885266572871004,Perindopril (erbumine),3.341964969393352,0.8548889326788887,0.961038961038961
CVCL_1547,Megestrol,unclear,13,2.343607790225678,0.08384701674993278,126,4.252214610098421,0.5511499312993126,Perindopril (erbumine),3.57941812391136,0.8417773918114898,0.6363636363636364
CVCL_1547,Mitoxantrone (dihydrochloride),DNA synthesis/repair inhibitor,9,2.730014426237797,0.125793301780751,166,5.122658840073149,0.5329291899904882,Perindopril (erbumine),3.9632861569932047,0.7736775531467192,0.2597402597402597
CVCL_1547,Mozavaptan,unclear,9,2.908752026816137,0.17622381195851666,248,5.00478555371596,0.5811941382096667,Perindopril (erbumine),4.438507512502674,0.88685268626688,0.5064935064935064
CVCL_1547,Neratinib (maleate),EGFR/ERBB inhibitor,8,2.932003550179481,0.11449288647003086,202,5.50971757183022,0.5321513329775862,Adenine,4.449565700713354,0.8075850790361466,0.23376623376623376
CVCL_1547,Norepinephrine (hydrochloride),Adrenoceptor agonist,15,2.3312206013984875,0.11178515071091522,143,4.141972725290754,0.5628285737286798,Busulfan,3.8246126492361805,0.9233794867559647,0.7272727272727273
CVCL_1547,Palmatine (chloride),unclear,8,2.9065096322135204,0.1332622557587676,198,5.631452189547918,0.5161208040810605,Perindopril (erbumine),4.28664955727724,0.7611978958523954,0.11688311688311688
CVCL_1547,Pentamidine (isethionate),unclear,21,1.9806223712552906,0.08018630713100927,93,3.391905029612669,0.5839262461547938,Busulfan,3.1741910945222953,0.9358136701382718,0.948051948051948
CVCL_1547,Perindopril (erbumine),unclear,71,1.877146237434908,0.0375704469551863,105,1.88545320869118,0.9955941779843805,Adenine,2.85043219273868,1.5118021383926876,1.0
CVCL_1547,Pyridoxine,unclear,9,2.8180721123929495,0.10507111935176294,166,5.57127354674069,0.5058218895106272,Perindopril (erbumine),4.230378421490857,0.7593198190682481,0.06493506493506493
CVCL_1547,RMC-6236,RAS inhibitor,12,2.702825040338402,0.09261056627713349,106,4.3193864278219385,0.6257428191488087,Perindopril (erbumine),3.4153365436774115,0.7906994664053717,0.8441558441558441
CVCL_1547,Radotinib,Other TK inhibitor,9,2.8950785598134448,0.11350145756501928,155,5.4724528378576895,0.5290275943148715,Perindopril (erbumine),4.3796246399274485,0.8003037704829171,0.06493506493506493
CVCL_1547,Raltitrexed,DNA synthesis/repair inhibitor,9,2.7742405482356878,0.13897640730029892,212,4.870547301313956,0.5695952377851385,Perindopril (erbumine),4.1155262282248986,0.844982293286553,0.4155844155844156
CVCL_1547,Rapamycin,MTOR inhibitor,11,2.7106553674819325,0.10235561867657184,144,4.965462385144875,0.5459019034342851,Perindopril (erbumine),3.862421360341454,0.7778573395091305,0.36363636363636365
CVCL_1547,Resveratrol,unclear,15,2.1159727950684033,0.08138236904097296,133,4.379123344267871,0.4831955231035322,Perindopril (erbumine),3.576079321889495,0.8166199124239023,0.5454545454545454
CVCL_1547,Retinoic acid,Retinoic receptor agonist,15,2.318737779115217,0.09197036732169894,95,3.7438049898296017,0.6193532476756364,Perindopril (erbumine),3.158192981119081,0.8435783887511794,0.8701298701298701
CVCL_1547,Riluzole hydrochloride,unclear,9,2.7635631372027594,0.12499062066176858,162,5.148191470384861,0.5368027108354937,Sulfisoxazole,4.203249749091865,0.8164517138243977,0.2597402597402597
CVCL_1547,S-Adenosyl-L-methionine (disulfate tosylate),unclear,19,2.1350116131305543,0.08353605447317414,112,3.48207414695328,0.6131436388276313,Perindopril (erbumine),3.301049114342846,0.9480122981387901,0.935064935064935
CVCL_1547,Saquinavir,unclear,9,2.615463104307152,0.12056964691539085,200,5.168573469812046,0.5060319098844623,Adenine,4.376805546134765,0.8468111310980218,0.11688311688311688
CVCL_1547,Selinexor,unclear,13,2.5706447596202544,0.08878933845839565,120,4.5022544311812265,0.5709683446179232,Perindopril (erbumine),3.8233625330460845,0.8492106768925928,0.5194805194805194
CVCL_1547,Sinomenine,unclear,9,2.931018208430723,0.09925619534644126,148,5.349644797694229,0.547890246786858,Perindopril (erbumine),4.370552270508104,0.8169798997480865,0.03896103896103896
CVCL_1547,Sivelestat (sodium tetrahydrate),unclear,13,2.273029546192338,0.10222748359754652,146,4.138670943036795,0.5492172674458816,Perindopril (erbumine),3.5902033321694584,0.8674773572443302,0.7012987012987013
CVCL_1547,Sodium Salicylate,Cyclooxygenase inhibitor,11,2.471126582951923,0.12695385911225632,196,4.321600697457795,0.5718081692289565,Perindopril (erbumine),3.732154248794786,0.8636046016445356,0.7922077922077922
CVCL_1547,Sonidegib,Sonic inhibitor,8,3.0171568937319275,0.15212561934454538,195,5.582123372038029,0.5405034415479725,Perindopril (erbumine),4.003109221733612,0.7171301948978746,0.2857142857142857
CVCL_1547,Sulfisoxazole,unclear,20,1.9618226064427018,0.07553198769537661,99,3.4015485211965726,0.5767439724048345,Perindopril (erbumine),2.95730902084959,0.8694008044927988,0.922077922077922
CVCL_1547,Temsirolimus,MTOR inhibitor,10,2.4967280479667116,0.12606650800358898,224,4.898012790425958,0.5097430641355231,Perindopril (erbumine),3.9076461844338515,0.7978023642714949,0.4155844155844156
CVCL_1547,Terfenadine,unclear,11,2.631550273709136,0.12345563864702858,155,4.645044019413497,0.5665285975140031,Perindopril (erbumine),3.8921162478127393,0.8379072903391289,0.6493506493506493
CVCL_1547,Tetracycline (hydrochloride),unclear,10,2.746894342697159,0.12896581899815973,171,4.8488301136717755,0.5665066167098756,Perindopril (erbumine),4.098053592187191,0.8451633685066233,0.5454545454545454
CVCL_1547,Thymol,unclear,12,2.419127944559893,0.09900542643162946,153,4.506452479958705,0.5368142580706988,Busulfan,3.547636145219285,0.7872347841226529,0.5454545454545454
CVCL_1547,Tofacitinib (citrate),JAK/STAT inhibitor,18,2.169095186822778,0.09226327318585759,129,3.6139981451983467,0.6001926674214527,Perindopril (erbumine),3.5484511316217833,0.9818630195857596,0.948051948051948
CVCL_1547,Tolcapone,unclear,9,2.787073996184146,0.10348712695697049,176,5.254967704638582,0.5303693862331417,Perindopril (erbumine),4.313419188215532,0.8208269642471939,0.22077922077922077
CVCL_1547,Triamcinolone,Glucocorticoid receptor agonist,8,3.0144251899257504,0.14786862995457795,180,5.47165102674732,0.5509169307746782,Busulfan,4.259596291105643,0.7784846420729803,0.3116883116883117
CVCL_1547,Triclosan,unclear,13,2.2992482713514257,0.0953030389912023,170,4.4503091855812915,0.5166491080666572,Perindopril (erbumine),3.730402542843835,0.8382344658052284,0.44155844155844154
CVCL_1547,Trifluridine,DNA synthesis/repair inhibitor,16,2.3611146828029046,0.08368296345729809,110,3.742421022781976,0.6309056806889515,Perindopril (erbumine),3.3729852348292115,0.9012842794266531,0.961038961038961
CVCL_1547,Tucidinostat,HDAC inhibitor,9,2.935018442626112,0.10544121249466121,148,5.232510068564477,0.5609197888139612,Perindopril (erbumine),4.139842962609032,0.7911772568733509,0.33766233766233766
CVCL_1547,Vemurafenib,RAF inhibitor,14,2.438541311314894,0.07244809803999874,108,4.1534201863958655,0.5871164490657856,Perindopril (erbumine),3.2760313347913805,0.7887550952638288,0.8831168831168831
CVCL_1547,Vilanterol,Adrenoceptor agonist,13,2.3922522708479534,0.0832079383736074,115,4.174541089108305,0.5730575456759838,Perindopril (erbumine),3.594772723063442,0.8611180597652942,0.6883116883116883
CVCL_1547,Volasertib,unclear,11,3.4811020150031378,0.07430426794353939,102,4.74240537830778,0.7340372105105215,Perindopril (erbumine),4.066488215232784,0.857473769288744,0.8051948051948052
CVCL_0399,(R)-Verapamil (hydrochloride),unclear,13,2.370461683175092,0.09077273710485367,151,4.298491197480405,0.551463658821625,Chlorhexidine (diacetate),3.5413410357481223,0.8238567611407249,0.37142857142857144
CVCL_0399,18β-Glycyrrhetinic acid,unclear,12,2.410552402637369,0.11516004269934588,199,4.5494630957072975,0.5298542601459666,Pentamidine (isethionate),3.5565867213940074,0.7817596596727796,0.5714285714285714
CVCL_0399,8-Hydroxyquinoline,unclear,20,2.2945812194043342,0.06853009383280428,93,3.898172859054752,0.5886299305774592,Chlorhexidine (diacetate),3.105131148120052,0.7965606606970732,0.6
CVCL_0399,AT7519,CDK inhibitor,9,2.575269592515609,0.12045590385803395,171,5.714727796821774,0.4506373153849666,Adenosine,4.225292509364242,0.7393689882681943,0.009523809523809525
CVCL_0399,Abiraterone acetate,unclear,12,2.427949448591821,0.0921857275717608,139,4.561532635577655,0.5322661575749867,Chlorhexidine (diacetate),3.7142894351318345,0.8142634793758241,0.4380952380952381
CVCL_0399,Acetohexamide,unclear,15,2.280509441765947,0.08223943325311833,135,4.036009979623535,0.5650405854493612,Chlorhexidine (diacetate),3.4079898428779023,0.8443957919043074,0.5047619047619047
CVCL_0399,Adagrasib,RAS inhibitor,13,2.4255895837982138,0.07784509010045682,110,4.391707933876802,0.5523112238606934,Chlorhexidine (diacetate),3.7517230393222394,0.8542742586277561,0.2857142857142857
CVCL_0399,Adenine,unclear,14,2.1953089975541857,0.07939338526717099,131,4.3251758176046335,0.5075652621145909,Ciclopirox,3.357654365969299,0.7763047116611397,0.3904761904761905
CVCL_0399,Adenosine,unclear,20,2.28938026060571,0.06859721083186476,88,3.6734474612733843,0.6232239019997053,Amsacrine,3.1513988969508953,0.8578859314510182,0.7142857142857143
CVCL_0399,Aliskiren,unclear,15,2.311949285850265,0.06839058758411853,92,3.717784730370207,0.6218620639770198,Amsacrine,3.3574235912970383,0.9030710045879163,0.6857142857142857
CVCL_0399,Almonertinib (hydrochloride),EGFR/ERBB inhibitor,18,2.2988928161561195,0.06023262175693522,91,3.5477137117745494,0.6479927646152215,Amsacrine,3.417010426420708,0.9631584462635616,0.819047619047619
CVCL_0399,Amsacrine,DNA synthesis/repair inhibitor,28,2.398219331533388,0.05806328540249872,93,2.7875893980692563,0.8603201508781909,Chlorhexidine (diacetate),2.983758760231017,1.0703724021542167,1.0
CVCL_0399,Anastrozole,unclear,17,2.3861962529652008,0.06558687983077016,89,3.64750118022558,0.654200268913313,Chlorhexidine (diacetate),3.192677575899575,0.8753054264130831,0.9047619047619048
CVCL_0399,Anethole trithione,unclear,11,2.513371592520173,0.10821866032214422,164,4.700713493276729,0.5346787452830221,Riluzole hydrochloride,4.034873414733911,0.8583534011389662,0.18095238095238095
CVCL_0399,Ataluren,unclear,12,2.3921003205220837,0.0819461283439411,124,4.316729181785359,0.5541464891093153,Chlorhexidine (diacetate),3.708882342593004,0.8591880996942795,0.4
CVCL_0399,Azithromycin (hydrate),unclear,8,2.909996856436271,0.11611064919347536,178,5.417490389433828,0.5371485036894341,Chlorhexidine (diacetate),4.133454850517868,0.7629833286976717,0.12380952380952381
CVCL_0399,Baicalin,unclear,13,2.5161821817276038,0.10040632884861078,152,4.118725005045526,0.6109128865474697,Chlorhexidine (diacetate),3.5311691146210866,0.8573452003460608,0.4666666666666667
CVCL_0399,Benztropine (mesylate),unclear,9,2.7472551334859165,0.11921031081260636,178,5.073376442924771,0.5415042948995404,Pentamidine (isethionate),4.419488422926166,0.8711138376276998,0.05714285714285714
CVCL_0399,Berbamine,unclear,16,2.618098434504917,0.0721779986562503,82,3.8665222898968885,0.677119705567438,Amsacrine,3.293489218983201,0.8517962582522784,0.8571428571428571
CVCL_0399,Berberine (chloride hydrate),unclear,18,2.5181596081979865,0.06093228216735913,68,3.70617416934992,0.6794498836625595,Chlorhexidine (diacetate),3.308854369565011,0.892795162442514,0.8095238095238095
CVCL_0399,Bergenin,unclear,17,2.0989394436812203,0.06908194191575856,93,3.414433111527155,0.6147256001575147,Chlorhexidine (diacetate),3.0296654409631887,0.887311404852247,0.9333333333333333
CVCL_0399,Budesonide,Glucocorticoid receptor agonist,10,2.994002963104302,0.10327118325611206,135,5.167240742194555,0.5794200643016165,Chlorhexidine (diacetate),4.044373385243496,0.7826949792019616,0.3333333333333333
CVCL_0399,Busulfan,DNA synthesis/repair inhibitor,13,2.3144326231849335,0.09243005865931386,146,3.9730071087647003,0.5825392605211179,Chlorhexidine (diacetate),3.3827720111815,0.8514387008568132,0.6190476190476191
CVCL_0399,Cabozantinib (S-malate),Multi-TK inhibitor,11,2.5400654316992393,0.10333510389660172,143,4.622766918923119,0.549468635613355,Pentamidine (isethionate),3.8351701388412156,0.8296265431731142,0.3238095238095238
CVCL_0399,Canagliflozin,Glucose transporter inhibitor,22,2.0852059131368,0.0737249167984606,85,3.237429233551059,0.6440931253498281,Pentamidine (isethionate),3.1732940671050063,0.980189476952457,1.0
CVCL_0399,Canagliflozin (hemihydrate),Glucose transporter inhibitor,15,2.2695803284422937,0.09257355594656214,119,3.754534035690611,0.604490545795472,Pentamidine (isethionate),3.53915688588909,0.9426354514956728,0.8285714285714286
CVCL_0399,Cepharanthine,unclear,14,2.4326562168705474,0.08790643913744434,125,3.964095675950273,0.6136724276432584,Chlorhexidine (diacetate),3.240924411680843,0.8175696745522997,0.6952380952380952
CVCL_0399,Chlorhexidine (diacetate),unclear,32,1.807365789643068,0.059912179811764665,76,2.71517794575302,0.665652795416257,Ciclopirox,2.6922915931547236,0.9915709566534693,1.0
CVCL_0399,Ciclopirox,unclear,25,1.8828912467575556,0.06595306781494359,94,2.894778537376904,0.6504439709103732,Chlorhexidine (diacetate),2.6922915931547236,0.9300509722565293,0.9809523809523809
CVCL_0399,Citalopram (hydrobromide),unclear,10,2.7239546700431867,0.130156717436272,161,5.126323366746633,0.5313661420020633,Pentamidine (isethionate),4.018294110380853,0.7838549820026318,0.11428571428571428
CVCL_0399,Clonidine (hydrochloride),Adrenoceptor agonist,16,2.845412121123904,0.06661056936427345,97,3.9957194081993475,0.7121150987942308,Amsacrine,3.4903158149603652,0.873513742681261,0.7714285714285715
CVCL_0399,Cysteamine (hydrochloride),unclear,18,2.371213798823332,0.06701315670155505,83,3.797534029050915,0.6244088349659763,Chlorhexidine (diacetate),3.2220248104686386,0.8484518600282014,0.6666666666666666
CVCL_0399,DTP3,unclear,13,2.859045873326021,0.10380089308441309,121,4.256920594049108,0.6716230218911711,Chlorhexidine (diacetate),3.9238071045861105,0.9217477793857213,0.6285714285714286
CVCL_0399,Dapagliflozin ((2S)-1,2-propanediol, hydrate),Glucose transporter inhibitor,10,2.9380144075119072,0.09667586174458731,138,4.805734611657359,0.6113559413757704,Amsacrine,4.119476583301038,0.8572001819052488,0.23809523809523808
CVCL_0399,Darinaparsin,unclear,19,2.1569845465003428,0.08349736116483775,105,3.4760729113948803,0.6205233898948301,Chlorhexidine (diacetate),3.149102548976559,0.9059368515123826,0.8476190476190476
CVCL_0399,Delamanid,unclear,8,2.80719102535179,0.10720441708706874,153,5.610260491739894,0.5003673233150006,Amsacrine,4.150565481288582,0.7398168921745341,0.05714285714285714
CVCL_0399,Demeclocycline,unclear,12,2.3698471247320367,0.09484859032872683,130,4.810141684831635,0.49267719747323546,HI-TOPK-032,3.7288076411559268,0.7751970493747407,0.09523809523809523
CVCL_0399,Dexmedetomidine,Adrenoceptor agonist,11,2.899542599914911,0.09514326856043864,125,4.774340831231505,0.6073178900315325,Chlorhexidine (diacetate),4.084334648349165,0.855476136439895,0.3238095238095238
CVCL_0399,Diammonium Glycyrrhizinate,unclear,13,2.506935148061184,0.09585542337579744,111,4.090648493916522,0.6128454086899463,Chlorhexidine (diacetate),3.5327500834304835,0.8636161451379344,0.6666666666666666
CVCL_0399,Docetaxel,Microtubule inhibitor,12,2.5876114484946204,0.1052159860195262,156,4.5812612203194405,0.5648251265432519,Chlorhexidine (diacetate),3.7878856352447268,0.8268215788360146,0.2571428571428571
CVCL_0399,Docetaxel (Trihydrate),Microtubule inhibitor,14,2.199903605284784,0.09087668764740897,157,4.081444461166352,0.5390012350323932,Ciclopirox,3.43082189807306,0.8405901221286339,0.7333333333333333
CVCL_0399,Elagolix sodium,unclear,12,2.781045256965128,0.0857811036960614,100,4.236281773704359,0.6564825961832281,Chlorhexidine (diacetate),3.4560168174588277,0.8158137258270147,0.7238095238095238
CVCL_0399,Eplerenone,unclear,10,2.578814999867961,0.10864856752707142,178,4.43971190838318,0.5808518780235661,Lipoic acid,4.064642660570702,0.9155194626245314,0.5714285714285714
CVCL_0399,Erdafitinib,Other TK inhibitor,13,2.415106319661063,0.09885534896509252,123,4.370649762277433,0.5525737478453577,TAK-901,3.8397009309675614,0.8785194741769452,0.29523809523809524
CVCL_0399,Estrone sulfate (potassium),unclear,17,2.1863694953156125,0.07064358783746294,108,3.6135549793045754,0.6050466944151427,Ciclopirox,3.5592395606931975,0.9849689795997428,0.9523809523809523
CVCL_0399,Fenofibrate,unclear,8,2.7328522231372316,0.11312854466913769,174,6.145185533400928,0.4447143553735456,Lipoic acid,4.2142969306547124,0.685788396094592,0.01904761904761905
CVCL_0399,Fluvoxamine (maleate),unclear,13,2.4344567110253226,0.0811009135348778,105,4.18211030770935,0.5821120276377256,Chlorhexidine (diacetate),3.5219262294428417,0.8421409217615524,0.42857142857142855
CVCL_0399,Furosemide,unclear,16,2.1922976459039165,0.08696715741961669,129,3.9141102291389065,0.5601011513633881,Chlorhexidine (diacetate),3.322742333694402,0.8489138371622703,0.638095238095238
CVCL_0399,Gallic acid,Cyclooxygenase inhibitor,25,2.0117339615227547,0.06850854347339597,76,2.9088780286434748,0.6915841577795223,Chlorhexidine (diacetate),2.834881237780093,0.9745617416286481,0.9714285714285714
CVCL_0399,Gallic acid (hydrate),Cyclooxygenase inhibitor,11,2.8366143486572524,0.10343252732348474,121,4.512413416644879,0.6286246597428043,Chlorhexidine (diacetate),3.774533367761905,0.8364777380190463,0.3619047619047619
CVCL_0399,Gemfibrozil,unclear,17,2.1208825021512077,0.09063691613413571,145,3.6530258041655985,0.580582403697432,Chlorhexidine (diacetate),3.468358084461724,0.949448011154672,0.6952380952380952
CVCL_0399,HI-TOPK-032,unclear,21,2.0526920460281177,0.07935310897334458,121,3.252586108204746,0.6310953738780782,Pentamidine (isethionate),3.1462898764262834,0.9673194718779844,0.9238095238095239
CVCL_0399,Hexylresorcinol,unclear,8,3.174646971597543,0.09665991395725038,135,5.18678439122942,0.6120645726021896,Amsacrine,4.151382810123156,0.8003769767532513,0.18095238095238095
CVCL_0399,Idarubicin (hydrochloride),DNA synthesis/repair inhibitor,15,2.54492382111925,0.09869658109826562,122,3.7149136054785306,0.6850559909027628,Amsacrine,3.5977985020515977,0.968474339953904,0.8095238095238095
CVCL_0399,Isocorydine,unclear,12,2.5327023959613,0.12493107986378482,180,4.238430369932814,0.5975566837025678,Chlorhexidine (diacetate),3.5625732193437756,0.8405406974752891,0.7142857142857143
CVCL_0399,Ixazomib,Proteasome inhibitor,16,2.356161691290264,0.10894386383464183,162,3.6278670627373275,0.649461970503537,Pentamidine (isethionate),3.3297653670399106,0.9178300388238342,0.9142857142857143
CVCL_0399,Larotrectinib,Other TK inhibitor,20,2.080597180671424,0.07585920075602115,107,3.36631470791812,0.6180637763241568,Chlorhexidine (diacetate),2.9335743363706457,0.8714498170567361,0.9333333333333333
CVCL_0399,Lenalidomide (hemihydrate),unclear,13,2.445878857726937,0.0924541089884866,128,4.283091104230699,0.5710545954324849,Chlorhexidine (diacetate),3.6900037150053793,0.8615281872852325,0.29523809523809524
CVCL_0399,Lidocaine (hydrochloride),unclear,16,2.4320073004631046,0.0818289847920115,84,3.679360089651738,0.660986487107681,Chlorhexidine (diacetate),3.2200780087750567,0.8751733807820496,0.8476190476190476
CVCL_0399,Lipoic acid,unclear,21,2.0407042705653806,0.05654362889693065,81,3.3380488271604083,0.6113464410589089,Chlorhexidine (diacetate),3.074844386035688,0.9211502123686365,0.9333333333333333
CVCL_0399,Medroxyprogesterone acetate,unclear,24,2.6956918297804426,0.05817271655270351,99,3.2008832215421736,0.8421712518714345,Amsacrine,3.1795348636856517,0.9933304790025309,0.9809523809523809
CVCL_0399,Mitoxantrone (dihydrochloride),DNA synthesis/repair inhibitor,20,2.399084805776493,0.07147362402293655,101,3.2730181697494567,0.7329885388201612,Chlorhexidine (diacetate),2.9872360627085257,0.9126854504865742,0.9714285714285714
CVCL_0399,Mozavaptan,unclear,16,2.263769038658462,0.07483994245853232,119,3.706384542018727,0.6107755450073923,Chlorhexidine (diacetate),3.4427328543408886,0.9288655333280024,0.9047619047619048
CVCL_0399,Naproxen,Cyclooxygenase inhibitor,13,2.7100482978520883,0.07191045967615284,98,4.119512385249656,0.6578565724321401,Amsacrine,3.7834549626053295,0.9184230095174335,0.8285714285714286
CVCL_0399,Neratinib (maleate),EGFR/ERBB inhibitor,18,2.244221830961853,0.07214841136966288,87,3.6020201563325127,0.6230453283323278,Ciclopirox,3.347346752128057,0.9292970629948507,0.8
CVCL_0399,Norepinephrine (hydrochloride),Adrenoceptor agonist,19,2.0956594432000726,0.0813672806565251,115,3.2629333296121303,0.6422624159008442,Chlorhexidine (diacetate),3.0046345753446055,0.9208384823792188,0.9333333333333333
CVCL_0399,Pasireotide (acetate),unclear,15,2.2756946640087237,0.08663902062116768,110,3.9649311596109396,0.5739556558232973,Ciclopirox,3.5427030521165612,0.8935093471999122,0.42857142857142855
CVCL_0399,Pentagastrin,unclear,10,2.6208542444880765,0.11963212446546811,203,5.052502106872764,0.5187240280262345,Pentamidine (isethionate),3.832378966430934,0.7585111070449365,0.18095238095238095
CVCL_0399,Pentamidine (isethionate),unclear,27,1.7829821088792828,0.059896397528733325,73,2.8429700011430694,0.6271547389393491,Chlorhexidine (diacetate),2.807418706753042,0.9874950159953382,0.9904761904761905
CVCL_0399,Proglumide,unclear,11,2.3084908855243955,0.0913942007430315,184,4.628911313296505,0.4987114095042774,Chlorhexidine (diacetate),3.827773203463913,0.8269273149538791,0.1523809523809524
CVCL_0399,Pyridoxine,unclear,8,2.88660170394997,0.10667956200840223,155,5.189374823755997,0.5562523043692358,Chlorhexidine (diacetate),4.229077961277902,0.8149494120019942,0.09523809523809523
CVCL_0399,RMC-6236,RAS inhibitor,17,2.0212903706794467,0.07988807170616474,139,3.9043918733695877,0.5176965930253877,Pentamidine (isethionate),3.220689805041534,0.8248889736219019,0.7714285714285715
CVCL_0399,Radotinib,Other TK inhibitor,13,2.311309301405991,0.08978772315827765,141,4.1222902837042215,0.5606857213677555,Chlorhexidine (diacetate),3.4738436813328115,0.8426974915049585,0.38095238095238093
CVCL_0399,Raltitrexed,DNA synthesis/repair inhibitor,12,2.35748658792469,0.10737575457490622,165,4.32396066347583,0.5452146241380504,Chlorhexidine (diacetate),3.451765970385919,0.7982880139365574,0.6
CVCL_0399,Rapamycin,MTOR inhibitor,18,2.3363129077121045,0.07333219151348125,91,3.7418369338766735,0.6243759279193396,Chlorhexidine (diacetate),3.201937200390989,0.8557126504905361,0.7619047619047619
CVCL_0399,Relugolix,unclear,8,3.1750041198116223,0.1258472767354375,183,5.168845183645903,0.6142579255144371,Chlorhexidine (diacetate),4.276242309351042,0.8273109674247869,0.3142857142857143
CVCL_0399,Resveratrol,unclear,12,2.5488656285351823,0.096026850073052,114,4.989209992678346,0.5108755959912764,Amsacrine,3.8115869642662332,0.7639660326704484,0.09523809523809523
CVCL_0399,Retinoic acid,Retinoic receptor agonist,15,2.585209785626101,0.07305796068030179,73,4.112016563521773,0.6286963453794979,Adenosine,3.404132705132897,0.8278499496649395,0.5047619047619047
CVCL_0399,Riluzole hydrochloride,unclear,20,2.1922267749620716,0.06949071543941943,88,3.2721229273711443,0.6699707876572132,Chlorhexidine (diacetate),3.0203115891774175,0.9230434357806862,0.9619047619047619
CVCL_0399,Ritonavir,unclear,10,2.487825946642975,0.11069337385596634,173,4.705783002063421,0.5286741750633418,Chlorhexidine (diacetate),3.708752012696692,0.7881264416719717,0.3333333333333333
CVCL_0399,S-Adenosyl-L-methionine (disulfate tosylate),unclear,15,2.609303314245611,0.08401552807478285,100,3.8247229336614867,0.6822202181708548,Gallic acid,3.5210218025319278,0.9205952597358942,0.780952380952381
CVCL_0399,Saquinavir,unclear,15,2.3668628829279617,0.06721483507238946,97,3.986793367305582,0.5936758354064315,Chlorhexidine (diacetate),3.3143766499621834,0.8313389595614177,0.6095238095238096
CVCL_0399,Selinexor,unclear,23,2.1213320160688283,0.08547342887724252,112,2.97253899884925,0.7136431235687919,Chlorhexidine (diacetate),3.0362848617674123,1.0214449206361431,0.9809523809523809
CVCL_0399,Sinomenine,unclear,14,2.4750807582732754,0.07232086221092282,97,4.03115970734892,0.6139872736277683,Chlorhexidine (diacetate),3.206107734297018,0.7953313604648786,0.7238095238095238
CVCL_0399,Sodium Salicylate,Cyclooxygenase inhibitor,14,2.569877220566709,0.09459421515029987,110,4.569715657305789,0.5623713625284633,Amsacrine,3.4567462898227443,0.7564466914470498,0.20952380952380953
CVCL_0399,Sonidegib,Sonic inhibitor,12,2.589496528677738,0.1114092132124278,124,4.5943419749751735,0.5636272926095648,Chlorhexidine (diacetate),3.9141266295283437,0.8519449903485895,0.4857142857142857
CVCL_0399,Sulfisoxazole,unclear,16,2.2420328254106923,0.0913354434024205,134,3.6948770339452546,0.6067949771569885,Chlorhexidine (diacetate),3.151987160071552,0.8530695693290706,0.8380952380952381
CVCL_0399,TAK-901,unclear,21,2.127724505505084,0.07862193432674514,93,3.017390003021942,0.7051539586775822,Chlorhexidine (diacetate),3.1460551280414633,1.042641198151602,1.0
CVCL_0399,Temsirolimus,MTOR inhibitor,9,2.989825841367991,0.12911515861464862,201,4.971210464314116,0.6014281356282309,Chlorhexidine (diacetate),4.153607572169957,0.8355324325909494,0.18095238095238095
CVCL_0399,Terfenadine,unclear,21,1.946611166167031,0.07387670764054555,115,3.2829591844522557,0.5929440656423551,Chlorhexidine (diacetate),3.020410695030458,0.9200268798146504,0.8952380952380953
CVCL_0399,Tetracycline (hydrochloride),unclear,12,2.5178026765687105,0.09273495389665354,133,4.434829689895907,0.5677337919661595,Estrone sulfate (potassium),3.7900804725359625,0.8546169159936606,0.5238095238095238
CVCL_0399,Thymol,unclear,14,2.4047807567587913,0.07932131505611884,104,4.053917976546755,0.5931991645295334,Chlorhexidine (diacetate),3.2377339832355956,0.7986678571117987,0.8095238095238095
CVCL_0399,Tofacitinib (citrate),JAK/STAT inhibitor,14,2.4551732939962285,0.0905473739528182,114,3.861997000921578,0.6357263595518995,Chlorhexidine (diacetate),3.242139893982748,0.839498294071457,0.819047619047619
CVCL_0399,Tolcapone,unclear,14,2.2934082972540257,0.09980209618600178,165,3.703184436981686,0.6193070683574402,Pentamidine (isethionate),3.2352891139360933,0.8736505483299786,0.9809523809523809
CVCL_0399,Triclosan,unclear,19,2.2494955805861117,0.06548877129012542,82,3.4371421331164442,0.6544668487556847,Chlorhexidine (diacetate),3.1362892432184206,0.912470046845214,0.7904761904761904
CVCL_0399,Trifluridine,DNA synthesis/repair inhibitor,19,2.106339314543644,0.08119628913533938,98,3.4992804696163398,0.6019349785856356,Chlorhexidine (diacetate),3.2007177686110424,0.9146788308060281,0.8095238095238095
CVCL_0399,Trimetrexate,DNA synthesis/repair inhibitor,9,2.637076591038334,0.12542282173409647,227,4.74519803102882,0.5557358352158344,Selinexor,4.092201623915087,0.8623879545503067,0.21904761904761905
CVCL_0399,Tucidinostat,HDAC inhibitor,20,2.1314909029283475,0.08448608773050337,110,3.3878218598516816,0.6291626275242418,Ciclopirox,3.134210622208868,0.9251403266953603,0.9619047619047619
CVCL_0399,Valdecoxib,Cyclooxygenase inhibitor,9,3.193872459026574,0.07891358654016312,138,5.038880274827681,0.6338456730123038,Cysteamine (hydrochloride),4.467432912052945,0.8865923912442475,0.12380952380952381
CVCL_0399,Vemurafenib,RAF inhibitor,22,2.2395823146722345,0.06114804327021761,70,3.519481591375988,0.6363386926529256,Chlorhexidine (diacetate),3.0938028569826526,0.879050728540134,0.9714285714285714
CVCL_0399,Verteporfin,unclear,13,2.2361703595454268,0.08932601403212048,144,4.4970130423715355,0.4972568099037944,Pentamidine (isethionate),3.8052528166134834,0.8461734001569079,0.17142857142857143
CVCL_0399,Vilanterol,Adrenoceptor agonist,11,2.5924453387482256,0.09961890548980612,156,4.522378711342564,0.5732481740739938,Amsacrine,3.7161385678364813,0.8217221079950792,0.3047619047619048
CVCL_0399,Vinblastine (sulfate),Microtubule inhibitor,13,2.5389481015451216,0.09062100747496182,107,4.089967913385416,0.6207745770414961,Terfenadine,3.5684777647533306,0.8724952958859697,0.5523809523809524
CVCL_0399,Vitamin K4,unclear,8,3.246038198776519,0.11561196795548068,135,5.326464822163533,0.6094169974181909,Chlorhexidine (diacetate),4.468231371109033,0.8388737221198996,0.24761904761904763
CVCL_0399,Volasertib,unclear,19,2.0554476402088198,0.06557557706774286,70,3.415483126548411,0.6018028969992295,Chlorhexidine (diacetate),3.184068410554283,0.9322453932811582,0.9333333333333333
CVCL_0399,palbociclib,CDK inhibitor,11,2.5725036529733307,0.12531282708560532,209,4.586292189872703,0.5609114174308055,Chlorhexidine (diacetate),3.9774573075009556,0.8672489982831543,0.3619047619047619
CVCL_0366,(R)-Verapamil (hydrochloride),unclear,13,2.4289470903992574,0.0591535826320021,129,4.341481937082584,0.5594741900576641,Thymopentin,3.6508564539258197,0.8409240224500727,0.647887323943662
CVCL_0366,8-Hydroxyquinoline,unclear,13,2.299553218808539,0.07322396947393306,155,4.737843500333472,0.48535862753733533,Thymopentin,3.656372300100111,0.7717376692249878,0.323943661971831
CVCL_0366,Acetohexamide,unclear,15,2.0744877849951306,0.05656697037362857,121,3.811657812156819,0.5442481689670055,Thymopentin,3.254982721277241,0.8539545997271502,0.8169014084507042
CVCL_0366,Adagrasib,RAS inhibitor,11,2.602680804752238,0.05525230032018025,131,4.657637849717211,0.5587984486407118,Thymopentin,3.8645262059267957,0.8297180525019633,0.5915492957746479
CVCL_0366,Adenine,unclear,25,1.874878395252209,0.045281843702206226,72,3.00826920144777,0.6232415617425124,Thymopentin,2.8137419580454353,0.9353358258932692,0.9859154929577465
CVCL_0366,Adenosine,unclear,17,2.251648671794228,0.07270272481272311,168,3.5508874105544916,0.6341087202882111,Thymopentin,3.365409449068756,0.9477657441532983,0.9014084507042254
CVCL_0366,Amsacrine,DNA synthesis/repair inhibitor,15,2.447691550878039,0.062126241203928734,97,3.9947068447982366,0.612733711377428,Thymopentin,3.375486970917905,0.8449899084117631,0.9154929577464789
CVCL_0366,Anastrozole,unclear,12,2.5408580144299835,0.07500806951292427,179,4.479077286159943,0.567272643917324,Thymopentin,3.768952932088622,0.8414574456516839,0.5915492957746479
CVCL_0366,Anethole trithione,unclear,10,3.425745422705896,0.0787362981234706,166,4.910206909244886,0.6976784249673753,Thymopentin,4.150180086221961,0.8452149090516013,0.7887323943661971
CVCL_0366,Berberine (chloride hydrate),unclear,19,2.312550599933247,0.04172092875495159,100,3.559346745553441,0.6497120863041035,Thymopentin,3.356040447697899,0.942881008120514,0.9577464788732394
CVCL_0366,Bergenin,unclear,14,2.397588950753659,0.08369029114278204,166,3.865700249508852,0.6202211232126131,Thymopentin,3.3130752745558385,0.857044018086186,0.9154929577464789
CVCL_0366,Budesonide,Glucocorticoid receptor agonist,8,3.200783453956533,0.1090775377470189,186,5.522179008366158,0.579623269927924,Thymopentin,4.048623237085763,0.7331568264904229,0.5915492957746479
CVCL_0366,Busulfan,DNA synthesis/repair inhibitor,17,2.2827000723825672,0.07407841227728973,182,3.6276640845426895,0.6292479179946808,Gemfibrozil,3.2884029623917908,0.9064794550310006,0.8450704225352113
CVCL_0366,Carbamazepine,HDAC inhibitor,11,2.565814059080205,0.0780850197461791,152,4.603794459876077,0.5573259365600067,Thymopentin,3.6702162598548234,0.797215490796176,0.6056338028169014
CVCL_0366,Cepharanthine,unclear,12,2.438609981048502,0.08621871818784566,192,4.374468822924974,0.557464249892158,Thymopentin,3.569118614458352,0.8158976001277963,0.7887323943661971
CVCL_0366,Chlorhexidine (diacetate),unclear,16,2.1992069172736537,0.06055359941390648,95,3.8696072689426226,0.5683281957123755,Thymopentin,3.096614703169798,0.8002400471032695,0.8309859154929577
CVCL_0366,Ciclopirox,unclear,14,2.401768049834832,0.08311323467366005,218,4.053190477753009,0.592562343915876,Thymopentin,3.571815905149007,0.881235640109649,0.7746478873239436
CVCL_0366,Clotrimazole,unclear,12,2.575114750424254,0.09703369552228702,215,4.861474613740764,0.5296982819052052,Gemfibrozil,3.750709787403509,0.7715168925910417,0.2535211267605634
CVCL_0366,Darinaparsin,unclear,19,1.9909450126068107,0.056388611450780446,110,3.6954214570125545,0.538759931922982,Thymopentin,2.9505978833646758,0.7984469207877557,0.8450704225352113
CVCL_0366,Demeclocycline,unclear,13,2.330871440977423,0.07579868849892235,166,4.16623229034269,0.559467470496154,Gemfibrozil,3.5258664999179192,0.8462961866266707,0.6197183098591549
CVCL_0366,Diammonium Glycyrrhizinate,unclear,13,2.46309961804616,0.08787654824613456,191,4.294596818527573,0.5735345416873493,Thymopentin,3.764623083469746,0.8765952294354068,0.647887323943662
CVCL_0366,Docetaxel,Microtubule inhibitor,14,2.277192431717855,0.06517759818041435,139,4.150740331130057,0.5486231973219775,Thymopentin,3.4393551537131417,0.8286124593047628,0.8028169014084507
CVCL_0366,Elagolix sodium,unclear,9,2.9148252990061803,0.12010964546223046,249,5.119489202313231,0.5693586183733179,S-Adenosyl-L-methionine (disulfate tosylate),4.290215527695994,0.8380163250969392,0.2535211267605634
CVCL_0366,Eplerenone,unclear,8,2.9037072072847883,0.11047248992982373,240,5.43515201033599,0.5342458135049082,Thymopentin,4.25931779323447,0.7836612085797335,0.22535211267605634
CVCL_0366,Erdafitinib,Other TK inhibitor,8,3.0921189523639394,0.09284636363514054,180,5.495432779330184,0.5626706897397125,Thymopentin,4.226508380312727,0.7690947283005215,0.352112676056338
CVCL_0366,Estrone sulfate (potassium),unclear,8,2.903976806912583,0.11336599530986435,242,5.475521667243998,0.5303561894905706,Thymopentin,4.283588926292975,0.7823161310672047,0.19718309859154928
CVCL_0366,Fenofibrate,unclear,10,2.67575173500282,0.09516452019936816,180,5.1915731782797305,0.5154028736795061,Thymopentin,4.116901511324915,0.7929969144129609,0.18309859154929578
CVCL_0366,Fluvoxamine (maleate),unclear,11,2.4203298300451945,0.08470118206881216,215,4.496808181704457,0.5382328381033588,Thymopentin,3.6237376645882717,0.8058466179037107,0.5211267605633803
CVCL_0366,Furosemide,unclear,11,2.7024259869851037,0.10629911254859237,243,4.343561243764861,0.6221682705324828,Gemfibrozil,3.8419616203622775,0.8845188095085283,0.6338028169014085
CVCL_0366,Gallic acid,Cyclooxygenase inhibitor,21,1.9844024771799222,0.05636284800875091,128,3.274521302653103,0.6060129996931483,Thymopentin,3.196974206652204,0.9763180358796053,0.9295774647887324
CVCL_0366,Gallic acid (hydrate),Cyclooxygenase inhibitor,13,2.3667442131634107,0.08080335536246908,183,4.198141729385137,0.5637599599359038,Gemfibrozil,3.596621435297256,0.8567174876737713,0.7605633802816901
CVCL_0366,Gemfibrozil,unclear,29,2.0951032334665896,0.05715594236771293,141,2.8097028070878514,0.7456672030157109,Norepinephrine (hydrochloride),3.1013680430120796,1.1038064364631248,1.0
CVCL_0366,HI-TOPK-032,unclear,10,2.915849070319559,0.06621882763798781,106,4.794317134855465,0.6081886092016864,Thymopentin,4.188801291474921,0.873701337156371,0.5211267605633803
CVCL_0366,Idarubicin (hydrochloride),DNA synthesis/repair inhibitor,10,2.7026473437665754,0.08473899932656148,171,5.17110531872496,0.5226440339515204,Thymopentin,3.7808427495669625,0.7311478913175965,0.4225352112676056
CVCL_0366,Larotrectinib,Other TK inhibitor,13,2.3547345788610405,0.07022972581684972,125,4.404994835511045,0.534560122495094,Thymopentin,3.694706179182,0.8387538049754284,0.5915492957746479
CVCL_0366,Lenalidomide (hemihydrate),unclear,8,2.818386680117308,0.09169285588722786,195,5.8623706185439115,0.48075887102773035,Thymopentin,4.641850834122528,0.7918043972585728,0.0
CVCL_0366,Lidocaine (hydrochloride),unclear,11,2.8929621713160265,0.12456828969140887,282,4.215962542215344,0.6861925698694358,Gemfibrozil,3.9451131545610156,0.9357562158244399,0.7605633802816901
CVCL_0366,Medroxyprogesterone acetate,unclear,14,2.4109233221761297,0.07892683951489687,195,3.8705289640756817,0.6228924636795428,Thymopentin,3.575318912497393,0.9237287579247485,0.8028169014084507
CVCL_0366,Megestrol,unclear,11,2.45216397759831,0.07588572542012129,172,4.810422638027264,0.5097606098502674,Thymopentin,3.95539484740904,0.8222551623927856,0.352112676056338
CVCL_0366,Mitoxantrone (dihydrochloride),DNA synthesis/repair inhibitor,19,2.227965515983604,0.07066373718633268,145,3.41799658083699,0.6518337462578812,Gemfibrozil,3.1951133275129022,0.934791259133001,0.971830985915493
CVCL_0366,Mozavaptan,unclear,10,2.800418705731163,0.11622974325710778,260,4.8548890537608465,0.5768244494818712,Gemfibrozil,4.0002751280437865,0.8239683922220566,0.5211267605633803
CVCL_0366,Neratinib (maleate),EGFR/ERBB inhibitor,16,2.503473657487558,0.05456719052403669,101,3.9503261182982956,0.6337384769047861,Thymopentin,3.1544372707830974,0.7985257865601112,0.9436619718309859
CVCL_0366,Norepinephrine (hydrochloride),Adrenoceptor agonist,20,2.3619947497966405,0.07946151385143141,177,3.2337903191927273,0.7304106069518698,Gemfibrozil,3.1013680430120796,0.9590504444908768,0.9859154929577465
CVCL_0366,Palmatine (chloride),unclear,10,2.589979190675848,0.09495452087058176,239,4.82300035972472,0.5370058049972186,Gemfibrozil,3.968513557696066,0.8228308649602869,0.49295774647887325
CVCL_0366,Pasireotide (acetate),unclear,12,2.5858381618647153,0.0641360456477541,105,4.937250149172364,0.5237405607852748,Thymopentin,3.6697815665605975,0.7432845117591959,0.39436619718309857
CVCL_0366,Pentamidine (isethionate),unclear,15,2.2436208281209553,0.0709523670491371,153,4.005296929280397,0.5601634205242433,Thymopentin,3.3166623896741214,0.8280690416303299,0.7605633802816901
CVCL_0366,Quinestrol,unclear,8,3.336062246684773,0.0832920407537805,188,5.733840856773023,0.5818198185155582,Thymopentin,4.489788117380687,0.7830332633102617,0.18309859154929578
CVCL_0366,Radotinib,Other TK inhibitor,9,2.8468054251841317,0.10661327844915502,249,5.040198071970525,0.5648201488381467,Gemfibrozil,4.3802331610041865,0.8690597271094314,0.22535211267605634
CVCL_0366,Raltitrexed,DNA synthesis/repair inhibitor,14,2.380922084157419,0.058769505576489744,111,4.087396425052459,0.5825033435867091,Thymopentin,3.5441038775248663,0.8670810239501984,0.7183098591549296
CVCL_0366,Rapamycin,MTOR inhibitor,9,2.895137965385456,0.09605647684726315,203,5.378571260942093,0.5382726796629544,Norepinephrine (hydrochloride),4.4213891181826925,0.822037843077356,0.16901408450704225
CVCL_0366,Resveratrol,unclear,11,2.445325395835091,0.07405634559357088,172,4.556163177245228,0.5367071592272507,Thymopentin,3.7358027096945734,0.8199448887942014,0.5070422535211268
CVCL_0366,Retinoic acid,Retinoic receptor agonist,11,2.7429387568540604,0.06863220065398912,114,4.727313717830511,0.5802320134811927,Adenine,4.051210683337642,0.8569794443845054,0.39436619718309857
CVCL_0366,Riluzole hydrochloride,unclear,8,3.1360396032949156,0.08439766119768533,197,5.45025633877604,0.5753930472927397,Berberine (chloride hydrate),4.334902170177279,0.795357484259312,0.23943661971830985
CVCL_0366,Rimonabant,unclear,9,3.319576250950921,0.061746664953543084,148,5.102257005720664,0.6506093768363694,Thymopentin,4.351236282338496,0.8528061752788773,0.4647887323943662
CVCL_0366,Ritonavir,unclear,11,2.4561506009468763,0.08570774461472241,174,5.059819267637574,0.4854225953595475,Thymopentin,3.9561640621352807,0.7818785321916074,0.18309859154929578
CVCL_0366,S-Adenosyl-L-methionine (disulfate tosylate),unclear,20,2.0798789736890635,0.06183589225999231,118,3.317075354701071,0.6270219248234409,Thymopentin,3.1394224447545196,0.9464429079988261,0.971830985915493
CVCL_0366,Saquinavir,unclear,8,2.801274117242731,0.10492766570392542,238,5.585274805415311,0.5015463365431369,S-Adenosyl-L-methionine (disulfate tosylate),4.351917315881798,0.7791769371244388,0.11267605633802817
CVCL_0366,Selinexor,unclear,10,2.7822128481167208,0.09947381997258198,199,5.133395340573846,0.5419829690743644,Gallic acid,4.139791661841702,0.8064431798426279,0.38028169014084506
CVCL_0366,Sinomenine,unclear,15,2.8883542381975063,0.04209875193498347,102,3.9446465215896604,0.7322213086493548,Berberine (chloride hydrate),3.725766093104708,0.9445120298391793,0.9436619718309859
CVCL_0366,Sivelestat (sodium tetrahydrate),unclear,8,2.889420546452258,0.11497827043995312,278,4.995066906989926,0.5784548235798206,Thymopentin,4.2564888530418346,0.8521385063101856,0.4084507042253521
CVCL_0366,Sodium Salicylate,Cyclooxygenase inhibitor,11,2.4990916722724146,0.08604314336984009,141,4.7524454233832785,0.5258538393678815,Gemfibrozil,3.7627344816007433,0.7917470157757315,0.36619718309859156
CVCL_0366,Sulfisoxazole,unclear,8,3.144685514461227,0.14257731890162106,311,5.3258271311032725,0.5904595543659317,Gemfibrozil,4.176027345318665,0.7841086919495224,0.39436619718309857
CVCL_0366,TAK-901,unclear,10,2.912938956868841,0.07312001195282447,138,5.083763719397186,0.5729886591216806,Thymopentin,4.014350003147147,0.7896413414790162,0.30985915492957744
CVCL_0366,Temsirolimus,MTOR inhibitor,12,2.5355824626509706,0.0940475597671182,203,4.281992182567531,0.5921501849007597,Thymopentin,3.4647279728880145,0.8091392569545806,0.7464788732394366
CVCL_0366,Terfenadine,unclear,14,2.222423946687639,0.06624882591662229,161,3.8247778056993464,0.5810596221762161,Thymopentin,3.420854822643916,0.8943930854091602,0.8450704225352113
CVCL_0366,Thymopentin,unclear,51,1.5468510613693998,0.02814931655819375,58,2.2254459551586776,0.695074646851672,Adenine,2.8137419580454353,1.264349714502418,1.0
CVCL_0366,Tofacitinib (citrate),JAK/STAT inhibitor,15,2.223639268553694,0.07139412796864253,176,4.117602198455435,0.540032562977504,Gemfibrozil,3.4623547553517677,0.8408667444005496,0.7323943661971831
CVCL_0366,Tolcapone,unclear,9,2.667309943766187,0.08708532322091977,221,4.856737140307157,0.5491979217136501,Thymopentin,4.1193633399600404,0.848175065060144,0.30985915492957744
CVCL_0366,Triclosan,unclear,10,2.7566176530840014,0.0929927094139904,190,4.716162598485533,0.5845043709835649,Thymopentin,3.928337697956382,0.8329521334183559,0.6056338028169014
CVCL_0366,Tucidinostat,HDAC inhibitor,18,2.3405168036675157,0.07903159269458981,182,3.614211713272691,0.6475870782755455,Thymopentin,3.3161332600925935,0.9175260120801872,0.9577464788732394
CVCL_0366,Vilanterol,Adrenoceptor agonist,8,2.9987474941302206,0.11991895733436742,213,5.683238884629949,0.5276476240054225,Thymopentin,4.279223675245596,0.7529550951691569,0.15492957746478872
CVCL_0366,palbociclib,CDK inhibitor,10,2.623666132636878,0.09408296227071922,197,4.654054435658045,0.5637377406966047,Thymopentin,3.877822150724697,0.8332137503622483,0.6619718309859155
CVCL_1098,(R)-Verapamil (hydrochloride),unclear,9,3.0637889141907895,0.1377498551739511,141,5.221759158685059,0.5867350103834186,Larotrectinib,3.983386668076238,0.7628438131718301,0.3076923076923077
CVCL_1098,8-Hydroxyquinoline,unclear,9,2.746033942290613,0.11296801197766615,124,4.76976813784528,0.5757164421688473,Larotrectinib,3.8218175320527488,0.8012585563077782,0.40384615384615385
CVCL_1098,Adagrasib,RAS inhibitor,8,2.859374366868579,0.16883724679566448,149,5.464095269608541,0.523302436319605,Larotrectinib,4.073944974936985,0.7455845430800571,0.19230769230769232
CVCL_1098,Adenine,unclear,17,2.13246131842761,0.07705302638543277,66,3.470070714395779,0.6145296433242634,Larotrectinib,2.756707247524511,0.7944239395722281,0.9423076923076923
CVCL_1098,Adenosine,unclear,15,2.1987647660414855,0.08130349820645377,81,3.7604885379284676,0.5847018928164888,Larotrectinib,2.9641365290256303,0.7882317680613057,0.9230769230769231
CVCL_1098,Almonertinib (hydrochloride),EGFR/ERBB inhibitor,9,2.914461204855744,0.10874268779353491,136,5.2528920861431105,0.5548298265147993,Larotrectinib,4.3345161426778125,0.825167559431131,0.057692307692307696
CVCL_1098,Artesunate,JAK/STAT inhibitor,8,2.7841818982526214,0.11116596518871169,105,5.324392963115406,0.522910671233316,Larotrectinib,3.883216475095278,0.7293256718645974,0.19230769230769232
CVCL_1098,Azithromycin (hydrate),unclear,13,2.2966682813103607,0.11958223333104023,141,4.306315999426911,0.5333255343119279,Larotrectinib,3.4331915654319998,0.7972456191995415,0.7692307692307693
CVCL_1098,Baicalin,unclear,9,2.5425738881257236,0.10985727431017145,137,5.434259569505597,0.46787862368470634,Larotrectinib,4.015189066037531,0.7388658960217516,0.0
CVCL_1098,Berbamine,unclear,8,2.774244281891355,0.11981383355271735,142,5.188936634279916,0.5346460127425212,Larotrectinib,3.8110753311984036,0.7344617211204927,0.3269230769230769
CVCL_1098,Berberine (chloride hydrate),unclear,10,2.5459943311252973,0.1067440640811973,118,4.749941481049132,0.5360054100209581,Larotrectinib,3.604126694606264,0.7587728625680271,0.5192307692307693
CVCL_1098,Bergenin,unclear,10,2.3808889622305744,0.12340554874961462,159,4.676081918895716,0.5091632275751139,Larotrectinib,3.4543962199300706,0.7387373189445421,0.4807692307692308
CVCL_1098,Cepharanthine,unclear,9,2.6604579415319094,0.15422882494544266,194,5.039938100216128,0.5278751223983923,Larotrectinib,3.873163418005418,0.7684942435779767,0.25
CVCL_1098,Chlorhexidine (diacetate),unclear,13,2.120217181614893,0.10016626160821529,125,4.336071492448986,0.48897191508653093,Larotrectinib,3.2991203927764112,0.7608547041997891,0.5961538461538461
CVCL_1098,Ciclopirox,unclear,11,2.201254289325653,0.10781060506789752,147,4.517620277689583,0.4872596973669123,Larotrectinib,3.457019312688102,0.7652301654835192,0.36538461538461536
CVCL_1098,Clonidine (hydrochloride),Adrenoceptor agonist,10,2.9305761923276257,0.081218047076827,82,4.541512568142379,0.6452863772490501,Larotrectinib,3.316536955204234,0.7302714471097019,0.8846153846153846
CVCL_1098,Cysteamine (hydrochloride),unclear,12,2.264390660852453,0.09650924709708442,115,4.2785212750063595,0.5292460911858121,Larotrectinib,3.1226548359709505,0.7298444100798142,0.9038461538461539
CVCL_1098,Demeclocycline,unclear,13,2.1782658993964406,0.10620549297188597,139,4.280554451633528,0.5088747086408816,Larotrectinib,3.2939243701006693,0.7695088118418059,0.5192307692307693
CVCL_1098,Diammonium Glycyrrhizinate,unclear,12,2.3726475023346016,0.12750877662417082,172,4.035954755200771,0.5878776265460323,Larotrectinib,3.312940435962514,0.8208566837111904,0.8653846153846154
CVCL_1098,Docetaxel,Microtubule inhibitor,12,2.474175699407222,0.12168552873636795,120,4.579216509809197,0.5403054636327544,Larotrectinib,3.545064852547807,0.7741640616803942,0.5961538461538461
CVCL_1098,Elagolix sodium,unclear,10,2.5870134216416005,0.12377238912038091,114,4.530673263380035,0.5709997766891716,Larotrectinib,3.65773335538255,0.807326669293684,0.6153846153846154
CVCL_1098,Fluvoxamine (maleate),unclear,9,2.6352277726082947,0.1252483847617547,167,4.681694957021143,0.5628789993368194,Larotrectinib,3.7965185039696747,0.8109282084421224,0.4230769230769231
CVCL_1098,Furosemide,unclear,11,2.4348017199495793,0.10460450627621776,112,4.468452700297782,0.5448869851050056,Larotrectinib,3.583295551611437,0.8019096971469886,0.5961538461538461
CVCL_1098,Gallic acid,Cyclooxygenase inhibitor,12,2.7730734429096806,0.08063307469648062,109,4.1966651737898815,0.6607802452835192,Larotrectinib,3.3789939260356907,0.8051616667298296,0.7884615384615384
CVCL_1098,Gallic acid (hydrate),Cyclooxygenase inhibitor,8,2.597040604573409,0.12771619590646732,169,5.3308564604548945,0.4871713623952646,Larotrectinib,3.642088935519111,0.6832089669899539,0.17307692307692307
CVCL_1098,Gemfibrozil,unclear,10,2.5665678486809798,0.13868711631733033,169,4.623259012656155,0.5551425610494695,Larotrectinib,3.6356930543369077,0.7863918167647996,0.6153846153846154
CVCL_1098,Goserelin (acetate),unclear,9,2.9304497735585198,0.10023686568094048,112,4.875021829495624,0.6011152105675203,Larotrectinib,3.942280726579607,0.8086693484585854,0.40384615384615385
CVCL_1098,HI-TOPK-032,unclear,10,2.6533559050309035,0.12172283882052093,125,4.6780369440701,0.5671943032417281,Larotrectinib,3.480109673772027,0.7439252223485386,0.7307692307692307
CVCL_1098,Idarubicin (hydrochloride),DNA synthesis/repair inhibitor,12,2.4251044117699845,0.1358293023138445,157,4.052021462265376,0.5984924893300476,Larotrectinib,3.2508679903262814,0.8022830137007242,0.9038461538461539
CVCL_1098,Larotrectinib,Other TK inhibitor,89,1.2910088431734128,0.03223466665063224,40,1.5930457497405603,0.8104028672018135,XRK3F2,2.586162324328181,1.623407441217151,1.0
CVCL_1098,Lipoic acid,unclear,9,2.792087356773194,0.12140466726796073,132,5.547129039916049,0.5033391753971979,Larotrectinib,4.044213123925117,0.7290641870459035,0.0
CVCL_1098,Lumateperone (tosylate),unclear,10,2.6353168130455153,0.10141445331284504,133,4.397560808616563,0.5992678504597108,Larotrectinib,3.5634305194149385,0.8103197828288734,0.6923076923076923
CVCL_1098,Neratinib (maleate),EGFR/ERBB inhibitor,9,2.720963810003219,0.10971450304603403,132,5.227674896175778,0.5204921622026834,Larotrectinib,4.290891992180417,0.8208031443040481,0.038461538461538464
CVCL_1098,Norepinephrine (hydrochloride),Adrenoceptor agonist,17,2.0522306026202184,0.09145912586490312,79,3.807658016251768,0.5389745071277225,Larotrectinib,3.09885972060356,0.8138492762157395,0.8076923076923077
CVCL_1098,Pasireotide (acetate),unclear,8,2.854650549532756,0.12394309386764368,160,5.4191898400574505,0.5267670323028383,Larotrectinib,3.8890786591834106,0.7176494594148008,0.09615384615384616
CVCL_1098,Pentamidine (isethionate),unclear,16,2.0547795879763804,0.08218881374475406,90,3.582044862413638,0.5736331249050403,Larotrectinib,2.894786709485986,0.8081380386552258,0.9615384615384616
CVCL_1098,RMC-6236,RAS inhibitor,14,2.1977782202222778,0.09215979435121546,96,3.942752301433657,0.5574223416021151,Larotrectinib,2.8982771730091232,0.7350898437001119,0.8846153846153846
CVCL_1098,Radotinib,Other TK inhibitor,9,2.6026630130514437,0.11941583174165382,166,4.90754787749079,0.5303387920042412,Larotrectinib,3.7761508596024216,0.7694577727753422,0.2692307692307692
CVCL_1098,Raltitrexed,DNA synthesis/repair inhibitor,12,2.735802125091678,0.08019040111277942,91,4.3384502434741234,0.6305943301313317,Larotrectinib,3.425028042382535,0.7894588735999557,0.8461538461538461
CVCL_1098,Rapamycin,MTOR inhibitor,9,3.3220597928423254,0.11007860970682071,131,5.075080520892714,0.6545826768986851,Larotrectinib,4.144135306850334,0.8165654298074811,0.4230769230769231
CVCL_1098,Retinoic acid,Retinoic receptor agonist,8,2.9518330904008616,0.1641706795125546,208,5.081311215719535,0.5809195629012205,Larotrectinib,3.8388193255287058,0.7554780966087928,0.36538461538461536
CVCL_1098,Ritonavir,unclear,9,2.612564353489312,0.13211545879871323,147,5.127183445986963,0.5095515658863662,Larotrectinib,4.111942675141862,0.801988600263615,0.11538461538461539
CVCL_1098,S-Adenosyl-L-methionine (disulfate tosylate),unclear,15,2.1256720361733734,0.10223415972408023,117,3.9595654173157158,0.5368447827323478,Larotrectinib,3.386665898360679,0.8553125258520368,0.6730769230769231
CVCL_1098,Salicylic acid,Cyclooxygenase inhibitor,8,2.614066703132091,0.1550982057555892,220,5.228912260446799,0.4999255242635731,Larotrectinib,3.935496303769317,0.7526414878938966,0.28846153846153844
CVCL_1098,Saquinavir,unclear,10,2.5329928412258305,0.12451777744826398,147,5.008276300389994,0.5057614015881245,Larotrectinib,3.7425824963817425,0.7472795572581145,0.23076923076923078
CVCL_1098,Selinexor,unclear,17,2.2134814294608574,0.07017769065844526,69,3.7299587738578293,0.593433215662996,Larotrectinib,3.077749801374901,0.8251431149711179,0.9038461538461539
CVCL_1098,Sinomenine,unclear,9,2.738870589825081,0.0963848504881134,109,5.358128291269863,0.5111618163916668,Larotrectinib,3.8569045380822216,0.7198231039682973,0.15384615384615385
CVCL_1098,Tofacitinib,JAK/STAT inhibitor,8,2.68217525728872,0.13443515129952388,166,4.744300897082503,0.5653467845890883,Larotrectinib,3.750865156703002,0.7906043984287733,0.4807692307692308
CVCL_1098,Triclosan,unclear,15,2.0711629104281872,0.09166613063696305,93,3.775787848282356,0.5485379458939622,Larotrectinib,2.995150394273774,0.7932517701269413,0.9423076923076923
CVCL_1098,Trifluridine,DNA synthesis/repair inhibitor,12,2.4691402543801018,0.12354112399088102,144,4.262400245923208,0.5792839977291485,Larotrectinib,3.340868526230103,0.783799815473803,0.7692307692307693
CVCL_1098,Tucidinostat,HDAC inhibitor,11,2.4877719067430415,0.14121575441250334,170,4.252186527197429,0.5850570972912389,Larotrectinib,3.5264298995308208,0.829321544804163,0.7884615384615384
CVCL_1098,Vilanterol,Adrenoceptor agonist,10,2.680641450437683,0.16832208751816058,185,4.518668922041648,0.5932369679402185,Larotrectinib,3.71169806667254,0.8214140338025698,0.8076923076923077
CVCL_1098,XRK3F2,unclear,23,1.7785811439586074,0.06739945956425897,81,3.176432830835945,0.5599303491302022,Larotrectinib,2.586162324328181,0.814171890940813,0.9615384615384616
CVCL_0293,(R)-Verapamil (hydrochloride),unclear,10,2.6178274757138715,0.0828683237343334,190,4.761303084435871,0.5498132400500266,Sinomenine,3.584825497741056,0.7529084862208039,0.5
CVCL_0293,18β-Glycyrrhetinic acid,unclear,14,2.400313752302869,0.0839981680787999,187,4.2391464616988745,0.5662257187832389,Sinomenine,3.3468989280768326,0.7895218903891171,0.4803921568627451
CVCL_0293,8-Hydroxyquinoline,unclear,21,2.1977866976021563,0.06503202337447023,113,3.443920915022886,0.6381641018570112,Sinomenine,2.837850045362886,0.8240171930150223,0.8333333333333334
CVCL_0293,AT7519,CDK inhibitor,17,2.0286888328723265,0.06048080307241943,113,3.650672797190328,0.555702728120052,PH-797804,2.980466481260165,0.8164156709837225,0.7450980392156863
CVCL_0293,Abiraterone acetate,unclear,9,2.7713338660158193,0.10802826049320158,230,5.280776204231129,0.524796688751047,Bisoprolol (hemifumarate),4.043330577059726,0.7656697463944938,0.08823529411764706
CVCL_0293,Acetohexamide,unclear,18,2.1412102923436156,0.064581048444731,110,3.474438695275527,0.6162751684912993,Sinomenine,2.8045555435552028,0.8071967271630902,0.8137254901960784
CVCL_0293,Adagrasib,RAS inhibitor,10,2.486818166955768,0.07661387060840963,146,4.711913952245752,0.5277724067457815,Sinomenine,3.408441915942894,0.7233667572215303,0.5098039215686274
CVCL_0293,Adenine,unclear,24,1.8273792343348227,0.049100322389066586,87,3.3801875447577703,0.5406147470038606,Sinomenine,2.570925072203333,0.7605865172157392,0.8431372549019608
CVCL_0293,Adenosine,unclear,26,1.9687287850437751,0.048537651972387685,86,3.2263822120996277,0.6101970118917153,Sinomenine,2.5654907571327628,0.795160209944011,0.9215686274509803
CVCL_0293,Aliskiren,unclear,17,2.1348659430506878,0.05189725054733507,107,3.9137710566415445,0.5454754282133822,Sinomenine,2.947354087628016,0.7530726874343993,0.7254901960784313
CVCL_0293,Allantoin,unclear,8,3.0351730935262693,0.13916248827222277,290,5.340885549059938,0.568290233079512,Bisoprolol (hemifumarate),4.171973781347196,0.7811389596396641,0.18627450980392157
CVCL_0293,Almonertinib (hydrochloride),EGFR/ERBB inhibitor,17,2.096420434488554,0.06640201677950419,184,4.105536439823445,0.5106325239628634,PH-797804,3.1158474668009495,0.7589379640081684,0.5294117647058824
CVCL_0293,Amsacrine,DNA synthesis/repair inhibitor,19,2.2211801937270126,0.06020274188099328,101,3.314367316505392,0.6701671787148156,Sinomenine,2.7334532852067204,0.8247285301162164,0.9313725490196079
CVCL_0293,Anastrozole,unclear,14,2.420251692999943,0.05649631704152813,133,3.9954705684126868,0.6057488477412202,Perindopril (erbumine),3.0530143606045383,0.7641188461607,0.7843137254901961
CVCL_0293,Anethole trithione,unclear,16,2.4041368089735498,0.0696893197790367,126,3.950123175156125,0.608623251065716,Sinomenine,2.937463571035248,0.7436384742405273,0.8627450980392157
CVCL_0293,Aprepitant,unclear,10,2.635350299762253,0.08252611612607852,182,4.837494397116009,0.5447758867345421,Voriconazole,3.3895398698793344,0.7006808880027007,0.5882352941176471
CVCL_0293,Azithromycin (hydrate),unclear,15,2.1717966572669223,0.05832661928786742,114,4.17730644277343,0.5199035998481849,Sinomenine,3.145383473415098,0.7529692916966825,0.6078431372549019
CVCL_0293,Baicalin,unclear,16,2.3341483922368025,0.06386689056379968,113,4.39848484608277,0.5306710092034449,Perindopril (erbumine),3.0991370776047544,0.7045919642907951,0.3431372549019608
CVCL_0293,Berbamine,unclear,13,2.688658691973037,0.0685518826754038,126,4.317360936949543,0.6227551347311547,Sinomenine,3.4328874057232652,0.7951356061855677,0.6372549019607843
CVCL_0293,Berbamine (dihydrochloride),unclear,10,2.403336669327023,0.07498400098288704,148,5.830309293150007,0.4122142666000049,Bisoprolol (hemifumarate),3.641404348526329,0.6245645240132615,0.0392156862745098
CVCL_0293,Berberine (chloride hydrate),unclear,19,2.2388059980879444,0.044566243117493465,83,3.994168468552233,0.5605186700849012,Perindopril (erbumine),3.260610318839891,0.8163427117589172,0.43137254901960786
CVCL_0293,Bergenin,unclear,10,2.4628024140742886,0.07913269702980219,199,5.006552141012526,0.49191586239551494,Perindopril (erbumine),3.6218247195186106,0.7234169579198934,0.16666666666666666
CVCL_0293,Betamethasone dipropionate,Glucocorticoid receptor agonist,65,1.4265268663429167,0.02837990357980491,69,2.2296178530382647,0.639807787867778,Voriconazole,1.9508493676643153,0.8749702847086213,0.9803921568627451
CVCL_0293,Bisoprolol (hemifumarate),Adrenoceptor agonist,65,1.4789178084173453,0.03261264621227722,74,2.051200189162086,0.7210012051634425,Betamethasone dipropionate,2.081792687779913,1.0149144382783641,1.0
CVCL_0293,Budesonide,Glucocorticoid receptor agonist,10,2.5817400149248706,0.06485299335881667,139,5.155917178726411,0.5007334147214908,Perindopril (erbumine),3.704800164629049,0.7185530791524837,0.13725490196078433
CVCL_0293,Busulfan,DNA synthesis/repair inhibitor,23,1.907410216506778,0.05407401030480852,94,2.979850939825356,0.6401025605054486,Sinomenine,2.7271078254038965,0.9151826317741006,0.9019607843137255
CVCL_0293,Canagliflozin,Glucose transporter inhibitor,8,3.134178207639426,0.15411173138444623,359,5.391559258244694,0.5813120207937409,Bisoprolol (hemifumarate),4.057169666781478,0.7525039552476982,0.19607843137254902
CVCL_0293,Carbamazepine,HDAC inhibitor,11,2.6361368774392666,0.1077431477514742,287,4.475782968986615,0.5889778158828215,Bisoprolol (hemifumarate),3.7305474232906377,0.8334960495493574,0.39215686274509803
CVCL_0293,Cepharanthine,unclear,8,3.057650097751398,0.09597026150474719,174,5.284527502860606,0.5786042547978488,Sinomenine,3.9034470016490994,0.7386558210807108,0.4117647058823529
CVCL_0293,Chlorhexidine (diacetate),unclear,18,2.029357504847313,0.05588363729150503,108,3.502320195767723,0.5794323166966947,Sinomenine,2.743423464318967,0.7833160050969005,0.8431372549019608
CVCL_0293,Ciclopirox,unclear,30,1.799549622313159,0.045541778203515015,91,2.9595259859386758,0.6080533270744011,Sinomenine,2.4840500771204375,0.8393405190299651,0.9215686274509803
CVCL_0293,Citalopram (hydrobromide),unclear,8,2.9444679802163014,0.11169981235402704,278,5.577788651856671,0.5278916366320514,Sinomenine,4.140359378066285,0.7422940588987876,0.06862745098039216
CVCL_0293,Clonidine (hydrochloride),Adrenoceptor agonist,13,2.5751804629518062,0.07962102860665232,158,4.71535232943705,0.5461268391071105,Sinomenine,3.485958346474403,0.7392784468537433,0.5980392156862745
CVCL_0293,Clotrimazole,unclear,12,2.252512428309712,0.07161434160062075,198,4.547255220737695,0.49535649946305194,Sinomenine,3.2974113222266026,0.7251432264432407,0.4019607843137255
CVCL_0293,Cysteamine (hydrochloride),unclear,14,2.3589620235236564,0.07116814929435389,157,4.36100342923523,0.5409218455802355,Sinomenine,3.329860431306902,0.7635537291679785,0.5588235294117647
CVCL_0293,DTP3,unclear,8,3.5593604255177196,0.10490380935788979,183,5.532429051371881,0.6433630494791618,Perindopril (erbumine),4.296959299173517,0.7766858389459141,0.5392156862745098
CVCL_0293,Dapagliflozin ((2S)-1,2-propanediol, hydrate),Glucose transporter inhibitor,10,2.978481992432794,0.1380665347175265,276,5.100445193917248,0.5839651009258778,Betamethasone dipropionate,3.8383998472414778,0.7525617277133227,0.3137254901960784
CVCL_0293,Darinaparsin,unclear,16,2.4849970493463394,0.0934813534955301,216,3.7578082527649515,0.661288943499953,PH-797804,3.013305013558439,0.8018783319615322,0.8137254901960784
CVCL_0293,Demeclocycline,unclear,24,1.8395257956138147,0.045418025368752946,74,3.2798754916920605,0.5608523251182376,Sinomenine,2.4886469333628263,0.758762623662569,0.8823529411764706
CVCL_0293,Diammonium Glycyrrhizinate,unclear,19,2.1688015417444495,0.06946268269816525,115,3.423746878265512,0.6334584941171748,Sinomenine,2.9515837543115087,0.8620916963951484,0.8235294117647058
CVCL_0293,Docetaxel,Microtubule inhibitor,25,2.0333612581676817,0.06253603861777413,140,3.0593298174336336,0.6646427091909294,Bisoprolol (hemifumarate),2.8329754634140207,0.9260117844340517,0.8921568627450981
CVCL_0293,Docetaxel (Trihydrate),Microtubule inhibitor,12,2.480793211705985,0.09246393678428677,183,4.244664813313569,0.5844497317962242,Bisoprolol (hemifumarate),3.3075774254979318,0.7792317110937893,0.6764705882352942
CVCL_0293,Elagolix sodium,unclear,13,2.3664691609346664,0.0795513066935335,153,4.399442209173211,0.5379020904060012,Bisoprolol (hemifumarate),3.4636555181460493,0.787294241739108,0.4117647058823529
CVCL_0293,Erdafitinib,Other TK inhibitor,11,2.68270218630254,0.09671565741315769,191,4.521476909591147,0.5933243141443184,Sinomenine,3.8996580780587005,0.8624743985281849,0.3137254901960784
CVCL_0293,Estrone sulfate (potassium),unclear,9,2.8992526169054753,0.1316073820563899,327,4.84916008540065,0.5978875858593008,Bisoprolol (hemifumarate),4.004233654425162,0.8257581898524438,0.37254901960784315
CVCL_0293,Fluvoxamine (maleate),unclear,9,2.8633655002126623,0.0986806202860474,188,5.787723591965253,0.49473086520367,Bisoprolol (hemifumarate),4.1446124166236205,0.7161040693749327,0.06862745098039216
CVCL_0293,Furosemide,unclear,18,2.261235940697968,0.07642884528906357,136,3.5792784926299293,0.6317574744055444,Sinomenine,2.9317013846051454,0.819076076544978,0.803921568627451
CVCL_0293,Gallic acid,Cyclooxygenase inhibitor,27,1.7699877113135636,0.04165601453882817,85,3.2447791794503,0.545487878658485,Sinomenine,2.500837814755573,0.7707266585639401,0.8529411764705882
CVCL_0293,Gallic acid (hydrate),Cyclooxygenase inhibitor,9,3.0982028677207802,0.11383077246500328,246,5.363805769171671,0.5776127997638575,Bisoprolol (hemifumarate),4.300311919648506,0.8017277479293586,0.17647058823529413
CVCL_0293,Gemfibrozil,unclear,16,2.140261243331065,0.062286817611980516,126,3.45503876536239,0.6194608479614493,Sinomenine,2.8888964522737672,0.8361400981186266,0.8725490196078431
CVCL_0293,HI-TOPK-032,unclear,14,2.407792213959106,0.06960605038452938,152,4.087465270991534,0.5890673202894335,Sinomenine,3.0876389592555418,0.755392096213834,0.7058823529411765
CVCL_0293,Idarubicin (hydrochloride),DNA synthesis/repair inhibitor,20,2.443955590765532,0.08971785235457408,129,3.6998359375181913,0.6605578279789645,Sinomenine,3.2417787574679355,0.8761952724969975,0.8137254901960784
CVCL_0293,Isocorydine,unclear,18,2.1290320861263057,0.0681756194992521,185,3.4985541546246446,0.6085462714110043,Sinomenine,2.726290484557321,0.7792620505683786,0.8921568627450981
CVCL_0293,Ixazomib,Proteasome inhibitor,20,2.2296833284322077,0.07504965887009196,183,3.6716508492872157,0.6072699774449033,Bisoprolol (hemifumarate),3.0064474688525715,0.8188271685572224,0.7941176470588235
CVCL_0293,Larotrectinib,Other TK inhibitor,13,2.5151338247336295,0.09555920002813845,236,4.151008124024244,0.6059091549778282,PH-797804,3.4649937063865766,0.8347354673513375,0.5588235294117647
CVCL_0293,Lenalidomide (hemihydrate),unclear,14,2.312089206348629,0.06555607286103804,83,4.29832625564214,0.5379045397760807,Sinomenine,3.195631241255367,0.7434594423959011,0.5882352941176471
CVCL_0293,Lipoic acid,unclear,10,2.548461333489629,0.09769113333639645,270,4.698438157558375,0.5424060609140764,PH-797804,3.693735018744261,0.7861623149816608,0.28431372549019607
CVCL_0293,Medroxyprogesterone acetate,unclear,15,2.4305621728736684,0.06352914445598767,98,3.9048840403349603,0.6224415751575494,Sinomenine,3.2243640071788686,0.8257259303664964,0.7058823529411765
CVCL_0293,Megestrol,unclear,8,2.950932475552504,0.11053888187563166,238,5.418097195556442,0.5446436948330605,Sinomenine,4.051020939484897,0.7476833274248517,0.09803921568627451
CVCL_0293,Mitoxantrone (dihydrochloride),DNA synthesis/repair inhibitor,13,2.5744705866764694,0.07657098270939211,117,4.649180290305177,0.5537472040060375,Sinomenine,3.5869402411357854,0.771521003092856,0.5
CVCL_0293,Naproxen,Cyclooxygenase inhibitor,8,3.1631062136256918,0.1551554303418261,318,5.790342091870665,0.5462727699744245,Bisoprolol (hemifumarate),4.147696133835365,0.71631279603644,0.12745098039215685
CVCL_0293,Neratinib (maleate),EGFR/ERBB inhibitor,13,2.536739958514711,0.06960203003965992,123,4.171085453588181,0.6081726175934559,Sinomenine,3.4264615245556196,0.821479579520003,0.5098039215686274
CVCL_0293,Norepinephrine (hydrochloride),Adrenoceptor agonist,31,1.6825942455872833,0.04093811778143819,72,2.684846936327576,0.6267002497687232,Sinomenine,2.333777396847798,0.8692403895620274,0.9411764705882353
CVCL_0293,Olanzapine,unclear,10,2.590044861960624,0.09408181278214567,224,4.919638992301171,0.5264705125749736,Sinomenine,3.6288263532092753,0.7376204552586255,0.24509803921568626
CVCL_0293,PH-797804,Other MAPK inhibitor,68,1.5417592976766643,0.030495266175266322,93,1.755977604711158,0.8780062419590308,Sinomenine,2.0855138018006905,1.1876653758028641,1.0
CVCL_0293,Pasireotide (acetate),unclear,23,2.1684431311714905,0.061172464891429024,103,3.0270623967030352,0.7163523069538569,Sinomenine,2.5711145795490817,0.8493761418163844,0.9803921568627451
CVCL_0293,Pentagastrin,unclear,10,2.696098958452282,0.07504033256201659,176,5.643532708356232,0.47773249448173455,PH-797804,3.652248383725562,0.6471564129180598,0.24509803921568626
CVCL_0293,Pentamidine (isethionate),unclear,24,1.9938100261819214,0.05840913633326039,109,3.2814415012742804,0.6076018802735524,Sinomenine,2.5710577327254494,0.7835147241622414,0.8627450980392157
CVCL_0293,Perindopril (erbumine),unclear,85,1.4460795909170134,0.02122788277433907,71,1.622887466080868,0.8910535210486096,Sinomenine,1.7548038901383187,1.081285010091314,1.0
CVCL_0293,Pyridoxine,unclear,11,2.4883340242732563,0.0773826821655369,147,4.984864542363753,0.49917786193109337,Sinomenine,3.647323907560261,0.7316796427593097,0.11764705882352941
CVCL_0293,RMC-6236,RAS inhibitor,18,2.229758491298939,0.07531576319504862,168,3.685917794010135,0.6049398320609448,PH-797804,2.9422151795001668,0.7982313616113373,0.8235294117647058
CVCL_0293,Radotinib,Other TK inhibitor,11,2.445381934330916,0.0918311301914404,245,4.465698951815804,0.5475922046506507,PH-797804,3.5980568401591233,0.8057096725465814,0.3235294117647059
CVCL_0293,Raltitrexed,DNA synthesis/repair inhibitor,16,2.3334161121902164,0.07528133592197894,140,4.5680681828877585,0.5108102635007343,PH-797804,3.1898125468320373,0.6982847932921088,0.39215686274509803
CVCL_0293,Rapamycin,MTOR inhibitor,14,2.2399009012784576,0.07648865046079234,201,4.43567512678321,0.5049740653353153,Bisoprolol (hemifumarate),3.23159922354867,0.7285473194454287,0.3235294117647059
CVCL_0293,Resveratrol,unclear,8,2.955963795132781,0.11895600744921997,256,5.226351392858447,0.5655884139692483,Bisoprolol (hemifumarate),4.115344898987288,0.7874221592927534,0.17647058823529413
CVCL_0293,Retinoic acid,Retinoic receptor agonist,13,2.3921359697831135,0.08674877643865497,176,4.316124894091667,0.5542323330489585,PH-797804,3.455523757291766,0.8006079161476594,0.3627450980392157
CVCL_0293,Riluzole hydrochloride,unclear,10,2.8460904242969134,0.10932164371242259,207,4.88586500371577,0.5825151579367054,Sinomenine,3.6666768530906078,0.7504662634563272,0.5
CVCL_0293,Rimonabant,unclear,9,2.6560045606701914,0.09082582128402106,211,5.409089842189164,0.4910261500842912,Sinomenine,4.149416690507905,0.7671192033350577,0.058823529411764705
CVCL_0293,Ritonavir,unclear,15,2.4390529377794326,0.08896304123017007,139,4.009041020793936,0.6083881220293453,PH-797804,3.3479855572416715,0.8351088302355779,0.6666666666666666
CVCL_0293,S-Adenosyl-L-methionine (disulfate tosylate),unclear,21,2.1812319684087607,0.062354635681514003,101,3.8028078830790757,0.5735845815704605,PH-797804,3.0248088714723687,0.7954145895540815,0.6274509803921569
CVCL_0293,Saquinavir,unclear,14,2.398380553803619,0.08756780278148757,219,3.922006124424514,0.6115188191236034,PH-797804,3.0738196113096747,0.7837365658781842,0.7647058823529411
CVCL_0293,Sinomenine,unclear,112,1.2083745331434497,0.021208495300624075,70,1.5823771621427805,0.7636450790955084,Perindopril (erbumine),1.7548038901383187,1.108966896212055,1.0
CVCL_0293,Sivelestat (sodium tetrahydrate),unclear,10,2.9456687432118858,0.09044372145618784,178,5.147966319406631,0.5722004691653483,Perindopril (erbumine),3.7135534806037427,0.7213632044569742,0.5686274509803921
CVCL_0293,Sodium Salicylate,Cyclooxygenase inhibitor,16,2.3366884849204377,0.08352456226558969,180,3.89855399558007,0.5993731233605138,Bisoprolol (hemifumarate),3.2326441313695113,0.8291905498896451,0.6666666666666666
CVCL_0293,Sulfisoxazole,unclear,17,2.2143594274795415,0.06980154795894933,141,3.928436898087703,0.5636744295313626,Sinomenine,3.0817689035519464,0.7844771300901129,0.5490196078431373
CVCL_0293,TAK-901,unclear,15,2.493711507906288,0.09489209567880763,214,3.886536861196349,0.6416281633152134,PH-797804,3.1497284282743814,0.8104203152481708,0.8333333333333334
CVCL_0293,Terfenadine,unclear,10,2.742825619105095,0.11661751163679845,253,5.080567988295935,0.5398659412537576,Sinomenine,3.778141084544222,0.7436454139080307,0.29411764705882354
CVCL_0293,Tetracycline (hydrochloride),unclear,9,2.8895382920935355,0.09580514323444933,206,5.399149098820597,0.5351840149635307,Perindopril (erbumine),3.9049471817907273,0.7232523329729371,0.13725490196078433
CVCL_0293,Thymol,unclear,10,2.686679441397952,0.10218271035104354,247,4.952801382374066,0.5424565279276603,Sinomenine,3.5578482963844875,0.7183506911959138,0.3235294117647059
CVCL_0293,Tofacitinib (citrate),JAK/STAT inhibitor,9,2.6341372059676447,0.09771997655734643,217,5.31394706969325,0.4957025674927736,Sinomenine,4.186988428890163,0.7879243759821376,0.049019607843137254
CVCL_0293,Tolcapone,unclear,12,2.4962543562751476,0.09485583439571632,210,4.375763302947591,0.5704728943162046,Voriconazole,3.312707778931793,0.7570582660858952,0.5196078431372549
CVCL_0293,Triclosan,unclear,23,1.7994686307080605,0.04782995656800215,106,3.1426323652532933,0.5725991530552524,Sinomenine,2.666648659914994,0.8485398067553043,0.8725490196078431
CVCL_0293,Trifluridine,DNA synthesis/repair inhibitor,14,2.4696033877539105,0.09360819291229938,227,4.195575146957906,0.588620940217112,Bisoprolol (hemifumarate),3.2978945907676342,0.7860411207647765,0.5588235294117647
CVCL_0293,Trimetrexate,DNA synthesis/repair inhibitor,12,2.4728197211430794,0.09310207789709735,250,4.28393950034457,0.5772303089117349,Bisoprolol (hemifumarate),3.4377889516563473,0.8024830769388399,0.5392156862745098
CVCL_0293,Tucidinostat,HDAC inhibitor,15,2.4550058904692698,0.09269360658933468,190,3.9375546728394544,0.6234849022931567,PH-797804,3.459508475543675,0.8785931277111513,0.6470588235294118
CVCL_0293,Valdecoxib,Cyclooxygenase inhibitor,9,2.7529730451803505,0.11696192806920169,253,5.438676739641261,0.5061843490558217,Sinomenine,3.8350439914878365,0.7051428454158867,0.14705882352941177
CVCL_0293,Vemurafenib,RAF inhibitor,14,2.256351674054612,0.0621851472940137,122,4.388627063522505,0.5141361162375837,Sinomenine,2.950088864890578,0.6722122482019939,0.45098039215686275
CVCL_0293,Vilanterol,Adrenoceptor agonist,16,2.3423405400820765,0.08385778052466075,180,4.181749859836611,0.5601340631535517,Sinomenine,2.9266496489447444,0.6998624372666553,0.5980392156862745
CVCL_0293,Vinblastine (sulfate),Microtubule inhibitor,14,2.4700179432597813,0.09008623041410013,203,4.192086508897848,0.5892096782871926,Sinomenine,3.3770987340130754,0.8055889893600876,0.6176470588235294
CVCL_0293,Vitamin K4,unclear,9,2.9986869342496183,0.0826586745746527,140,6.573308305453573,0.45619143282260854,Perindopril (erbumine),4.777516639226076,0.7268055014645197,0.0
CVCL_0293,Volasertib,unclear,16,2.312314054634881,0.0560343966796385,121,4.04607968257284,0.5714949373326518,Sinomenine,3.135043701874723,0.7748348890354024,0.6078431372549019
CVCL_0293,Voriconazole,unclear,71,1.380894199266737,0.024821057339732167,64,1.8055229282534084,0.7648167617580794,Perindopril (erbumine),1.8272000187965594,1.0120059901782141,1.0
CVCL_0293,palbociclib,CDK inhibitor,13,2.403489710244462,0.08490627186132627,173,4.342405573115456,0.5534926827482123,PH-797804,3.465145143225166,0.7979782369197496,0.43137254901960786
CVCL_1635,18β-Glycyrrhetinic acid,unclear,8,2.8123746057207253,0.13749988693710546,258,5.132796233610764,0.5479225119642644,Irinotecan,4.244057243448139,0.8268509113330951,0.5584415584415584
CVCL_1635,8-Hydroxyquinoline,unclear,11,2.3564964891744777,0.09251093767369523,163,4.476887609964634,0.5263693651655225,Irinotecan,3.955694380617644,0.8835813460702205,0.6623376623376623
CVCL_1635,AT7519,CDK inhibitor,9,2.672100979773283,0.0899244981983236,182,4.852964240851403,0.5506121304748147,Pentagastrin,3.86722642073659,0.7968792327342855,0.5194805194805194
CVCL_1635,Acetohexamide,unclear,12,2.5177986279283266,0.08670256068842741,156,4.455488362002489,0.5651004835745366,Irinotecan,3.4560531160768924,0.7756844671733342,0.8831168831168831
CVCL_1635,Adagrasib,RAS inhibitor,12,2.482164212485876,0.0990057885634883,158,4.59686666199684,0.5399687210869947,Irinotecan,3.8198582333044584,0.8309699876404821,0.7792207792207793
CVCL_1635,Adenine,unclear,8,3.0012145596918285,0.0926982202851997,187,5.668302161476261,0.5294732839207336,Irinotecan,4.172305622813181,0.736076783480177,0.2077922077922078
CVCL_1635,Adenosine,unclear,12,2.5398267459118107,0.09489935466095878,156,4.4969785564238105,0.5647851583111816,Irinotecan,3.7569968775993323,0.8354491422318582,0.7012987012987013
CVCL_1635,Amsacrine,DNA synthesis/repair inhibitor,13,2.5999692539113535,0.07590936682192961,126,4.610853955436987,0.5638802007262763,Irinotecan,3.460641195631782,0.750542357029351,0.7922077922077922
CVCL_1635,Aprepitant,unclear,11,2.4363321879107405,0.08545904188894637,169,4.466125132214655,0.5455136423153948,crizotinib,3.7285290749500417,0.8348465312930327,0.5454545454545454
CVCL_1635,Azithromycin (hydrate),unclear,8,2.6896416356401223,0.11421359243281737,203,5.597306372802564,0.4805242837356824,crizotinib,3.874581707788209,0.6922225530864073,0.2727272727272727
CVCL_1635,Balsalazide (sodium hydrate),JAK/STAT inhibitor,8,3.677565269234371,0.10206354752127345,154,5.535775652680231,0.6643270067228648,Pentagastrin,4.184895032324792,0.7559726576525208,0.6363636363636364
CVCL_1635,Benztropine (mesylate),unclear,8,2.8277552339446808,0.13670969633393393,249,5.2187852617399955,0.5418416532053052,Irinotecan,4.170275272371476,0.7990892637305149,0.42857142857142855
CVCL_1635,Berberine (chloride hydrate),unclear,16,2.7627704754737357,0.05877953788777557,85,4.083728984621278,0.6765312991821746,Irinotecan,3.0120812035333273,0.7375810723180656,0.961038961038961
CVCL_1635,Busulfan,DNA synthesis/repair inhibitor,13,2.23811725236277,0.09535250342943491,209,4.175089035253308,0.5360645565794457,Irinotecan,3.722928110706167,0.8917002917233099,0.8311688311688312
CVCL_1635,Cabozantinib (S-malate),Multi-TK inhibitor,12,2.429305512168131,0.09397045731682241,149,4.576027595753067,0.5308764996134918,Irinotecan,3.432736093269409,0.750156335695019,0.7792207792207793
CVCL_1635,Canagliflozin,Glucose transporter inhibitor,17,2.4634955108832095,0.10865471038896501,151,3.6278394608340285,0.6790530665645441,Irinotecan,3.475742676535518,0.9580751061504955,0.974025974025974
CVCL_1635,Cepharanthine,unclear,11,2.401131149496857,0.07961133379804575,166,4.463910339504585,0.537898606127322,Pentagastrin,3.6488795772248053,0.8174177570129615,0.6623376623376623
CVCL_1635,Chlorhexidine (diacetate),unclear,12,2.665010536239186,0.08867357202510096,153,4.466296340812725,0.5966936210404341,Pentagastrin,3.4786034103678483,0.7788563823185212,0.8051948051948052
CVCL_1635,Ciclopirox,unclear,10,2.5283536389316437,0.0937614569251709,184,5.060501515310652,0.4996251125075365,Pentagastrin,3.5723198719336913,0.7059221030021557,0.33766233766233766
CVCL_1635,Clonidine (hydrochloride),Adrenoceptor agonist,10,2.731552623076027,0.08917615149025326,163,4.971985812247641,0.5493886600294217,Pentagastrin,3.6311453173069634,0.7303209330087498,0.5324675324675324
CVCL_1635,Cysteamine (hydrochloride),unclear,11,2.2904358160398814,0.09358166420673542,179,4.999714429704275,0.45811332791968223,crizotinib,3.890758208582032,0.7781960876537831,0.2597402597402597
CVCL_1635,Dapagliflozin ((2S)-1,2-propanediol, hydrate),Glucose transporter inhibitor,11,2.7365308108400876,0.14353422411193828,247,4.632789444934228,0.5906874990471186,crizotinib,4.183633494848509,0.903048486138982,0.5714285714285714
CVCL_1635,Darinaparsin,unclear,8,2.9753822831240746,0.10328285385578762,172,5.6946870380231065,0.5224838982823136,Pentagastrin,4.050680361509264,0.7113086872839716,0.06493506493506493
CVCL_1635,Demeclocycline,unclear,11,2.457497307125924,0.09175738498313213,151,4.633058342628359,0.5304265833466221,Irinotecan,3.7214268841471356,0.8032333307583497,0.5324675324675324
CVCL_1635,Dexmedetomidine,Adrenoceptor agonist,9,2.9440778861961143,0.11585974038673053,162,5.208598888797639,0.5652341347551394,Irinotecan,4.212703937180172,0.8087979180429151,0.2727272727272727
CVCL_1635,Docetaxel (Trihydrate),Microtubule inhibitor,8,2.993166535921569,0.1429526192250179,234,5.407686744390244,0.5535022048062568,Irinotecan,4.456583267717759,0.8241200865306911,0.19480519480519481
CVCL_1635,Eplerenone,unclear,13,2.3395561690519266,0.09424689562697441,173,4.262562681587675,0.5488614112720832,Irinotecan,3.6489244654737925,0.8560400721461482,0.8571428571428571
CVCL_1635,Furosemide,unclear,11,2.4426534746018516,0.0862169071227088,164,4.526959436775133,0.539579271410906,Pentagastrin,3.5917186678919233,0.7934064172774107,0.6103896103896104
CVCL_1635,Gallic acid,Cyclooxygenase inhibitor,15,2.2766799128393695,0.06632175647555671,91,4.126965616041827,0.5516595301859901,Irinotecan,3.272761640409148,0.7930188775229133,0.922077922077922
CVCL_1635,Gallic acid (hydrate),Cyclooxygenase inhibitor,10,2.5057598874363753,0.11033401767133888,198,4.642897552295596,0.5396974323065664,Irinotecan,4.0235596169165815,0.8666052980055968,0.5584415584415584
CVCL_1635,Gemfibrozil,unclear,12,2.356327130328702,0.09693783655545529,182,4.41911094786019,0.5332129376542755,Irinotecan,3.452888151731157,0.7813535782357094,0.8051948051948052
CVCL_1635,Idarubicin (hydrochloride),DNA synthesis/repair inhibitor,11,2.8313670206700063,0.12548703673796802,170,4.709347060949368,0.6012228413038695,Irinotecan,4.007253844746606,0.8509149554882827,0.8181818181818182
CVCL_1635,Irinotecan,DNA synthesis/repair inhibitor,80,1.8062646899995793,0.02582771447724197,127,1.6989685508378845,1.063153693521154,Pentagastrin,1.7149175402357908,1.0093874541644934,1.0
CVCL_1635,Isocorydine,unclear,10,2.3332013233133515,0.08791810805091982,166,4.835259441643602,0.48253901398106763,Irinotecan,3.678969052019924,0.7608628030038793,0.42857142857142855
CVCL_1635,Ixazomib,Proteasome inhibitor,12,2.51305492426612,0.10644765405843315,204,4.277253823865708,0.5875393483183246,Irinotecan,3.741134441010154,0.8746580387948503,0.9090909090909091
CVCL_1635,Larotrectinib,Other TK inhibitor,11,2.6662494377570303,0.08822409026313938,154,4.9416826135856855,0.5395428331287345,Irinotecan,3.7546946134359045,0.7598008425538073,0.5324675324675324
CVCL_1635,Lenalidomide (hemihydrate),unclear,10,2.5940913865178334,0.11834234376264219,218,4.77038568200523,0.543790703611916,Irinotecan,4.217913293674917,0.8841870605107799,0.5064935064935064
CVCL_1635,Lidocaine (hydrochloride),unclear,10,2.6295309441404178,0.12973447757751588,258,4.422993711296021,0.5945138328876157,Canagliflozin,3.9713442167018473,0.8978860192722653,0.8831168831168831
CVCL_1635,Lipoic acid,unclear,10,2.6004718552586894,0.08906738400765701,153,5.549092891150369,0.46863008175730714,Pentagastrin,3.5252671805255322,0.6352871090241774,0.09090909090909091
CVCL_1635,Medroxyprogesterone acetate,unclear,9,2.916125105172034,0.10073053374012153,188,5.114618497043806,0.5701549601123764,Irinotecan,4.332014264268405,0.8469867824496123,0.38961038961038963
CVCL_1635,Megestrol,unclear,12,2.4193629888676984,0.07953943708012545,148,4.239811520076544,0.5706298446078141,Irinotecan,3.496936218761721,0.8247857722455051,0.8831168831168831
CVCL_1635,Mitoxantrone (dihydrochloride),DNA synthesis/repair inhibitor,12,2.4644425925253426,0.07659193032222977,136,4.648068518889982,0.5302078879667382,Pentagastrin,3.6170751176827016,0.7781888547861823,0.7402597402597403
CVCL_1635,Mozavaptan,unclear,9,2.9381579929252357,0.1171902811372586,197,5.314260460137554,0.5528818195804397,Irinotecan,4.248419251303193,0.7994375291107254,0.15584415584415584
CVCL_1635,Naproxen,Cyclooxygenase inhibitor,8,3.0673884280737767,0.17041849361277728,283,5.373446177946324,0.570841937649425,Irinotecan,4.459228476016153,0.8298638021755388,0.37662337662337664
CVCL_1635,Neratinib (maleate),EGFR/ERBB inhibitor,9,3.0305748983348977,0.07659728400140331,132,5.108166955720546,0.5932803145639182,Pentagastrin,3.9564033640574783,0.774525069041992,0.33766233766233766
CVCL_1635,Norepinephrine (hydrochloride),Adrenoceptor agonist,11,2.516087341853519,0.0987926927347601,185,4.808225294162873,0.5232881547601396,S-Adenosyl-L-methionine (disulfate tosylate),4.0293123187007005,0.8380040601658655,0.5064935064935064
CVCL_1635,Olanzapine,unclear,8,2.858091806389521,0.12679410713069783,229,5.3521633983842225,0.5340068293229533,Irinotecan,4.154124843260523,0.7761580755390656,0.38961038961038963
CVCL_1635,Pasireotide (acetate),unclear,9,3.021110888307071,0.10759076829788705,174,5.266354196504318,0.5736626849581088,Pentagastrin,4.135887582767272,0.7853417048007475,0.14285714285714285
CVCL_1635,Pentagastrin,unclear,101,1.7837429806747032,0.023181184375302366,144,1.5365026119433698,1.1609111281747992,Irinotecan,1.7149175402357908,1.116117556134032,1.0
CVCL_1635,Pentamidine (isethionate),unclear,15,2.327616005650155,0.08093710090749306,140,4.081150141153735,0.5703333435785192,Irinotecan,3.3600351099775736,0.8233059293985437,0.8831168831168831
CVCL_1635,Proglumide,unclear,10,2.6369984855980753,0.08520698217232736,178,4.872878837961951,0.5411582297213411,Irinotecan,3.7208961625311603,0.7635929983613957,0.5844155844155844
CVCL_1635,Pyridoxine,unclear,9,2.816419388628468,0.11879190801370554,234,5.141387795188151,0.5477936115350739,Pentagastrin,4.163021291516304,0.8097077009854218,0.35064935064935066
CVCL_1635,Quinestrol,unclear,8,2.9599077173973987,0.14592329349549316,273,5.706783554119871,0.5186647941572213,Irinotecan,4.383719623979404,0.7681594338398706,0.16883116883116883
CVCL_1635,RMC-6236,RAS inhibitor,9,2.6922824060099098,0.10737067156751934,222,4.820299259896056,0.5585301369998271,Pentagastrin,4.18546373431054,0.8682995616336058,0.38961038961038963
CVCL_1635,Rapamycin,MTOR inhibitor,13,2.436554563971539,0.0802929201794429,154,4.178076121186936,0.5831762019882362,Pentagastrin,3.5330554088868715,0.8456177691380063,0.7922077922077922
CVCL_1635,Retinoic acid,Retinoic receptor agonist,9,2.7626213714308405,0.10901116650079468,177,5.258971571493716,0.5253158975807446,Irinotecan,4.314905409840118,0.8204846425162452,0.22077922077922077
CVCL_1635,Riluzole hydrochloride,unclear,8,2.742434112748379,0.1202351738436852,226,5.2926617117527375,0.5181578309943002,Irinotecan,4.084574653972334,0.7717430050181067,0.23376623376623376
CVCL_1635,Ritonavir,unclear,15,2.52834694048096,0.0565157325997494,87,4.195578326174334,0.6026217946421679,Pentagastrin,3.300094817215202,0.7865649406727526,0.7532467532467533
CVCL_1635,S-Adenosyl-L-methionine (disulfate tosylate),unclear,17,2.064697137452953,0.07825314194501276,159,3.7228555956728466,0.5546003825270026,Irinotecan,3.4331600698192197,0.9221845923354249,0.948051948051948
CVCL_1635,Saquinavir,unclear,9,2.771149294722726,0.10045220016393386,175,5.122573576765621,0.5409681780446817,Irinotecan,4.092546636931097,0.7989239345421212,0.2987012987012987
CVCL_1635,Selinexor,unclear,13,2.3500609483970942,0.09144009660886043,161,4.177388643345244,0.5625669883842003,Irinotecan,3.5642559004615806,0.8532258319176479,0.8701298701298701
CVCL_1635,Sinomenine,unclear,10,2.6787048650693266,0.0816896191104256,144,4.657677834233166,0.5751159613018502,Pentagastrin,3.447257841090658,0.7401237191103859,0.7792207792207793
CVCL_1635,Sivelestat (sodium tetrahydrate),unclear,8,2.97587868189923,0.11982220246766206,186,5.3541567484774415,0.5558071647314918,Irinotecan,3.8739861445886437,0.7235473906680612,0.37662337662337664
CVCL_1635,Sodium Salicylate,Cyclooxygenase inhibitor,12,2.4715990398267498,0.11189946775194515,188,4.3279263957503575,0.5710815789874898,Irinotecan,3.8782034444321716,0.8960881239200893,0.7402597402597403
CVCL_1635,Sonidegib,Sonic inhibitor,9,3.140414265787564,0.08334311495950819,136,5.525033195982283,0.5683973569735696,Pentagastrin,4.207253916756716,0.7614893463112881,0.025974025974025976
CVCL_1635,Sulfisoxazole,unclear,13,2.372100464067511,0.09047053060607135,185,4.089455344988122,0.5800529077728324,Pentagastrin,3.5232392880214336,0.8615424282207603,0.9090909090909091
CVCL_1635,Temsirolimus,MTOR inhibitor,9,3.1002173224447587,0.18515363197627077,304,4.813816091780357,0.6440248782537441,Irinotecan,4.581556783718567,0.9517515202837984,0.7272727272727273
CVCL_1635,Terfenadine,unclear,12,2.4139312842078944,0.10343727835933525,212,4.397376606628387,0.5489480433786941,Pentagastrin,3.5149490639785492,0.7993286403262094,0.7662337662337663
CVCL_1635,Tetracycline (hydrochloride),unclear,8,3.0068822951152354,0.15391331815381093,251,5.2718274286849836,0.5703681191751906,Irinotecan,4.440967734648939,0.8423962648103418,0.35064935064935066
CVCL_1635,Tofacitinib (citrate),JAK/STAT inhibitor,9,2.7724616321976354,0.10148719452762767,162,5.32671492251217,0.5204824497891648,Pentagastrin,4.255342968057507,0.7988681635792543,0.06493506493506493
CVCL_1635,Triclosan,unclear,13,2.484482264642322,0.06930651167752544,137,4.12897802112522,0.6017184523460497,Pentagastrin,3.4185099534558314,0.8279312546508123,0.935064935064935
CVCL_1635,Trifluridine,DNA synthesis/repair inhibitor,8,2.8057884395032837,0.11455621379873149,195,5.376792534729102,0.5218331228851565,Pentagastrin,3.9529632788227342,0.7351898466028308,0.15584415584415584
CVCL_1635,Tucidinostat,HDAC inhibitor,10,2.633219336837205,0.10759863631404498,190,4.632021594335951,0.5684816625330747,Irinotecan,4.089549210496732,0.8828864734778966,0.7402597402597403
CVCL_1635,Valdecoxib,Cyclooxygenase inhibitor,8,2.8506191302229915,0.10373354848048244,201,5.682591449846917,0.501640696041906,Pentagastrin,4.012907040489664,0.7061755320449383,0.06493506493506493
CVCL_1635,Verteporfin,unclear,11,2.73711919544517,0.13182666000204923,198,4.8662483885345695,0.5624700954217898,Irinotecan,4.1409425384807514,0.8509517410244162,0.5584415584415584
CVCL_1635,Vilanterol,Adrenoceptor agonist,16,1.9950938219197178,0.07156500574685398,149,3.7678159263738005,0.529509365878132,Irinotecan,3.162049440013775,0.839226093260075,0.948051948051948
CVCL_1635,Vinblastine (sulfate),Microtubule inhibitor,14,2.3364721042480476,0.08479200568318657,149,4.32096533260903,0.5407291946119986,Pentagastrin,3.298284307188217,0.763321168604861,0.6233766233766234
CVCL_1635,crizotinib,Multi-TK inhibitor,48,1.7869655391982102,0.044366250025625886,69,2.301938500956983,0.77628726330235,Pentagastrin,2.3398186588207897,1.0164557644993812,1.0
CVCL_0371,(R)-Verapamil (hydrochloride),unclear,14,2.2830285244423276,0.07947121776212462,179,4.243026467151316,0.5380660578285545,Pemetrexed,3.304444978101296,0.7787943355252824,0.7608695652173914
CVCL_0371,18β-Glycyrrhetinic acid,unclear,10,2.5379889177187858,0.09887161000705291,212,4.762795215221835,0.5328780270895134,Pemetrexed,3.7855306727205686,0.7948128150927126,0.391304347826087
CVCL_0371,8-Hydroxyquinoline,unclear,13,2.378342111293282,0.0808520618301668,174,4.0583910031385,0.5860307963067196,Pemetrexed,3.3823152869577258,0.8334128683860326,0.7065217391304348
CVCL_0371,AT7519,CDK inhibitor,13,2.3311992296169617,0.06259836984003675,126,4.278909880241892,0.5448114811628554,Pemetrexed,3.2804588919666964,0.7666576263067377,0.7608695652173914
CVCL_0371,AZD-7648,DNA synthesis/repair inhibitor,10,2.8544723086382273,0.14090434045141598,309,4.558943479271523,0.6261258385011489,Norepinephrine (hydrochloride),3.7000300927255263,0.8115981497793776,0.6739130434782609
CVCL_0371,Acetohexamide,unclear,12,2.4873094712618746,0.08119757331140154,114,4.45869537291811,0.5578558890498926,Pemetrexed,3.6934051786478164,0.8283600626948798,0.6304347826086957
CVCL_0371,Adenine,unclear,22,1.8940213736564848,0.05741640977232543,81,3.305715340747302,0.5729535602506886,Pemetrexed,2.772139556973806,0.8385899181346709,0.9456521739130435
CVCL_0371,Adenosine,unclear,19,2.0464376030867366,0.06964910479142483,161,3.294015788197132,0.6212591968804086,Pemetrexed,2.8295559356386772,0.858998899087651,0.9347826086956522
CVCL_0371,Aliskiren,unclear,10,2.6577139730985673,0.09837630594981761,210,4.921621112581068,0.5400078373169954,Pemetrexed,3.656566370459039,0.7429597457455253,0.358695652173913
CVCL_0371,Allantoin,unclear,9,2.6592949388189417,0.088603274172394,152,6.28753582009403,0.4229470837080928,Pemetrexed,4.746947580413282,0.7549774213997705,0.0
CVCL_0371,Almonertinib (hydrochloride),EGFR/ERBB inhibitor,14,2.2724040082458274,0.06691752932795314,148,4.472837663122443,0.5080452677684449,Pemetrexed,3.3097379976068315,0.7399638097521153,0.4891304347826087
CVCL_0371,Amsacrine,DNA synthesis/repair inhibitor,23,2.1135617487353064,0.05365982159992455,74,3.3101143849494528,0.6385162272171998,Pemetrexed,2.8684923421559962,0.8665840537712414,0.967391304347826
CVCL_0371,Anastrozole,unclear,16,2.284400177892183,0.06496932619274498,127,3.7343301104960394,0.6117295767375909,Pemetrexed,2.8468222596551542,0.7623381370740694,0.9782608695652174
CVCL_0371,Anethole trithione,unclear,10,3.037891041522393,0.06492775149044938,129,4.6714966104016185,0.650303595374164,Pemetrexed,3.853256918027055,0.8248442071963277,0.8586956521739131
CVCL_0371,Aprepitant,unclear,10,2.5712645566392474,0.10353763731627319,213,4.717195584221162,0.5450833044192673,Pemetrexed,3.6320681593783624,0.7699634442819141,0.4782608695652174
CVCL_0371,Azithromycin (hydrate),unclear,12,2.4185694613697666,0.08578788524987313,195,4.319892632616369,0.5598679566961703,Pemetrexed,3.212458736171615,0.7436431896285278,0.8695652173913043
CVCL_0371,Baicalin,unclear,9,2.824882752839424,0.1315607352319642,254,4.8376132927448,0.5839414152999859,Pemetrexed,4.105708503103324,0.8487053955430567,0.31521739130434784
CVCL_0371,Benztropine (mesylate),unclear,11,2.5058116083581314,0.1018214944093514,188,4.942071791012726,0.5070366668721829,Pemetrexed,3.8173106539203783,0.7724110080436808,0.21739130434782608
CVCL_0371,Berbamine (dihydrochloride),unclear,11,2.6047039415127693,0.08958404082932925,167,5.11722787089201,0.5090068308915722,Pemetrexed,4.248442595410439,0.8302234535179829,0.06521739130434782
CVCL_0371,Berberine (chloride hydrate),unclear,13,2.507072885431177,0.06246100795157872,134,4.308050767693365,0.5819506362905572,Pemetrexed,3.604271297885236,0.8366362172224471,0.7608695652173914
CVCL_0371,Budesonide,Glucocorticoid receptor agonist,13,2.3489377030579623,0.08135999731587029,158,4.076176925192551,0.5762599970920061,Pemetrexed,3.165589253484396,0.7766074219987051,0.8369565217391305
CVCL_0371,Cabozantinib (S-malate),Multi-TK inhibitor,10,2.603024721759914,0.09041186490388842,177,4.967624930255498,0.5239978376600251,Pemetrexed,3.853685772082012,0.7757602126140805,0.20652173913043478
CVCL_0371,Canagliflozin,Glucose transporter inhibitor,11,2.656643733981137,0.1205221094568345,267,4.3915868317395805,0.6049393615038225,Pemetrexed,3.668923437615206,0.8354436740493377,0.6521739130434783
CVCL_0371,Canagliflozin (hemihydrate),Glucose transporter inhibitor,10,2.4160503417865424,0.09107179284458877,194,4.72276576039189,0.5115753065818072,Pemetrexed,3.437811095265393,0.7279232698977065,0.45652173913043476
CVCL_0371,Cepharanthine,unclear,10,2.466729508340365,0.075280688596437,113,4.844932930723554,0.5091359454530111,Pemetrexed,3.6426152852950557,0.7518401879612931,0.3695652173913043
CVCL_0371,Chlorhexidine (diacetate),unclear,13,2.406187914644023,0.09722651823025164,205,4.356797511871878,0.5522836230252564,Pemetrexed,3.765827196524007,0.8643567175803948,0.4673913043478261
CVCL_0371,Ciclopirox,unclear,8,2.824351142503323,0.13197766471226868,287,5.42322787629144,0.520787842024941,Pemetrexed,3.9372457379949592,0.7259967362255413,0.22826086956521738
CVCL_0371,Citalopram (hydrobromide),unclear,11,2.788968467965603,0.12726113897065905,202,4.457969662437872,0.6256140528422609,Pemetrexed,3.9511562408681065,0.8863129496281473,0.5652173913043478
CVCL_0371,Clonidine (hydrochloride),Adrenoceptor agonist,11,2.8085115395167652,0.0752085540450278,129,4.588888902652802,0.6120243045965191,Pemetrexed,3.9878654805423217,0.8690263732985487,0.6413043478260869
CVCL_0371,Cysteamine (hydrochloride),unclear,9,2.712972563584943,0.09665993150507357,193,5.325112067976781,0.5094676936284098,Pemetrexed,4.144684047226816,0.7783280416108771,0.11956521739130435
CVCL_0371,DTP3,unclear,13,2.5019490051499567,0.08856831806773824,154,4.4341386395988485,0.5642469053192043,Pemetrexed,3.3727931979601116,0.7606422514261404,0.75
CVCL_0371,Darinaparsin,unclear,12,2.3580716350041846,0.07974195864693001,163,4.281927984135889,0.5507032448328422,Pemetrexed,3.528504290863335,0.8240456878154158,0.6086956521739131
CVCL_0371,Delamanid,unclear,9,2.765277407358025,0.12758131126100103,276,5.144755581504527,0.5374944180631707,Pemetrexed,4.020317656488251,0.7814399717921202,0.1956521739130435
CVCL_0371,Demeclocycline,unclear,24,1.8241982454042382,0.05495588913315774,114,3.277671871031012,0.5565530404452674,Pemetrexed,2.769570685013676,0.8449810700979321,0.9347826086956522
CVCL_0371,Dexmedetomidine,Adrenoceptor agonist,11,2.703505546217984,0.11373736666240242,187,4.587881555644974,0.5892709987012557,Pemetrexed,3.7494453049476415,0.8172498046150053,0.5652173913043478
CVCL_0371,Docetaxel,Microtubule inhibitor,16,2.2741881508085187,0.0845017596323524,130,3.8531723914649167,0.5902118877022026,Pemetrexed,3.1332324721262226,0.8131565769199898,0.8260869565217391
CVCL_0371,Docetaxel (Trihydrate),Microtubule inhibitor,9,2.992566234575064,0.15173896575750667,288,5.0314677527637635,0.5947700316535389,Pemetrexed,4.488181403328513,0.8920222932688328,0.25
CVCL_0371,Elagolix sodium,unclear,12,2.7304337973009516,0.12769343372731612,245,4.418710922590357,0.6179254187780866,Pemetrexed,3.7684708888133245,0.8528439526440337,0.6956521739130435
CVCL_0371,Erdafitinib,Other TK inhibitor,12,2.41973211777368,0.0704075728274588,136,4.128239919240437,0.5861413496090826,Pemetrexed,3.483049801222885,0.8437130276729987,0.7717391304347826
CVCL_0371,Estrone sulfate (potassium),unclear,9,2.6874138242511765,0.11226658533200007,262,4.891475573467762,0.549407593657053,Pemetrexed,4.100569789033721,0.8383093664570145,0.2826086956521739
CVCL_0371,Fluvoxamine (maleate),unclear,15,2.272688248740202,0.08672223879048258,172,3.95358517105692,0.5748423646916501,Pemetrexed,3.50790780265506,0.8872726021777555,0.6739130434782609
CVCL_0371,Furosemide,unclear,16,2.3064087050723385,0.08928606720764631,142,3.845064158847542,0.5998362081332927,Norepinephrine (hydrochloride),3.4079541803813296,0.8863191977017036,0.7608695652173914
CVCL_0371,Gallic acid,Cyclooxygenase inhibitor,26,1.83863336259172,0.05198107187404166,85,2.7350817611125735,0.6722407310572692,Pemetrexed,2.820455346099383,1.03121427161727,0.9891304347826086
CVCL_0371,Gemfibrozil,unclear,14,2.4563556098092016,0.10212585541732544,221,3.860510872326493,0.6362773454200653,Pemetrexed,3.5132933663407195,0.9100591819402061,0.7934782608695652
CVCL_0371,HI-TOPK-032,unclear,11,2.571946227568151,0.08814504181762783,165,4.773106111839489,0.5388412005315671,Pemetrexed,4.063013538638187,0.8512305076478507,0.21739130434782608
CVCL_0371,Idarubicin (hydrochloride),DNA synthesis/repair inhibitor,19,2.207478883463297,0.08077804310329373,138,3.435130299142525,0.6426186756334472,Pemetrexed,3.0804857142855213,0.896759495572692,0.9130434782608695
CVCL_0371,Isocorydine,unclear,11,2.768591855724085,0.08246974142343955,131,5.0455345752080465,0.5487212136703921,Pemetrexed,4.062320966672619,0.8051319252935878,0.30434782608695654
CVCL_0371,Ixazomib,Proteasome inhibitor,14,2.6766434543508004,0.1201107655733421,209,3.868753453120113,0.6918619877914715,Pemetrexed,3.45177797321871,0.8922196813640021,0.9239130434782609
CVCL_0371,Larotrectinib,Other TK inhibitor,13,2.4039447858873646,0.09358825986108399,178,4.202840633629875,0.571980951800008,Pemetrexed,3.4719799878449447,0.8261031741396992,0.6847826086956522
CVCL_0371,Lenalidomide (hemihydrate),unclear,15,2.161458835339059,0.07778742851271292,202,3.922639732850366,0.5510215014745813,Norepinephrine (hydrochloride),3.3089239506942194,0.8435452083410696,0.717391304347826
CVCL_0371,Lidocaine (hydrochloride),unclear,9,3.2041717143090827,0.1770528605632854,313,4.946642009497296,0.6477468367747735,Pemetrexed,4.572716812562264,0.9244082761159763,0.3804347826086957
CVCL_0371,Lipoic acid,unclear,11,2.5558626413018724,0.08123138375161398,157,4.549223510324662,0.5618239322603583,Pemetrexed,3.5343254334535157,0.7769074052818484,0.717391304347826
CVCL_0371,Medroxyprogesterone acetate,unclear,17,2.185576350872092,0.07771881091119115,141,3.6508852298989,0.5986428532382583,Pemetrexed,3.3838308944493374,0.9268521690951764,0.8586956521739131
CVCL_0371,Megestrol,unclear,19,2.1430795438003516,0.07082639994695417,122,3.338915753362055,0.6418489420232961,Pemetrexed,3.2471607476884503,0.9725195205715467,0.9239130434782609
CVCL_0371,Mitoxantrone (dihydrochloride),DNA synthesis/repair inhibitor,15,2.0701455300461484,0.06860386167626598,145,4.120906775109983,0.5023519441278548,Pemetrexed,3.4567667952375403,0.8388364464142197,0.5
CVCL_0371,Naproxen,Cyclooxygenase inhibitor,11,2.541228751279871,0.10644147024199968,192,4.9548555336052775,0.5128764570519797,Pemetrexed,3.899711966614592,0.7870485708746917,0.2826086956521739
CVCL_0371,Neratinib (maleate),EGFR/ERBB inhibitor,20,2.11970983335057,0.058500609844554075,72,3.250635119873654,0.6520909776649922,Pemetrexed,2.776254703714568,0.8540653138031917,0.9891304347826086
CVCL_0371,Norepinephrine (hydrochloride),Adrenoceptor agonist,25,2.1803656996162504,0.07383355420001247,143,3.0348525790087266,0.7184420471350944,Pemetrexed,3.171172894559943,1.0449182660449827,0.9782608695652174
CVCL_0371,Omeprazole,unclear,11,2.3222718628020944,0.08344232376301297,202,4.485065548358542,0.517778801170923,Pemetrexed,3.4445180447333295,0.7679972583664835,0.5217391304347826
CVCL_0371,Palmatine (chloride),unclear,11,2.5442133298579535,0.1009232268377287,187,4.814385914340271,0.5284606126566808,Pemetrexed,3.7171007886642835,0.772082017270867,0.40217391304347827
CVCL_0371,Pasireotide (acetate),unclear,9,2.7554565894187126,0.09860882230302936,189,5.263431590059638,0.5235095283887772,Tofacitinib (citrate),4.294729972093495,0.8159562632493211,0.09782608695652174
CVCL_0371,Pemetrexed,DNA synthesis/repair inhibitor,66,1.4255905517368939,0.03254485944812868,58,1.7958936387742326,0.7938056691987143,Demeclocycline,2.769570685013676,1.542168547856774,1.0
CVCL_0371,Pentamidine (isethionate),unclear,8,2.987972856846849,0.13414018832797925,263,5.212312598163197,0.573252812561511,Pemetrexed,4.312796322288165,0.8274247257940709,0.2826086956521739
CVCL_0371,Proglumide,unclear,9,2.7425244715523545,0.11288507340401333,233,4.930588377764096,0.5562266126129198,Pemetrexed,4.013247340672645,0.8139489718451325,0.2826086956521739
CVCL_0371,Quinestrol,unclear,8,2.9342229159388755,0.10491458098032413,252,5.472778920556088,0.5361486291576217,Pemetrexed,4.131525863910665,0.7549228506915205,0.15217391304347827
CVCL_0371,RMC-6236,RAS inhibitor,14,2.318692882709185,0.08993430342270325,191,4.095878886571083,0.5661038685277894,Pemetrexed,3.358076601007225,0.8198671625806986,0.75
CVCL_0371,Raltitrexed,DNA synthesis/repair inhibitor,10,2.6596915265812484,0.08100321469889948,138,4.720953219933307,0.5633801909646591,Pemetrexed,3.73293899734465,0.7907172182056456,0.5217391304347826
CVCL_0371,Resveratrol,unclear,9,2.8201951627629245,0.13142607737993717,263,4.996958968712405,0.5643822933950607,Pemetrexed,4.205891538332007,0.8416902289305296,0.25
CVCL_0371,Retinoic acid,Retinoic receptor agonist,8,2.9592765181048684,0.09283126908851569,200,5.373561092937631,0.5507105003410474,Pemetrexed,4.128459296834335,0.7682911249041702,0.31521739130434784
CVCL_0371,Riluzole hydrochloride,unclear,14,2.1297546921189197,0.07060560606570698,160,4.205388293918322,0.5064347316510327,Pemetrexed,3.3589621974657886,0.7987281940940856,0.5543478260869565
CVCL_0371,Ritonavir,unclear,15,2.121404741446467,0.07091999794684045,156,3.942221630344769,0.5381241696603797,Pemetrexed,3.2901084560216156,0.8345823153869403,0.782608695652174
CVCL_0371,S-Adenosyl-L-methionine (disulfate tosylate),unclear,21,2.089086132784544,0.07161345623373605,138,3.5019437055485976,0.5965504612408604,Pemetrexed,3.0688323254065524,0.8763225749586411,0.9130434782608695
CVCL_0371,Salicylic acid,Cyclooxygenase inhibitor,9,2.978648578463577,0.0897579646673421,144,5.247344036128422,0.5676488063209352,Pemetrexed,4.308892008373452,0.8211567563907292,0.29347826086956524
CVCL_0371,Saquinavir,unclear,16,2.1807605259331955,0.07948620887263869,167,3.4936088079947365,0.6242142855098048,Pemetrexed,2.8720939359674116,0.822099466143703,0.967391304347826
CVCL_0371,Selinexor,unclear,11,2.7269154262035267,0.11812403559669837,179,4.7123644511418785,0.5786724381096527,Pemetrexed,3.817052943834378,0.8100080083808984,0.4782608695652174
CVCL_0371,Sinomenine,unclear,8,3.1013499813420164,0.08405181321991095,188,5.132716010664652,0.6042317507725141,Pemetrexed,4.319975690312768,0.8416549213587526,0.42391304347826086
CVCL_0371,Sivelestat (sodium tetrahydrate),unclear,8,2.8051983032394228,0.11147882441648538,251,5.322367093424387,0.5270584035259716,Pemetrexed,4.020355467537776,0.7553698189109871,0.30434782608695654
CVCL_0371,Sodium Salicylate,Cyclooxygenase inhibitor,10,2.481756503081411,0.09908679802197629,225,5.161279587944023,0.48084132254304207,Pemetrexed,3.6664814191007,0.7103822524292333,0.16304347826086957
CVCL_0371,Sonidegib,Sonic inhibitor,8,3.2596289182437377,0.11980798391833869,235,5.286226878319651,0.616626753500199,Pemetrexed,4.090052230747244,0.773718632380637,0.6739130434782609
CVCL_0371,Sulfisoxazole,unclear,17,2.391216085372662,0.096467948806498,195,3.673372272813559,0.6509593658856551,Pemetrexed,3.28207157711926,0.8934764389141021,0.9021739130434783
CVCL_0371,TAK-901,unclear,13,2.485961822465082,0.0867091313760987,179,4.271085132840142,0.5820445496041875,Pemetrexed,3.4403308030344744,0.8054933807293977,0.7391304347826086
CVCL_0371,Terfenadine,unclear,14,2.6677191325235383,0.1217187455430625,269,3.908516367142388,0.6825400949961924,Pemetrexed,3.586775935006263,0.9176822093311694,0.8369565217391305
CVCL_0371,Tetracycline (hydrochloride),unclear,14,2.1676561341491114,0.07826006949587072,191,4.0003457533051625,0.5418671954438319,Pemetrexed,3.1892691825155635,0.7972483828130426,0.7391304347826086
CVCL_0371,Thymol,unclear,10,2.9293591126486564,0.07094866769774788,117,4.734644920571543,0.6187072445329308,Pemetrexed,4.047900325518573,0.8549533055648724,0.6304347826086957
CVCL_0371,Tofacitinib (citrate),JAK/STAT inhibitor,22,2.065732798319677,0.0691775979069792,101,3.1476374421058555,0.656280412313829,Pemetrexed,2.8195322616181095,0.8957614444094824,0.9891304347826086
CVCL_0371,Tolcapone,unclear,10,2.5370779965868206,0.08377491270445425,185,4.793446426293995,0.5292805574439969,Pemetrexed,3.64570798938049,0.7605609127875728,0.34782608695652173
CVCL_0371,Triclosan,unclear,18,2.047901985985781,0.06756613412482249,152,3.68365938196756,0.555942277402405,Pemetrexed,2.8857852470867202,0.7834017610893574,0.8043478260869565
CVCL_0371,Trifluridine,DNA synthesis/repair inhibitor,17,2.2317025371296078,0.081860020354388,160,3.655823916793232,0.610451320392691,Pemetrexed,3.215148146402369,0.8794592462819136,0.8804347826086957
CVCL_0371,Tucidinostat,HDAC inhibitor,10,2.8249410349457427,0.12538729878953625,256,4.663183302081895,0.6057966955072381,Pemetrexed,4.065771827577956,0.871887627870596,0.5760869565217391
CVCL_0371,Vemurafenib,RAF inhibitor,14,2.3612563111430718,0.06788046835049921,143,4.017316298890863,0.5877695793569923,Pemetrexed,3.345547518050941,0.8327817052828551,0.8695652173913043
CVCL_0371,Vilanterol,Adrenoceptor agonist,14,2.300655780792789,0.08619972052390346,169,4.011805512841584,0.5734714141621541,Pemetrexed,3.41077380241297,0.8501842353761312,0.7608695652173914
CVCL_0371,Vinblastine (sulfate),Microtubule inhibitor,13,2.52304480495378,0.08874295751487626,135,4.150966447895882,0.6078210548371711,Pemetrexed,3.6242410166951164,0.873107759888601,0.7065217391304348
CVCL_0371,Volasertib,unclear,13,2.3288628533101616,0.08055959036604965,182,4.25334262551824,0.5475370922008443,Pemetrexed,3.4682752343878738,0.8154234304049957,0.5978260869565217
