tier,cell_line,plate,drug,n_total,n_selection,n_strength_used,e_distance,perm_p,significant,distinctiveness
tier1_seen_conditions,CVCL_1717,plate4,Quinestrol,23,23,12,0.04119527307279469,0.32338308457711445,False,0.8985507246376812
tier1_seen_conditions,CVCL_1717,plate4,Trimetrexate,28,28,12,0.06115132545672175,0.22885572139303484,False,0.7391304347826086
tier1_seen_conditions,CVCL_1717,plate4,Gemfibrozil,28,28,12,-0.04793274619609811,0.5572139303482587,False,1.0
tier1_seen_conditions,CVCL_1717,plate4,18β-Glycyrrhetinic acid,26,26,12,0.03204527189070916,0.26865671641791045,False,0.8695652173913043
tier1_seen_conditions,CVCL_1717,plate4,Idarubicin (hydrochloride),29,29,12,0.17650770135081117,0.05970149253731343,False,0.4927536231884058
tier1_seen_conditions,CVCL_1717,plate4,Elagolix sodium,28,28,12,0.052917310301200615,0.2537313432835821,False,0.6956521739130435
tier1_seen_conditions,CVCL_1717,plate4,Tofacitinib (citrate),24,24,12,0.055717304390553224,0.27860696517412936,False,0.9855072463768116
tier1_seen_conditions,CVCL_1717,plate4,Thymol,25,25,12,0.15187175021954502,0.07960199004975124,False,0.6956521739130435
tier1_seen_conditions,CVCL_1717,plate4,Darinaparsin,27,27,12,0.10017625906992578,0.13930348258706468,False,0.7681159420289855
tier1_seen_conditions,CVCL_1717,plate4,Vilanterol,27,27,12,-0.07128598373945394,0.7810945273631841,False,0.9710144927536232
tier1_seen_conditions,CVCL_1717,plate4,Ritonavir,26,26,12,0.2030395541116068,0.10945273631840796,False,0.7101449275362319
tier1_seen_conditions,CVCL_1717,plate4,Pentamidine (isethionate),27,27,12,-0.008412483844935537,0.5223880597014925,False,0.5362318840579711
tier1_seen_conditions,CVCL_1717,plate4,Sulfisoxazole,27,27,12,0.116578414612448,0.08955223880597014,False,0.7681159420289855
tier1_seen_conditions,CVCL_1717,plate4,Demeclocycline,27,27,12,0.030942729480845088,0.4577114427860697,False,0.9420289855072463
tier1_seen_conditions,CVCL_1717,plate4,Cepharanthine,27,27,12,0.1559925149765693,0.06965174129353234,False,0.9565217391304348
tier1_seen_conditions,CVCL_1717,plate4,Triclosan,27,27,12,-0.04041335908134158,0.5771144278606966,False,0.9855072463768116
tier1_seen_conditions,CVCL_1717,plate4,Tucidinostat,24,24,12,0.2133172776349106,0.10945273631840796,False,0.9420289855072463
tier1_seen_conditions,CVCL_1717,plate4,Bergenin,20,20,12,-0.024915727412643918,0.4975124378109453,False,0.17391304347826086
tier1_seen_conditions,CVCL_1717,plate4,Allantoin,24,24,12,0.19010572592308783,0.04975124378109453,True,0.7971014492753623
tier1_seen_conditions,CVCL_1717,plate4,Triamcinolone,23,23,12,0.13771370204120004,0.0845771144278607,False,0.6956521739130435
tier1_seen_conditions,CVCL_1717,plate4,Olanzapine,24,24,12,-0.01586877772807327,0.5621890547263682,False,0.782608695652174
tier1_seen_conditions,CVCL_1717,plate4,Rimonabant,27,27,12,-0.05820574442904558,0.7263681592039801,False,0.8115942028985508
tier1_seen_conditions,CVCL_1717,plate4,Pentagastrin,23,23,12,0.0342363511685857,0.3034825870646766,False,0.855072463768116
tier1_seen_conditions,CVCL_1717,plate4,Lumateperone (tosylate),27,27,12,0.11154993665155111,0.1044776119402985,False,0.6666666666666666
tier1_seen_conditions,CVCL_1717,plate4,Relugolix,18,18,12,0.1872224999592227,0.0945273631840796,False,0.5942028985507246
tier1_seen_conditions,CVCL_1717,plate4,Homoharringtonine,26,26,12,0.03571831385399449,0.3582089552238806,False,0.927536231884058
tier1_seen_conditions,CVCL_1717,plate4,Hexylresorcinol,22,22,12,0.15909933309970015,0.07960199004975124,False,0.6376811594202898
tier1_seen_conditions,CVCL_1717,plate4,Palmatine (chloride),26,26,12,0.0220780422113922,0.3383084577114428,False,0.6521739130434783
tier1_seen_conditions,CVCL_1717,plate4,Isocorydine,25,25,12,0.07579804707706117,0.20398009950248755,False,0.4782608695652174
tier1_seen_conditions,CVCL_1717,plate4,Raltitrexed,25,25,12,0.01718314031993806,0.3333333333333333,False,0.9420289855072463
tier1_seen_conditions,CVCL_1717,plate4,Furosemide,26,26,12,0.12794690441125134,0.0845771144278607,False,0.8405797101449275
tier1_seen_conditions,CVCL_1717,plate4,Clotrimazole,24,24,12,-0.007973530867657175,0.4427860696517413,False,0.4057971014492754
tier1_seen_conditions,CVCL_1717,plate4,Sodium Salicylate,27,27,12,-0.028340212569718304,0.47761194029850745,False,0.6956521739130435
tier1_seen_conditions,CVCL_1717,plate4,Gallic acid (hydrate),25,25,12,-0.08566009779118211,0.7412935323383084,False,0.9130434782608695
tier1_seen_conditions,CVCL_1717,plate4,Pyridoxine,22,22,12,-0.02450565882291933,0.6019900497512438,False,0.7536231884057971
tier1_seen_conditions,CVCL_1717,plate4,Temsirolimus,27,27,12,0.16905572289746473,0.05970149253731343,False,0.782608695652174
tier1_seen_conditions,CVCL_1717,plate4,Diammonium Glycyrrhizinate,24,24,12,0.08079285113822188,0.1890547263681592,False,1.0
tier1_seen_conditions,CVCL_1717,plate4,Salicylic acid,25,25,12,-0.010293521583914611,0.48756218905472637,False,0.2753623188405797
tier1_seen_conditions,CVCL_1717,plate4,Resveratrol,29,29,12,-0.08145703327122256,0.7213930348258707,False,0.9565217391304348
tier1_seen_conditions,CVCL_1717,plate4,Rapamycin,28,28,12,0.10875503836903988,0.17412935323383086,False,0.9855072463768116
tier1_seen_conditions,CVCL_1717,plate4,Larotrectinib,29,29,12,0.15226379024566583,0.06965174129353234,False,0.8405797101449275
tier1_seen_conditions,CVCL_1717,plate4,Busulfan,27,27,12,0.0008277564893326428,0.5373134328358209,False,0.9710144927536232
tier1_seen_conditions,CVCL_1717,plate4,Megestrol,29,29,12,0.22232964651149345,0.0845771144278607,False,0.927536231884058
tier1_seen_conditions,CVCL_1717,plate4,Ropivacaine (hydrochloride monohydrate),29,29,12,-0.003064979124374645,0.46766169154228854,False,0.7971014492753623
tier1_seen_conditions,CVCL_1717,plate4,Lenalidomide (hemihydrate),24,24,12,-0.04896625855127823,0.6467661691542289,False,0.782608695652174
tier1_seen_conditions,CVCL_1717,plate4,Ciclopirox,29,29,12,0.0032124784319780275,0.40298507462686567,False,0.855072463768116
tier1_seen_conditions,CVCL_1717,plate4,Lidocaine (hydrochloride),26,26,12,-0.03882476621292774,0.6766169154228856,False,1.0
tier1_seen_conditions,CVCL_1717,plate4,Mitoxantrone (dihydrochloride),27,27,12,0.026440216833464092,0.32338308457711445,False,0.855072463768116
tier1_seen_conditions,CVCL_1717,plate4,Radotinib,27,27,12,0.11324692983619578,0.0945273631840796,False,0.855072463768116
tier1_seen_conditions,CVCL_1717,plate4,Adagrasib,27,27,12,0.02708953529796787,0.3333333333333333,False,0.8695652173913043
tier1_seen_conditions,CVCL_1717,plate4,8-Hydroxyquinoline,18,18,12,-0.08039366338127962,0.7562189054726368,False,0.15942028985507245
tier1_seen_conditions,CVCL_1717,plate4,Trifluridine,25,25,12,0.02895811744530974,0.30845771144278605,False,0.30434782608695654
tier1_seen_conditions,CVCL_1717,plate4,Retinoic acid,22,22,12,0.1880294970570997,0.03482587064676617,True,0.7246376811594203
tier1_seen_conditions,CVCL_1717,plate4,Pasireotide (acetate),27,27,12,0.25391068758758273,0.01990049751243781,True,0.9565217391304348
tier1_seen_conditions,CVCL_1717,plate4,L-Thyroxine (sodium salt pentahydrate),27,27,12,-0.09953082041211125,0.7711442786069652,False,0.7536231884057971
tier1_seen_conditions,CVCL_1717,plate4,Berberine (chloride hydrate),17,17,12,0.1644857860162965,0.05472636815920398,False,0.2608695652173913
tier1_seen_conditions,CVCL_1717,plate4,Fusidic acid,16,16,12,0.3035342054953265,0.029850746268656716,True,0.7681159420289855
tier1_seen_conditions,CVCL_1717,plate4,Cloxacillin (sodium),17,17,12,0.08021166624421028,0.13930348258706468,False,0.2028985507246377
tier1_seen_conditions,CVCL_1717,plate4,Folic acid,17,17,12,0.11610531477962738,0.11442786069651742,False,0.17391304347826086
tier1_seen_conditions,CVCL_1717,plate4,Selinexor,19,19,12,0.02744079339302452,0.373134328358209,False,0.5507246376811594
tier1_seen_conditions,CVCL_1717,plate4,Adenine,14,14,12,0.13284121765461876,0.09950248756218906,False,0.08695652173913043
tier1_seen_conditions,CVCL_1717,plate4,Amsacrine,21,21,12,0.2195212971675531,0.0845771144278607,False,0.21739130434782608
tier1_seen_conditions,CVCL_1717,plate4,Chlorhexidine (diacetate),28,28,12,-0.015422023896260129,0.46766169154228854,False,0.9420289855072463
tier1_seen_conditions,CVCL_1717,plate4,Cysteamine (hydrochloride),23,23,12,0.06263848148703666,0.22885572139303484,False,0.42028985507246375
tier1_seen_conditions,CVCL_1717,plate4,Vinblastine (sulfate),29,29,12,0.025612735266959064,0.34328358208955223,False,0.5362318840579711
tier1_seen_conditions,CVCL_0480,plate4,Quinestrol,27,27,12,0.03245091368559372,0.36318407960199006,False,0.8987341772151899
tier1_seen_conditions,CVCL_0480,plate4,Tofacitinib,28,28,12,-0.0015524933521557926,0.5174129353233831,False,0.7848101265822784
tier1_seen_conditions,CVCL_0480,plate4,Trimetrexate,29,29,12,0.03292589701973725,0.3283582089552239,False,1.0
tier1_seen_conditions,CVCL_0480,plate4,18β-Glycyrrhetinic acid,26,26,12,0.0305742765580046,0.3582089552238806,False,0.8987341772151899
tier1_seen_conditions,CVCL_0480,plate4,Terfenadine,28,28,12,-0.0013072435470373733,0.48756218905472637,False,0.9367088607594937
tier1_seen_conditions,CVCL_0480,plate4,Fluvoxamine (maleate),29,29,12,0.09664680506060463,0.14427860696517414,False,1.0
tier1_seen_conditions,CVCL_0480,plate4,S-Adenosyl-L-methionine (disulfate tosylate),26,26,12,-0.04696532300866174,0.6716417910447762,False,0.8354430379746836
tier1_seen_conditions,CVCL_0480,plate4,Idarubicin (hydrochloride),28,28,12,0.2962478535131545,0.009950248756218905,True,0.9113924050632911
tier1_seen_conditions,CVCL_0480,plate4,Elagolix sodium,26,26,12,0.1547154225158689,0.03482587064676617,True,0.6075949367088608
tier1_seen_conditions,CVCL_0480,plate4,Resveratrol,25,25,12,0.04162067129216851,0.3383084577114428,False,0.7468354430379747
tier1_seen_conditions,CVCL_0480,plate4,Rapamycin,25,25,12,0.19712918916467181,0.07462686567164178,False,0.7341772151898734
tier1_seen_conditions,CVCL_0480,plate4,Tofacitinib (citrate),26,26,12,-0.05201511753149468,0.6218905472636815,False,0.8354430379746836
tier1_seen_conditions,CVCL_0480,plate4,Thymol,26,26,12,0.13407825185616495,0.10945273631840796,False,0.5822784810126582
tier1_seen_conditions,CVCL_0480,plate4,Darinaparsin,27,27,12,0.12006490956697924,0.18407960199004975,False,0.9240506329113924
tier1_seen_conditions,CVCL_0480,plate4,Vilanterol,29,29,12,-0.03560406659530635,0.5472636815920398,False,0.9746835443037974
tier1_seen_conditions,CVCL_0480,plate4,Ritonavir,28,28,12,0.14593179523140165,0.07462686567164178,False,0.7468354430379747
tier1_seen_conditions,CVCL_0480,plate4,Pentamidine (isethionate),27,27,12,-0.06596365804397664,0.7810945273631841,False,0.8987341772151899
tier1_seen_conditions,CVCL_0480,plate4,Adenosine,28,28,12,-0.08901570778101231,0.8706467661691543,False,0.6835443037974683
tier1_seen_conditions,CVCL_0480,plate4,Sulfisoxazole,25,25,12,-0.10525194712104913,0.8805970149253731,False,0.7974683544303798
tier1_seen_conditions,CVCL_0480,plate4,Norepinephrine (hydrochloride),27,27,12,-0.023306652132967898,0.572139303482587,False,0.4050632911392405
tier1_seen_conditions,CVCL_0480,plate4,Ciclopirox,29,29,12,-0.03111158172578321,0.6169154228855721,False,0.8734177215189873
tier1_seen_conditions,CVCL_0480,plate4,Demeclocycline,25,25,12,-0.001523804777219695,0.5472636815920398,False,0.810126582278481
tier1_seen_conditions,CVCL_0480,plate4,Mitoxantrone (dihydrochloride),26,26,12,0.3249857571587036,0.009950248756218905,True,0.6835443037974683
tier1_seen_conditions,CVCL_0480,plate4,Larotrectinib,25,25,12,0.2231021045627859,0.03482587064676617,True,0.12658227848101267
tier1_seen_conditions,CVCL_0480,plate4,Busulfan,29,29,12,0.12098335909903568,0.10945273631840796,False,0.9367088607594937
tier1_seen_conditions,CVCL_0480,plate4,Cepharanthine,26,26,12,-0.14116351741197875,0.9402985074626866,False,0.620253164556962
tier1_seen_conditions,CVCL_0480,plate4,Radotinib,28,28,12,-0.13617803759282054,0.945273631840796,False,0.6835443037974683
tier1_seen_conditions,CVCL_0480,plate4,Docetaxel,27,27,12,0.02853893177606892,0.36318407960199006,False,0.9367088607594937
tier1_seen_conditions,CVCL_0480,plate4,Triclosan,28,28,12,0.23600048017083353,0.04975124378109453,True,0.3924050632911392
tier1_seen_conditions,CVCL_0480,plate4,Tucidinostat,27,27,12,-0.01089521718122377,0.5373134328358209,False,0.5443037974683544
tier1_seen_conditions,CVCL_0480,plate4,Bergenin,24,24,12,-0.0036143610959928907,0.5024875621890548,False,0.4430379746835443
tier1_seen_conditions,CVCL_0480,plate4,Allantoin,28,28,12,-0.017547449815765503,0.5024875621890548,False,1.0
tier1_seen_conditions,CVCL_0480,plate4,Bimatoprost,28,28,12,0.0765890281684829,0.1791044776119403,False,1.0
tier1_seen_conditions,CVCL_0480,plate4,Olanzapine,27,27,12,0.1125719949541093,0.09950248756218906,False,0.7974683544303798
tier1_seen_conditions,CVCL_0480,plate4,Rimonabant,25,25,12,0.11885829996935549,0.07960199004975124,False,0.7088607594936709
tier1_seen_conditions,CVCL_0480,plate4,Pentagastrin,28,28,12,0.13097688028373788,0.14925373134328357,False,0.9746835443037974
tier1_seen_conditions,CVCL_0480,plate4,Lumateperone (tosylate),28,28,12,-0.1398098722094545,0.9601990049751243,False,0.8607594936708861
tier1_seen_conditions,CVCL_0480,plate4,Relugolix,21,21,12,0.0888795440106307,0.15920398009950248,False,0.13924050632911392
tier1_seen_conditions,CVCL_0480,plate4,Hexylresorcinol,27,27,12,0.08243905700379095,0.19402985074626866,False,0.6455696202531646
tier1_seen_conditions,CVCL_0480,plate4,Riluzole hydrochloride,23,23,12,0.0787979647499597,0.20398009950248755,False,0.35443037974683544
tier1_seen_conditions,CVCL_0480,plate4,Isocorydine,27,27,12,0.2021365183909296,0.07462686567164178,False,0.6708860759493671
tier1_seen_conditions,CVCL_0480,plate4,Raltitrexed,28,28,12,0.03627767983886443,0.34328358208955223,False,0.6329113924050633
tier1_seen_conditions,CVCL_0480,plate4,Furosemide,27,27,12,0.12715824621480998,0.14925373134328357,False,1.0
tier1_seen_conditions,CVCL_0480,plate4,Sodium Salicylate,29,29,12,0.026925227719777567,0.39800995024875624,False,0.5443037974683544
tier1_seen_conditions,CVCL_0480,plate4,Gallic acid (hydrate),23,23,12,-0.0033809940610272093,0.4925373134328358,False,0.1518987341772152
tier1_seen_conditions,CVCL_0480,plate4,Pyridoxine,29,29,12,-0.0009710705530938668,0.4427860696517413,False,0.8354430379746836
tier1_seen_conditions,CVCL_0480,plate4,Acetohexamide,27,27,12,-0.015212607548612311,0.5174129353233831,False,0.379746835443038
tier1_seen_conditions,CVCL_0480,plate4,Megestrol,27,27,12,-0.05607337350357611,0.7014925373134329,False,0.7721518987341772
tier1_seen_conditions,CVCL_0480,plate4,Diammonium Glycyrrhizinate,28,28,12,0.05976920712565992,0.23383084577114427,False,0.7088607594936709
tier1_seen_conditions,CVCL_0480,plate4,Ropivacaine (hydrochloride monohydrate),26,26,12,0.07381969062499927,0.208955223880597,False,0.8354430379746836
tier1_seen_conditions,CVCL_0480,plate4,Salicylic acid,28,28,12,-0.01895185403894395,0.5572139303482587,False,0.810126582278481
tier1_seen_conditions,CVCL_0480,plate4,Lenalidomide (hemihydrate),29,29,12,-0.01978652423526306,0.5074626865671642,False,0.8607594936708861
tier1_seen_conditions,CVCL_0480,plate4,Lidocaine (hydrochloride),23,23,12,0.07365958801097428,0.208955223880597,False,0.189873417721519
tier1_seen_conditions,CVCL_0480,plate4,Clotrimazole,27,27,12,0.1572392969274734,0.06965174129353234,False,0.9493670886075949
tier1_seen_conditions,CVCL_0480,plate4,L-Thyroxine (sodium salt pentahydrate),27,27,12,-0.0538540745657663,0.6517412935323383,False,0.9620253164556962
tier1_seen_conditions,CVCL_0480,plate4,Adagrasib,27,27,12,0.0689725925699527,0.23383084577114427,False,0.8481012658227848
tier1_seen_conditions,CVCL_0480,plate4,8-Hydroxyquinoline,25,25,12,-0.010237423062454454,0.4975124378109453,False,0.810126582278481
tier1_seen_conditions,CVCL_0480,plate4,Chlorhexidine (diacetate),26,26,12,0.07490831104107087,0.21393034825870647,False,0.8227848101265823
tier1_seen_conditions,CVCL_0480,plate4,Trifluridine,29,29,12,0.03592093284764175,0.3582089552238806,False,1.0
tier1_seen_conditions,CVCL_0480,plate4,Retinoic acid,28,28,12,0.22903211296430825,0.029850746268656716,True,1.0
tier1_seen_conditions,CVCL_0480,plate4,Cysteamine (hydrochloride),23,23,12,0.0026532440924000866,0.5174129353233831,False,0.379746835443038
tier1_seen_conditions,CVCL_0480,plate4,Vinblastine (sulfate),28,28,12,0.2163529055810507,0.024875621890547265,True,1.0
tier1_seen_conditions,CVCL_0480,plate4,Pasireotide (acetate),28,28,12,0.13317628239670753,0.10945273631840796,False,0.8860759493670886
tier1_seen_conditions,CVCL_0480,plate4,Palmatine (chloride),28,28,12,0.013723263955212062,0.4228855721393035,False,0.9493670886075949
tier1_seen_conditions,CVCL_0480,plate4,Triamcinolone,29,29,12,0.09839878089758614,0.13930348258706468,False,0.9367088607594937
tier1_seen_conditions,CVCL_0480,plate4,Berberine (chloride hydrate),14,14,12,0.08689293928178365,0.21890547263681592,False,0.11392405063291139
tier1_seen_conditions,CVCL_0480,plate4,Medroxyprogesterone acetate,22,22,12,-0.004573162729444746,0.4925373134328358,False,0.569620253164557
tier1_seen_conditions,CVCL_0480,plate4,Neratinib (maleate),27,27,12,0.18151671051086105,0.04975124378109453,True,0.8734177215189873
tier1_seen_conditions,CVCL_0480,plate4,Sinomenine,16,16,12,0.07283637341414817,0.21890547263681592,False,0.22784810126582278
tier1_seen_conditions,CVCL_0480,plate4,Goserelin (acetate),28,28,12,0.3711857245347421,0.014925373134328358,True,1.0
tier1_seen_conditions,CVCL_0480,plate4,Fusidic acid,28,28,12,-0.052235624093537325,0.7064676616915423,False,0.9367088607594937
tier1_seen_conditions,CVCL_0480,plate4,Balsalazide (sodium hydrate),19,19,12,0.3548765860406764,0.004975124378109453,True,0.7974683544303798
tier1_seen_conditions,CVCL_0480,plate4,Cloxacillin (sodium),19,19,12,0.06382677460303121,0.27860696517412936,False,0.16455696202531644
tier1_seen_conditions,CVCL_0480,plate4,Artesunate,29,29,12,0.0696623164414536,0.2885572139303483,False,0.9620253164556962
tier1_seen_conditions,CVCL_0480,plate4,Pyridoxine (hydrochloride),16,16,12,0.3908857086795017,0.009950248756218905,True,0.5949367088607594
tier1_seen_conditions,CVCL_0480,plate4,Folic acid,25,25,12,0.1439187720286128,0.03482587064676617,True,0.5063291139240507
tier1_seen_conditions,CVCL_0480,plate4,Selinexor,25,25,12,-0.0028648025701158986,0.48258706467661694,False,0.4810126582278481
tier1_seen_conditions,CVCL_0480,plate4,Adenine,25,25,12,0.2536686632475398,0.014925373134328358,True,0.7848101265822784
tier1_seen_conditions,CVCL_0480,plate4,Amsacrine,15,15,12,0.19454888701159767,0.0945273631840796,False,0.26582278481012656
tier1_seen_conditions,CVCL_0546,plate4,Quinestrol,27,27,12,0.009241819460253708,0.4626865671641791,False,0.8717948717948718
tier1_seen_conditions,CVCL_0546,plate4,Tofacitinib,27,27,12,0.24608795237202585,0.06467661691542288,False,0.6794871794871795
tier1_seen_conditions,CVCL_0546,plate4,Trimetrexate,26,26,12,0.009777784569898529,0.34328358208955223,False,0.782051282051282
tier1_seen_conditions,CVCL_0546,plate4,Gemfibrozil,27,27,12,0.018663360865565082,0.40298507462686567,False,0.19230769230769232
tier1_seen_conditions,CVCL_0546,plate4,18β-Glycyrrhetinic acid,25,25,12,0.02190042879278309,0.3880597014925373,False,0.9615384615384616
tier1_seen_conditions,CVCL_0546,plate4,Terfenadine,28,28,12,0.14698852924221306,0.06467661691542288,False,0.717948717948718
tier1_seen_conditions,CVCL_0546,plate4,Fluvoxamine (maleate),26,26,12,-0.05530792945028651,0.6616915422885572,False,0.46153846153846156
tier1_seen_conditions,CVCL_0546,plate4,S-Adenosyl-L-methionine (disulfate tosylate),29,29,12,0.06765651548908558,0.17412935323383086,False,0.6153846153846154
tier1_seen_conditions,CVCL_0546,plate4,Idarubicin (hydrochloride),27,27,12,0.17041100421923439,0.04975124378109453,True,0.21794871794871795
tier1_seen_conditions,CVCL_0546,plate4,Elagolix sodium,27,27,12,0.03389704197639354,0.2935323383084577,False,0.6025641025641025
tier1_seen_conditions,CVCL_0546,plate4,Resveratrol,26,26,12,-0.09012172743794089,0.8557213930348259,False,0.717948717948718
tier1_seen_conditions,CVCL_0546,plate4,Tofacitinib (citrate),28,28,12,0.12583433537289856,0.11940298507462686,False,0.14102564102564102
tier1_seen_conditions,CVCL_0546,plate4,Thymol,27,27,12,-0.05580970420980691,0.7512437810945274,False,0.9102564102564102
tier1_seen_conditions,CVCL_0546,plate4,Darinaparsin,27,27,12,0.06350370018973628,0.21890547263681592,False,0.44871794871794873
tier1_seen_conditions,CVCL_0546,plate4,Vilanterol,28,28,12,-0.036071519972139754,0.6318407960199005,False,0.7051282051282052
tier1_seen_conditions,CVCL_0546,plate4,Lenalidomide (hemihydrate),26,26,12,-0.006342840299472741,0.5522388059701493,False,0.01282051282051282
tier1_seen_conditions,CVCL_0546,plate4,Ritonavir,27,27,12,0.19417898267671596,0.06467661691542288,False,0.4358974358974359
tier1_seen_conditions,CVCL_0546,plate4,Pentamidine (isethionate),26,26,12,-0.15442241120037892,0.9651741293532339,False,0.7564102564102564
tier1_seen_conditions,CVCL_0546,plate4,Sulfisoxazole,28,28,12,-0.009278040671947707,0.5174129353233831,False,0.9487179487179487
tier1_seen_conditions,CVCL_0546,plate4,Norepinephrine (hydrochloride),28,28,12,0.006532525600194461,0.4427860696517413,False,0.3974358974358974
tier1_seen_conditions,CVCL_0546,plate4,Ciclopirox,24,24,12,0.08202466654486429,0.24875621890547264,False,0.9743589743589743
tier1_seen_conditions,CVCL_0546,plate4,Lidocaine (hydrochloride),27,27,12,-0.03390969757195883,0.6119402985074627,False,1.0
tier1_seen_conditions,CVCL_0546,plate4,Demeclocycline,28,28,12,0.03205300316292181,0.2885572139303483,False,0.358974358974359
tier1_seen_conditions,CVCL_0546,plate4,Mitoxantrone (dihydrochloride),25,25,12,0.03593687128020839,0.3333333333333333,False,0.782051282051282
tier1_seen_conditions,CVCL_0546,plate4,Larotrectinib,28,28,12,0.037101008284173176,0.3333333333333333,False,0.48717948717948717
tier1_seen_conditions,CVCL_0546,plate4,Busulfan,24,24,12,0.0878858878623543,0.1791044776119403,False,0.6410256410256411
tier1_seen_conditions,CVCL_0546,plate4,Cepharanthine,29,29,12,0.10726079342248696,0.06965174129353234,False,0.8846153846153846
tier1_seen_conditions,CVCL_0546,plate4,Radotinib,26,26,12,0.11275285388917489,0.15920398009950248,False,0.5256410256410257
tier1_seen_conditions,CVCL_0546,plate4,Docetaxel,26,26,12,0.029923229524934314,0.31840796019900497,False,0.7948717948717948
tier1_seen_conditions,CVCL_0546,plate4,Triclosan,29,29,12,0.03336416254164298,0.31343283582089554,False,0.717948717948718
tier1_seen_conditions,CVCL_0546,plate4,Bergenin,28,28,12,-0.12638200277923417,0.9054726368159204,False,0.5256410256410257
tier1_seen_conditions,CVCL_0546,plate4,Allantoin,29,29,12,-0.06049941687449589,0.736318407960199,False,1.0
tier1_seen_conditions,CVCL_0546,plate4,Bimatoprost,24,24,12,0.0831836379942601,0.20398009950248755,False,0.5128205128205128
tier1_seen_conditions,CVCL_0546,plate4,Triamcinolone,28,28,12,0.011689179115693449,0.4527363184079602,False,0.6153846153846154
tier1_seen_conditions,CVCL_0546,plate4,Olanzapine,27,27,12,0.09938236795580835,0.1791044776119403,False,0.6153846153846154
tier1_seen_conditions,CVCL_0546,plate4,Rimonabant,27,27,12,-0.14118015467411027,0.9601990049751243,False,0.44871794871794873
tier1_seen_conditions,CVCL_0546,plate4,Pentagastrin,29,29,12,0.13626159630403833,0.07960199004975124,False,0.9871794871794872
tier1_seen_conditions,CVCL_0546,plate4,Lumateperone (tosylate),28,28,12,0.048884267663186876,0.24378109452736318,False,0.7307692307692307
tier1_seen_conditions,CVCL_0546,plate4,Relugolix,28,28,12,0.12242750749881992,0.07960199004975124,False,0.6153846153846154
tier1_seen_conditions,CVCL_0546,plate4,Homoharringtonine,24,24,12,0.09112220878242994,0.16417910447761194,False,0.5769230769230769
tier1_seen_conditions,CVCL_0546,plate4,Hexylresorcinol,27,27,12,0.022378455218431625,0.3582089552238806,False,0.8589743589743589
tier1_seen_conditions,CVCL_0546,plate4,Palmatine (chloride),27,27,12,-0.05882560063302478,0.7313432835820896,False,0.8076923076923077
tier1_seen_conditions,CVCL_0546,plate4,Isocorydine,28,28,12,0.038214021989515956,0.39303482587064675,False,0.6025641025641025
tier1_seen_conditions,CVCL_0546,plate4,Raltitrexed,29,29,12,0.03980243164746611,0.2537313432835821,False,0.8717948717948718
tier1_seen_conditions,CVCL_0546,plate4,Furosemide,25,25,12,-0.05207532396388714,0.746268656716418,False,0.8461538461538461
tier1_seen_conditions,CVCL_0546,plate4,Clotrimazole,26,26,12,-0.08351908605537339,0.7761194029850746,False,0.7948717948717948
tier1_seen_conditions,CVCL_0546,plate4,Sodium Salicylate,28,28,12,-0.10454977582318925,0.8606965174129353,False,0.9615384615384616
tier1_seen_conditions,CVCL_0546,plate4,Gallic acid (hydrate),27,27,12,0.13481361816653603,0.0845771144278607,False,0.8333333333333334
tier1_seen_conditions,CVCL_0546,plate4,Pyridoxine,27,27,12,0.04571593223264081,0.2537313432835821,False,0.47435897435897434
tier1_seen_conditions,CVCL_0546,plate4,Acetohexamide,23,23,12,0.07042520228406168,0.31840796019900497,False,0.16666666666666666
tier1_seen_conditions,CVCL_0546,plate4,Temsirolimus,28,28,12,-0.04954207904721386,0.6666666666666666,False,0.9102564102564102
tier1_seen_conditions,CVCL_0546,plate4,Megestrol,26,26,12,0.1356300643214272,0.1044776119402985,False,0.9358974358974359
tier1_seen_conditions,CVCL_0546,plate4,Diammonium Glycyrrhizinate,29,29,12,0.14426435059057852,0.1044776119402985,False,0.9102564102564102
tier1_seen_conditions,CVCL_0546,plate4,L-Thyroxine (sodium salt pentahydrate),29,29,12,0.008646253335822252,0.4577114427860697,False,0.9358974358974359
tier1_seen_conditions,CVCL_0546,plate4,Ropivacaine (hydrochloride monohydrate),27,27,12,0.02796052727637033,0.31840796019900497,False,0.41025641025641024
tier1_seen_conditions,CVCL_0546,plate4,Salicylic acid,28,28,12,-0.006987856540222381,0.47761194029850745,False,0.8717948717948718
tier1_seen_conditions,CVCL_0546,plate4,Adenosine,27,27,12,0.10782841190916947,0.12935323383084577,False,0.41025641025641024
tier1_seen_conditions,CVCL_0546,plate4,Adagrasib,25,25,12,-0.028217129350913694,0.6666666666666666,False,0.5897435897435898
tier1_seen_conditions,CVCL_0546,plate4,8-Hydroxyquinoline,26,26,12,0.1223811459996913,0.09950248756218906,False,0.8717948717948718
tier1_seen_conditions,CVCL_0546,plate4,Chlorhexidine (diacetate),28,28,12,0.01593517889741136,0.39800995024875624,False,0.9743589743589743
tier1_seen_conditions,CVCL_0546,plate4,Trifluridine,24,24,12,-0.15302856988826896,0.9800995024875622,False,0.24358974358974358
tier1_seen_conditions,CVCL_0546,plate4,Retinoic acid,26,26,12,0.1193304168914544,0.10945273631840796,False,0.9871794871794872
tier1_seen_conditions,CVCL_0546,plate4,Cysteamine (hydrochloride),27,27,12,-0.022831900154120177,0.6567164179104478,False,0.44871794871794873
tier1_seen_conditions,CVCL_0546,plate4,Vinblastine (sulfate),26,26,12,0.2729481721685634,0.01990049751243781,True,0.9487179487179487
tier1_seen_conditions,CVCL_0546,plate4,Pasireotide (acetate),25,25,12,0.08039861098792755,0.1691542288557214,False,0.2692307692307692
tier1_seen_conditions,CVCL_0546,plate4,Berberine (chloride hydrate),28,28,12,0.03636265050782406,0.3482587064676617,False,0.9615384615384616
tier1_seen_conditions,CVCL_0546,plate4,Medroxyprogesterone acetate,26,26,12,0.10603543530962867,0.13432835820895522,False,0.6025641025641025
tier1_seen_conditions,CVCL_0546,plate4,Neratinib (maleate),27,27,12,0.0306386180438718,0.3781094527363184,False,0.6282051282051282
tier1_seen_conditions,CVCL_0546,plate4,Sinomenine,24,24,12,-0.10383382651270168,0.945273631840796,False,0.2692307692307692
tier1_seen_conditions,CVCL_0546,plate4,Goserelin (acetate),29,29,12,0.1673655039286981,0.04975124378109453,True,0.9102564102564102
tier1_seen_conditions,CVCL_0546,plate4,Fusidic acid,27,27,12,0.10628770289440403,0.1044776119402985,False,0.8589743589743589
tier1_seen_conditions,CVCL_0546,plate4,Balsalazide (sodium hydrate),26,26,12,0.42182323345421935,0.004975124378109453,True,0.7564102564102564
tier1_seen_conditions,CVCL_0546,plate4,Cloxacillin (sodium),29,29,12,0.3134365340133698,0.009950248756218905,True,0.8076923076923077
tier1_seen_conditions,CVCL_0546,plate4,Artesunate,29,29,12,0.05346425045047809,0.22388059701492538,False,0.358974358974359
tier1_seen_conditions,CVCL_0546,plate4,Pyridoxine (hydrochloride),27,27,12,0.3166445149485977,0.01990049751243781,True,1.0
tier1_seen_conditions,CVCL_0546,plate4,Selinexor,29,29,12,0.027448454730915728,0.373134328358209,False,0.4230769230769231
tier1_seen_conditions,CVCL_0546,plate4,Adenine,28,28,12,-0.029942482593327213,0.6119402985074627,False,0.7435897435897436
tier1_seen_conditions,CVCL_0546,plate4,Gallic acid,26,26,12,0.31493900392873364,0.004975124378109453,True,0.38461538461538464
tier1_seen_conditions,CVCL_0546,plate4,Amsacrine,28,28,12,0.29383195071964074,0.014925373134328358,True,0.8461538461538461
tier1_seen_conditions,CVCL_0292,plate4,Quinestrol,27,27,12,-0.06694807297007976,0.7960199004975125,False,0.6712328767123288
tier1_seen_conditions,CVCL_0292,plate4,Gemfibrozil,26,26,12,-0.01161162442831376,0.48258706467661694,False,0.9452054794520548
tier1_seen_conditions,CVCL_0292,plate4,Terfenadine,27,27,12,0.12557251572885342,0.05970149253731343,False,0.8082191780821918
tier1_seen_conditions,CVCL_0292,plate4,Fluvoxamine (maleate),25,25,12,-0.09822900997202844,0.8756218905472637,False,0.5068493150684932
tier1_seen_conditions,CVCL_0292,plate4,S-Adenosyl-L-methionine (disulfate tosylate),27,27,12,0.006068405575835101,0.46766169154228854,False,0.6986301369863014
tier1_seen_conditions,CVCL_0292,plate4,Tofacitinib (citrate),25,25,12,-0.11047130978715636,0.9253731343283582,False,0.9315068493150684
tier1_seen_conditions,CVCL_0292,plate4,Darinaparsin,27,27,12,0.06519953586183469,0.2736318407960199,False,0.2054794520547945
tier1_seen_conditions,CVCL_0292,plate4,Lenalidomide (hemihydrate),27,27,12,-0.07785864505001605,0.7661691542288557,False,0.4931506849315068
tier1_seen_conditions,CVCL_0292,plate4,Ritonavir,26,26,12,-0.02854992360999198,0.5870646766169154,False,0.9178082191780822
tier1_seen_conditions,CVCL_0292,plate4,Norepinephrine (hydrochloride),27,27,12,-0.12837680120117767,0.9402985074626866,False,0.4520547945205479
tier1_seen_conditions,CVCL_0292,plate4,Larotrectinib,29,29,12,-0.037227110821584475,0.6666666666666666,False,1.0
tier1_seen_conditions,CVCL_0292,plate4,Busulfan,27,27,12,0.052401657348406516,0.2885572139303483,False,0.589041095890411
tier1_seen_conditions,CVCL_0292,plate4,Cepharanthine,25,25,12,0.09155013964505976,0.20398009950248755,False,0.7534246575342466
tier1_seen_conditions,CVCL_0292,plate4,Radotinib,27,27,12,-0.05227872379535725,0.6965174129353234,False,0.8904109589041096
tier1_seen_conditions,CVCL_0292,plate4,Docetaxel,13,13,12,0.08581700791045854,0.1791044776119403,False,0.1643835616438356
tier1_seen_conditions,CVCL_0292,plate4,Bergenin,19,19,12,-0.007901268920816662,0.5024875621890548,False,0.4383561643835616
tier1_seen_conditions,CVCL_0292,plate4,Bimatoprost,19,19,12,-0.11533002418444305,0.9402985074626866,False,0.2328767123287671
tier1_seen_conditions,CVCL_0292,plate4,Triamcinolone,23,23,12,0.051565534781397915,0.263681592039801,False,0.589041095890411
tier1_seen_conditions,CVCL_0292,plate4,Olanzapine,18,18,12,0.020771225345811217,0.3333333333333333,False,0.2602739726027397
tier1_seen_conditions,CVCL_0292,plate4,Rimonabant,22,22,12,-0.11358536843025213,0.8606965174129353,False,0.4794520547945205
tier1_seen_conditions,CVCL_0292,plate4,Pentagastrin,15,15,12,-0.04600665105986934,0.6616915422885572,False,0.1643835616438356
tier1_seen_conditions,CVCL_0292,plate4,Lumateperone (tosylate),28,28,12,0.06862847635817815,0.21890547263681592,False,0.9178082191780822
tier1_seen_conditions,CVCL_0292,plate4,Homoharringtonine,18,18,12,0.018702250623043426,0.35323383084577115,False,0.273972602739726
tier1_seen_conditions,CVCL_0292,plate4,Hexylresorcinol,23,23,12,0.11424123198399272,0.12935323383084577,False,0.684931506849315
tier1_seen_conditions,CVCL_0292,plate4,Riluzole hydrochloride,27,27,12,0.17296336145743396,0.04975124378109453,True,0.3972602739726027
tier1_seen_conditions,CVCL_0292,plate4,Palmatine (chloride),28,28,12,-0.039859653962205144,0.6616915422885572,False,0.9863013698630136
tier1_seen_conditions,CVCL_0292,plate4,Isocorydine,27,27,12,-0.06620882922276827,0.7910447761194029,False,0.8767123287671232
tier1_seen_conditions,CVCL_0292,plate4,Furosemide,28,28,12,-0.0033516673324314183,0.4427860696517413,False,0.6027397260273972
tier1_seen_conditions,CVCL_0292,plate4,Clotrimazole,26,26,12,-0.09918888187596941,0.9203980099502488,False,0.3698630136986301
tier1_seen_conditions,CVCL_0292,plate4,Pyridoxine,26,26,12,-0.1415044275679982,0.9601990049751243,False,0.8356164383561644
tier1_seen_conditions,CVCL_0292,plate4,Acetohexamide,27,27,12,-0.15349476618934688,0.9800995024875622,False,0.410958904109589
tier1_seen_conditions,CVCL_0292,plate4,Temsirolimus,28,28,12,0.059510238870656096,0.2935323383084577,False,0.9863013698630136
tier1_seen_conditions,CVCL_0292,plate4,Ropivacaine (hydrochloride monohydrate),26,26,12,-0.0412020201779697,0.7064676616915423,False,0.9863013698630136
tier1_seen_conditions,CVCL_0292,plate4,18β-Glycyrrhetinic acid,29,29,12,-0.10027116046491358,0.8059701492537313,False,0.8356164383561644
tier1_seen_conditions,CVCL_0292,plate4,Elagolix sodium,27,27,12,-0.16466896220214267,0.9850746268656716,False,1.0
tier1_seen_conditions,CVCL_0292,plate4,Adenosine,26,26,12,-0.08720840803507102,0.7960199004975125,False,0.7808219178082192
tier1_seen_conditions,CVCL_0292,plate4,Ciclopirox,24,24,12,-0.040004142701702605,0.7114427860696517,False,0.6027397260273972
tier1_seen_conditions,CVCL_0292,plate4,Sodium Salicylate,24,24,12,0.010768958002746132,0.4577114427860697,False,0.5068493150684932
tier1_seen_conditions,CVCL_0292,plate4,Gallic acid (hydrate),27,27,12,0.009028920327684986,0.417910447761194,False,0.4520547945205479
tier1_seen_conditions,CVCL_0292,plate4,Megestrol,28,28,12,0.10684870398796242,0.0845771144278607,False,0.9863013698630136
tier1_seen_conditions,CVCL_0292,plate4,Diammonium Glycyrrhizinate,27,27,12,-0.07436193114660661,0.8208955223880597,False,0.5068493150684932
tier1_seen_conditions,CVCL_0292,plate4,L-Thyroxine (sodium salt pentahydrate),26,26,12,-0.05725086727143669,0.7064676616915423,False,0.3835616438356164
tier1_seen_conditions,CVCL_0292,plate4,Salicylic acid,26,26,12,-0.10389962681055032,0.8955223880597015,False,0.8356164383561644
tier1_seen_conditions,CVCL_0292,plate4,Rapamycin,27,27,12,0.06270745793174015,0.18407960199004975,False,0.7534246575342466
tier1_seen_conditions,CVCL_0292,plate4,Thymol,28,28,12,-0.13169352484599628,0.9601990049751243,False,0.6164383561643836
tier1_seen_conditions,CVCL_0292,plate4,Pentamidine (isethionate),29,29,12,-0.021271540663864386,0.6119402985074627,False,0.8356164383561644
tier1_seen_conditions,CVCL_0292,plate4,Triclosan,21,21,12,0.01692091662606998,0.3781094527363184,False,0.5342465753424658
tier1_seen_conditions,CVCL_0292,plate4,Adagrasib,27,27,12,-0.11374460143057519,0.9154228855721394,False,0.3835616438356164
tier1_seen_conditions,CVCL_0292,plate4,8-Hydroxyquinoline,18,18,12,0.041760914793549375,0.24378109452736318,False,0.1917808219178082
tier1_seen_conditions,CVCL_0292,plate4,Chlorhexidine (diacetate),17,17,12,0.06032380030432094,0.27860696517412936,False,0.3150684931506849
tier1_seen_conditions,CVCL_0292,plate4,Retinoic acid,17,17,12,0.1525933506685213,0.10945273631840796,False,0.136986301369863
tier1_seen_conditions,CVCL_0292,plate4,Vinblastine (sulfate),26,26,12,-0.02737803638495251,0.6169154228855721,False,0.9452054794520548
tier1_seen_conditions,CVCL_0292,plate4,Raltitrexed,28,28,12,0.023666463543515093,0.30845771144278605,False,0.7945205479452054
tier1_seen_conditions,CVCL_0292,plate4,Tofacitinib,28,28,12,0.18712316362917036,0.029850746268656716,True,0.7945205479452054
tier1_seen_conditions,CVCL_0292,plate4,Trimetrexate,26,26,12,-0.12172118244539831,0.9402985074626866,False,0.726027397260274
tier1_seen_conditions,CVCL_0292,plate4,Pasireotide (acetate),28,28,12,-0.02215310413578564,0.6467661691542289,False,0.547945205479452
tier1_seen_conditions,CVCL_0292,plate4,Resveratrol,29,29,12,-0.08826091797905455,0.845771144278607,False,0.7945205479452054
tier1_seen_conditions,CVCL_0292,plate4,Mitoxantrone (dihydrochloride),27,27,12,-0.04371534805238397,0.7263681592039801,False,0.9863013698630136
tier1_seen_conditions,CVCL_0292,plate4,Vilanterol,29,29,12,-0.05656918694895019,0.6467661691542289,False,0.9315068493150684
tier1_seen_conditions,CVCL_0292,plate4,Demeclocycline,29,29,12,-0.1680918677236658,0.9950248756218906,False,0.9178082191780822
tier1_seen_conditions,CVCL_0292,plate4,Relugolix,20,20,12,-0.029764313803685383,0.6716417910447762,False,0.4383561643835616
tier1_seen_conditions,CVCL_0292,plate4,Fusidic acid,16,16,12,0.011585404168712898,0.4079601990049751,False,0.4794520547945205
tier1_seen_conditions,CVCL_0292,plate4,Balsalazide (sodium hydrate),12,12,12,0.02596035435442623,0.30845771144278605,False,0.2054794520547945
tier1_seen_conditions,CVCL_0292,plate4,Pyridoxine (hydrochloride),13,13,12,0.2333836847545232,0.04975124378109453,True,0.4383561643835616
tier1_seen_conditions,CVCL_0292,plate4,Selinexor,18,18,12,-0.06148140906832822,0.7611940298507462,False,0.2465753424657534
tier1_seen_conditions,CVCL_0292,plate4,Cysteamine (hydrochloride),23,23,12,-0.06758915720984504,0.7810945273631841,False,0.3698630136986301
tier1_seen_conditions,CVCL_1056,plate4,Quinestrol,25,25,12,0.11864583479937885,0.07960199004975124,False,0.4868421052631579
tier1_seen_conditions,CVCL_1056,plate4,Trimetrexate,26,26,12,0.14095223538449808,0.1044776119402985,False,1.0
tier1_seen_conditions,CVCL_1056,plate4,Fluvoxamine (maleate),27,27,12,0.022531576919305962,0.3582089552238806,False,0.868421052631579
tier1_seen_conditions,CVCL_1056,plate4,S-Adenosyl-L-methionine (disulfate tosylate),28,28,12,0.031149873583046883,0.35323383084577115,False,1.0
tier1_seen_conditions,CVCL_1056,plate4,Idarubicin (hydrochloride),25,25,12,0.22751145616139823,0.06965174129353234,False,0.868421052631579
tier1_seen_conditions,CVCL_1056,plate4,Rapamycin,28,28,12,-0.005620232662131741,0.5472636815920398,False,0.8289473684210527
tier1_seen_conditions,CVCL_1056,plate4,Tofacitinib (citrate),27,27,12,0.19673388669849068,0.05472636815920398,False,0.9605263157894737
tier1_seen_conditions,CVCL_1056,plate4,Darinaparsin,27,27,12,0.1273253506595573,0.10945273631840796,False,0.9736842105263158
tier1_seen_conditions,CVCL_1056,plate4,Lenalidomide (hemihydrate),26,26,12,0.09440417477327401,0.1791044776119403,False,0.9605263157894737
tier1_seen_conditions,CVCL_1056,plate4,Pentamidine (isethionate),27,27,12,0.12705362803080256,0.06965174129353234,False,0.8421052631578947
tier1_seen_conditions,CVCL_1056,plate4,Adenosine,23,23,12,0.0676748177208708,0.21393034825870647,False,0.9342105263157895
tier1_seen_conditions,CVCL_1056,plate4,Sulfisoxazole,25,25,12,0.1502024002845559,0.08955223880597014,False,0.5394736842105263
tier1_seen_conditions,CVCL_1056,plate4,Norepinephrine (hydrochloride),26,26,12,0.1540986649013103,0.05472636815920398,False,0.868421052631579
tier1_seen_conditions,CVCL_1056,plate4,Ciclopirox,24,24,12,0.04368661441883859,0.31343283582089554,False,0.6052631578947368
tier1_seen_conditions,CVCL_1056,plate4,Demeclocycline,25,25,12,0.26488873145428826,0.014925373134328358,True,0.5263157894736842
tier1_seen_conditions,CVCL_1056,plate4,Mitoxantrone (dihydrochloride),24,24,12,0.3234011976362101,0.024875621890547265,True,0.9342105263157895
tier1_seen_conditions,CVCL_1056,plate4,Larotrectinib,28,28,12,0.385033413957796,0.009950248756218905,True,0.9605263157894737
tier1_seen_conditions,CVCL_1056,plate4,Busulfan,29,29,12,0.17937689088137887,0.04477611940298507,True,0.9342105263157895
tier1_seen_conditions,CVCL_1056,plate4,Cepharanthine,25,25,12,0.18855760177880576,0.01990049751243781,True,0.7631578947368421
tier1_seen_conditions,CVCL_1056,plate4,Radotinib,29,29,12,0.1080838379661877,0.12437810945273632,False,0.9868421052631579
tier1_seen_conditions,CVCL_1056,plate4,Docetaxel,24,24,12,0.5921752994421663,0.004975124378109453,True,0.9473684210526315
tier1_seen_conditions,CVCL_1056,plate4,Triclosan,28,28,12,0.08081402048992992,0.19402985074626866,False,0.9868421052631579
tier1_seen_conditions,CVCL_1056,plate4,Tucidinostat,26,26,12,0.04143824705770527,0.24875621890547264,False,0.7763157894736842
tier1_seen_conditions,CVCL_1056,plate4,Bergenin,27,27,12,0.042561779092535446,0.3283582089552239,False,0.75
tier1_seen_conditions,CVCL_1056,plate4,Allantoin,27,27,12,0.11593947908420255,0.08955223880597014,False,0.9605263157894737
tier1_seen_conditions,CVCL_1056,plate4,Bimatoprost,22,22,12,0.2707782888147907,0.004975124378109453,True,0.8552631578947368
tier1_seen_conditions,CVCL_1056,plate4,Triamcinolone,26,26,12,0.19055737295144048,0.0845771144278607,False,0.9473684210526315
tier1_seen_conditions,CVCL_1056,plate4,Olanzapine,26,26,12,0.13437314156499447,0.07960199004975124,False,0.6842105263157895
tier1_seen_conditions,CVCL_1056,plate4,Rimonabant,25,25,12,-0.01955967921435331,0.5124378109452736,False,0.5
tier1_seen_conditions,CVCL_1056,plate4,Lumateperone (tosylate),28,28,12,0.07197765299105896,0.19900497512437812,False,0.7894736842105263
tier1_seen_conditions,CVCL_1056,plate4,Relugolix,23,23,12,-0.04942310117633575,0.6766169154228856,False,0.32894736842105265
tier1_seen_conditions,CVCL_1056,plate4,Hexylresorcinol,28,28,12,0.061206452628951524,0.25870646766169153,False,0.9078947368421053
tier1_seen_conditions,CVCL_1056,plate4,Palmatine (chloride),25,25,12,0.263754500297372,0.014925373134328358,True,0.9210526315789473
tier1_seen_conditions,CVCL_1056,plate4,Isocorydine,26,26,12,0.0860394201774497,0.20398009950248755,False,0.7236842105263158
tier1_seen_conditions,CVCL_1056,plate4,Furosemide,26,26,12,0.06982127127862192,0.2736318407960199,False,0.7763157894736842
tier1_seen_conditions,CVCL_1056,plate4,Clotrimazole,27,27,12,0.01338220772472809,0.40298507462686567,False,0.7236842105263158
tier1_seen_conditions,CVCL_1056,plate4,Gallic acid (hydrate),26,26,12,0.17679979901867782,0.03980099502487562,True,0.8157894736842105
tier1_seen_conditions,CVCL_1056,plate4,Pyridoxine,24,24,12,0.08790596549714458,0.22885572139303484,False,0.5394736842105263
tier1_seen_conditions,CVCL_1056,plate4,Acetohexamide,27,27,12,0.16246891487510773,0.06467661691542288,False,0.9736842105263158
tier1_seen_conditions,CVCL_1056,plate4,Temsirolimus,26,26,12,0.1920484081400069,0.03482587064676617,True,0.9473684210526315
tier1_seen_conditions,CVCL_1056,plate4,Megestrol,26,26,12,0.3465661286669093,0.004975124378109453,True,0.8421052631578947
tier1_seen_conditions,CVCL_1056,plate4,Diammonium Glycyrrhizinate,27,27,12,0.188518433783603,0.04975124378109453,True,0.9473684210526315
tier1_seen_conditions,CVCL_1056,plate4,L-Thyroxine (sodium salt pentahydrate),27,27,12,0.3343081299971331,0.004975124378109453,True,0.9473684210526315
tier1_seen_conditions,CVCL_1056,plate4,Ropivacaine (hydrochloride monohydrate),26,26,12,0.09608585821059101,0.11940298507462686,False,0.9342105263157895
tier1_seen_conditions,CVCL_1056,plate4,Salicylic acid,28,28,12,0.24190994038059976,0.004975124378109453,True,0.9078947368421053
tier1_seen_conditions,CVCL_1056,plate4,Tofacitinib,28,28,12,0.1903394704114696,0.014925373134328358,True,1.0
tier1_seen_conditions,CVCL_1056,plate4,Gemfibrozil,28,28,12,0.08804366473409786,0.11940298507462686,False,1.0
tier1_seen_conditions,CVCL_1056,plate4,18β-Glycyrrhetinic acid,28,28,12,0.19709072593393273,0.03482587064676617,True,0.9605263157894737
tier1_seen_conditions,CVCL_1056,plate4,Elagolix sodium,27,27,12,-0.007633070591142044,0.572139303482587,False,0.618421052631579
tier1_seen_conditions,CVCL_1056,plate4,Resveratrol,27,27,12,0.07083722124299996,0.19900497512437812,False,0.9342105263157895
tier1_seen_conditions,CVCL_1056,plate4,Thymol,28,28,12,0.06087285746132842,0.21393034825870647,False,0.9078947368421053
tier1_seen_conditions,CVCL_1056,plate4,Vilanterol,21,21,12,0.13740721533571865,0.08955223880597014,False,0.13157894736842105
tier1_seen_conditions,CVCL_1056,plate4,Ritonavir,28,28,12,0.2296836375589688,0.01990049751243781,True,1.0
tier1_seen_conditions,CVCL_1056,plate4,Sodium Salicylate,29,29,12,0.12020429578964098,0.0945273631840796,False,0.9605263157894737
tier1_seen_conditions,CVCL_1056,plate4,Adagrasib,27,27,12,0.012792649628758923,0.36318407960199006,False,0.27631578947368424
tier1_seen_conditions,CVCL_1056,plate4,8-Hydroxyquinoline,27,27,12,0.19771619565575627,0.029850746268656716,True,0.6447368421052632
tier1_seen_conditions,CVCL_1056,plate4,Chlorhexidine (diacetate),26,26,12,-0.034483527507878975,0.6218905472636815,False,0.5
tier1_seen_conditions,CVCL_1056,plate4,Trifluridine,28,28,12,-0.023181972557058117,0.5771144278606966,False,0.4605263157894737
tier1_seen_conditions,CVCL_1056,plate4,Retinoic acid,25,25,12,0.6046865944689763,0.004975124378109453,True,1.0
tier1_seen_conditions,CVCL_1056,plate4,Cysteamine (hydrochloride),29,29,12,0.13346116834178723,0.10945273631840796,False,0.8947368421052632
tier1_seen_conditions,CVCL_1056,plate4,Vinblastine (sulfate),28,28,12,0.2499349445550063,0.009950248756218905,True,0.8552631578947368
tier1_seen_conditions,CVCL_1056,plate4,Pasireotide (acetate),28,28,12,0.11173955296695937,0.16417910447761194,False,0.8552631578947368
tier1_seen_conditions,CVCL_1056,plate4,Riluzole hydrochloride,28,28,12,0.3153546881692222,0.004975124378109453,True,1.0
tier1_seen_conditions,CVCL_1056,plate4,Raltitrexed,29,29,12,0.4261715472723644,0.004975124378109453,True,0.9868421052631579
tier1_seen_conditions,CVCL_1056,plate4,Pentagastrin,28,28,12,0.27196765797026146,0.01990049751243781,True,0.8421052631578947
tier1_seen_conditions,CVCL_1056,plate4,Homoharringtonine,26,26,12,0.37870455593612107,0.009950248756218905,True,1.0
tier1_seen_conditions,CVCL_1056,plate4,Berberine (chloride hydrate),13,13,12,0.06295071090766768,0.21890547263681592,False,0.039473684210526314
tier1_seen_conditions,CVCL_1056,plate4,Neratinib (maleate),16,16,12,0.03201294457875825,0.3482587064676617,False,0.27631578947368424
tier1_seen_conditions,CVCL_1056,plate4,Goserelin (acetate),20,20,12,0.2894038417392686,0.004975124378109453,True,0.19736842105263158
tier1_seen_conditions,CVCL_1056,plate4,Fusidic acid,28,28,12,0.2798830154126346,0.009950248756218905,True,0.9210526315789473
tier1_seen_conditions,CVCL_1056,plate4,Balsalazide (sodium hydrate),12,12,12,0.21166972716444832,0.05970149253731343,False,0.07894736842105263
tier1_seen_conditions,CVCL_1056,plate4,Cloxacillin (sodium),29,29,12,0.07792714380113885,0.15422885572139303,False,0.9342105263157895
tier1_seen_conditions,CVCL_1056,plate4,Artesunate,15,15,12,0.1802427001380167,0.05472636815920398,False,0.07894736842105263
tier1_seen_conditions,CVCL_1056,plate4,Folic acid,19,19,12,0.24009640138284816,0.01990049751243781,True,0.32894736842105265
tier1_seen_conditions,CVCL_1056,plate4,Selinexor,29,29,12,0.06006847900671808,0.21890547263681592,False,0.8552631578947368
tier1_seen_conditions,CVCL_0023,plate4,Quinestrol,25,25,12,0.28082445676503376,0.009950248756218905,True,0.8108108108108109
tier1_seen_conditions,CVCL_0023,plate4,Tofacitinib,25,25,12,0.1384713377279656,0.07462686567164178,False,0.7027027027027027
tier1_seen_conditions,CVCL_0023,plate4,Trimetrexate,29,29,12,0.0973834848392574,0.12935323383084577,False,0.8513513513513513
tier1_seen_conditions,CVCL_0023,plate4,Gemfibrozil,28,28,12,0.10561399439955466,0.06467661691542288,False,0.9324324324324325
tier1_seen_conditions,CVCL_0023,plate4,18β-Glycyrrhetinic acid,27,27,12,0.1544699234302076,0.05472636815920398,False,0.9459459459459459
tier1_seen_conditions,CVCL_0023,plate4,Terfenadine,26,26,12,0.04826875737677838,0.2885572139303483,False,0.6486486486486487
tier1_seen_conditions,CVCL_0023,plate4,S-Adenosyl-L-methionine (disulfate tosylate),26,26,12,0.27425106039780367,0.014925373134328358,True,0.9324324324324325
tier1_seen_conditions,CVCL_0023,plate4,Elagolix sodium,26,26,12,0.14672687130008555,0.04477611940298507,True,0.972972972972973
tier1_seen_conditions,CVCL_0023,plate4,Resveratrol,26,26,12,0.15276730771572034,0.04975124378109453,True,0.35135135135135137
tier1_seen_conditions,CVCL_0023,plate4,Rapamycin,27,27,12,0.2091352998001863,0.029850746268656716,True,0.9324324324324325
tier1_seen_conditions,CVCL_0023,plate4,Thymol,26,26,12,0.03566597337525934,0.3482587064676617,False,0.4189189189189189
tier1_seen_conditions,CVCL_0023,plate4,Darinaparsin,27,27,12,0.23280726372535732,0.014925373134328358,True,0.8513513513513513
tier1_seen_conditions,CVCL_0023,plate4,Vilanterol,27,27,12,0.1003542169693663,0.09950248756218906,False,0.7702702702702703
tier1_seen_conditions,CVCL_0023,plate4,Lenalidomide (hemihydrate),27,27,12,0.13985353654473265,0.05970149253731343,False,0.972972972972973
tier1_seen_conditions,CVCL_0023,plate4,Ritonavir,25,25,12,0.04286306068288859,0.2935323383084577,False,0.32432432432432434
tier1_seen_conditions,CVCL_0023,plate4,Pentamidine (isethionate),28,28,12,0.07896855618044363,0.12437810945273632,False,0.8918918918918919
tier1_seen_conditions,CVCL_0023,plate4,Adenosine,27,27,12,0.13492281890562552,0.07462686567164178,False,0.581081081081081
tier1_seen_conditions,CVCL_0023,plate4,Norepinephrine (hydrochloride),26,26,12,0.11868258800799047,0.06467661691542288,False,0.8378378378378378
tier1_seen_conditions,CVCL_0023,plate4,Demeclocycline,26,26,12,0.10033003408610952,0.12437810945273632,False,0.9459459459459459
tier1_seen_conditions,CVCL_0023,plate4,Larotrectinib,23,23,12,0.256451765084325,0.009950248756218905,True,0.918918918918919
tier1_seen_conditions,CVCL_0023,plate4,Busulfan,28,28,12,0.09294350021566622,0.12437810945273632,False,1.0
tier1_seen_conditions,CVCL_0023,plate4,Cepharanthine,26,26,12,0.16434341751842396,0.06965174129353234,False,0.581081081081081
tier1_seen_conditions,CVCL_0023,plate4,Radotinib,29,29,12,0.21420154888901344,0.004975124378109453,True,0.9864864864864865
tier1_seen_conditions,CVCL_0023,plate4,Docetaxel,21,21,12,0.24926257075974156,0.004975124378109453,True,0.8783783783783784
tier1_seen_conditions,CVCL_0023,plate4,Triclosan,28,28,12,0.13578560030425457,0.04975124378109453,True,0.5945945945945946
tier1_seen_conditions,CVCL_0023,plate4,Tucidinostat,28,28,12,0.2656621055030559,0.024875621890547265,True,0.8513513513513513
tier1_seen_conditions,CVCL_0023,plate4,Bergenin,29,29,12,0.019969800013582173,0.39303482587064675,False,0.9054054054054054
tier1_seen_conditions,CVCL_0023,plate4,Bimatoprost,25,25,12,0.07100135346720826,0.22885572139303484,False,0.28378378378378377
tier1_seen_conditions,CVCL_0023,plate4,Triamcinolone,26,26,12,0.2686023120742522,0.014925373134328358,True,0.972972972972973
tier1_seen_conditions,CVCL_0023,plate4,Olanzapine,27,27,12,0.2385296983805727,0.004975124378109453,True,0.3783783783783784
tier1_seen_conditions,CVCL_0023,plate4,Rimonabant,25,25,12,0.013587532416000414,0.4079601990049751,False,0.3918918918918919
tier1_seen_conditions,CVCL_0023,plate4,Lumateperone (tosylate),27,27,12,0.06397943500696357,0.18407960199004975,False,0.3783783783783784
tier1_seen_conditions,CVCL_0023,plate4,Homoharringtonine,29,29,12,0.47812239536001755,0.004975124378109453,True,1.0
tier1_seen_conditions,CVCL_0023,plate4,Hexylresorcinol,29,29,12,0.34997046831260903,0.009950248756218905,True,0.9864864864864865
tier1_seen_conditions,CVCL_0023,plate4,Riluzole hydrochloride,24,24,12,0.4764529927693193,0.009950248756218905,True,0.972972972972973
tier1_seen_conditions,CVCL_0023,plate4,Palmatine (chloride),29,29,12,0.11823861056842055,0.0945273631840796,False,0.9594594594594594
tier1_seen_conditions,CVCL_0023,plate4,Raltitrexed,27,27,12,0.149200541950254,0.05970149253731343,False,0.972972972972973
tier1_seen_conditions,CVCL_0023,plate4,Furosemide,25,25,12,0.17620313023940248,0.014925373134328358,True,0.6081081081081081
tier1_seen_conditions,CVCL_0023,plate4,Clotrimazole,27,27,12,0.180786334870346,0.024875621890547265,True,0.9459459459459459
tier1_seen_conditions,CVCL_0023,plate4,Sodium Salicylate,26,26,12,0.2777780426125105,0.009950248756218905,True,0.8108108108108109
tier1_seen_conditions,CVCL_0023,plate4,Gallic acid (hydrate),27,27,12,0.23361986820209424,0.004975124378109453,True,0.8108108108108109
tier1_seen_conditions,CVCL_0023,plate4,Pyridoxine,27,27,12,0.12081975489209107,0.10945273631840796,False,1.0
tier1_seen_conditions,CVCL_0023,plate4,Acetohexamide,27,27,12,0.05374558779651295,0.23880597014925373,False,0.5945945945945946
tier1_seen_conditions,CVCL_0023,plate4,Temsirolimus,28,28,12,0.15754705936476832,0.03482587064676617,True,1.0
tier1_seen_conditions,CVCL_0023,plate4,Megestrol,25,25,12,0.23011983069776676,0.009950248756218905,True,0.972972972972973
tier1_seen_conditions,CVCL_0023,plate4,Diammonium Glycyrrhizinate,25,25,12,0.11036568981416295,0.12935323383084577,False,0.6081081081081081
tier1_seen_conditions,CVCL_0023,plate4,L-Thyroxine (sodium salt pentahydrate),29,29,12,0.06124217161628209,0.26865671641791045,False,0.8783783783783784
tier1_seen_conditions,CVCL_0023,plate4,Ropivacaine (hydrochloride monohydrate),24,24,12,0.09434362429343679,0.12935323383084577,False,0.5
tier1_seen_conditions,CVCL_0023,plate4,Salicylic acid,26,26,12,0.06433702301415956,0.24875621890547264,False,0.44594594594594594
tier1_seen_conditions,CVCL_0023,plate4,Fluvoxamine (maleate),28,28,12,0.17029395538250647,0.0845771144278607,False,0.36486486486486486
tier1_seen_conditions,CVCL_0023,plate4,Idarubicin (hydrochloride),28,28,12,0.32511609594214796,0.009950248756218905,True,0.8783783783783784
tier1_seen_conditions,CVCL_0023,plate4,Sulfisoxazole,29,29,12,0.10135993012084299,0.13930348258706468,False,0.7702702702702703
tier1_seen_conditions,CVCL_0023,plate4,Mitoxantrone (dihydrochloride),27,27,12,0.23362512842705563,0.029850746268656716,True,0.5
tier1_seen_conditions,CVCL_0023,plate4,Adagrasib,23,23,12,0.2783471720026647,0.004975124378109453,True,0.4189189189189189
tier1_seen_conditions,CVCL_0023,plate4,8-Hydroxyquinoline,25,25,12,0.11772511727585488,0.03980099502487562,True,0.33783783783783783
tier1_seen_conditions,CVCL_0023,plate4,Chlorhexidine (diacetate),24,24,12,0.1595490691569772,0.05970149253731343,False,0.8108108108108109
tier1_seen_conditions,CVCL_0023,plate4,Trifluridine,27,27,12,0.013922859851566827,0.4577114427860697,False,0.6891891891891891
tier1_seen_conditions,CVCL_0023,plate4,Retinoic acid,29,29,12,0.8038191098695826,0.004975124378109453,True,0.8513513513513513
tier1_seen_conditions,CVCL_0023,plate4,Cysteamine (hydrochloride),28,28,12,0.1581579112402327,0.04477611940298507,True,0.9459459459459459
tier1_seen_conditions,CVCL_0023,plate4,Isocorydine,24,24,12,0.3979457220088083,0.004975124378109453,True,0.8378378378378378
tier1_seen_conditions,CVCL_0023,plate4,Pasireotide (acetate),29,29,12,0.5930188709156639,0.004975124378109453,True,0.9459459459459459
tier1_seen_conditions,CVCL_0023,plate4,Lidocaine (hydrochloride),28,28,12,0.12224732882674694,0.08955223880597014,False,0.918918918918919
tier1_seen_conditions,CVCL_0023,plate4,Allantoin,27,27,12,0.07894109147914286,0.15920398009950248,False,0.7702702702702703
tier1_seen_conditions,CVCL_0023,plate4,Berberine (chloride hydrate),14,14,12,0.26419820437210717,0.004975124378109453,True,0.013513513513513514
tier1_seen_conditions,CVCL_0023,plate4,Medroxyprogesterone acetate,24,24,12,0.18825556081535488,0.024875621890547265,True,0.9459459459459459
tier1_seen_conditions,CVCL_0023,plate4,Goserelin (acetate),27,27,12,0.4571811663869685,0.004975124378109453,True,0.9864864864864865
tier1_seen_conditions,CVCL_0023,plate4,Fusidic acid,27,27,12,0.11592585951217949,0.0845771144278607,False,0.6891891891891891
tier1_seen_conditions,CVCL_0023,plate4,Cloxacillin (sodium),14,14,12,0.25187477558185734,0.029850746268656716,True,0.06756756756756757
tier1_seen_conditions,CVCL_0023,plate4,Artesunate,29,29,12,0.19200538931260525,0.03482587064676617,True,0.9594594594594594
tier1_seen_conditions,CVCL_0023,plate4,Pyridoxine (hydrochloride),24,24,12,0.5919206474929997,0.004975124378109453,True,0.9864864864864865
tier1_seen_conditions,CVCL_0023,plate4,Folic acid,21,21,12,0.22243951169591192,0.004975124378109453,True,0.05405405405405406
tier1_seen_conditions,CVCL_0023,plate4,Selinexor,28,28,12,0.2858548090159321,0.004975124378109453,True,0.7837837837837838
tier1_seen_conditions,CVCL_0023,plate4,Adenine,16,16,12,0.19433510603798254,0.014925373134328358,True,0.10810810810810811
tier1_seen_conditions,CVCL_0023,plate4,Amsacrine,21,21,12,0.37295363420150984,0.004975124378109453,True,0.7567567567567568
tier1_seen_conditions,CVCL_0131,plate4,Quinestrol,26,26,12,0.11501501995633845,0.0945273631840796,False,0.8611111111111112
tier1_seen_conditions,CVCL_0131,plate4,Terfenadine,25,25,12,0.04006303316122839,0.3383084577114428,False,0.6666666666666666
tier1_seen_conditions,CVCL_0131,plate4,Fluvoxamine (maleate),28,28,12,0.1193610096995883,0.1044776119402985,False,0.6805555555555556
tier1_seen_conditions,CVCL_0131,plate4,S-Adenosyl-L-methionine (disulfate tosylate),27,27,12,0.14031668250111906,0.06467661691542288,False,0.8611111111111112
tier1_seen_conditions,CVCL_0131,plate4,Idarubicin (hydrochloride),24,24,12,0.30855859401327734,0.009950248756218905,True,0.1388888888888889
tier1_seen_conditions,CVCL_0131,plate4,Tofacitinib (citrate),24,24,12,0.09595619880268913,0.15920398009950248,False,0.4444444444444444
tier1_seen_conditions,CVCL_0131,plate4,Thymol,28,28,12,0.10812036008024428,0.16417910447761194,False,0.9861111111111112
tier1_seen_conditions,CVCL_0131,plate4,Darinaparsin,28,28,12,0.08505895882908376,0.22388059701492538,False,0.7916666666666666
tier1_seen_conditions,CVCL_0131,plate4,Vilanterol,28,28,12,0.29462025301255146,0.004975124378109453,True,0.9861111111111112
tier1_seen_conditions,CVCL_0131,plate4,Lenalidomide (hemihydrate),28,28,12,0.13521931451568392,0.03980099502487562,True,0.9027777777777778
tier1_seen_conditions,CVCL_0131,plate4,Pentamidine (isethionate),25,25,12,0.15765192173518372,0.04477611940298507,True,0.9027777777777778
tier1_seen_conditions,CVCL_0131,plate4,Sulfisoxazole,29,29,12,0.04012219220927804,0.26865671641791045,False,0.9166666666666666
tier1_seen_conditions,CVCL_0131,plate4,Norepinephrine (hydrochloride),27,27,12,0.08264507686197398,0.1890547263681592,False,0.5
tier1_seen_conditions,CVCL_0131,plate4,Ciclopirox,24,24,12,0.23708074902993914,0.004975124378109453,True,0.8611111111111112
tier1_seen_conditions,CVCL_0131,plate4,Demeclocycline,26,26,12,0.07700486055171218,0.1691542288557214,False,0.6388888888888888
tier1_seen_conditions,CVCL_0131,plate4,Larotrectinib,28,28,12,0.06099836123964231,0.2885572139303483,False,0.9027777777777778
tier1_seen_conditions,CVCL_0131,plate4,Busulfan,29,29,12,0.150525668146944,0.04975124378109453,True,0.8611111111111112
tier1_seen_conditions,CVCL_0131,plate4,Tucidinostat,26,26,12,0.07063997381512266,0.23880597014925373,False,0.9305555555555556
tier1_seen_conditions,CVCL_0131,plate4,Bergenin,26,26,12,0.211653198212451,0.03980099502487562,True,0.9166666666666666
tier1_seen_conditions,CVCL_0131,plate4,Allantoin,27,27,12,0.13948401408701017,0.06965174129353234,False,0.9305555555555556
tier1_seen_conditions,CVCL_0131,plate4,Bimatoprost,25,25,12,0.18232707599648457,0.029850746268656716,True,0.6388888888888888
tier1_seen_conditions,CVCL_0131,plate4,Triamcinolone,25,25,12,0.1955527611563479,0.014925373134328358,True,0.6666666666666666
tier1_seen_conditions,CVCL_0131,plate4,Olanzapine,24,24,12,0.0020754746962659,0.44776119402985076,False,0.5138888888888888
tier1_seen_conditions,CVCL_0131,plate4,Rimonabant,26,26,12,0.03192785617995675,0.373134328358209,False,0.5833333333333334
tier1_seen_conditions,CVCL_0131,plate4,Pentagastrin,26,26,12,0.12705324268562457,0.06965174129353234,False,1.0
tier1_seen_conditions,CVCL_0131,plate4,Lumateperone (tosylate),26,26,12,0.1854245423040659,0.05472636815920398,False,0.9166666666666666
tier1_seen_conditions,CVCL_0131,plate4,Relugolix,25,25,12,0.02497755570156457,0.4079601990049751,False,0.19444444444444445
tier1_seen_conditions,CVCL_0131,plate4,Homoharringtonine,25,25,12,0.8421992955135309,0.004975124378109453,True,1.0
tier1_seen_conditions,CVCL_0131,plate4,Hexylresorcinol,27,27,12,0.16545248353273756,0.04975124378109453,True,0.9583333333333334
tier1_seen_conditions,CVCL_0131,plate4,Riluzole hydrochloride,27,27,12,0.1086457958436835,0.09950248756218906,False,0.6527777777777778
tier1_seen_conditions,CVCL_0131,plate4,Palmatine (chloride),25,25,12,0.12912426319338088,0.0845771144278607,False,0.75
tier1_seen_conditions,CVCL_0131,plate4,Isocorydine,26,26,12,0.0424326448526795,0.3582089552238806,False,0.3194444444444444
tier1_seen_conditions,CVCL_0131,plate4,Raltitrexed,29,29,12,0.07878048025543372,0.20398009950248755,False,0.9305555555555556
tier1_seen_conditions,CVCL_0131,plate4,Furosemide,27,27,12,0.024538067069723724,0.31840796019900497,False,0.875
tier1_seen_conditions,CVCL_0131,plate4,Clotrimazole,27,27,12,0.1200219727820393,0.06467661691542288,False,0.8333333333333334
tier1_seen_conditions,CVCL_0131,plate4,Sodium Salicylate,29,29,12,0.19588543080079113,0.014925373134328358,True,0.3472222222222222
tier1_seen_conditions,CVCL_0131,plate4,Gallic acid (hydrate),29,29,12,0.08371801576561744,0.23383084577114427,False,0.9583333333333334
tier1_seen_conditions,CVCL_0131,plate4,Acetohexamide,27,27,12,0.1771498169492336,0.01990049751243781,True,0.9722222222222222
tier1_seen_conditions,CVCL_0131,plate4,Temsirolimus,27,27,12,0.10129812948127892,0.15422885572139303,False,1.0
tier1_seen_conditions,CVCL_0131,plate4,Megestrol,20,20,12,0.21196996681518954,0.024875621890547265,True,1.0
tier1_seen_conditions,CVCL_0131,plate4,Diammonium Glycyrrhizinate,29,29,12,0.19096717240739203,0.01990049751243781,True,0.9583333333333334
tier1_seen_conditions,CVCL_0131,plate4,L-Thyroxine (sodium salt pentahydrate),28,28,12,0.1218830823156214,0.08955223880597014,False,1.0
tier1_seen_conditions,CVCL_0131,plate4,Ropivacaine (hydrochloride monohydrate),26,26,12,0.20600626037335346,0.01990049751243781,True,1.0
tier1_seen_conditions,CVCL_0131,plate4,Salicylic acid,26,26,12,0.08672951304589027,0.13930348258706468,False,0.5138888888888888
tier1_seen_conditions,CVCL_0131,plate4,18β-Glycyrrhetinic acid,28,28,12,0.08905885143250458,0.16417910447761194,False,0.9444444444444444
tier1_seen_conditions,CVCL_0131,plate4,Resveratrol,27,27,12,0.236661224154199,0.004975124378109453,True,0.9583333333333334
tier1_seen_conditions,CVCL_0131,plate4,Rapamycin,27,27,12,0.2635870747146747,0.004975124378109453,True,0.9444444444444444
tier1_seen_conditions,CVCL_0131,plate4,Ritonavir,28,28,12,0.10763685386830169,0.1044776119402985,False,0.8888888888888888
tier1_seen_conditions,CVCL_0131,plate4,Adenosine,28,28,12,0.11433784178084494,0.14427860696517414,False,0.4166666666666667
tier1_seen_conditions,CVCL_0131,plate4,Lidocaine (hydrochloride),16,16,12,0.11964689408758922,0.0945273631840796,False,0.3055555555555556
tier1_seen_conditions,CVCL_0131,plate4,Tofacitinib,29,29,12,0.10612023659057179,0.14427860696517414,False,1.0
tier1_seen_conditions,CVCL_0131,plate4,Cepharanthine,29,29,12,0.04499278524805739,0.25870646766169153,False,0.6805555555555556
tier1_seen_conditions,CVCL_0131,plate4,Adagrasib,26,26,12,-0.018763102940219767,0.5124378109452736,False,0.9444444444444444
tier1_seen_conditions,CVCL_0131,plate4,8-Hydroxyquinoline,28,28,12,0.08226218654250772,0.1691542288557214,False,0.9027777777777778
tier1_seen_conditions,CVCL_0131,plate4,Chlorhexidine (diacetate),27,27,12,0.13397750343630577,0.09950248756218906,False,0.9583333333333334
tier1_seen_conditions,CVCL_0131,plate4,Trifluridine,27,27,12,0.05274600033717647,0.2537313432835821,False,0.5555555555555556
tier1_seen_conditions,CVCL_0131,plate4,Retinoic acid,28,28,12,0.5011048276283301,0.004975124378109453,True,0.9861111111111112
tier1_seen_conditions,CVCL_0131,plate4,Vinblastine (sulfate),29,29,12,0.1629029912273463,0.024875621890547265,True,1.0
tier1_seen_conditions,CVCL_0131,plate4,Pasireotide (acetate),27,27,12,0.09097462029365211,0.20398009950248755,False,0.9583333333333334
tier1_seen_conditions,CVCL_0131,plate4,Berberine (chloride hydrate),14,14,12,0.08476553644974061,0.19402985074626866,False,0.09722222222222222
tier1_seen_conditions,CVCL_0131,plate4,Medroxyprogesterone acetate,15,15,12,0.2441284339197871,0.01990049751243781,True,0.6388888888888888
tier1_seen_conditions,CVCL_0131,plate4,Neratinib (maleate),24,24,12,0.13991477716988143,0.04975124378109453,True,1.0
tier1_seen_conditions,CVCL_0131,plate4,Sinomenine,14,14,12,-0.01695571630019721,0.5174129353233831,False,0.06944444444444445
tier1_seen_conditions,CVCL_0131,plate4,Goserelin (acetate),17,17,12,0.11281579866142444,0.11442786069651742,False,0.625
tier1_seen_conditions,CVCL_0131,plate4,Fusidic acid,21,21,12,0.08146170804813124,0.24378109452736318,False,0.5694444444444444
tier1_seen_conditions,CVCL_0131,plate4,Balsalazide (sodium hydrate),14,14,12,0.379178440573801,0.004975124378109453,True,0.4444444444444444
tier1_seen_conditions,CVCL_0131,plate4,Cloxacillin (sodium),28,28,12,0.12701425528023513,0.0845771144278607,False,0.9722222222222222
tier1_seen_conditions,CVCL_0131,plate4,Artesunate,23,23,12,0.04793010064208758,0.2537313432835821,False,0.75
tier1_seen_conditions,CVCL_0131,plate4,Pyridoxine (hydrochloride),15,15,12,0.24806320715960162,0.014925373134328358,True,0.013888888888888888
tier1_seen_conditions,CVCL_0131,plate4,Folic acid,20,20,12,0.3704144496921735,0.004975124378109453,True,0.6944444444444444
tier1_seen_conditions,CVCL_0131,plate4,Adenine,24,24,12,0.23735170774304137,0.014925373134328358,True,0.8055555555555556
tier1_seen_conditions,CVCL_0131,plate4,Amsacrine,19,19,12,0.24356487453004938,0.01990049751243781,True,0.4305555555555556
tier1_seen_conditions,CVCL_0131,plate4,Cysteamine (hydrochloride),29,29,12,0.15311634737959068,0.04975124378109453,True,0.8194444444444444
tier1_seen_conditions,CVCL_0152,plate4,Quinestrol,28,28,12,0.12124273900343319,0.0845771144278607,False,0.9066666666666666
tier1_seen_conditions,CVCL_0152,plate4,Tofacitinib,27,27,12,0.005017397339678098,0.4975124378109453,False,0.88
tier1_seen_conditions,CVCL_0152,plate4,Trimetrexate,26,26,12,-0.06707369598196067,0.6965174129353234,False,0.8133333333333334
tier1_seen_conditions,CVCL_0152,plate4,Gemfibrozil,25,25,12,0.08556405001986711,0.16417910447761194,False,0.56
tier1_seen_conditions,CVCL_0152,plate4,Terfenadine,24,24,12,0.05418190546588342,0.3034825870646766,False,0.8266666666666667
tier1_seen_conditions,CVCL_0152,plate4,Fluvoxamine (maleate),27,27,12,0.0464178635593715,0.31343283582089554,False,0.76
tier1_seen_conditions,CVCL_0152,plate4,S-Adenosyl-L-methionine (disulfate tosylate),27,27,12,-0.005426333383750759,0.5024875621890548,False,0.6533333333333333
tier1_seen_conditions,CVCL_0152,plate4,Idarubicin (hydrochloride),26,26,12,0.1271675139084003,0.11940298507462686,False,0.56
tier1_seen_conditions,CVCL_0152,plate4,Resveratrol,25,25,12,-0.005486768326944613,0.4527363184079602,False,0.9866666666666667
tier1_seen_conditions,CVCL_0152,plate4,Rapamycin,26,26,12,0.24409469493121527,0.03482587064676617,True,0.8933333333333333
tier1_seen_conditions,CVCL_0152,plate4,Tofacitinib (citrate),27,27,12,0.18820622692117084,0.04477611940298507,True,0.84
tier1_seen_conditions,CVCL_0152,plate4,Thymol,26,26,12,-0.006654192234320178,0.4925373134328358,False,0.6533333333333333
tier1_seen_conditions,CVCL_0152,plate4,Darinaparsin,25,25,12,0.10962429029757281,0.09950248756218906,False,0.7466666666666667
tier1_seen_conditions,CVCL_0152,plate4,Vilanterol,24,24,12,0.07763699293908388,0.208955223880597,False,0.56
tier1_seen_conditions,CVCL_0152,plate4,Lenalidomide (hemihydrate),28,28,12,0.11438478180356348,0.13432835820895522,False,0.8266666666666667
tier1_seen_conditions,CVCL_0152,plate4,Ritonavir,27,27,12,-0.032849485586581295,0.6467661691542289,False,0.5466666666666666
tier1_seen_conditions,CVCL_0152,plate4,Adenosine,28,28,12,0.040159764105018425,0.3333333333333333,False,0.4666666666666667
tier1_seen_conditions,CVCL_0152,plate4,Sulfisoxazole,27,27,12,-0.08411202309910593,0.8059701492537313,False,0.7733333333333333
tier1_seen_conditions,CVCL_0152,plate4,Ciclopirox,29,29,12,0.08954198250565959,0.11940298507462686,False,1.0
tier1_seen_conditions,CVCL_0152,plate4,Lidocaine (hydrochloride),28,28,12,-0.05305188177663567,0.5870646766169154,False,0.8666666666666667
tier1_seen_conditions,CVCL_0152,plate4,Demeclocycline,28,28,12,0.1746603933763744,0.07960199004975124,False,0.72
tier1_seen_conditions,CVCL_0152,plate4,Mitoxantrone (dihydrochloride),28,28,12,-0.008310003972114899,0.527363184079602,False,0.8133333333333334
tier1_seen_conditions,CVCL_0152,plate4,Larotrectinib,27,27,12,0.012311499343370613,0.40298507462686567,False,0.56
tier1_seen_conditions,CVCL_0152,plate4,Radotinib,25,25,12,0.07146757351307365,0.23880597014925373,False,0.8533333333333334
tier1_seen_conditions,CVCL_0152,plate4,Triclosan,26,26,12,0.04614650358783834,0.2885572139303483,False,0.5733333333333334
tier1_seen_conditions,CVCL_0152,plate4,Tucidinostat,26,26,12,0.1056299019978777,0.09950248756218906,False,0.44
tier1_seen_conditions,CVCL_0152,plate4,Bergenin,27,27,12,-0.013333620665497037,0.42786069651741293,False,0.36
tier1_seen_conditions,CVCL_0152,plate4,Triamcinolone,28,28,12,-0.02572242756518861,0.527363184079602,False,0.88
tier1_seen_conditions,CVCL_0152,plate4,Olanzapine,29,29,12,-0.036332802432546885,0.5870646766169154,False,0.5066666666666667
tier1_seen_conditions,CVCL_0152,plate4,Rimonabant,29,29,12,0.023215590931998875,0.3333333333333333,False,0.9333333333333333
tier1_seen_conditions,CVCL_0152,plate4,Pentagastrin,25,25,12,0.15061004317019488,0.03980099502487562,True,0.32
tier1_seen_conditions,CVCL_0152,plate4,Lumateperone (tosylate),27,27,12,-0.021824828566742838,0.5522388059701493,False,0.8666666666666667
tier1_seen_conditions,CVCL_0152,plate4,Relugolix,24,24,12,0.11469120191598137,0.14925373134328357,False,0.7066666666666667
tier1_seen_conditions,CVCL_0152,plate4,Homoharringtonine,28,28,12,0.044961565890204724,0.29850746268656714,False,0.92
tier1_seen_conditions,CVCL_0152,plate4,Hexylresorcinol,25,25,12,0.0275825284935447,0.36318407960199006,False,0.49333333333333335
tier1_seen_conditions,CVCL_0152,plate4,Riluzole hydrochloride,26,26,12,0.2668585168978286,0.004975124378109453,True,0.56
tier1_seen_conditions,CVCL_0152,plate4,Palmatine (chloride),27,27,12,0.08119896154309991,0.2537313432835821,False,0.4266666666666667
tier1_seen_conditions,CVCL_0152,plate4,Isocorydine,29,29,12,0.03887565185339703,0.32338308457711445,False,0.9733333333333334
tier1_seen_conditions,CVCL_0152,plate4,Raltitrexed,26,26,12,0.12486580128839186,0.1691542288557214,False,0.96
tier1_seen_conditions,CVCL_0152,plate4,Furosemide,27,27,12,0.020390263553609955,0.3681592039800995,False,0.9333333333333333
tier1_seen_conditions,CVCL_0152,plate4,Sodium Salicylate,28,28,12,0.1649028587418364,0.13432835820895522,False,0.96
tier1_seen_conditions,CVCL_0152,plate4,Gallic acid (hydrate),26,26,12,-0.04916594795186491,0.6417910447761194,False,0.9733333333333334
tier1_seen_conditions,CVCL_0152,plate4,Acetohexamide,25,25,12,0.022894046172966753,0.3880597014925373,False,0.8933333333333333
tier1_seen_conditions,CVCL_0152,plate4,Temsirolimus,27,27,12,0.05516266990037799,0.23383084577114427,False,0.9866666666666667
tier1_seen_conditions,CVCL_0152,plate4,Megestrol,27,27,12,0.06445567322382573,0.20398009950248755,False,0.76
tier1_seen_conditions,CVCL_0152,plate4,Diammonium Glycyrrhizinate,27,27,12,-0.0317559373687466,0.5621890547263682,False,0.7333333333333333
tier1_seen_conditions,CVCL_0152,plate4,Ropivacaine (hydrochloride monohydrate),27,27,12,0.003364518809878092,0.5124378109452736,False,0.76
tier1_seen_conditions,CVCL_0152,plate4,Elagolix sodium,28,28,12,0.11469178160514559,0.0845771144278607,False,0.8266666666666667
tier1_seen_conditions,CVCL_0152,plate4,Pentamidine (isethionate),28,28,12,0.09841318185050163,0.15920398009950248,False,0.9333333333333333
tier1_seen_conditions,CVCL_0152,plate4,Norepinephrine (hydrochloride),29,29,12,0.04786793781612175,0.2736318407960199,False,0.64
tier1_seen_conditions,CVCL_0152,plate4,18β-Glycyrrhetinic acid,29,29,12,-0.01281211371236246,0.527363184079602,False,0.8133333333333334
tier1_seen_conditions,CVCL_0152,plate4,Cepharanthine,29,29,12,0.05202588911274297,0.3582089552238806,False,0.68
tier1_seen_conditions,CVCL_0152,plate4,8-Hydroxyquinoline,28,28,12,0.11193627183808275,0.0845771144278607,False,0.8533333333333334
tier1_seen_conditions,CVCL_0152,plate4,Chlorhexidine (diacetate),28,28,12,0.052729431996363374,0.26865671641791045,False,0.84
tier1_seen_conditions,CVCL_0152,plate4,Retinoic acid,27,27,12,0.26052992972796574,0.04477611940298507,True,0.7733333333333333
tier1_seen_conditions,CVCL_0152,plate4,Vinblastine (sulfate),28,28,12,0.004419252694374265,0.5074626865671642,False,1.0
tier1_seen_conditions,CVCL_0152,plate4,Pasireotide (acetate),25,25,12,0.19248120836167537,0.05970149253731343,False,0.6933333333333334
tier1_seen_conditions,CVCL_0152,plate4,Allantoin,17,17,12,-0.004186796778096635,0.417910447761194,False,0.12
tier1_seen_conditions,CVCL_0152,plate4,Bimatoprost,24,24,12,0.018507305362870596,0.4527363184079602,False,0.17333333333333334
tier1_seen_conditions,CVCL_0152,plate4,Medroxyprogesterone acetate,21,21,12,0.1156785331737531,0.11442786069651742,False,0.88
tier1_seen_conditions,CVCL_0152,plate4,Neratinib (maleate),22,22,12,0.03200958219880512,0.3681592039800995,False,0.92
tier1_seen_conditions,CVCL_0152,plate4,Sinomenine,13,13,12,0.13720271284597096,0.11442786069651742,False,0.04
tier1_seen_conditions,CVCL_0152,plate4,Goserelin (acetate),26,26,12,0.1080321004279412,0.14925373134328357,False,0.28
tier1_seen_conditions,CVCL_0152,plate4,Fusidic acid,28,28,12,0.08290439089491031,0.17412935323383086,False,0.36
tier1_seen_conditions,CVCL_0152,plate4,Balsalazide (sodium hydrate),16,16,12,0.32132999044179655,0.03482587064676617,True,0.30666666666666664
tier1_seen_conditions,CVCL_0152,plate4,Cloxacillin (sodium),27,27,12,0.27121655402076605,0.014925373134328358,True,0.6266666666666667
tier1_seen_conditions,CVCL_0152,plate4,Artesunate,28,28,12,0.24321830806475297,0.03980099502487562,True,0.8133333333333334
tier1_seen_conditions,CVCL_0152,plate4,Pyridoxine (hydrochloride),26,26,12,0.11633513257348937,0.10945273631840796,False,0.96
tier1_seen_conditions,CVCL_0152,plate4,Folic acid,21,21,12,0.06826622276990513,0.22388059701492538,False,0.13333333333333333
tier1_seen_conditions,CVCL_0152,plate4,Selinexor,21,21,12,0.07246921599451106,0.23880597014925373,False,0.13333333333333333
tier1_seen_conditions,CVCL_0152,plate4,Adenine,22,22,12,0.05217503778442456,0.263681592039801,False,0.4266666666666667
tier1_seen_conditions,CVCL_0152,plate4,Gallic acid,17,17,12,0.35624277834901186,0.03980099502487562,True,0.6933333333333334
tier1_seen_conditions,CVCL_0152,plate4,Amsacrine,25,25,12,0.39619112438671067,0.009950248756218905,True,0.9066666666666666
tier1_seen_conditions,CVCL_0152,plate4,Trifluridine,29,29,12,0.024025773025863728,0.3681592039800995,False,0.8
tier1_seen_conditions,CVCL_0152,plate4,Cysteamine (hydrochloride),28,28,12,-0.048360332478047496,0.7164179104477612,False,1.0
tier1_seen_conditions,CVCL_1550,plate4,Quinestrol,27,27,12,0.14806742377068538,0.08955223880597014,False,0.88
tier1_seen_conditions,CVCL_1550,plate4,Trimetrexate,25,25,12,-0.02229479043615612,0.5373134328358209,False,0.5066666666666667
tier1_seen_conditions,CVCL_1550,plate4,Gemfibrozil,28,28,12,0.010349818072965533,0.4079601990049751,False,0.7066666666666667
tier1_seen_conditions,CVCL_1550,plate4,18β-Glycyrrhetinic acid,26,26,12,-0.009800114408577087,0.48756218905472637,False,0.52
tier1_seen_conditions,CVCL_1550,plate4,Terfenadine,26,26,12,-0.05858170523753259,0.736318407960199,False,0.56
tier1_seen_conditions,CVCL_1550,plate4,S-Adenosyl-L-methionine (disulfate tosylate),24,24,12,0.06172416728470154,0.3034825870646766,False,0.49333333333333335
tier1_seen_conditions,CVCL_1550,plate4,Idarubicin (hydrochloride),28,28,12,0.30259470411315803,0.024875621890547265,True,0.92
tier1_seen_conditions,CVCL_1550,plate4,Elagolix sodium,25,25,12,0.22256533153893265,0.03980099502487562,True,0.8266666666666667
tier1_seen_conditions,CVCL_1550,plate4,Rapamycin,28,28,12,0.3905420418130898,0.004975124378109453,True,0.9733333333333334
tier1_seen_conditions,CVCL_1550,plate4,Thymol,27,27,12,0.05267207626580017,0.29850746268656714,False,0.8
tier1_seen_conditions,CVCL_1550,plate4,Vilanterol,27,27,12,0.14053860559988962,0.12437810945273632,False,0.7733333333333333
tier1_seen_conditions,CVCL_1550,plate4,Lenalidomide (hemihydrate),27,27,12,0.056844337313592064,0.22885572139303484,False,0.6
tier1_seen_conditions,CVCL_1550,plate4,Ritonavir,25,25,12,0.016843573045269622,0.35323383084577115,False,0.38666666666666666
tier1_seen_conditions,CVCL_1550,plate4,Pentamidine (isethionate),26,26,12,0.16003565451578794,0.14925373134328357,False,0.8133333333333334
tier1_seen_conditions,CVCL_1550,plate4,Norepinephrine (hydrochloride),27,27,12,-0.0016884975194404461,0.4975124378109453,False,0.49333333333333335
tier1_seen_conditions,CVCL_1550,plate4,Ciclopirox,27,27,12,0.16208226094855505,0.0845771144278607,False,1.0
tier1_seen_conditions,CVCL_1550,plate4,Demeclocycline,25,25,12,0.1270666039800652,0.0845771144278607,False,0.84
tier1_seen_conditions,CVCL_1550,plate4,Mitoxantrone (dihydrochloride),24,24,12,0.06928140236348668,0.23880597014925373,False,0.28
tier1_seen_conditions,CVCL_1550,plate4,Larotrectinib,27,27,12,0.5636700789087268,0.004975124378109453,True,0.68
tier1_seen_conditions,CVCL_1550,plate4,Busulfan,26,26,12,0.3362642992481124,0.024875621890547265,True,0.8133333333333334
tier1_seen_conditions,CVCL_1550,plate4,Cepharanthine,29,29,12,0.24244383810593284,0.05472636815920398,False,1.0
tier1_seen_conditions,CVCL_1550,plate4,Radotinib,27,27,12,0.04794789697647417,0.26865671641791045,False,0.5466666666666666
tier1_seen_conditions,CVCL_1550,plate4,Triclosan,24,24,12,0.17167394455154827,0.0845771144278607,False,0.8533333333333334
tier1_seen_conditions,CVCL_1550,plate4,Tucidinostat,28,28,12,0.4057022531587773,0.009950248756218905,True,0.7866666666666666
tier1_seen_conditions,CVCL_1550,plate4,Bergenin,26,26,12,0.18995493814764508,0.07960199004975124,False,0.76
tier1_seen_conditions,CVCL_1550,plate4,Allantoin,23,23,12,0.15558443566928126,0.06965174129353234,False,0.4533333333333333
tier1_seen_conditions,CVCL_1550,plate4,Bimatoprost,28,28,12,0.20562387812772265,0.05472636815920398,False,1.0
tier1_seen_conditions,CVCL_1550,plate4,Triamcinolone,27,27,12,0.3499800127273254,0.014925373134328358,True,0.76
tier1_seen_conditions,CVCL_1550,plate4,Olanzapine,29,29,12,0.3128859247089224,0.01990049751243781,True,1.0
tier1_seen_conditions,CVCL_1550,plate4,Rimonabant,27,27,12,0.3214083941064949,0.014925373134328358,True,0.8
tier1_seen_conditions,CVCL_1550,plate4,Lumateperone (tosylate),27,27,12,-0.05642480125170657,0.6517412935323383,False,0.88
tier1_seen_conditions,CVCL_1550,plate4,Relugolix,24,24,12,0.18446556715050733,0.08955223880597014,False,0.38666666666666666
tier1_seen_conditions,CVCL_1550,plate4,Homoharringtonine,28,28,12,0.21352317742939952,0.024875621890547265,True,1.0
tier1_seen_conditions,CVCL_1550,plate4,Hexylresorcinol,28,28,12,0.35810202296976,0.009950248756218905,True,0.8933333333333333
tier1_seen_conditions,CVCL_1550,plate4,Palmatine (chloride),29,29,12,0.12957399091998667,0.12437810945273632,False,0.4
tier1_seen_conditions,CVCL_1550,plate4,Isocorydine,24,24,12,0.27563367899836066,0.04975124378109453,True,0.5066666666666667
tier1_seen_conditions,CVCL_1550,plate4,Raltitrexed,26,26,12,-0.013511986640814655,0.5124378109452736,False,0.7333333333333333
tier1_seen_conditions,CVCL_1550,plate4,Furosemide,28,28,12,0.015043606851971703,0.4129353233830846,False,0.49333333333333335
tier1_seen_conditions,CVCL_1550,plate4,Clotrimazole,28,28,12,0.3480412884374786,0.029850746268656716,True,0.9733333333333334
tier1_seen_conditions,CVCL_1550,plate4,Sodium Salicylate,25,25,12,0.09225276086350753,0.18407960199004975,False,0.25333333333333335
tier1_seen_conditions,CVCL_1550,plate4,Acetohexamide,26,26,12,0.009836869263557091,0.39303482587064675,False,0.3333333333333333
tier1_seen_conditions,CVCL_1550,plate4,Diammonium Glycyrrhizinate,28,28,12,0.09211778105468404,0.11940298507462686,False,0.9866666666666667
tier1_seen_conditions,CVCL_1550,plate4,L-Thyroxine (sodium salt pentahydrate),25,25,12,0.24940159997239597,0.05472636815920398,False,0.8133333333333334
tier1_seen_conditions,CVCL_1550,plate4,Ropivacaine (hydrochloride monohydrate),25,25,12,0.2238505152267578,0.05970149253731343,False,0.36
tier1_seen_conditions,CVCL_1550,plate4,Salicylic acid,27,27,12,0.4374930542264881,0.004975124378109453,True,0.37333333333333335
tier1_seen_conditions,CVCL_1550,plate4,Fluvoxamine (maleate),28,28,12,0.18265840371377529,0.03980099502487562,True,0.7066666666666667
tier1_seen_conditions,CVCL_1550,plate4,Resveratrol,26,26,12,0.18214464282707432,0.06965174129353234,False,0.44
tier1_seen_conditions,CVCL_1550,plate4,Tofacitinib (citrate),26,26,12,0.22654834326784723,0.04477611940298507,True,0.29333333333333333
tier1_seen_conditions,CVCL_1550,plate4,Sulfisoxazole,28,28,12,0.07171856777891428,0.23880597014925373,False,0.9066666666666666
tier1_seen_conditions,CVCL_1550,plate4,Gallic acid (hydrate),28,28,12,0.37332254245375474,0.029850746268656716,True,0.37333333333333335
tier1_seen_conditions,CVCL_1550,plate4,Pyridoxine,29,29,12,0.10980439427606825,0.13432835820895522,False,0.9333333333333333
tier1_seen_conditions,CVCL_1550,plate4,Megestrol,26,26,12,0.23088644027767735,0.03482587064676617,True,0.8933333333333333
tier1_seen_conditions,CVCL_1550,plate4,Tofacitinib,29,29,12,-0.16164163695028932,0.9552238805970149,False,0.72
tier1_seen_conditions,CVCL_1550,plate4,Lidocaine (hydrochloride),27,27,12,-0.01927569612561797,0.5174129353233831,False,0.7466666666666667
tier1_seen_conditions,CVCL_1550,plate4,Adagrasib,27,27,12,0.22117195620108987,0.05970149253731343,False,0.8533333333333334
tier1_seen_conditions,CVCL_1550,plate4,8-Hydroxyquinoline,23,23,12,0.1777380630270926,0.0945273631840796,False,0.21333333333333335
tier1_seen_conditions,CVCL_1550,plate4,Chlorhexidine (diacetate),20,20,12,0.2274433551979591,0.03482587064676617,True,0.22666666666666666
tier1_seen_conditions,CVCL_1550,plate4,Trifluridine,28,28,12,0.025122190104523767,0.34328358208955223,False,0.96
tier1_seen_conditions,CVCL_1550,plate4,Retinoic acid,15,15,12,0.776722723516265,0.004975124378109453,True,0.4
tier1_seen_conditions,CVCL_1550,plate4,Vinblastine (sulfate),27,27,12,0.3050895138263243,0.03482587064676617,True,0.8933333333333333
tier1_seen_conditions,CVCL_1550,plate4,Pasireotide (acetate),27,27,12,0.5625331617881137,0.004975124378109453,True,0.9866666666666667
tier1_seen_conditions,CVCL_1550,plate4,Riluzole hydrochloride,27,27,12,0.43473221818017294,0.009950248756218905,True,0.49333333333333335
tier1_seen_conditions,CVCL_1550,plate4,Neratinib (maleate),14,14,12,0.05197460635186779,0.21393034825870647,False,0.22666666666666666
tier1_seen_conditions,CVCL_1550,plate4,Sinomenine,12,12,12,0.09847677780609843,0.12437810945273632,False,0.08
tier1_seen_conditions,CVCL_1550,plate4,Goserelin (acetate),22,22,12,0.40539929159131916,0.004975124378109453,True,0.5866666666666667
tier1_seen_conditions,CVCL_1550,plate4,Balsalazide (sodium hydrate),16,16,12,0.31294409692442215,0.03980099502487562,True,0.09333333333333334
tier1_seen_conditions,CVCL_1550,plate4,Cloxacillin (sodium),18,18,12,0.1368443333464615,0.17412935323383086,False,0.29333333333333333
tier1_seen_conditions,CVCL_1550,plate4,Artesunate,17,17,12,0.2324681540572886,0.004975124378109453,True,0.10666666666666667
tier1_seen_conditions,CVCL_1550,plate4,Pyridoxine (hydrochloride),12,12,12,0.8732383780690363,0.004975124378109453,True,0.02666666666666667
tier1_seen_conditions,CVCL_1550,plate4,Folic acid,15,15,12,0.1423106341291529,0.08955223880597014,False,0.26666666666666666
tier1_seen_conditions,CVCL_1550,plate4,Selinexor,17,17,12,0.27056068279886425,0.024875621890547265,True,0.17333333333333334
tier1_seen_conditions,CVCL_1550,plate4,Adenine,17,17,12,0.7519965281766705,0.004975124378109453,True,0.5333333333333333
tier1_seen_conditions,CVCL_1550,plate4,Amsacrine,12,12,12,0.49287142571201237,0.009950248756218905,True,0.09333333333333334
tier1_seen_conditions,CVCL_1550,plate4,Cysteamine (hydrochloride),28,28,12,0.025701952093882596,0.35323383084577115,False,0.6933333333333334
tier1_seen_conditions,CVCL_0397,plate4,Quinestrol,27,27,12,-0.11479433387310856,0.8009950248756219,False,0.9076923076923077
tier1_seen_conditions,CVCL_0397,plate4,Tofacitinib,29,29,12,-0.048484891658540974,0.6169154228855721,False,0.9846153846153847
tier1_seen_conditions,CVCL_0397,plate4,Gemfibrozil,25,25,12,0.04507521346500987,0.2935323383084577,False,0.8307692307692308
tier1_seen_conditions,CVCL_0397,plate4,18β-Glycyrrhetinic acid,26,26,12,-0.17117670691225761,0.9203980099502488,False,0.6
tier1_seen_conditions,CVCL_0397,plate4,Terfenadine,25,25,12,-0.06191484698200078,0.7263681592039801,False,0.7230769230769231
tier1_seen_conditions,CVCL_0397,plate4,Fluvoxamine (maleate),29,29,12,0.1426396312397049,0.17412935323383086,False,1.0
tier1_seen_conditions,CVCL_0397,plate4,S-Adenosyl-L-methionine (disulfate tosylate),27,27,12,-0.036447320028131,0.5174129353233831,False,0.8769230769230769
tier1_seen_conditions,CVCL_0397,plate4,Idarubicin (hydrochloride),24,24,12,-0.12903057262263218,0.8507462686567164,False,1.0
tier1_seen_conditions,CVCL_0397,plate4,Rapamycin,25,25,12,-0.0029117205053772466,0.39303482587064675,False,0.2153846153846154
tier1_seen_conditions,CVCL_0397,plate4,Tofacitinib (citrate),24,24,12,0.17462556229187243,0.09950248756218906,False,0.5076923076923077
tier1_seen_conditions,CVCL_0397,plate4,Darinaparsin,27,27,12,-0.09251872382297677,0.736318407960199,False,0.5538461538461539
tier1_seen_conditions,CVCL_0397,plate4,Vilanterol,27,27,12,0.064385170010409,0.2537313432835821,False,1.0
tier1_seen_conditions,CVCL_0397,plate4,Lenalidomide (hemihydrate),24,24,12,0.07645076334651968,0.24875621890547264,False,0.8153846153846154
tier1_seen_conditions,CVCL_0397,plate4,Ritonavir,28,28,12,0.036476223390714324,0.31840796019900497,False,0.5384615384615384
tier1_seen_conditions,CVCL_0397,plate4,Pentamidine (isethionate),27,27,12,-0.058423602581658685,0.6218905472636815,False,0.26153846153846155
tier1_seen_conditions,CVCL_0397,plate4,Adenosine,25,25,12,0.06618793086254726,0.24875621890547264,False,0.8769230769230769
tier1_seen_conditions,CVCL_0397,plate4,Ciclopirox,27,27,12,-0.17342477055781735,0.9800995024875622,False,0.7076923076923077
tier1_seen_conditions,CVCL_0397,plate4,Demeclocycline,28,28,12,-0.21733051678514137,0.9850746268656716,False,0.9076923076923077
tier1_seen_conditions,CVCL_0397,plate4,Mitoxantrone (dihydrochloride),27,27,12,0.11324137723360295,0.16417910447761194,False,0.9846153846153847
tier1_seen_conditions,CVCL_0397,plate4,Larotrectinib,24,24,12,0.2556838337527889,0.06965174129353234,False,0.9384615384615385
tier1_seen_conditions,CVCL_0397,plate4,Cepharanthine,27,27,12,-0.028088370057613332,0.5373134328358209,False,0.46153846153846156
tier1_seen_conditions,CVCL_0397,plate4,Triclosan,29,29,12,0.09746836291516914,0.208955223880597,False,0.7076923076923077
tier1_seen_conditions,CVCL_0397,plate4,Tucidinostat,24,24,12,0.07093472484748453,0.24875621890547264,False,0.3076923076923077
tier1_seen_conditions,CVCL_0397,plate4,Bergenin,23,23,12,-0.05784465945967732,0.6169154228855721,False,0.6153846153846154
tier1_seen_conditions,CVCL_0397,plate4,Allantoin,22,22,12,-0.13838814656240395,0.8606965174129353,False,0.7230769230769231
tier1_seen_conditions,CVCL_0397,plate4,Triamcinolone,21,21,12,-0.010108254957591711,0.43781094527363185,False,0.4461538461538462
tier1_seen_conditions,CVCL_0397,plate4,Olanzapine,12,12,12,-0.006895580392178857,0.44776119402985076,False,0.06153846153846154
tier1_seen_conditions,CVCL_0397,plate4,Rimonabant,26,26,12,0.07261699664593024,0.2736318407960199,False,0.9846153846153847
tier1_seen_conditions,CVCL_0397,plate4,Pentagastrin,15,15,12,0.09998430573470252,0.2885572139303483,False,0.2153846153846154
tier1_seen_conditions,CVCL_0397,plate4,Lumateperone (tosylate),23,23,12,-0.11884199839009213,0.8756218905472637,False,0.3384615384615385
tier1_seen_conditions,CVCL_0397,plate4,Homoharringtonine,22,22,12,-0.05839844298270336,0.7512437810945274,False,1.0
tier1_seen_conditions,CVCL_0397,plate4,Riluzole hydrochloride,24,24,12,0.28168615898732874,0.06467661691542288,False,0.9384615384615385
tier1_seen_conditions,CVCL_0397,plate4,Palmatine (chloride),26,26,12,-0.09356060000000532,0.746268656716418,False,0.6461538461538462
tier1_seen_conditions,CVCL_0397,plate4,Isocorydine,26,26,12,0.05936484642467299,0.3034825870646766,False,0.6153846153846154
tier1_seen_conditions,CVCL_0397,plate4,Raltitrexed,23,23,12,0.04537288360677216,0.29850746268656714,False,0.9692307692307692
tier1_seen_conditions,CVCL_0397,plate4,Furosemide,26,26,12,-0.06644878138712862,0.7114427860696517,False,0.7230769230769231
tier1_seen_conditions,CVCL_0397,plate4,Sodium Salicylate,28,28,12,-0.047056384136809015,0.4925373134328358,False,0.5846153846153846
tier1_seen_conditions,CVCL_0397,plate4,Gallic acid (hydrate),27,27,12,0.016961051375769642,0.40298507462686567,False,0.9076923076923077
tier1_seen_conditions,CVCL_0397,plate4,Megestrol,26,26,12,0.25098112369099645,0.06965174129353234,False,0.9846153846153847
tier1_seen_conditions,CVCL_0397,plate4,Diammonium Glycyrrhizinate,26,26,12,-0.15037112235707717,0.900497512437811,False,0.46153846153846156
tier1_seen_conditions,CVCL_0397,plate4,Salicylic acid,24,24,12,-0.08553591843403296,0.7512437810945274,False,0.2153846153846154
tier1_seen_conditions,CVCL_0397,plate4,Trimetrexate,28,28,12,-0.09043817115628983,0.6616915422885572,False,0.47692307692307695
tier1_seen_conditions,CVCL_0397,plate4,Resveratrol,26,26,12,0.10367319545476761,0.20398009950248755,False,1.0
tier1_seen_conditions,CVCL_0397,plate4,Norepinephrine (hydrochloride),29,29,12,-0.07712151695440461,0.6268656716417911,False,0.5538461538461539
tier1_seen_conditions,CVCL_0397,plate4,Busulfan,26,26,12,0.2165747545670218,0.1044776119402985,False,1.0
tier1_seen_conditions,CVCL_0397,plate4,Pyridoxine,27,27,12,0.009453965971331968,0.35323383084577115,False,0.16923076923076924
tier1_seen_conditions,CVCL_0397,plate4,L-Thyroxine (sodium salt pentahydrate),29,29,12,-0.05583478746907922,0.5671641791044776,False,0.5692307692307692
tier1_seen_conditions,CVCL_0397,plate4,Thymol,27,27,12,0.0623513888281888,0.1691542288557214,False,0.35384615384615387
tier1_seen_conditions,CVCL_0397,plate4,Sulfisoxazole,29,29,12,0.23265916021602528,0.10945273631840796,False,0.8461538461538461
tier1_seen_conditions,CVCL_0397,plate4,Radotinib,29,29,12,0.07294380625993035,0.3482587064676617,False,0.8923076923076924
tier1_seen_conditions,CVCL_0397,plate4,Adagrasib,26,26,12,0.06159263945053084,0.21890547263681592,False,0.8923076923076924
tier1_seen_conditions,CVCL_0397,plate4,Chlorhexidine (diacetate),28,28,12,-0.10209603674663015,0.736318407960199,False,0.8923076923076924
tier1_seen_conditions,CVCL_0397,plate4,Trifluridine,21,21,12,0.24822785801259073,0.0945273631840796,False,0.5076923076923077
tier1_seen_conditions,CVCL_0397,plate4,Cysteamine (hydrochloride),27,27,12,-0.082554571616825,0.6716417910447762,False,0.8153846153846154
tier1_seen_conditions,CVCL_0397,plate4,Vinblastine (sulfate),29,29,12,0.11330134075155662,0.18407960199004975,False,0.8615384615384616
tier1_seen_conditions,CVCL_0397,plate4,Docetaxel,17,17,12,-0.09459148763343528,0.8159203980099502,False,0.27692307692307694
tier1_seen_conditions,CVCL_0397,plate4,Bimatoprost,28,28,12,0.16833548499924866,0.0945273631840796,False,0.8461538461538461
tier1_seen_conditions,CVCL_0397,plate4,Relugolix,21,21,12,-0.009348461048359624,0.4228855721393035,False,0.5692307692307692
tier1_seen_conditions,CVCL_0397,plate4,Neratinib (maleate),21,21,12,0.20737362200317122,0.06467661691542288,False,0.5230769230769231
tier1_seen_conditions,CVCL_0397,plate4,Goserelin (acetate),14,14,12,0.41211803985559037,0.009950248756218905,True,0.2923076923076923
tier1_seen_conditions,CVCL_0397,plate4,Fusidic acid,22,22,12,0.2040148673829787,0.14925373134328357,False,0.2923076923076923
tier1_seen_conditions,CVCL_0397,plate4,Selinexor,17,17,12,0.18348282638649316,0.11940298507462686,False,0.47692307692307695
tier1_seen_conditions,CVCL_0397,plate4,Amsacrine,12,12,12,0.34043878807901606,0.03980099502487562,True,0.15384615384615385
tier1_seen_conditions,CVCL_1381,plate4,Quinestrol,27,27,12,0.012746938942250097,0.42786069651741293,False,0.47435897435897434
tier1_seen_conditions,CVCL_1381,plate4,Tofacitinib,28,28,12,-0.04022611336519155,0.5920398009950248,False,0.8846153846153846
tier1_seen_conditions,CVCL_1381,plate4,Gemfibrozil,23,23,12,-0.005618772610040068,0.5074626865671642,False,0.6923076923076923
tier1_seen_conditions,CVCL_1381,plate4,Terfenadine,27,27,12,-0.051729512176653,0.7014925373134329,False,0.7051282051282052
tier1_seen_conditions,CVCL_1381,plate4,Fluvoxamine (maleate),25,25,12,0.027497719518393637,0.3482587064676617,False,0.5641025641025641
tier1_seen_conditions,CVCL_1381,plate4,S-Adenosyl-L-methionine (disulfate tosylate),27,27,12,-0.11323160541341082,0.9253731343283582,False,0.8461538461538461
tier1_seen_conditions,CVCL_1381,plate4,Idarubicin (hydrochloride),25,25,12,0.2123791103760002,0.07462686567164178,False,0.7435897435897436
tier1_seen_conditions,CVCL_1381,plate4,Elagolix sodium,26,26,12,0.11050647650284873,0.13432835820895522,False,0.9102564102564102
tier1_seen_conditions,CVCL_1381,plate4,Resveratrol,25,25,12,0.04308604102843283,0.2935323383084577,False,0.8333333333333334
tier1_seen_conditions,CVCL_1381,plate4,Rapamycin,23,23,12,0.16991230919288647,0.07462686567164178,False,0.38461538461538464
tier1_seen_conditions,CVCL_1381,plate4,Tofacitinib (citrate),26,26,12,0.22385449804718505,0.01990049751243781,True,0.3974358974358974
tier1_seen_conditions,CVCL_1381,plate4,Darinaparsin,27,27,12,0.1533908686841663,0.07462686567164178,False,0.7692307692307693
tier1_seen_conditions,CVCL_1381,plate4,Lenalidomide (hemihydrate),28,28,12,0.03545392774060829,0.3333333333333333,False,0.7948717948717948
tier1_seen_conditions,CVCL_1381,plate4,Adenosine,25,25,12,0.14595965666142163,0.06965174129353234,False,0.9615384615384616
tier1_seen_conditions,CVCL_1381,plate4,Norepinephrine (hydrochloride),26,26,12,-0.005417299556157218,0.527363184079602,False,0.48717948717948717
tier1_seen_conditions,CVCL_1381,plate4,Ciclopirox,28,28,12,-0.08490935844165293,0.8258706467661692,False,0.9230769230769231
tier1_seen_conditions,CVCL_1381,plate4,Demeclocycline,25,25,12,-0.030911625781467222,0.6417910447761194,False,0.6282051282051282
tier1_seen_conditions,CVCL_1381,plate4,Larotrectinib,26,26,12,0.2698399460989318,0.024875621890547265,True,0.9487179487179487
tier1_seen_conditions,CVCL_1381,plate4,Busulfan,25,25,12,0.021986295913794862,0.373134328358209,False,0.782051282051282
tier1_seen_conditions,CVCL_1381,plate4,Cepharanthine,26,26,12,0.15883691234698105,0.06965174129353234,False,0.9487179487179487
tier1_seen_conditions,CVCL_1381,plate4,Radotinib,25,25,12,0.35726541345129803,0.004975124378109453,True,0.8717948717948718
tier1_seen_conditions,CVCL_1381,plate4,Triclosan,29,29,12,0.12562973591474424,0.07462686567164178,False,0.9615384615384616
tier1_seen_conditions,CVCL_1381,plate4,Tucidinostat,28,28,12,0.15025884105218523,0.07960199004975124,False,0.8076923076923077
tier1_seen_conditions,CVCL_1381,plate4,Bergenin,22,22,12,0.030829813489544833,0.36318407960199006,False,0.6282051282051282
tier1_seen_conditions,CVCL_1381,plate4,Allantoin,23,23,12,-0.018163953771583863,0.5522388059701493,False,0.9743589743589743
tier1_seen_conditions,CVCL_1381,plate4,Bimatoprost,25,25,12,0.3285746938828211,0.014925373134328358,True,0.1794871794871795
tier1_seen_conditions,CVCL_1381,plate4,Triamcinolone,27,27,12,0.3361681830214458,0.009950248756218905,True,0.717948717948718
tier1_seen_conditions,CVCL_1381,plate4,Rimonabant,27,27,12,0.022508707873114986,0.3781094527363184,False,0.6025641025641025
tier1_seen_conditions,CVCL_1381,plate4,Lumateperone (tosylate),24,24,12,-0.07417402993471178,0.7860696517412935,False,0.2692307692307692
tier1_seen_conditions,CVCL_1381,plate4,Relugolix,28,28,12,0.031016015740128466,0.3482587064676617,False,0.6794871794871795
tier1_seen_conditions,CVCL_1381,plate4,Homoharringtonine,13,13,12,0.2483463996483266,0.024875621890547265,True,0.34615384615384615
tier1_seen_conditions,CVCL_1381,plate4,Hexylresorcinol,28,28,12,0.1108096700157688,0.16417910447761194,False,0.9358974358974359
tier1_seen_conditions,CVCL_1381,plate4,Riluzole hydrochloride,29,29,12,0.3567482733962546,0.004975124378109453,True,0.9358974358974359
tier1_seen_conditions,CVCL_1381,plate4,Palmatine (chloride),28,28,12,0.10047103490196996,0.15422885572139303,False,0.9358974358974359
tier1_seen_conditions,CVCL_1381,plate4,Isocorydine,27,27,12,0.0856277007606252,0.16417910447761194,False,0.9230769230769231
tier1_seen_conditions,CVCL_1381,plate4,Raltitrexed,26,26,12,0.13892252328672505,0.0945273631840796,False,0.44871794871794873
tier1_seen_conditions,CVCL_1381,plate4,Furosemide,28,28,12,0.06344267389136604,0.21890547263681592,False,0.6282051282051282
tier1_seen_conditions,CVCL_1381,plate4,Clotrimazole,28,28,12,0.3632464970658109,0.004975124378109453,True,0.8333333333333334
tier1_seen_conditions,CVCL_1381,plate4,Sodium Salicylate,27,27,12,0.26430166953950796,0.024875621890547265,True,0.9615384615384616
tier1_seen_conditions,CVCL_1381,plate4,Gallic acid (hydrate),25,25,12,-0.12089880712056278,0.9402985074626866,False,0.9230769230769231
tier1_seen_conditions,CVCL_1381,plate4,Pyridoxine,25,25,12,0.008400625087244151,0.4427860696517413,False,0.47435897435897434
tier1_seen_conditions,CVCL_1381,plate4,Temsirolimus,22,22,12,0.1443914942811606,0.05970149253731343,False,0.8589743589743589
tier1_seen_conditions,CVCL_1381,plate4,Diammonium Glycyrrhizinate,26,26,12,-0.03253755721692286,0.6069651741293532,False,0.9102564102564102
tier1_seen_conditions,CVCL_1381,plate4,L-Thyroxine (sodium salt pentahydrate),26,26,12,0.1341254042167659,0.12935323383084577,False,0.8974358974358975
tier1_seen_conditions,CVCL_1381,plate4,Ropivacaine (hydrochloride monohydrate),27,27,12,0.010163096861317555,0.4427860696517413,False,0.9358974358974359
tier1_seen_conditions,CVCL_1381,plate4,Salicylic acid,28,28,12,0.026465498443570823,0.34328358208955223,False,0.9230769230769231
tier1_seen_conditions,CVCL_1381,plate4,Trimetrexate,28,28,12,-0.03464475415078283,0.6467661691542289,False,0.9871794871794872
tier1_seen_conditions,CVCL_1381,plate4,18β-Glycyrrhetinic acid,27,27,12,0.07352918114875528,0.22388059701492538,False,0.8333333333333334
tier1_seen_conditions,CVCL_1381,plate4,Pentamidine (isethionate),27,27,12,0.06433872598317869,0.208955223880597,False,0.6794871794871795
tier1_seen_conditions,CVCL_1381,plate4,Sulfisoxazole,28,28,12,0.05330088187905524,0.2935323383084577,False,0.9871794871794872
tier1_seen_conditions,CVCL_1381,plate4,Mitoxantrone (dihydrochloride),27,27,12,0.3852891611016869,0.009950248756218905,True,0.8846153846153846
tier1_seen_conditions,CVCL_1381,plate4,Acetohexamide,28,28,12,0.18395296560378505,0.04477611940298507,True,0.9871794871794872
tier1_seen_conditions,CVCL_1381,plate4,Megestrol,29,29,12,0.23683757850623088,0.024875621890547265,True,0.9102564102564102
tier1_seen_conditions,CVCL_1381,plate4,Thymol,27,27,12,0.24323441054799488,0.03482587064676617,True,0.47435897435897434
tier1_seen_conditions,CVCL_1381,plate4,Vilanterol,28,28,12,0.20154901797279123,0.029850746268656716,True,0.9871794871794872
tier1_seen_conditions,CVCL_1381,plate4,Ritonavir,29,29,12,0.14326679572505974,0.024875621890547265,True,0.9871794871794872
tier1_seen_conditions,CVCL_1381,plate4,Docetaxel,17,17,12,-0.03984207233222037,0.5771144278606966,False,0.21794871794871795
tier1_seen_conditions,CVCL_1381,plate4,Adagrasib,26,26,12,0.06437919232913103,0.27860696517412936,False,0.6410256410256411
tier1_seen_conditions,CVCL_1381,plate4,8-Hydroxyquinoline,27,27,12,0.12184617993592184,0.11940298507462686,False,0.8076923076923077
tier1_seen_conditions,CVCL_1381,plate4,Chlorhexidine (diacetate),24,24,12,0.05109898399847701,0.23383084577114427,False,0.3974358974358974
tier1_seen_conditions,CVCL_1381,plate4,Trifluridine,29,29,12,0.02041631461526805,0.3781094527363184,False,0.8974358974358975
tier1_seen_conditions,CVCL_1381,plate4,Cysteamine (hydrochloride),19,19,12,0.1655867715524746,0.06467661691542288,False,0.2564102564102564
tier1_seen_conditions,CVCL_1381,plate4,Vinblastine (sulfate),27,27,12,0.16598525931078356,0.07960199004975124,False,0.782051282051282
tier1_seen_conditions,CVCL_1381,plate4,Pasireotide (acetate),28,28,12,0.2702534732904951,0.01990049751243781,True,0.5128205128205128
tier1_seen_conditions,CVCL_1381,plate4,Olanzapine,29,29,12,-0.03330879375501006,0.6318407960199005,False,0.9615384615384616
tier1_seen_conditions,CVCL_1381,plate4,Pentagastrin,27,27,12,0.17282188173158808,0.03482587064676617,True,0.9230769230769231
tier1_seen_conditions,CVCL_1381,plate4,Medroxyprogesterone acetate,12,12,12,0.05170203339651991,0.24875621890547264,False,0.08974358974358974
tier1_seen_conditions,CVCL_1381,plate4,Neratinib (maleate),19,19,12,0.027710193277483697,0.31343283582089554,False,0.3076923076923077
tier1_seen_conditions,CVCL_1381,plate4,Goserelin (acetate),23,23,12,0.2526774260889386,0.01990049751243781,True,0.8717948717948718
tier1_seen_conditions,CVCL_1381,plate4,Fusidic acid,15,15,12,0.1838338251982261,0.029850746268656716,True,0.15384615384615385
tier1_seen_conditions,CVCL_1381,plate4,Balsalazide (sodium hydrate),13,13,12,0.257550496355897,0.024875621890547265,True,0.10256410256410256
tier1_seen_conditions,CVCL_1381,plate4,Pyridoxine (hydrochloride),17,17,12,0.3091239870830833,0.01990049751243781,True,0.358974358974359
tier1_seen_conditions,CVCL_1381,plate4,Selinexor,14,14,12,0.10380152937595888,0.13432835820895522,False,0.11538461538461539
tier1_seen_conditions,CVCL_1381,plate4,Adenine,17,17,12,0.2517217603615052,0.029850746268656716,True,0.41025641025641024
tier1_seen_conditions,CVCL_1381,plate4,Amsacrine,13,13,12,0.7272219856686508,0.004975124378109453,True,0.5769230769230769
tier1_seen_conditions,CVCL_1381,plate4,Retinoic acid,22,22,12,0.39931340758421463,0.004975124378109453,True,0.8461538461538461
tier1_seen_conditions,CVCL_1094,plate4,Quinestrol,28,28,12,0.039767140333282214,0.2885572139303483,False,0.6027397260273972
tier1_seen_conditions,CVCL_1094,plate4,Gemfibrozil,24,24,12,-0.1747419331517559,0.9850746268656716,False,0.4246575342465753
tier1_seen_conditions,CVCL_1094,plate4,18β-Glycyrrhetinic acid,28,28,12,-0.1175315137064441,0.9402985074626866,False,0.9315068493150684
tier1_seen_conditions,CVCL_1094,plate4,Terfenadine,27,27,12,0.04359953124643212,0.2835820895522388,False,0.5205479452054794
tier1_seen_conditions,CVCL_1094,plate4,S-Adenosyl-L-methionine (disulfate tosylate),26,26,12,-0.08790265982502987,0.845771144278607,False,1.0
tier1_seen_conditions,CVCL_1094,plate4,Idarubicin (hydrochloride),28,28,12,0.05080281312353385,0.23880597014925373,False,0.7397260273972602
tier1_seen_conditions,CVCL_1094,plate4,Rapamycin,27,27,12,0.05372363510586098,0.2736318407960199,False,0.8082191780821918
tier1_seen_conditions,CVCL_1094,plate4,Tofacitinib (citrate),28,28,12,-0.008236353941686758,0.5074626865671642,False,0.863013698630137
tier1_seen_conditions,CVCL_1094,plate4,Darinaparsin,29,29,12,0.019148756930851718,0.4079601990049751,False,0.9041095890410958
tier1_seen_conditions,CVCL_1094,plate4,Vilanterol,26,26,12,-0.005796907094961057,0.48258706467661694,False,0.821917808219178
tier1_seen_conditions,CVCL_1094,plate4,Lenalidomide (hemihydrate),25,25,12,-0.07836164925136124,0.835820895522388,False,0.9863013698630136
tier1_seen_conditions,CVCL_1094,plate4,Ritonavir,27,27,12,-0.04504736087951855,0.6766169154228856,False,0.9726027397260274
tier1_seen_conditions,CVCL_1094,plate4,Adenosine,27,27,12,-0.14609344565676885,0.9800995024875622,False,0.5753424657534246
tier1_seen_conditions,CVCL_1094,plate4,Sulfisoxazole,28,28,12,-0.03913466159416501,0.6965174129353234,False,0.9178082191780822
tier1_seen_conditions,CVCL_1094,plate4,Ciclopirox,27,27,12,-0.13428292553403054,0.9552238805970149,False,0.821917808219178
tier1_seen_conditions,CVCL_1094,plate4,Mitoxantrone (dihydrochloride),29,29,12,-0.03807867989240954,0.6318407960199005,False,1.0
tier1_seen_conditions,CVCL_1094,plate4,Cepharanthine,28,28,12,-0.0016683509652555273,0.5024875621890548,False,0.821917808219178
tier1_seen_conditions,CVCL_1094,plate4,Radotinib,26,26,12,0.13619637015198016,0.0845771144278607,False,0.2876712328767123
tier1_seen_conditions,CVCL_1094,plate4,Docetaxel,25,25,12,0.018074535242053713,0.40298507462686567,False,0.9726027397260274
tier1_seen_conditions,CVCL_1094,plate4,Triclosan,23,23,12,-0.0361136462076761,0.6766169154228856,False,0.5342465753424658
tier1_seen_conditions,CVCL_1094,plate4,Tucidinostat,16,16,12,-0.05757366966641442,0.7164179104477612,False,0.3561643835616438
tier1_seen_conditions,CVCL_1094,plate4,Bergenin,26,26,12,-0.044035614403657775,0.6666666666666666,False,0.9315068493150684
tier1_seen_conditions,CVCL_1094,plate4,Bimatoprost,22,22,12,0.030876211529122344,0.3582089552238806,False,0.4520547945205479
tier1_seen_conditions,CVCL_1094,plate4,Olanzapine,23,23,12,-0.101897185100837,0.8706467661691543,False,0.3835616438356164
tier1_seen_conditions,CVCL_1094,plate4,Rimonabant,28,28,12,0.19845196641052354,0.024875621890547265,True,0.8904109589041096
tier1_seen_conditions,CVCL_1094,plate4,Pentagastrin,20,20,12,0.060329144802910406,0.23383084577114427,False,0.2328767123287671
tier1_seen_conditions,CVCL_1094,plate4,Lumateperone (tosylate),22,22,12,-0.10450265746922582,0.9104477611940298,False,0.7671232876712328
tier1_seen_conditions,CVCL_1094,plate4,Relugolix,19,19,12,-0.12003653154498117,0.9303482587064676,False,0.5205479452054794
tier1_seen_conditions,CVCL_1094,plate4,Hexylresorcinol,18,18,12,0.01041324144007838,0.4975124378109453,False,0.3698630136986301
tier1_seen_conditions,CVCL_1094,plate4,Riluzole hydrochloride,27,27,12,0.14961205416025258,0.0945273631840796,False,0.589041095890411
tier1_seen_conditions,CVCL_1094,plate4,Isocorydine,26,26,12,0.21311325592894015,0.03482587064676617,True,0.589041095890411
tier1_seen_conditions,CVCL_1094,plate4,Raltitrexed,25,25,12,0.09770814681574613,0.22388059701492538,False,0.3561643835616438
tier1_seen_conditions,CVCL_1094,plate4,Megestrol,23,23,12,0.020067493083024246,0.417910447761194,False,0.684931506849315
tier1_seen_conditions,CVCL_1094,plate4,Diammonium Glycyrrhizinate,23,23,12,-0.07309125107138392,0.8258706467661692,False,0.4931506849315068
tier1_seen_conditions,CVCL_1094,plate4,L-Thyroxine (sodium salt pentahydrate),28,28,12,0.06792534735395073,0.18407960199004975,False,0.9041095890410958
tier1_seen_conditions,CVCL_1094,plate4,Ropivacaine (hydrochloride monohydrate),27,27,12,-0.07767858388511861,0.7761194029850746,False,0.9041095890410958
tier1_seen_conditions,CVCL_1094,plate4,Salicylic acid,23,23,12,-0.07812762518560135,0.7960199004975125,False,0.7534246575342466
tier1_seen_conditions,CVCL_1094,plate4,Tofacitinib,27,27,12,-0.06851888504355941,0.7711442786069652,False,0.8493150684931506
tier1_seen_conditions,CVCL_1094,plate4,Trimetrexate,26,26,12,0.058397737411334916,0.19900497512437812,False,0.958904109589041
tier1_seen_conditions,CVCL_1094,plate4,Fluvoxamine (maleate),29,29,12,-0.012036222723143197,0.5074626865671642,False,0.9863013698630136
tier1_seen_conditions,CVCL_1094,plate4,Thymol,28,28,12,-0.005329947300188209,0.5323383084577115,False,0.4246575342465753
tier1_seen_conditions,CVCL_1094,plate4,Demeclocycline,27,27,12,-0.03811080470877393,0.7014925373134329,False,0.7123287671232876
tier1_seen_conditions,CVCL_1094,plate4,Clotrimazole,29,29,12,-0.009373442104974927,0.4527363184079602,False,0.9041095890410958
tier1_seen_conditions,CVCL_1094,plate4,Pyridoxine,26,26,12,-0.07711818045317465,0.8258706467661692,False,0.9863013698630136
tier1_seen_conditions,CVCL_1094,plate4,Acetohexamide,26,26,12,0.18852224247458338,0.04975124378109453,True,0.9178082191780822
tier1_seen_conditions,CVCL_1094,plate4,Temsirolimus,27,27,12,0.06223254010773793,0.1791044776119403,False,0.3698630136986301
tier1_seen_conditions,CVCL_1094,plate4,Elagolix sodium,29,29,12,-0.012731277554914655,0.5522388059701493,False,1.0
tier1_seen_conditions,CVCL_1094,plate4,Resveratrol,27,27,12,-0.029352150747298467,0.6368159203980099,False,0.9315068493150684
tier1_seen_conditions,CVCL_1094,plate4,Pentamidine (isethionate),29,29,12,0.03575750218069551,0.3681592039800995,False,0.7945205479452054
tier1_seen_conditions,CVCL_1094,plate4,Busulfan,27,27,12,-0.03302120694068478,0.6467661691542289,False,0.9178082191780822
tier1_seen_conditions,CVCL_1094,plate4,8-Hydroxyquinoline,14,14,12,0.030580918604819374,0.36318407960199006,False,0.0958904109589041
tier1_seen_conditions,CVCL_1094,plate4,Chlorhexidine (diacetate),24,24,12,-0.01469847142019809,0.6119402985074627,False,0.410958904109589
tier1_seen_conditions,CVCL_1094,plate4,Retinoic acid,22,22,12,0.3509187173038981,0.014925373134328358,True,0.7397260273972602
tier1_seen_conditions,CVCL_1094,plate4,Cysteamine (hydrochloride),17,17,12,0.09325146081949676,0.19900497512437812,False,0.1643835616438356
tier1_seen_conditions,CVCL_1094,plate4,Vinblastine (sulfate),28,28,12,-0.12472405909154638,0.9402985074626866,False,1.0
tier1_seen_conditions,CVCL_1094,plate4,Pasireotide (acetate),25,25,12,0.030699686273196747,0.3482587064676617,False,0.8904109589041096
tier1_seen_conditions,CVCL_1094,plate4,Palmatine (chloride),27,27,12,0.0027583006114522135,0.38308457711442784,False,0.8356164383561644
tier1_seen_conditions,CVCL_1094,plate4,Furosemide,28,28,12,-0.11214228974037788,0.9651741293532339,False,0.9315068493150684
tier1_seen_conditions,CVCL_1094,plate4,Sodium Salicylate,29,29,12,0.07014801022530648,0.19402985074626866,False,0.6164383561643836
tier1_seen_conditions,CVCL_1094,plate4,Allantoin,14,14,12,0.036470355255010745,0.32338308457711445,False,0.1506849315068493
tier1_seen_conditions,CVCL_1094,plate4,Triamcinolone,21,21,12,0.11819627307658465,0.06467661691542288,False,0.3698630136986301
tier1_seen_conditions,CVCL_1094,plate4,Homoharringtonine,21,21,12,0.10882554518967957,0.13930348258706468,False,0.8904109589041096
tier1_seen_conditions,CVCL_1094,plate4,Berberine (chloride hydrate),15,15,12,0.05740777896173199,0.27860696517412936,False,0.1643835616438356
tier1_seen_conditions,CVCL_1094,plate4,Fusidic acid,18,18,12,0.04838157764813822,0.263681592039801,False,0.1506849315068493
tier1_seen_conditions,CVCL_1094,plate4,Balsalazide (sodium hydrate),13,13,12,0.08861902984120462,0.13930348258706468,False,0.1780821917808219
tier1_seen_conditions,CVCL_1094,plate4,Folic acid,17,17,12,-0.097626501629696,0.8955223880597015,False,0.2602739726027397
tier1_seen_conditions,CVCL_1094,plate4,Selinexor,17,17,12,0.0005124016911981499,0.4925373134328358,False,0.4794520547945205
tier1_seen_conditions,CVCL_1094,plate4,Adenine,15,15,12,0.13743377715244876,0.0845771144278607,False,0.0821917808219178
tier1_seen_conditions,CVCL_1094,plate4,Adagrasib,26,26,12,-0.10442192320897448,0.9104477611940298,False,0.5342465753424658
tier1_seen_conditions,CVCL_0504,plate4,Quinestrol,27,27,12,0.22711958619895967,0.014925373134328358,True,0.6901408450704225
tier1_seen_conditions,CVCL_0504,plate4,Tofacitinib,28,28,12,0.006502256729080003,0.39800995024875624,False,0.971830985915493
tier1_seen_conditions,CVCL_0504,plate4,Trimetrexate,27,27,12,-0.08129586073079942,0.8109452736318408,False,0.7887323943661971
tier1_seen_conditions,CVCL_0504,plate4,Gemfibrozil,24,24,12,0.08035176656242271,0.21393034825870647,False,0.9154929577464789
tier1_seen_conditions,CVCL_0504,plate4,Terfenadine,28,28,12,-0.021995239423020507,0.6218905472636815,False,0.8309859154929577
tier1_seen_conditions,CVCL_0504,plate4,S-Adenosyl-L-methionine (disulfate tosylate),27,27,12,0.1543929978627787,0.08955223880597014,False,0.9859154929577465
tier1_seen_conditions,CVCL_0504,plate4,Idarubicin (hydrochloride),28,28,12,0.05431440893120332,0.26865671641791045,False,0.5070422535211268
tier1_seen_conditions,CVCL_0504,plate4,Elagolix sodium,26,26,12,-0.04292200318836237,0.6169154228855721,False,0.8732394366197183
tier1_seen_conditions,CVCL_0504,plate4,Rapamycin,25,25,12,0.08764561715203278,0.1890547263681592,False,0.971830985915493
tier1_seen_conditions,CVCL_0504,plate4,Tofacitinib (citrate),28,28,12,-0.03738507686185244,0.6218905472636815,False,0.971830985915493
tier1_seen_conditions,CVCL_0504,plate4,Thymol,27,27,12,0.005444905075508544,0.46766169154228854,False,0.5492957746478874
tier1_seen_conditions,CVCL_0504,plate4,Darinaparsin,28,28,12,0.040523504012970335,0.3333333333333333,False,0.8028169014084507
tier1_seen_conditions,CVCL_0504,plate4,Lenalidomide (hemihydrate),27,27,12,-0.08577997083211031,0.8258706467661692,False,0.8873239436619719
tier1_seen_conditions,CVCL_0504,plate4,Ritonavir,27,27,12,-0.04219989782798805,0.6716417910447762,False,0.6901408450704225
tier1_seen_conditions,CVCL_0504,plate4,Adenosine,27,27,12,0.05181260540138943,0.19402985074626866,False,0.676056338028169
tier1_seen_conditions,CVCL_0504,plate4,Sulfisoxazole,26,26,12,-0.015455931125138989,0.5970149253731343,False,0.6901408450704225
tier1_seen_conditions,CVCL_0504,plate4,Norepinephrine (hydrochloride),28,28,12,0.15446904850931453,0.04975124378109453,True,0.9859154929577465
tier1_seen_conditions,CVCL_0504,plate4,Ciclopirox,27,27,12,0.01108368175258434,0.4577114427860697,False,0.676056338028169
tier1_seen_conditions,CVCL_0504,plate4,Mitoxantrone (dihydrochloride),27,27,12,0.07964105039819458,0.208955223880597,False,0.9154929577464789
tier1_seen_conditions,CVCL_0504,plate4,Larotrectinib,26,26,12,0.0006891421838535194,0.4626865671641791,False,0.5915492957746479
tier1_seen_conditions,CVCL_0504,plate4,Busulfan,28,28,12,-0.022585751416292155,0.6169154228855721,False,0.4507042253521127
tier1_seen_conditions,CVCL_0504,plate4,Cepharanthine,28,28,12,0.04986385826523332,0.2885572139303483,False,0.7746478873239436
tier1_seen_conditions,CVCL_0504,plate4,Docetaxel,24,24,12,0.010621712635698444,0.417910447761194,False,0.4084507042253521
tier1_seen_conditions,CVCL_0504,plate4,Bergenin,28,28,12,-0.045888164694195765,0.6069651741293532,False,0.9859154929577465
tier1_seen_conditions,CVCL_0504,plate4,Allantoin,22,22,12,-0.12136041238706952,0.9054726368159204,False,0.23943661971830985
tier1_seen_conditions,CVCL_0504,plate4,Bimatoprost,26,26,12,0.15721273718722983,0.04477611940298507,True,0.8873239436619719
tier1_seen_conditions,CVCL_0504,plate4,Olanzapine,28,28,12,0.028979600443614473,0.3383084577114428,False,0.6056338028169014
tier1_seen_conditions,CVCL_0504,plate4,Lumateperone (tosylate),26,26,12,-0.10051243132751608,0.8955223880597015,False,0.39436619718309857
tier1_seen_conditions,CVCL_0504,plate4,Relugolix,28,28,12,-0.07710865639361586,0.8407960199004975,False,0.7323943661971831
tier1_seen_conditions,CVCL_0504,plate4,Homoharringtonine,19,19,12,0.161787850143579,0.03980099502487562,True,0.8450704225352113
tier1_seen_conditions,CVCL_0504,plate4,Palmatine (chloride),27,27,12,0.02933326303963746,0.3383084577114428,False,0.9014084507042254
tier1_seen_conditions,CVCL_0504,plate4,Raltitrexed,26,26,12,0.060537159697000575,0.21890547263681592,False,0.676056338028169
tier1_seen_conditions,CVCL_0504,plate4,Clotrimazole,26,26,12,0.06579588860662611,0.21890547263681592,False,1.0
tier1_seen_conditions,CVCL_0504,plate4,Sodium Salicylate,24,24,12,0.017132614454714812,0.4577114427860697,False,0.6619718309859155
tier1_seen_conditions,CVCL_0504,plate4,Gallic acid (hydrate),29,29,12,0.11314578970545597,0.11442786069651742,False,0.9859154929577465
tier1_seen_conditions,CVCL_0504,plate4,Pyridoxine,28,28,12,0.15946788679859658,0.04477611940298507,True,0.8873239436619719
tier1_seen_conditions,CVCL_0504,plate4,Acetohexamide,27,27,12,-0.049269858416879586,0.6567164179104478,False,0.7746478873239436
tier1_seen_conditions,CVCL_0504,plate4,Temsirolimus,28,28,12,0.09525196175206396,0.16417910447761194,False,0.9859154929577465
tier1_seen_conditions,CVCL_0504,plate4,Megestrol,26,26,12,0.09739892619750457,0.12437810945273632,False,0.8591549295774648
tier1_seen_conditions,CVCL_0504,plate4,Diammonium Glycyrrhizinate,27,27,12,-0.05069431419969206,0.6965174129353234,False,0.8169014084507042
tier1_seen_conditions,CVCL_0504,plate4,L-Thyroxine (sodium salt pentahydrate),27,27,12,-0.07593913055326595,0.7810945273631841,False,0.647887323943662
tier1_seen_conditions,CVCL_0504,plate4,Ropivacaine (hydrochloride monohydrate),27,27,12,-0.03771310836334507,0.6616915422885572,False,0.8591549295774648
tier1_seen_conditions,CVCL_0504,plate4,Salicylic acid,26,26,12,-0.08248780096676,0.8407960199004975,False,0.8028169014084507
tier1_seen_conditions,CVCL_0504,plate4,Pentamidine (isethionate),29,29,12,0.055152432011968955,0.2885572139303483,False,0.7887323943661971
tier1_seen_conditions,CVCL_0504,plate4,18β-Glycyrrhetinic acid,29,29,12,0.004975783936806977,0.48756218905472637,False,0.676056338028169
tier1_seen_conditions,CVCL_0504,plate4,Fluvoxamine (maleate),29,29,12,-0.04218656160162482,0.6716417910447762,False,0.7183098591549296
tier1_seen_conditions,CVCL_0504,plate4,Lidocaine (hydrochloride),17,17,12,-0.05476487326147428,0.7014925373134329,False,0.2676056338028169
tier1_seen_conditions,CVCL_0504,plate4,Demeclocycline,29,29,12,-0.01816466874627487,0.6169154228855721,False,0.6197183098591549
tier1_seen_conditions,CVCL_0504,plate4,Triclosan,27,27,12,0.15203572741586235,0.06467661691542288,False,0.5070422535211268
tier1_seen_conditions,CVCL_0504,plate4,Adagrasib,28,28,12,0.05343642934065862,0.27860696517412936,False,0.5211267605633803
tier1_seen_conditions,CVCL_0504,plate4,Chlorhexidine (diacetate),27,27,12,0.0529035488124201,0.27860696517412936,False,0.39436619718309857
tier1_seen_conditions,CVCL_0504,plate4,Trifluridine,27,27,12,-0.010372026904480691,0.4925373134328358,False,0.4647887323943662
tier1_seen_conditions,CVCL_0504,plate4,Retinoic acid,27,27,12,0.507104734189955,0.014925373134328358,True,1.0
tier1_seen_conditions,CVCL_0504,plate4,Cysteamine (hydrochloride),26,26,12,-0.025297686666352348,0.6019900497512438,False,0.7464788732394366
tier1_seen_conditions,CVCL_0504,plate4,Vinblastine (sulfate),25,25,12,-0.04084910757163129,0.7164179104477612,False,0.4788732394366197
tier1_seen_conditions,CVCL_0504,plate4,Pasireotide (acetate),25,25,12,0.20138267032415236,0.0845771144278607,False,0.971830985915493
tier1_seen_conditions,CVCL_0504,plate4,Riluzole hydrochloride,28,28,12,0.18489937788286426,0.04477611940298507,True,0.23943661971830985
tier1_seen_conditions,CVCL_0504,plate4,Isocorydine,28,28,12,0.22304742258261356,0.05472636815920398,False,0.5352112676056338
tier1_seen_conditions,CVCL_0504,plate4,Tucidinostat,28,28,12,-0.1508106074167319,0.9253731343283582,False,0.971830985915493
tier1_seen_conditions,CVCL_0504,plate4,Rimonabant,29,29,12,0.29777401243617163,0.014925373134328358,True,0.9577464788732394
tier1_seen_conditions,CVCL_0504,plate4,Pentagastrin,22,22,12,0.18264413122532375,0.05472636815920398,False,0.8309859154929577
tier1_seen_conditions,CVCL_0504,plate4,Medroxyprogesterone acetate,22,22,12,-0.09241679694853033,0.9104477611940298,False,0.43661971830985913
tier1_seen_conditions,CVCL_0504,plate4,Neratinib (maleate),14,14,12,-0.02646396074702828,0.6766169154228856,False,0.07042253521126761
tier1_seen_conditions,CVCL_0504,plate4,Goserelin (acetate),26,26,12,0.18133924811256286,0.014925373134328358,True,1.0
tier1_seen_conditions,CVCL_0504,plate4,Fusidic acid,25,25,12,-0.02384009900314865,0.527363184079602,False,0.29577464788732394
tier1_seen_conditions,CVCL_0504,plate4,Balsalazide (sodium hydrate),13,13,12,0.21351003005821845,0.03482587064676617,True,0.04225352112676056
tier1_seen_conditions,CVCL_0504,plate4,Cloxacillin (sodium),21,21,12,0.14478928336770736,0.04975124378109453,True,0.2676056338028169
tier1_seen_conditions,CVCL_0504,plate4,Pyridoxine (hydrochloride),23,23,12,0.4618100900680062,0.004975124378109453,True,0.9436619718309859
tier1_seen_conditions,CVCL_0504,plate4,Folic acid,19,19,12,0.2238451347016479,0.024875621890547265,True,0.056338028169014086
tier1_seen_conditions,CVCL_0504,plate4,Selinexor,24,24,12,0.10563175426495697,0.12935323383084577,False,0.4084507042253521
tier1_seen_conditions,CVCL_0504,plate4,Amsacrine,18,18,12,0.03216142215699058,0.29850746268656714,False,0.15492957746478872
tier1_seen_conditions,CVCL_0504,plate4,8-Hydroxyquinoline,29,29,12,0.05396728246373428,0.263681592039801,False,0.9577464788732394
tier1_seen_conditions,CVCL_1285,plate4,Quinestrol,28,28,12,-0.2679112329921658,1.0,False,0.5342465753424658
tier1_seen_conditions,CVCL_1285,plate4,Trimetrexate,29,29,12,-0.09644663423703292,0.8009950248756219,False,1.0
tier1_seen_conditions,CVCL_1285,plate4,Gemfibrozil,26,26,12,-0.059147333239565114,0.746268656716418,False,0.8356164383561644
tier1_seen_conditions,CVCL_1285,plate4,Terfenadine,28,28,12,-0.14328553475340478,0.945273631840796,False,0.9041095890410958
tier1_seen_conditions,CVCL_1285,plate4,Fluvoxamine (maleate),26,26,12,-0.11910813380808705,0.9303482587064676,False,0.3972602739726027
tier1_seen_conditions,CVCL_1285,plate4,S-Adenosyl-L-methionine (disulfate tosylate),27,27,12,-0.06314806778099147,0.746268656716418,False,0.8356164383561644
tier1_seen_conditions,CVCL_1285,plate4,Idarubicin (hydrochloride),25,25,12,-0.2591490869504245,1.0,False,0.4794520547945205
tier1_seen_conditions,CVCL_1285,plate4,Elagolix sodium,28,28,12,-0.1201238815638277,0.9154228855721394,False,0.7671232876712328
tier1_seen_conditions,CVCL_1285,plate4,Resveratrol,27,27,12,-0.1265443131293864,0.9850746268656716,False,0.9863013698630136
tier1_seen_conditions,CVCL_1285,plate4,Rapamycin,27,27,12,0.039202223742613285,0.29850746268656714,False,0.684931506849315
tier1_seen_conditions,CVCL_1285,plate4,Darinaparsin,24,24,12,-0.1544082565782965,0.9502487562189055,False,0.5068493150684932
tier1_seen_conditions,CVCL_1285,plate4,Vilanterol,27,27,12,-0.1728076513842538,0.9800995024875622,False,0.8904109589041096
tier1_seen_conditions,CVCL_1285,plate4,Lenalidomide (hemihydrate),29,29,12,-0.19232139673871274,0.9950248756218906,False,0.7945205479452054
tier1_seen_conditions,CVCL_1285,plate4,Pentamidine (isethionate),29,29,12,-0.05498002723601125,0.7213930348258707,False,0.9452054794520548
tier1_seen_conditions,CVCL_1285,plate4,Adenosine,28,28,12,-0.08295029462354542,0.7810945273631841,False,0.7808219178082192
tier1_seen_conditions,CVCL_1285,plate4,Sulfisoxazole,28,28,12,-0.1592479940619569,0.9800995024875622,False,0.5616438356164384
tier1_seen_conditions,CVCL_1285,plate4,Norepinephrine (hydrochloride),27,27,12,-0.09499471631988143,0.8656716417910447,False,0.6027397260273972
tier1_seen_conditions,CVCL_1285,plate4,Ciclopirox,24,24,12,-0.09712754208641705,0.8905472636815921,False,0.1232876712328767
tier1_seen_conditions,CVCL_1285,plate4,Lidocaine (hydrochloride),27,27,12,-0.08157017684250256,0.8159203980099502,False,0.5205479452054794
tier1_seen_conditions,CVCL_1285,plate4,Demeclocycline,28,28,12,-0.05912239904578165,0.7164179104477612,False,1.0
tier1_seen_conditions,CVCL_1285,plate4,Larotrectinib,28,28,12,-0.1518924410735174,0.9701492537313433,False,0.9452054794520548
tier1_seen_conditions,CVCL_1285,plate4,Busulfan,28,28,12,-0.13545446275206352,0.9253731343283582,False,1.0
tier1_seen_conditions,CVCL_1285,plate4,Cepharanthine,26,26,12,-0.00030430053428709414,0.4925373134328358,False,0.8767123287671232
tier1_seen_conditions,CVCL_1285,plate4,Radotinib,28,28,12,-0.18066106926680625,0.9800995024875622,False,0.9452054794520548
tier1_seen_conditions,CVCL_1285,plate4,Triclosan,28,28,12,-0.02343293624389986,0.6318407960199005,False,0.7945205479452054
tier1_seen_conditions,CVCL_1285,plate4,Tucidinostat,26,26,12,-0.08406100892677593,0.8407960199004975,False,0.3424657534246575
tier1_seen_conditions,CVCL_1285,plate4,Bergenin,26,26,12,0.00027103012598850285,0.5074626865671642,False,0.9315068493150684
tier1_seen_conditions,CVCL_1285,plate4,Allantoin,28,28,12,-0.006404730307140838,0.5621890547263682,False,0.9863013698630136
tier1_seen_conditions,CVCL_1285,plate4,Bimatoprost,25,25,12,0.01937195537942671,0.36318407960199006,False,0.4657534246575342
tier1_seen_conditions,CVCL_1285,plate4,Triamcinolone,28,28,12,-0.055121144323633686,0.746268656716418,False,1.0
tier1_seen_conditions,CVCL_1285,plate4,Olanzapine,27,27,12,-0.2143869757464696,1.0,False,0.9041095890410958
tier1_seen_conditions,CVCL_1285,plate4,Rimonabant,26,26,12,-0.05467656366638174,0.7213930348258707,False,0.3972602739726027
tier1_seen_conditions,CVCL_1285,plate4,Pentagastrin,28,28,12,-0.1748281920318231,0.9800995024875622,False,0.5616438356164384
tier1_seen_conditions,CVCL_1285,plate4,Homoharringtonine,26,26,12,0.014604017086494281,0.4079601990049751,False,0.9863013698630136
tier1_seen_conditions,CVCL_1285,plate4,Palmatine (chloride),25,25,12,-0.12405386206434343,0.9353233830845771,False,0.7945205479452054
tier1_seen_conditions,CVCL_1285,plate4,Isocorydine,28,28,12,-0.19219763039031967,1.0,False,0.9726027397260274
tier1_seen_conditions,CVCL_1285,plate4,Raltitrexed,29,29,12,-0.09001567322602178,0.8557213930348259,False,0.8356164383561644
tier1_seen_conditions,CVCL_1285,plate4,Clotrimazole,23,23,12,-0.1910426347829226,0.9900497512437811,False,0.7123287671232876
tier1_seen_conditions,CVCL_1285,plate4,Sodium Salicylate,27,27,12,-0.13012372905836322,0.9402985074626866,False,0.5068493150684932
tier1_seen_conditions,CVCL_1285,plate4,Pyridoxine,28,28,12,-0.09516144053850972,0.8606965174129353,False,0.9041095890410958
tier1_seen_conditions,CVCL_1285,plate4,Acetohexamide,28,28,12,-0.09978825491770493,0.8805970149253731,False,0.684931506849315
tier1_seen_conditions,CVCL_1285,plate4,Temsirolimus,26,26,12,-0.04984000548913592,0.7064676616915423,False,0.6575342465753424
tier1_seen_conditions,CVCL_1285,plate4,Megestrol,26,26,12,-0.05628884218232777,0.7213930348258707,False,0.3698630136986301
tier1_seen_conditions,CVCL_1285,plate4,Diammonium Glycyrrhizinate,28,28,12,-0.12792048634934616,0.9800995024875622,False,0.9726027397260274
tier1_seen_conditions,CVCL_1285,plate4,L-Thyroxine (sodium salt pentahydrate),26,26,12,-0.22729409874047057,1.0,False,0.9041095890410958
tier1_seen_conditions,CVCL_1285,plate4,Salicylic acid,23,23,12,-0.07896714818440742,0.8407960199004975,False,0.821917808219178
tier1_seen_conditions,CVCL_1285,plate4,Tofacitinib,29,29,12,-0.17998766901348517,0.9850746268656716,False,0.9726027397260274
tier1_seen_conditions,CVCL_1285,plate4,Tofacitinib (citrate),28,28,12,-0.03527427011860773,0.5970149253731343,False,0.547945205479452
tier1_seen_conditions,CVCL_1285,plate4,Ritonavir,27,27,12,0.059377972337074425,0.263681592039801,False,1.0
tier1_seen_conditions,CVCL_1285,plate4,Mitoxantrone (dihydrochloride),28,28,12,-0.06812232437345678,0.6616915422885572,False,0.5068493150684932
tier1_seen_conditions,CVCL_1285,plate4,Adagrasib,27,27,12,-0.11772968488614133,0.8756218905472637,False,0.9041095890410958
tier1_seen_conditions,CVCL_1285,plate4,8-Hydroxyquinoline,24,24,12,0.0199656881501582,0.417910447761194,False,0.2054794520547945
tier1_seen_conditions,CVCL_1285,plate4,Chlorhexidine (diacetate),27,27,12,-0.13119234358671505,0.9552238805970149,False,0.9041095890410958
tier1_seen_conditions,CVCL_1285,plate4,Trifluridine,27,27,12,-0.15515964379252978,0.9751243781094527,False,0.7671232876712328
tier1_seen_conditions,CVCL_1285,plate4,Retinoic acid,29,29,12,0.007050410258464979,0.5522388059701493,False,0.9452054794520548
tier1_seen_conditions,CVCL_1285,plate4,Cysteamine (hydrochloride),29,29,12,-0.13001091783743313,0.945273631840796,False,0.5068493150684932
tier1_seen_conditions,CVCL_1285,plate4,Vinblastine (sulfate),28,28,12,-0.058475308454704944,0.7114427860696517,False,0.9178082191780822
tier1_seen_conditions,CVCL_1285,plate4,Pasireotide (acetate),25,25,12,0.01899389883375946,0.43781094527363185,False,0.9041095890410958
tier1_seen_conditions,CVCL_1285,plate4,Riluzole hydrochloride,28,28,12,-0.1411890557543085,0.9701492537313433,False,1.0
tier1_seen_conditions,CVCL_1285,plate4,Furosemide,28,28,12,-0.1744027187492243,0.9850746268656716,False,0.863013698630137
tier1_seen_conditions,CVCL_1285,plate4,Relugolix,29,29,12,-0.11894804485122279,0.9203980099502488,False,0.9863013698630136
tier1_seen_conditions,CVCL_1285,plate4,Hexylresorcinol,29,29,12,-0.028948924164717837,0.5970149253731343,False,1.0
tier1_seen_conditions,CVCL_1285,plate4,Berberine (chloride hydrate),18,18,12,-0.06326490640030613,0.7064676616915423,False,0.7671232876712328
tier1_seen_conditions,CVCL_1285,plate4,Medroxyprogesterone acetate,21,21,12,-0.14541964703795607,0.9402985074626866,False,0.0958904109589041
tier1_seen_conditions,CVCL_1285,plate4,Neratinib (maleate),24,24,12,-0.14491636734129187,0.9104477611940298,False,0.4931506849315068
tier1_seen_conditions,CVCL_1285,plate4,Goserelin (acetate),26,26,12,-0.06102155644259,0.7213930348258707,False,1.0
tier1_seen_conditions,CVCL_1285,plate4,Fusidic acid,18,18,12,-0.1393634205746661,0.9601990049751243,False,0.1506849315068493
tier1_seen_conditions,CVCL_1285,plate4,Cloxacillin (sodium),22,22,12,0.049200324878372115,0.29850746268656714,False,0.9041095890410958
tier1_seen_conditions,CVCL_1285,plate4,Artesunate,28,28,12,0.001123032012866787,0.47761194029850745,False,0.9315068493150684
tier1_seen_conditions,CVCL_1285,plate4,Folic acid,18,18,12,-0.059659529651250764,0.7412935323383084,False,0.0958904109589041
tier1_seen_conditions,CVCL_1285,plate4,Selinexor,28,28,12,-0.04672973712950146,0.7263681592039801,False,1.0
tier1_seen_conditions,CVCL_1285,plate4,Adenine,23,23,12,-0.09409215839987972,0.8557213930348259,False,0.6986301369863014
tier1_seen_conditions,CVCL_1285,plate4,Amsacrine,22,22,12,-0.12372824837248331,0.9054726368159204,False,0.2191780821917808
tier1_seen_conditions,CVCL_0359,plate4,Quinestrol,27,27,12,-0.12894361033213997,0.8656716417910447,False,0.19230769230769232
tier1_seen_conditions,CVCL_0359,plate4,Tofacitinib,28,28,12,-0.12152207720501096,0.9353233830845771,False,0.8333333333333334
tier1_seen_conditions,CVCL_0359,plate4,Trimetrexate,25,25,12,0.017826111990460802,0.38308457711442784,False,0.8846153846153846
tier1_seen_conditions,CVCL_0359,plate4,Gemfibrozil,26,26,12,-0.045105457464362786,0.6019900497512438,False,0.6538461538461539
tier1_seen_conditions,CVCL_0359,plate4,18β-Glycyrrhetinic acid,28,28,12,-0.2159090419754115,1.0,False,0.9358974358974359
tier1_seen_conditions,CVCL_0359,plate4,Fluvoxamine (maleate),27,27,12,-0.011657096336481487,0.5223880597014925,False,0.7051282051282052
tier1_seen_conditions,CVCL_0359,plate4,S-Adenosyl-L-methionine (disulfate tosylate),27,27,12,0.056853148063693126,0.29850746268656714,False,0.7307692307692307
tier1_seen_conditions,CVCL_0359,plate4,Idarubicin (hydrochloride),26,26,12,0.006933698894119544,0.417910447761194,False,0.9615384615384616
tier1_seen_conditions,CVCL_0359,plate4,Elagolix sodium,26,26,12,-0.052972315550444904,0.7810945273631841,False,0.38461538461538464
tier1_seen_conditions,CVCL_0359,plate4,Resveratrol,28,28,12,-0.006480765754947271,0.43781094527363185,False,0.9487179487179487
tier1_seen_conditions,CVCL_0359,plate4,Rapamycin,27,27,12,-0.13649657850313268,0.9402985074626866,False,0.5641025641025641
tier1_seen_conditions,CVCL_0359,plate4,Tofacitinib (citrate),27,27,12,-0.12903301061526484,0.8905472636815921,False,0.6153846153846154
tier1_seen_conditions,CVCL_0359,plate4,Thymol,26,26,12,-0.11377896629803885,0.900497512437811,False,0.6666666666666666
tier1_seen_conditions,CVCL_0359,plate4,Darinaparsin,26,26,12,-0.08568763890866471,0.7711442786069652,False,0.9487179487179487
tier1_seen_conditions,CVCL_0359,plate4,Adenosine,28,28,12,-0.11991158372561905,0.9402985074626866,False,0.7948717948717948
tier1_seen_conditions,CVCL_0359,plate4,Sulfisoxazole,26,26,12,-0.07571216542281434,0.8059701492537313,False,0.9230769230769231
tier1_seen_conditions,CVCL_0359,plate4,Norepinephrine (hydrochloride),29,29,12,-0.0074991173006697665,0.48756218905472637,False,0.7948717948717948
tier1_seen_conditions,CVCL_0359,plate4,Ciclopirox,26,26,12,-0.058546842372502184,0.7412935323383084,False,1.0
tier1_seen_conditions,CVCL_0359,plate4,Lidocaine (hydrochloride),17,17,12,0.051625470778251525,0.26865671641791045,False,0.32051282051282054
tier1_seen_conditions,CVCL_0359,plate4,Larotrectinib,26,26,12,-0.11637411972908929,0.9303482587064676,False,0.7051282051282052
tier1_seen_conditions,CVCL_0359,plate4,Busulfan,25,25,12,-0.03021138061675721,0.6716417910447762,False,0.8205128205128205
tier1_seen_conditions,CVCL_0359,plate4,Radotinib,27,27,12,-0.10956106722164805,0.9502487562189055,False,0.3333333333333333
tier1_seen_conditions,CVCL_0359,plate4,Triclosan,27,27,12,-0.17678384648871948,0.9651741293532339,False,0.717948717948718
tier1_seen_conditions,CVCL_0359,plate4,Tucidinostat,27,27,12,-0.10150787338404577,0.8606965174129353,False,0.9615384615384616
tier1_seen_conditions,CVCL_0359,plate4,Bergenin,28,28,12,-0.011589733935716495,0.5223880597014925,False,0.9358974358974359
tier1_seen_conditions,CVCL_0359,plate4,Allantoin,27,27,12,0.057371234234462776,0.29850746268656714,False,0.9871794871794872
tier1_seen_conditions,CVCL_0359,plate4,Triamcinolone,26,26,12,-0.05655630837714476,0.7661691542288557,False,0.34615384615384615
tier1_seen_conditions,CVCL_0359,plate4,Olanzapine,26,26,12,0.04662308704988938,0.24378109452736318,False,0.8461538461538461
tier1_seen_conditions,CVCL_0359,plate4,Rimonabant,28,28,12,0.025663772842037247,0.3781094527363184,False,0.9743589743589743
tier1_seen_conditions,CVCL_0359,plate4,Pentagastrin,21,21,12,0.05234272745617119,0.263681592039801,False,0.20512820512820512
tier1_seen_conditions,CVCL_0359,plate4,Lumateperone (tosylate),25,25,12,-0.07846305882521776,0.8009950248756219,False,0.7692307692307693
tier1_seen_conditions,CVCL_0359,plate4,Relugolix,27,27,12,-0.0696786218846448,0.7164179104477612,False,0.9358974358974359
tier1_seen_conditions,CVCL_0359,plate4,Homoharringtonine,24,24,12,-0.0485987909683363,0.681592039800995,False,0.34615384615384615
tier1_seen_conditions,CVCL_0359,plate4,Hexylresorcinol,27,27,12,0.006347725894986667,0.43283582089552236,False,0.8333333333333334
tier1_seen_conditions,CVCL_0359,plate4,Palmatine (chloride),29,29,12,-0.08123642890645755,0.7910447761194029,False,0.9230769230769231
tier1_seen_conditions,CVCL_0359,plate4,Isocorydine,27,27,12,-0.06758440761685058,0.7761194029850746,False,0.9230769230769231
tier1_seen_conditions,CVCL_0359,plate4,Raltitrexed,27,27,12,-0.11067308316117597,0.8955223880597015,False,0.7692307692307693
tier1_seen_conditions,CVCL_0359,plate4,Furosemide,26,26,12,-0.054914747914677875,0.6417910447761194,False,0.6410256410256411
tier1_seen_conditions,CVCL_0359,plate4,Clotrimazole,27,27,12,0.026396443505163347,0.3482587064676617,False,0.8974358974358975
tier1_seen_conditions,CVCL_0359,plate4,Sodium Salicylate,28,28,12,-0.05627062851534781,0.7064676616915423,False,0.8589743589743589
tier1_seen_conditions,CVCL_0359,plate4,Gallic acid (hydrate),27,27,12,-0.13772475405066942,0.9402985074626866,False,0.7051282051282052
tier1_seen_conditions,CVCL_0359,plate4,Acetohexamide,24,24,12,-0.09231949695461417,0.8606965174129353,False,0.5641025641025641
tier1_seen_conditions,CVCL_0359,plate4,Temsirolimus,29,29,12,-0.012916783760813288,0.44776119402985076,False,1.0
tier1_seen_conditions,CVCL_0359,plate4,Megestrol,24,24,12,0.0536219143088168,0.24875621890547264,False,0.8974358974358975
tier1_seen_conditions,CVCL_0359,plate4,Diammonium Glycyrrhizinate,28,28,12,0.029543459258523086,0.39303482587064675,False,0.8974358974358975
tier1_seen_conditions,CVCL_0359,plate4,Ropivacaine (hydrochloride monohydrate),25,25,12,0.08455219352701349,0.1890547263681592,False,0.9615384615384616
tier1_seen_conditions,CVCL_0359,plate4,Lenalidomide (hemihydrate),27,27,12,0.10678072085078583,0.13930348258706468,False,0.9487179487179487
tier1_seen_conditions,CVCL_0359,plate4,Ritonavir,28,28,12,-0.14753728108995645,0.9353233830845771,False,1.0
tier1_seen_conditions,CVCL_0359,plate4,Pentamidine (isethionate),28,28,12,-0.030608393087229402,0.6019900497512438,False,0.6153846153846154
tier1_seen_conditions,CVCL_0359,plate4,L-Thyroxine (sodium salt pentahydrate),27,27,12,0.0027544049946985893,0.43781094527363185,False,0.9871794871794872
tier1_seen_conditions,CVCL_0359,plate4,Demeclocycline,28,28,12,-0.059112948387390674,0.7263681592039801,False,0.8846153846153846
tier1_seen_conditions,CVCL_0359,plate4,Mitoxantrone (dihydrochloride),28,28,12,0.17869626838440134,0.05472636815920398,False,0.9871794871794872
tier1_seen_conditions,CVCL_0359,plate4,Cepharanthine,27,27,12,-0.02012966874990063,0.681592039800995,False,0.782051282051282
tier1_seen_conditions,CVCL_0359,plate4,Adagrasib,23,23,12,-0.0003943338903944493,0.4626865671641791,False,0.28205128205128205
tier1_seen_conditions,CVCL_0359,plate4,8-Hydroxyquinoline,27,27,12,-0.008209301291030258,0.44776119402985076,False,0.9230769230769231
tier1_seen_conditions,CVCL_0359,plate4,Chlorhexidine (diacetate),28,28,12,-0.12593339099372614,0.9701492537313433,False,0.7051282051282052
tier1_seen_conditions,CVCL_0359,plate4,Trifluridine,26,26,12,0.07564381856033009,0.21890547263681592,False,0.9743589743589743
tier1_seen_conditions,CVCL_0359,plate4,Retinoic acid,28,28,12,0.15184955829155733,0.024875621890547265,True,1.0
tier1_seen_conditions,CVCL_0359,plate4,Cysteamine (hydrochloride),24,24,12,-0.14050858984602854,0.9402985074626866,False,0.5
tier1_seen_conditions,CVCL_0359,plate4,Vinblastine (sulfate),27,27,12,-0.04520865184607281,0.6766169154228856,False,0.46153846153846156
tier1_seen_conditions,CVCL_0359,plate4,Pasireotide (acetate),26,26,12,-0.04056777195689776,0.6666666666666666,False,0.9871794871794872
tier1_seen_conditions,CVCL_0359,plate4,Riluzole hydrochloride,26,26,12,0.1414951406612026,0.09950248756218906,False,0.8076923076923077
tier1_seen_conditions,CVCL_0359,plate4,Vilanterol,29,29,12,0.003941730971813939,0.42786069651741293,False,1.0
tier1_seen_conditions,CVCL_0359,plate4,Docetaxel,12,12,12,0.21620051691867737,0.014925373134328358,True,0.15384615384615385
tier1_seen_conditions,CVCL_0359,plate4,Bimatoprost,29,29,12,0.056287193490137,0.27860696517412936,False,0.9743589743589743
tier1_seen_conditions,CVCL_0359,plate4,Berberine (chloride hydrate),16,16,12,-0.11079392782364295,0.9303482587064676,False,0.1794871794871795
tier1_seen_conditions,CVCL_0359,plate4,Medroxyprogesterone acetate,21,21,12,-0.13371797643845618,0.9253731343283582,False,0.20512820512820512
tier1_seen_conditions,CVCL_0359,plate4,Neratinib (maleate),19,19,12,-0.03149595897295754,0.572139303482587,False,0.21794871794871795
tier1_seen_conditions,CVCL_0359,plate4,Sinomenine,13,13,12,-0.023446591491781632,0.6318407960199005,False,0.05128205128205128
tier1_seen_conditions,CVCL_0359,plate4,Goserelin (acetate),19,19,12,-0.03681284513106675,0.6368159203980099,False,0.08974358974358974
tier1_seen_conditions,CVCL_0359,plate4,Fusidic acid,27,27,12,-0.08312145233694856,0.845771144278607,False,0.7435897435897436
tier1_seen_conditions,CVCL_0359,plate4,Cloxacillin (sodium),13,13,12,0.15297156622212604,0.05970149253731343,False,0.07692307692307693
tier1_seen_conditions,CVCL_0359,plate4,Pyridoxine (hydrochloride),19,19,12,0.05840597009670567,0.27860696517412936,False,0.2692307692307692
tier1_seen_conditions,CVCL_0359,plate4,Folic acid,22,22,12,-0.007254756411111174,0.472636815920398,False,0.8461538461538461
tier1_seen_conditions,CVCL_0359,plate4,Selinexor,24,24,12,-0.05659136317300373,0.7263681592039801,False,0.9358974358974359
tier1_seen_conditions,CVCL_0359,plate4,Adenine,18,18,12,0.1537865337398845,0.07462686567164178,False,0.7307692307692307
tier1_seen_conditions,CVCL_0359,plate4,Gallic acid,14,14,12,-0.03924451381122829,0.6119402985074627,False,0.08974358974358974
tier1_seen_conditions,CVCL_0359,plate4,Amsacrine,16,16,12,-0.06418542659493909,0.7213930348258707,False,0.05128205128205128
tier1_seen_conditions,CVCL_0099,plate4,Quinestrol,26,26,12,0.1292575479192486,0.0945273631840796,False,0.9491525423728814
tier1_seen_conditions,CVCL_0099,plate4,Trimetrexate,24,24,12,0.08767014065751866,0.16417910447761194,False,0.559322033898305
tier1_seen_conditions,CVCL_0099,plate4,Fluvoxamine (maleate),27,27,12,-0.06272306382231108,0.7611940298507462,False,0.864406779661017
tier1_seen_conditions,CVCL_0099,plate4,Resveratrol,22,22,12,0.051030257901024,0.3034825870646766,False,0.5084745762711864
tier1_seen_conditions,CVCL_0099,plate4,Darinaparsin,28,28,12,0.05742435700631354,0.2736318407960199,False,0.9322033898305084
tier1_seen_conditions,CVCL_0099,plate4,Lenalidomide (hemihydrate),13,13,12,-0.025343404300924632,0.5920398009950248,False,0.288135593220339
tier1_seen_conditions,CVCL_0099,plate4,Sulfisoxazole,23,23,12,0.04204171127383205,0.29850746268656714,False,0.9491525423728814
tier1_seen_conditions,CVCL_0099,plate4,Demeclocycline,28,28,12,0.012771151153959437,0.44776119402985076,False,0.9661016949152542
tier1_seen_conditions,CVCL_0099,plate4,Larotrectinib,25,25,12,0.0478976829339981,0.29850746268656714,False,0.4406779661016949
tier1_seen_conditions,CVCL_0099,plate4,Radotinib,20,20,12,0.16641551910936592,0.07462686567164178,False,0.6610169491525424
tier1_seen_conditions,CVCL_0099,plate4,Rimonabant,15,15,12,0.08224107768061373,0.1791044776119403,False,0.288135593220339
tier1_seen_conditions,CVCL_0099,plate4,Palmatine (chloride),28,28,12,0.0002254932912588714,0.5024875621890548,False,0.9491525423728814
tier1_seen_conditions,CVCL_0099,plate4,Isocorydine,20,20,12,-0.019371111943089048,0.5422885572139303,False,0.5423728813559322
tier1_seen_conditions,CVCL_0099,plate4,Acetohexamide,28,28,12,0.009366596909545777,0.42786069651741293,False,0.847457627118644
tier1_seen_conditions,CVCL_0099,plate4,Megestrol,25,25,12,0.11533137630829593,0.0845771144278607,False,0.7457627118644068
tier1_seen_conditions,CVCL_0099,plate4,Diammonium Glycyrrhizinate,25,25,12,0.056015007735020106,0.2935323383084577,False,0.9322033898305084
tier1_seen_conditions,CVCL_0099,plate4,Ropivacaine (hydrochloride monohydrate),26,26,12,0.046840440152537965,0.3034825870646766,False,0.9830508474576272
tier1_seen_conditions,CVCL_0099,plate4,Salicylic acid,25,25,12,0.06215991791017572,0.208955223880597,False,0.5084745762711864
tier1_seen_conditions,CVCL_0099,plate4,Tofacitinib,27,27,12,-0.006978724723332164,0.4925373134328358,False,0.9491525423728814
tier1_seen_conditions,CVCL_0099,plate4,Gemfibrozil,26,26,12,-0.022021358392658286,0.5870646766169154,False,0.9152542372881356
tier1_seen_conditions,CVCL_0099,plate4,Idarubicin (hydrochloride),23,23,12,-0.005566157924484116,0.5373134328358209,False,0.6610169491525424
tier1_seen_conditions,CVCL_0099,plate4,Rapamycin,27,27,12,-0.05213357278724473,0.7562189054726368,False,0.7966101694915254
tier1_seen_conditions,CVCL_0099,plate4,Ritonavir,23,23,12,0.04171174132455846,0.31343283582089554,False,0.7288135593220338
tier1_seen_conditions,CVCL_0099,plate4,Pentamidine (isethionate),27,27,12,0.15905125241488882,0.05472636815920398,False,1.0
tier1_seen_conditions,CVCL_0099,plate4,Norepinephrine (hydrochloride),18,18,12,0.06540105836211296,0.263681592039801,False,0.8813559322033898
tier1_seen_conditions,CVCL_0099,plate4,Ciclopirox,18,18,12,0.06603291183590443,0.1691542288557214,False,0.4745762711864407
tier1_seen_conditions,CVCL_0099,plate4,Gallic acid (hydrate),27,27,12,0.18436427077729256,0.07462686567164178,False,0.9322033898305084
tier1_seen_conditions,CVCL_0099,plate4,Terfenadine,25,25,12,-0.10028905351626705,0.8905472636815921,False,0.7966101694915254
tier1_seen_conditions,CVCL_0099,plate4,S-Adenosyl-L-methionine (disulfate tosylate),19,19,12,-0.08071856204107064,0.845771144278607,False,0.559322033898305
tier1_seen_conditions,CVCL_0099,plate4,Thymol,13,13,12,-0.11889998381421663,0.9104477611940298,False,0.2711864406779661
tier1_seen_conditions,CVCL_0099,plate4,Adenosine,27,27,12,-0.05475966585771985,0.7512437810945274,False,0.7966101694915254
tier1_seen_conditions,CVCL_0099,plate4,Docetaxel,20,20,12,0.2553416605978196,0.03980099502487562,True,0.3728813559322034
tier1_seen_conditions,CVCL_0099,plate4,Vinblastine (sulfate),12,12,12,0.09363086827387868,0.1890547263681592,False,0.288135593220339
tier1_seen_conditions,CVCL_0099,plate4,Pasireotide (acetate),21,21,12,0.24471550055119629,0.014925373134328358,True,0.7966101694915254
tier1_seen_conditions,CVCL_0099,plate4,Riluzole hydrochloride,27,27,12,0.12637844847038693,0.05970149253731343,False,0.9830508474576272
tier1_seen_conditions,CVCL_0099,plate4,Clotrimazole,25,25,12,0.0215181497560053,0.3880597014925373,False,0.6779661016949152
tier1_seen_conditions,CVCL_0099,plate4,Elagolix sodium,27,27,12,-0.013539512479928462,0.5074626865671642,False,0.9491525423728814
tier1_seen_conditions,CVCL_0099,plate4,Furosemide,14,14,12,0.025178606570490203,0.39800995024875624,False,0.3898305084745763
tier1_seen_conditions,CVCL_0099,plate4,Pyridoxine,21,21,12,-0.0025160793894976052,0.5124378109452736,False,0.6779661016949152
tier1_seen_conditions,CVCL_0099,plate4,18β-Glycyrrhetinic acid,13,13,12,-0.003709827693000989,0.4925373134328358,False,0.2542372881355932
tier1_seen_conditions,CVCL_0099,plate4,Cepharanthine,25,25,12,0.013970557409598072,0.3880597014925373,False,0.8305084745762712
tier1_seen_conditions,CVCL_0099,plate4,Olanzapine,14,14,12,0.07151185987518538,0.1791044776119403,False,0.3728813559322034
tier1_seen_conditions,CVCL_0099,plate4,Temsirolimus,20,20,12,0.0898678080532207,0.15920398009950248,False,0.7627118644067796
tier1_seen_conditions,CVCL_0099,plate4,Tofacitinib (citrate),25,25,12,0.15594386071372135,0.09950248756218906,False,0.4915254237288136
tier1_seen_conditions,CVCL_0099,plate4,Busulfan,16,16,12,0.033245617675977,0.3482587064676617,False,0.3728813559322034
tier1_seen_conditions,CVCL_0099,plate4,Adagrasib,19,19,12,-0.0081772952237813,0.4228855721393035,False,0.3559322033898305
tier1_seen_conditions,CVCL_1478,plate4,Quinestrol,28,28,12,0.26373693999293657,0.009950248756218905,True,0.8157894736842105
tier1_seen_conditions,CVCL_1478,plate4,Tofacitinib,27,27,12,0.06869858473766755,0.24378109452736318,False,0.5789473684210527
tier1_seen_conditions,CVCL_1478,plate4,Trimetrexate,27,27,12,0.4182554815837438,0.05970149253731343,False,0.618421052631579
tier1_seen_conditions,CVCL_1478,plate4,Gemfibrozil,24,24,12,0.18788724463901119,0.06467661691542288,False,0.7763157894736842
tier1_seen_conditions,CVCL_1478,plate4,Terfenadine,26,26,12,0.1806240878325962,0.05970149253731343,False,0.9605263157894737
tier1_seen_conditions,CVCL_1478,plate4,Idarubicin (hydrochloride),28,28,12,0.023925601788505446,0.40298507462686567,False,0.5
tier1_seen_conditions,CVCL_1478,plate4,Elagolix sodium,28,28,12,0.09152654891521017,0.13432835820895522,False,0.8289473684210527
tier1_seen_conditions,CVCL_1478,plate4,Resveratrol,27,27,12,0.0017068922249059426,0.4427860696517413,False,0.4342105263157895
tier1_seen_conditions,CVCL_1478,plate4,Rapamycin,26,26,12,0.027354512881954562,0.38308457711442784,False,0.9868421052631579
tier1_seen_conditions,CVCL_1478,plate4,Thymol,28,28,12,0.09473437840103216,0.17412935323383086,False,0.6447368421052632
tier1_seen_conditions,CVCL_1478,plate4,Darinaparsin,29,29,12,0.34505768400688197,0.03980099502487562,True,0.9868421052631579
tier1_seen_conditions,CVCL_1478,plate4,Lenalidomide (hemihydrate),28,28,12,0.1398862188255059,0.13930348258706468,False,0.5921052631578947
tier1_seen_conditions,CVCL_1478,plate4,Ritonavir,28,28,12,0.02071424976545977,0.34328358208955223,False,0.27631578947368424
tier1_seen_conditions,CVCL_1478,plate4,Pentamidine (isethionate),24,24,12,0.11255013495130761,0.19402985074626866,False,0.7763157894736842
tier1_seen_conditions,CVCL_1478,plate4,Adenosine,27,27,12,0.14071730366751822,0.14925373134328357,False,0.7763157894736842
tier1_seen_conditions,CVCL_1478,plate4,Sulfisoxazole,27,27,12,0.03498389152982284,0.29850746268656714,False,0.868421052631579
tier1_seen_conditions,CVCL_1478,plate4,Ciclopirox,28,28,12,0.12526226863189827,0.09950248756218906,False,0.9605263157894737
tier1_seen_conditions,CVCL_1478,plate4,Demeclocycline,25,25,12,0.3971811152899569,0.029850746268656716,True,0.21052631578947367
tier1_seen_conditions,CVCL_1478,plate4,Mitoxantrone (dihydrochloride),26,26,12,0.09611513659921656,0.14427860696517414,False,1.0
tier1_seen_conditions,CVCL_1478,plate4,Larotrectinib,26,26,12,0.10439513334883266,0.11940298507462686,False,0.9473684210526315
tier1_seen_conditions,CVCL_1478,plate4,Busulfan,24,24,12,0.08288018358358507,0.18407960199004975,False,0.9736842105263158
tier1_seen_conditions,CVCL_1478,plate4,Cepharanthine,25,25,12,0.12040746378233713,0.14925373134328357,False,0.5263157894736842
tier1_seen_conditions,CVCL_1478,plate4,Radotinib,27,27,12,0.06928440022447724,0.263681592039801,False,0.4868421052631579
tier1_seen_conditions,CVCL_1478,plate4,Allantoin,21,21,12,0.1679859703874751,0.07960199004975124,False,0.8552631578947368
tier1_seen_conditions,CVCL_1478,plate4,Bimatoprost,27,27,12,0.05838127013503147,0.22885572139303484,False,0.5526315789473685
tier1_seen_conditions,CVCL_1478,plate4,Olanzapine,27,27,12,0.09648985355057071,0.16417910447761194,False,0.23684210526315788
tier1_seen_conditions,CVCL_1478,plate4,Rimonabant,23,23,12,0.09749564337145245,0.18407960199004975,False,0.3157894736842105
tier1_seen_conditions,CVCL_1478,plate4,Pentagastrin,25,25,12,0.2027420543834335,0.06467661691542288,False,0.8289473684210527
tier1_seen_conditions,CVCL_1478,plate4,Relugolix,25,25,12,0.1919857527803135,0.07960199004975124,False,0.8157894736842105
tier1_seen_conditions,CVCL_1478,plate4,Homoharringtonine,23,23,12,0.2557001018090723,0.01990049751243781,True,0.9078947368421053
tier1_seen_conditions,CVCL_1478,plate4,Riluzole hydrochloride,26,26,12,0.09488371656982508,0.17412935323383086,False,0.8157894736842105
tier1_seen_conditions,CVCL_1478,plate4,Isocorydine,29,29,12,0.05037227745316031,0.24378109452736318,False,0.9342105263157895
tier1_seen_conditions,CVCL_1478,plate4,Furosemide,25,25,12,0.1103483807175536,0.16417910447761194,False,0.9078947368421053
tier1_seen_conditions,CVCL_1478,plate4,Clotrimazole,27,27,12,0.05960970551745426,0.22885572139303484,False,0.868421052631579
tier1_seen_conditions,CVCL_1478,plate4,Sodium Salicylate,26,26,12,0.08778835843174981,0.14925373134328357,False,0.9210526315789473
tier1_seen_conditions,CVCL_1478,plate4,Gallic acid (hydrate),27,27,12,0.1288657961258437,0.0845771144278607,False,1.0
tier1_seen_conditions,CVCL_1478,plate4,Megestrol,26,26,12,0.37119517372155464,0.024875621890547265,True,0.9736842105263158
tier1_seen_conditions,CVCL_1478,plate4,Diammonium Glycyrrhizinate,28,28,12,0.09645380509545731,0.19402985074626866,False,0.868421052631579
tier1_seen_conditions,CVCL_1478,plate4,Fluvoxamine (maleate),29,29,12,0.1638451029244763,0.0945273631840796,False,0.5263157894736842
tier1_seen_conditions,CVCL_1478,plate4,Norepinephrine (hydrochloride),28,28,12,0.13388237684737803,0.1044776119402985,False,0.9605263157894737
tier1_seen_conditions,CVCL_1478,plate4,Pyridoxine,29,29,12,0.03456118615342341,0.3283582089552239,False,0.7763157894736842
tier1_seen_conditions,CVCL_1478,plate4,Acetohexamide,27,27,12,0.2048052857779581,0.07960199004975124,False,0.5921052631578947
tier1_seen_conditions,CVCL_1478,plate4,Temsirolimus,27,27,12,0.08922365904416374,0.13432835820895522,False,0.9473684210526315
tier1_seen_conditions,CVCL_1478,plate4,L-Thyroxine (sodium salt pentahydrate),29,29,12,0.383438773263455,0.05970149253731343,False,0.868421052631579
tier1_seen_conditions,CVCL_1478,plate4,Ropivacaine (hydrochloride monohydrate),28,28,12,0.18720040393571402,0.07960199004975124,False,1.0
tier1_seen_conditions,CVCL_1478,plate4,Salicylic acid,27,27,12,0.18645262513747696,0.03482587064676617,True,0.6052631578947368
tier1_seen_conditions,CVCL_1478,plate4,18β-Glycyrrhetinic acid,26,26,12,0.024172361677901932,0.3681592039800995,False,0.5921052631578947
tier1_seen_conditions,CVCL_1478,plate4,S-Adenosyl-L-methionine (disulfate tosylate),29,29,12,0.09964863996887097,0.1691542288557214,False,0.7763157894736842
tier1_seen_conditions,CVCL_1478,plate4,Vilanterol,28,28,12,0.0757063713407593,0.20398009950248755,False,0.9473684210526315
tier1_seen_conditions,CVCL_1478,plate4,Lidocaine (hydrochloride),18,18,12,0.07081020165502849,0.2537313432835821,False,0.631578947368421
tier1_seen_conditions,CVCL_1478,plate4,Docetaxel,21,21,12,0.05832156273656253,0.22885572139303484,False,0.7631578947368421
tier1_seen_conditions,CVCL_1478,plate4,Adagrasib,24,24,12,0.23639019366440017,0.024875621890547265,True,0.7236842105263158
tier1_seen_conditions,CVCL_1478,plate4,8-Hydroxyquinoline,25,25,12,0.308539139859084,0.04477611940298507,True,0.618421052631579
tier1_seen_conditions,CVCL_1478,plate4,Trifluridine,28,28,12,0.03788523100176988,0.32338308457711445,False,0.9210526315789473
tier1_seen_conditions,CVCL_1478,plate4,Retinoic acid,27,27,12,0.35946817896522454,0.004975124378109453,True,0.9736842105263158
tier1_seen_conditions,CVCL_1478,plate4,Cysteamine (hydrochloride),15,15,12,0.1768403768633462,0.05970149253731343,False,0.09210526315789473
tier1_seen_conditions,CVCL_1478,plate4,Vinblastine (sulfate),26,26,12,0.44145911326072174,0.004975124378109453,True,0.868421052631579
tier1_seen_conditions,CVCL_1478,plate4,Pasireotide (acetate),27,27,12,0.14998130061643344,0.11442786069651742,False,0.8947368421052632
tier1_seen_conditions,CVCL_1478,plate4,Tucidinostat,25,25,12,0.05614569224916721,0.1791044776119403,False,0.5921052631578947
tier1_seen_conditions,CVCL_1478,plate4,Bergenin,27,27,12,0.1961618056371055,0.06965174129353234,False,0.8947368421052632
tier1_seen_conditions,CVCL_1478,plate4,Triamcinolone,28,28,12,0.1742123646258964,0.07462686567164178,False,1.0
tier1_seen_conditions,CVCL_1478,plate4,Lumateperone (tosylate),29,29,12,-0.04198131723130416,0.7064676616915423,False,0.5789473684210527
tier1_seen_conditions,CVCL_1478,plate4,Medroxyprogesterone acetate,14,14,12,0.14186131906479815,0.05472636815920398,False,0.15789473684210525
tier1_seen_conditions,CVCL_1478,plate4,Goserelin (acetate),15,15,12,0.2563080443277084,0.03482587064676617,True,0.07894736842105263
tier1_seen_conditions,CVCL_1478,plate4,Fusidic acid,21,21,12,0.1646468188383512,0.0845771144278607,False,0.2894736842105263
tier1_seen_conditions,CVCL_1478,plate4,Balsalazide (sodium hydrate),16,16,12,0.16903723805993565,0.05970149253731343,False,0.18421052631578946
tier1_seen_conditions,CVCL_1478,plate4,Cloxacillin (sodium),14,14,12,0.004296532563559552,0.48756218905472637,False,0.17105263157894737
tier1_seen_conditions,CVCL_1478,plate4,Artesunate,21,21,12,0.30818868018680234,0.024875621890547265,True,0.868421052631579
tier1_seen_conditions,CVCL_1478,plate4,Selinexor,26,26,12,0.10264397311429185,0.13432835820895522,False,0.27631578947368424
tier1_seen_conditions,CVCL_1478,plate4,Adenine,21,21,12,0.20422649235179335,0.0945273631840796,False,0.2236842105263158
tier1_seen_conditions,CVCL_1478,plate4,Gallic acid,12,12,12,0.29924928185038446,0.06965174129353234,False,0.23684210526315788
tier1_seen_conditions,CVCL_1478,plate4,Amsacrine,16,16,12,0.3773232758365417,0.029850746268656716,True,0.631578947368421
tier1_seen_conditions,CVCL_1478,plate4,Chlorhexidine (diacetate),24,24,12,-0.01001253145443215,0.5223880597014925,False,0.34210526315789475
tier1_seen_conditions,CVCL_1517,plate4,Quinestrol,27,27,12,0.16616430805720483,0.07960199004975124,False,0.726027397260274
tier1_seen_conditions,CVCL_1517,plate4,Tofacitinib,27,27,12,0.2038458185641545,0.024875621890547265,True,0.4794520547945205
tier1_seen_conditions,CVCL_1517,plate4,Trimetrexate,26,26,12,0.09839138215592946,0.15920398009950248,False,0.7397260273972602
tier1_seen_conditions,CVCL_1517,plate4,Gemfibrozil,26,26,12,-0.07143595436390626,0.7661691542288557,False,0.958904109589041
tier1_seen_conditions,CVCL_1517,plate4,18β-Glycyrrhetinic acid,29,29,12,-0.09874690606607928,0.8706467661691543,False,0.2602739726027397
tier1_seen_conditions,CVCL_1517,plate4,Terfenadine,28,28,12,-0.06356768954558945,0.7711442786069652,False,0.7534246575342466
tier1_seen_conditions,CVCL_1517,plate4,S-Adenosyl-L-methionine (disulfate tosylate),25,25,12,0.10041117599580396,0.1044776119402985,False,0.3424657534246575
tier1_seen_conditions,CVCL_1517,plate4,Idarubicin (hydrochloride),28,28,12,0.38995387716374985,0.004975124378109453,True,0.6986301369863014
tier1_seen_conditions,CVCL_1517,plate4,Elagolix sodium,26,26,12,0.0975041697769683,0.1890547263681592,False,0.7808219178082192
tier1_seen_conditions,CVCL_1517,plate4,Rapamycin,25,25,12,0.036169384758505174,0.3333333333333333,False,0.863013698630137
tier1_seen_conditions,CVCL_1517,plate4,Thymol,25,25,12,0.12888949933879879,0.14925373134328357,False,0.3835616438356164
tier1_seen_conditions,CVCL_1517,plate4,Darinaparsin,26,26,12,0.02161899765117603,0.36318407960199006,False,0.7123287671232876
tier1_seen_conditions,CVCL_1517,plate4,Vilanterol,28,28,12,0.054308378555427694,0.22388059701492538,False,1.0
tier1_seen_conditions,CVCL_1517,plate4,Lenalidomide (hemihydrate),26,26,12,0.07793934739267172,0.21890547263681592,False,0.3972602739726027
tier1_seen_conditions,CVCL_1517,plate4,Pentamidine (isethionate),23,23,12,-0.04179325076503382,0.681592039800995,False,0.273972602739726
tier1_seen_conditions,CVCL_1517,plate4,Norepinephrine (hydrochloride),26,26,12,0.03331636576203678,0.373134328358209,False,0.9863013698630136
tier1_seen_conditions,CVCL_1517,plate4,Lidocaine (hydrochloride),17,17,12,0.0993699193433617,0.16417910447761194,False,0.2191780821917808
tier1_seen_conditions,CVCL_1517,plate4,Demeclocycline,25,25,12,0.3182749760383139,0.004975124378109453,True,0.5205479452054794
tier1_seen_conditions,CVCL_1517,plate4,Larotrectinib,27,27,12,0.20357153970599917,0.029850746268656716,True,0.821917808219178
tier1_seen_conditions,CVCL_1517,plate4,Busulfan,27,27,12,0.06588461092436049,0.1890547263681592,False,0.6164383561643836
tier1_seen_conditions,CVCL_1517,plate4,Cepharanthine,26,26,12,0.010950843324900816,0.472636815920398,False,0.0821917808219178
tier1_seen_conditions,CVCL_1517,plate4,Radotinib,27,27,12,0.2866892636635061,0.014925373134328358,True,0.726027397260274
tier1_seen_conditions,CVCL_1517,plate4,Triclosan,27,27,12,0.11371573987432626,0.10945273631840796,False,0.8356164383561644
tier1_seen_conditions,CVCL_1517,plate4,Tucidinostat,26,26,12,0.04360083881949883,0.25870646766169153,False,0.5616438356164384
tier1_seen_conditions,CVCL_1517,plate4,Bergenin,27,27,12,-0.01776117803991184,0.5174129353233831,False,0.7945205479452054
tier1_seen_conditions,CVCL_1517,plate4,Allantoin,28,28,12,-0.02933214726518507,0.5572139303482587,False,0.958904109589041
tier1_seen_conditions,CVCL_1517,plate4,Bimatoprost,28,28,12,0.3233141391438128,0.009950248756218905,True,0.958904109589041
tier1_seen_conditions,CVCL_1517,plate4,Olanzapine,27,27,12,0.1886559663919467,0.03980099502487562,True,0.7945205479452054
tier1_seen_conditions,CVCL_1517,plate4,Pentagastrin,28,28,12,0.5365247742854766,0.004975124378109453,True,0.9863013698630136
tier1_seen_conditions,CVCL_1517,plate4,Lumateperone (tosylate),24,24,12,-0.022596827914281192,0.5621890547263682,False,1.0
tier1_seen_conditions,CVCL_1517,plate4,Relugolix,28,28,12,0.20674132364967868,0.03980099502487562,True,0.7945205479452054
tier1_seen_conditions,CVCL_1517,plate4,Hexylresorcinol,28,28,12,0.4393729999323437,0.014925373134328358,True,0.726027397260274
tier1_seen_conditions,CVCL_1517,plate4,Riluzole hydrochloride,26,26,12,0.4509852646688284,0.004975124378109453,True,0.7808219178082192
tier1_seen_conditions,CVCL_1517,plate4,Palmatine (chloride),24,24,12,0.004705396412999718,0.46766169154228854,False,0.3013698630136986
tier1_seen_conditions,CVCL_1517,plate4,Isocorydine,27,27,12,0.030996068672468624,0.373134328358209,False,0.589041095890411
tier1_seen_conditions,CVCL_1517,plate4,Raltitrexed,28,28,12,0.33578505696028316,0.009950248756218905,True,0.9178082191780822
tier1_seen_conditions,CVCL_1517,plate4,Furosemide,25,25,12,0.1488665519282506,0.07462686567164178,False,0.684931506849315
tier1_seen_conditions,CVCL_1517,plate4,Clotrimazole,29,29,12,0.3418796244929343,0.004975124378109453,True,0.9315068493150684
tier1_seen_conditions,CVCL_1517,plate4,Sodium Salicylate,27,27,12,0.26126710632872907,0.024875621890547265,True,0.958904109589041
tier1_seen_conditions,CVCL_1517,plate4,Gallic acid (hydrate),26,26,12,-0.011434417541062558,0.5671641791044776,False,0.8493150684931506
tier1_seen_conditions,CVCL_1517,plate4,Acetohexamide,28,28,12,0.04564792969013709,0.35323383084577115,False,0.6027397260273972
tier1_seen_conditions,CVCL_1517,plate4,Diammonium Glycyrrhizinate,27,27,12,0.09994900385304284,0.17412935323383086,False,0.7945205479452054
tier1_seen_conditions,CVCL_1517,plate4,L-Thyroxine (sodium salt pentahydrate),26,26,12,0.1882159096517384,0.07960199004975124,False,0.4657534246575342
tier1_seen_conditions,CVCL_1517,plate4,Ropivacaine (hydrochloride monohydrate),27,27,12,0.042749686453595004,0.3880597014925373,False,0.8767123287671232
tier1_seen_conditions,CVCL_1517,plate4,Salicylic acid,26,26,12,0.3578408190305069,0.01990049751243781,True,0.2191780821917808
tier1_seen_conditions,CVCL_1517,plate4,Fluvoxamine (maleate),29,29,12,0.03524019966280356,0.263681592039801,False,0.9315068493150684
tier1_seen_conditions,CVCL_1517,plate4,Resveratrol,27,27,12,0.17447179832107906,0.07462686567164178,False,0.684931506849315
tier1_seen_conditions,CVCL_1517,plate4,Adenosine,26,26,12,0.267921036338322,0.009950248756218905,True,0.9452054794520548
tier1_seen_conditions,CVCL_1517,plate4,Sulfisoxazole,29,29,12,0.031143083512437997,0.3482587064676617,False,0.9726027397260274
tier1_seen_conditions,CVCL_1517,plate4,Ciclopirox,29,29,12,0.03508465137041661,0.38308457711442784,False,0.9041095890410958
tier1_seen_conditions,CVCL_1517,plate4,Temsirolimus,27,27,12,0.05283103812511847,0.2736318407960199,False,0.9863013698630136
tier1_seen_conditions,CVCL_1517,plate4,Megestrol,29,29,12,0.3071224797987462,0.004975124378109453,True,1.0
tier1_seen_conditions,CVCL_1517,plate4,Tofacitinib (citrate),29,29,12,0.5360068856259712,0.004975124378109453,True,0.8493150684931506
tier1_seen_conditions,CVCL_1517,plate4,Ritonavir,29,29,12,0.1346043431400652,0.1044776119402985,False,0.9863013698630136
tier1_seen_conditions,CVCL_1517,plate4,Mitoxantrone (dihydrochloride),26,26,12,0.6643192721468392,0.004975124378109453,True,0.958904109589041
tier1_seen_conditions,CVCL_1517,plate4,Adagrasib,27,27,12,0.3900881063275534,0.004975124378109453,True,0.9726027397260274
tier1_seen_conditions,CVCL_1517,plate4,Trifluridine,26,26,12,0.014001776040959868,0.4228855721393035,False,0.6301369863013698
tier1_seen_conditions,CVCL_1517,plate4,Retinoic acid,27,27,12,0.5570714756579811,0.004975124378109453,True,0.9041095890410958
tier1_seen_conditions,CVCL_1517,plate4,Cysteamine (hydrochloride),28,28,12,0.15852237647417589,0.11940298507462686,False,0.7534246575342466
tier1_seen_conditions,CVCL_1517,plate4,Vinblastine (sulfate),22,22,12,0.28687011636037063,0.014925373134328358,True,0.2191780821917808
tier1_seen_conditions,CVCL_1517,plate4,Pasireotide (acetate),28,28,12,0.30524166599396985,0.029850746268656716,True,0.9863013698630136
tier1_seen_conditions,CVCL_1517,plate4,Triamcinolone,18,18,12,0.206050640225941,0.03482587064676617,True,0.3287671232876712
tier1_seen_conditions,CVCL_1517,plate4,Rimonabant,29,29,12,0.31602667949491625,0.01990049751243781,True,0.9315068493150684
tier1_seen_conditions,CVCL_1517,plate4,Docetaxel,17,17,12,0.3240943369174474,0.004975124378109453,True,1.0
tier1_seen_conditions,CVCL_1517,plate4,Berberine (chloride hydrate),19,19,12,0.25296307504423154,0.029850746268656716,True,0.2465753424657534
tier1_seen_conditions,CVCL_1517,plate4,Neratinib (maleate),22,22,12,-0.05464266959032926,0.7313432835820896,False,0.7123287671232876
tier1_seen_conditions,CVCL_1517,plate4,Fusidic acid,22,22,12,0.0305928586194959,0.35323383084577115,False,0.6164383561643836
tier1_seen_conditions,CVCL_1517,plate4,Cloxacillin (sodium),18,18,12,0.26932195141489146,0.029850746268656716,True,0.2191780821917808
tier1_seen_conditions,CVCL_1517,plate4,Pyridoxine (hydrochloride),14,14,12,0.8331687094257685,0.004975124378109453,True,0.5068493150684932
tier1_seen_conditions,CVCL_1517,plate4,Folic acid,15,15,12,0.48964258405439587,0.004975124378109453,True,0.0684931506849315
tier1_seen_conditions,CVCL_1517,plate4,Selinexor,25,25,12,0.5266888788111217,0.004975124378109453,True,0.9726027397260274
tier1_seen_conditions,CVCL_1517,plate4,Chlorhexidine (diacetate),29,29,12,0.13434680716542324,0.06467661691542288,False,0.5205479452054794
tier1_seen_conditions,CVCL_0459,plate4,Quinestrol,25,25,12,0.2709752021868592,0.024875621890547265,True,0.7848101265822784
tier1_seen_conditions,CVCL_0459,plate4,Tofacitinib,26,26,12,-0.014554184726403463,0.6119402985074627,False,0.9240506329113924
tier1_seen_conditions,CVCL_0459,plate4,Trimetrexate,25,25,12,0.017432629838557645,0.4427860696517413,False,0.45569620253164556
tier1_seen_conditions,CVCL_0459,plate4,Gemfibrozil,27,27,12,0.18137180017680876,0.029850746268656716,True,0.8860759493670886
tier1_seen_conditions,CVCL_0459,plate4,18β-Glycyrrhetinic acid,27,27,12,-0.03510650021814321,0.7114427860696517,False,0.759493670886076
tier1_seen_conditions,CVCL_0459,plate4,Terfenadine,26,26,12,-0.0001504683461472922,0.4577114427860697,False,0.7848101265822784
tier1_seen_conditions,CVCL_0459,plate4,Fluvoxamine (maleate),28,28,12,0.05733907750124878,0.24378109452736318,False,0.569620253164557
tier1_seen_conditions,CVCL_0459,plate4,S-Adenosyl-L-methionine (disulfate tosylate),28,28,12,0.0484314272628783,0.2935323383084577,False,0.9873417721518988
tier1_seen_conditions,CVCL_0459,plate4,Idarubicin (hydrochloride),29,29,12,0.09024684719984144,0.14925373134328357,False,0.8607594936708861
tier1_seen_conditions,CVCL_0459,plate4,Elagolix sodium,28,28,12,0.05470161300419285,0.23880597014925373,False,0.8987341772151899
tier1_seen_conditions,CVCL_0459,plate4,Resveratrol,25,25,12,0.033730332753277636,0.34328358208955223,False,0.6075949367088608
tier1_seen_conditions,CVCL_0459,plate4,Rapamycin,27,27,12,0.4453550477435755,0.004975124378109453,True,0.6582278481012658
tier1_seen_conditions,CVCL_0459,plate4,Tofacitinib (citrate),25,25,12,0.14517594869910866,0.024875621890547265,True,0.17721518987341772
tier1_seen_conditions,CVCL_0459,plate4,Thymol,28,28,12,0.04077142971001102,0.31840796019900497,False,0.6708860759493671
tier1_seen_conditions,CVCL_0459,plate4,Darinaparsin,25,25,12,0.09466574128853367,0.13930348258706468,False,0.7721518987341772
tier1_seen_conditions,CVCL_0459,plate4,Vilanterol,28,28,12,0.21591529184414604,0.024875621890547265,True,0.6835443037974683
tier1_seen_conditions,CVCL_0459,plate4,Lenalidomide (hemihydrate),27,27,12,-0.08347771498802103,0.8258706467661692,False,0.9367088607594937
tier1_seen_conditions,CVCL_0459,plate4,Ritonavir,27,27,12,0.009073917049269298,0.40298507462686567,False,0.1518987341772152
tier1_seen_conditions,CVCL_0459,plate4,Pentamidine (isethionate),27,27,12,-0.008717266250485523,0.5870646766169154,False,0.6455696202531646
tier1_seen_conditions,CVCL_0459,plate4,Adenosine,26,26,12,0.050250738761649316,0.263681592039801,False,0.9620253164556962
tier1_seen_conditions,CVCL_0459,plate4,Sulfisoxazole,28,28,12,0.19066097020500017,0.029850746268656716,True,0.46835443037974683
tier1_seen_conditions,CVCL_0459,plate4,Norepinephrine (hydrochloride),28,28,12,-0.022952851945078123,0.6218905472636815,False,0.4430379746835443
tier1_seen_conditions,CVCL_0459,plate4,Ciclopirox,29,29,12,-0.08619679288688964,0.8258706467661692,False,0.9873417721518988
tier1_seen_conditions,CVCL_0459,plate4,Demeclocycline,25,25,12,0.06592197395234223,0.19900497512437812,False,0.6329113924050633
tier1_seen_conditions,CVCL_0459,plate4,Mitoxantrone (dihydrochloride),28,28,12,0.17420080111993919,0.04477611940298507,True,0.8607594936708861
tier1_seen_conditions,CVCL_0459,plate4,Busulfan,25,25,12,0.053008722308000245,0.27860696517412936,False,0.5949367088607594
tier1_seen_conditions,CVCL_0459,plate4,Cepharanthine,24,24,12,0.06906850980109347,0.22885572139303484,False,0.5443037974683544
tier1_seen_conditions,CVCL_0459,plate4,Radotinib,26,26,12,0.3058736812519687,0.014925373134328358,True,0.9746835443037974
tier1_seen_conditions,CVCL_0459,plate4,Triclosan,27,27,12,0.3279913423337302,0.009950248756218905,True,0.4936708860759494
tier1_seen_conditions,CVCL_0459,plate4,Tucidinostat,25,25,12,0.015269174341691283,0.38308457711442784,False,0.9113924050632911
tier1_seen_conditions,CVCL_0459,plate4,Bergenin,28,28,12,0.13881095441823632,0.07462686567164178,False,0.6329113924050633
tier1_seen_conditions,CVCL_0459,plate4,Allantoin,29,29,12,-0.08625417450271833,0.8606965174129353,False,0.5063291139240507
tier1_seen_conditions,CVCL_0459,plate4,Bimatoprost,26,26,12,0.11494173541646902,0.10945273631840796,False,0.13924050632911392
tier1_seen_conditions,CVCL_0459,plate4,Triamcinolone,26,26,12,-0.03404317078310726,0.5870646766169154,False,0.8607594936708861
tier1_seen_conditions,CVCL_0459,plate4,Olanzapine,28,28,12,0.05105839991654193,0.29850746268656714,False,0.8734177215189873
tier1_seen_conditions,CVCL_0459,plate4,Rimonabant,28,28,12,-0.05380381051715055,0.7810945273631841,False,0.43037974683544306
tier1_seen_conditions,CVCL_0459,plate4,Pentagastrin,27,27,12,0.09621692315333163,0.12935323383084577,False,0.9493670886075949
tier1_seen_conditions,CVCL_0459,plate4,Lumateperone (tosylate),26,26,12,0.028274321015972603,0.34328358208955223,False,0.7468354430379747
tier1_seen_conditions,CVCL_0459,plate4,Relugolix,24,24,12,0.073799302623069,0.2736318407960199,False,0.21518987341772153
tier1_seen_conditions,CVCL_0459,plate4,Homoharringtonine,29,29,12,0.7823627560759618,0.004975124378109453,True,1.0
tier1_seen_conditions,CVCL_0459,plate4,Riluzole hydrochloride,27,27,12,0.09362240608078665,0.1691542288557214,False,0.6075949367088608
tier1_seen_conditions,CVCL_0459,plate4,Palmatine (chloride),28,28,12,0.030372933540052216,0.3034825870646766,False,0.9746835443037974
tier1_seen_conditions,CVCL_0459,plate4,Isocorydine,27,27,12,0.12274211870107266,0.1044776119402985,False,0.5822784810126582
tier1_seen_conditions,CVCL_0459,plate4,Raltitrexed,29,29,12,0.10226031532329571,0.11940298507462686,False,0.8227848101265823
tier1_seen_conditions,CVCL_0459,plate4,Furosemide,26,26,12,0.053817591537054454,0.25870646766169153,False,0.9367088607594937
tier1_seen_conditions,CVCL_0459,plate4,Sodium Salicylate,25,25,12,0.051776910024988965,0.26865671641791045,False,0.8354430379746836
tier1_seen_conditions,CVCL_0459,plate4,Gallic acid (hydrate),26,26,12,0.06424708268526125,0.15422885572139303,False,0.759493670886076
tier1_seen_conditions,CVCL_0459,plate4,Pyridoxine,27,27,12,0.146474609275014,0.07960199004975124,False,0.9620253164556962
tier1_seen_conditions,CVCL_0459,plate4,Acetohexamide,28,28,12,0.13041256823561298,0.06467661691542288,False,0.9620253164556962
tier1_seen_conditions,CVCL_0459,plate4,Temsirolimus,27,27,12,0.10778186775128162,0.0845771144278607,False,0.6708860759493671
tier1_seen_conditions,CVCL_0459,plate4,Megestrol,24,24,12,0.18776899338185693,0.04975124378109453,True,0.759493670886076
tier1_seen_conditions,CVCL_0459,plate4,Diammonium Glycyrrhizinate,26,26,12,-0.011085382843557312,0.5074626865671642,False,0.8987341772151899
tier1_seen_conditions,CVCL_0459,plate4,L-Thyroxine (sodium salt pentahydrate),28,28,12,0.08510806621009159,0.15920398009950248,False,0.9746835443037974
tier1_seen_conditions,CVCL_0459,plate4,Ropivacaine (hydrochloride monohydrate),28,28,12,-0.11052311025212447,0.9502487562189055,False,0.9493670886075949
tier1_seen_conditions,CVCL_0459,plate4,Salicylic acid,28,28,12,0.22517763106756306,0.01990049751243781,True,0.7341772151898734
tier1_seen_conditions,CVCL_0459,plate4,Clotrimazole,28,28,12,0.24669668822147628,0.004975124378109453,True,0.9746835443037974
tier1_seen_conditions,CVCL_0459,plate4,Docetaxel,28,28,12,-0.02257841618484413,0.582089552238806,False,0.759493670886076
tier1_seen_conditions,CVCL_0459,plate4,Adagrasib,23,23,12,0.13057648222720353,0.12437810945273632,False,0.13924050632911392
tier1_seen_conditions,CVCL_0459,plate4,8-Hydroxyquinoline,29,29,12,0.13170984299120114,0.10945273631840796,False,0.9113924050632911
tier1_seen_conditions,CVCL_0459,plate4,Chlorhexidine (diacetate),28,28,12,0.26272325879303793,0.06467661691542288,False,0.8734177215189873
tier1_seen_conditions,CVCL_0459,plate4,Retinoic acid,27,27,12,0.30642701249270665,0.009950248756218905,True,0.0759493670886076
tier1_seen_conditions,CVCL_0459,plate4,Cysteamine (hydrochloride),22,22,12,0.05519020768501903,0.22885572139303484,False,0.0379746835443038
tier1_seen_conditions,CVCL_0459,plate4,Pasireotide (acetate),28,28,12,0.303761063444286,0.004975124378109453,True,1.0
tier1_seen_conditions,CVCL_0459,plate4,Lidocaine (hydrochloride),27,27,12,0.13105306918717474,0.04477611940298507,True,0.8987341772151899
tier1_seen_conditions,CVCL_0459,plate4,Hexylresorcinol,29,29,12,0.28523860895192676,0.009950248756218905,True,0.9240506329113924
tier1_seen_conditions,CVCL_0459,plate4,Berberine (chloride hydrate),29,29,12,0.0008615477883253675,0.5024875621890548,False,0.9620253164556962
tier1_seen_conditions,CVCL_0459,plate4,Medroxyprogesterone acetate,22,22,12,-0.013199068620124876,0.5472636815920398,False,0.8227848101265823
tier1_seen_conditions,CVCL_0459,plate4,Neratinib (maleate),23,23,12,0.15424475834967843,0.05472636815920398,False,0.379746835443038
tier1_seen_conditions,CVCL_0459,plate4,Sinomenine,15,15,12,0.09440582740104908,0.18407960199004975,False,0.08860759493670886
tier1_seen_conditions,CVCL_0459,plate4,Goserelin (acetate),24,24,12,0.49025822527396734,0.004975124378109453,True,0.31645569620253167
tier1_seen_conditions,CVCL_0459,plate4,Fusidic acid,27,27,12,0.08630747367856273,0.13930348258706468,False,0.6329113924050633
tier1_seen_conditions,CVCL_0459,plate4,Balsalazide (sodium hydrate),28,28,12,0.3204397620514694,0.004975124378109453,True,0.11392405063291139
tier1_seen_conditions,CVCL_0459,plate4,Cloxacillin (sodium),28,28,12,0.140071865058772,0.07960199004975124,False,0.9620253164556962
tier1_seen_conditions,CVCL_0459,plate4,Artesunate,29,29,12,0.043351122182178514,0.2935323383084577,False,0.6582278481012658
tier1_seen_conditions,CVCL_0459,plate4,Pyridoxine (hydrochloride),27,27,12,0.628742510531568,0.004975124378109453,True,1.0
tier1_seen_conditions,CVCL_0459,plate4,Folic acid,27,27,12,0.16530838781351065,0.04975124378109453,True,0.46835443037974683
tier1_seen_conditions,CVCL_0459,plate4,Selinexor,28,28,12,0.24101641387957606,0.01990049751243781,True,0.7848101265822784
tier1_seen_conditions,CVCL_0459,plate4,Adenine,27,27,12,0.3558123873120813,0.004975124378109453,True,0.31645569620253167
tier1_seen_conditions,CVCL_0459,plate4,Gallic acid,21,21,12,0.4220741304950373,0.004975124378109453,True,0.20253164556962025
tier1_seen_conditions,CVCL_0459,plate4,Amsacrine,26,26,12,0.31536564363906194,0.01990049751243781,True,0.6455696202531646
tier1_seen_conditions,CVCL_0428,plate4,Quinestrol,27,27,12,0.01324222181783341,0.43283582089552236,False,1.0
tier1_seen_conditions,CVCL_0428,plate4,Tofacitinib,28,28,12,-0.10115215107064657,0.9054726368159204,False,0.8055555555555556
tier1_seen_conditions,CVCL_0428,plate4,Trimetrexate,27,27,12,-0.07979606369240422,0.8507462686567164,False,1.0
tier1_seen_conditions,CVCL_0428,plate4,18β-Glycyrrhetinic acid,28,28,12,0.013947123728382138,0.417910447761194,False,0.9583333333333334
tier1_seen_conditions,CVCL_0428,plate4,Terfenadine,22,22,12,-0.17183067537949448,0.9850746268656716,False,0.9444444444444444
tier1_seen_conditions,CVCL_0428,plate4,Fluvoxamine (maleate),27,27,12,0.1398989783512672,0.04477611940298507,True,0.625
tier1_seen_conditions,CVCL_0428,plate4,Idarubicin (hydrochloride),29,29,12,0.09752442270115935,0.14925373134328357,False,0.9722222222222222
tier1_seen_conditions,CVCL_0428,plate4,Elagolix sodium,26,26,12,-0.01204706074971007,0.5422885572139303,False,0.9444444444444444
tier1_seen_conditions,CVCL_0428,plate4,Thymol,26,26,12,-0.004012628736909107,0.42786069651741293,False,0.7083333333333334
tier1_seen_conditions,CVCL_0428,plate4,Ritonavir,27,27,12,0.2136910521985893,0.029850746268656716,True,1.0
tier1_seen_conditions,CVCL_0428,plate4,Adenosine,27,27,12,0.07638185443521017,0.24875621890547264,False,0.875
tier1_seen_conditions,CVCL_0428,plate4,Norepinephrine (hydrochloride),26,26,12,0.023597503466909586,0.3781094527363184,False,0.875
tier1_seen_conditions,CVCL_0428,plate4,Ciclopirox,28,28,12,-0.08988619876755877,0.8656716417910447,False,0.9861111111111112
tier1_seen_conditions,CVCL_0428,plate4,Demeclocycline,27,27,12,-0.0411307640916192,0.6865671641791045,False,0.9583333333333334
tier1_seen_conditions,CVCL_0428,plate4,Tucidinostat,21,21,12,0.015383534592444903,0.4129353233830846,False,0.3333333333333333
tier1_seen_conditions,CVCL_0428,plate4,Bergenin,17,17,12,0.06253918200865094,0.21393034825870647,False,0.3472222222222222
tier1_seen_conditions,CVCL_0428,plate4,Allantoin,15,15,12,0.09050173737926137,0.16417910447761194,False,0.3611111111111111
tier1_seen_conditions,CVCL_0428,plate4,Bimatoprost,22,22,12,0.1390096959298308,0.05472636815920398,False,0.5694444444444444
tier1_seen_conditions,CVCL_0428,plate4,Olanzapine,15,15,12,0.24187090971779135,0.009950248756218905,True,0.20833333333333334
tier1_seen_conditions,CVCL_0428,plate4,Rimonabant,28,28,12,0.05301323070861841,0.2935323383084577,False,1.0
tier1_seen_conditions,CVCL_0428,plate4,Pentagastrin,18,18,12,0.07738046317442482,0.1044776119402985,False,0.8888888888888888
tier1_seen_conditions,CVCL_0428,plate4,Palmatine (chloride),28,28,12,0.23830176094525868,0.009950248756218905,True,0.8333333333333334
tier1_seen_conditions,CVCL_0428,plate4,Clotrimazole,27,27,12,-0.09606427672786388,0.8805970149253731,False,0.9305555555555556
tier1_seen_conditions,CVCL_0428,plate4,Acetohexamide,27,27,12,0.030390220154629333,0.30845771144278605,False,0.625
tier1_seen_conditions,CVCL_0428,plate4,Diammonium Glycyrrhizinate,29,29,12,0.21371491665727937,0.009950248756218905,True,0.9166666666666666
tier1_seen_conditions,CVCL_0428,plate4,L-Thyroxine (sodium salt pentahydrate),27,27,12,0.07641246632658927,0.19402985074626866,False,0.8055555555555556
tier1_seen_conditions,CVCL_0428,plate4,Ropivacaine (hydrochloride monohydrate),28,28,12,-0.02432928325355377,0.6069651741293532,False,0.7361111111111112
tier1_seen_conditions,CVCL_0428,plate4,Salicylic acid,26,26,12,0.06138521291745214,0.15920398009950248,False,0.8194444444444444
tier1_seen_conditions,CVCL_0428,plate4,Gemfibrozil,26,26,12,-0.026360426246361257,0.6716417910447762,False,0.8055555555555556
tier1_seen_conditions,CVCL_0428,plate4,S-Adenosyl-L-methionine (disulfate tosylate),27,27,12,0.039478017926963815,0.2935323383084577,False,0.9722222222222222
tier1_seen_conditions,CVCL_0428,plate4,Rapamycin,29,29,12,0.08738364661279618,0.11442786069651742,False,0.8333333333333334
tier1_seen_conditions,CVCL_0428,plate4,Tofacitinib (citrate),27,27,12,0.08816652839915662,0.12935323383084577,False,0.875
tier1_seen_conditions,CVCL_0428,plate4,Darinaparsin,25,25,12,0.16432325540627346,0.03482587064676617,True,0.9166666666666666
tier1_seen_conditions,CVCL_0428,plate4,Lenalidomide (hemihydrate),26,26,12,0.0856695164961696,0.1044776119402985,False,0.9722222222222222
tier1_seen_conditions,CVCL_0428,plate4,Pentamidine (isethionate),28,28,12,0.04681891261320281,0.31840796019900497,False,0.9861111111111112
tier1_seen_conditions,CVCL_0428,plate4,Mitoxantrone (dihydrochloride),20,20,12,-0.11190518769685376,0.900497512437811,False,0.3472222222222222
tier1_seen_conditions,CVCL_0428,plate4,Sodium Salicylate,27,27,12,0.11997381629960913,0.09950248756218906,False,0.7916666666666666
tier1_seen_conditions,CVCL_0428,plate4,Temsirolimus,28,28,12,0.07677763149350092,0.21393034825870647,False,1.0
tier1_seen_conditions,CVCL_0428,plate4,Megestrol,27,27,12,0.12899213662904963,0.06467661691542288,False,0.8194444444444444
tier1_seen_conditions,CVCL_0428,plate4,Resveratrol,25,25,12,0.08048034283990191,0.12935323383084577,False,0.7083333333333334
tier1_seen_conditions,CVCL_0428,plate4,Vilanterol,27,27,12,-0.07526277116361868,0.8159203980099502,False,0.75
tier1_seen_conditions,CVCL_0428,plate4,Sulfisoxazole,29,29,12,-0.09798526780208405,0.9054726368159204,False,0.9861111111111112
tier1_seen_conditions,CVCL_0428,plate4,Lidocaine (hydrochloride),12,12,12,-0.022156288825117443,0.6119402985074627,False,0.3611111111111111
tier1_seen_conditions,CVCL_0428,plate4,Larotrectinib,27,27,12,0.08279319636405447,0.16417910447761194,False,0.4583333333333333
tier1_seen_conditions,CVCL_0428,plate4,Busulfan,27,27,12,0.12100241389558875,0.05970149253731343,False,0.75
tier1_seen_conditions,CVCL_0428,plate4,Cepharanthine,28,28,12,0.001829867406415886,0.5323383084577115,False,0.8194444444444444
tier1_seen_conditions,CVCL_0428,plate4,Triclosan,24,24,12,-0.02700803637148752,0.6865671641791045,False,0.5972222222222222
tier1_seen_conditions,CVCL_0428,plate4,Adagrasib,20,20,12,-0.09708527348436746,0.8557213930348259,False,0.8888888888888888
tier1_seen_conditions,CVCL_0428,plate4,8-Hydroxyquinoline,15,15,12,-0.04601609904753268,0.6766169154228856,False,0.25
tier1_seen_conditions,CVCL_0428,plate4,Chlorhexidine (diacetate),13,13,12,0.08568648383136868,0.17412935323383086,False,0.1388888888888889
tier1_seen_conditions,CVCL_0428,plate4,Trifluridine,25,25,12,0.002983955284280526,0.47761194029850745,False,0.7777777777777778
tier1_seen_conditions,CVCL_0428,plate4,Retinoic acid,13,13,12,0.5528077272676111,0.004975124378109453,True,0.4583333333333333
tier1_seen_conditions,CVCL_0428,plate4,Cysteamine (hydrochloride),17,17,12,-0.0753166012548494,0.7761194029850746,False,0.4444444444444444
tier1_seen_conditions,CVCL_0428,plate4,Vinblastine (sulfate),26,26,12,0.035888424950139,0.2736318407960199,False,0.8611111111111112
tier1_seen_conditions,CVCL_0428,plate4,Riluzole hydrochloride,25,25,12,0.19525851886608336,0.029850746268656716,True,0.6111111111111112
tier1_seen_conditions,CVCL_0428,plate4,Raltitrexed,19,19,12,0.11122632112827446,0.0845771144278607,False,0.6111111111111112
tier1_seen_conditions,CVCL_0428,plate4,Furosemide,23,23,12,-0.01870396035458377,0.5970149253731343,False,0.5277777777777778
tier1_seen_conditions,CVCL_0428,plate4,Pasireotide (acetate),28,28,12,0.10439102381841536,0.08955223880597014,False,0.9861111111111112
tier1_seen_conditions,CVCL_0428,plate4,Radotinib,23,23,12,0.15926034467876882,0.05472636815920398,False,0.8888888888888888
tier1_seen_conditions,CVCL_0428,plate4,Lumateperone (tosylate),14,14,12,-0.05626480419132385,0.6865671641791045,False,0.18055555555555555
tier1_seen_conditions,CVCL_0428,plate4,Relugolix,14,14,12,0.33825041000797107,0.004975124378109453,True,0.2222222222222222
tier1_seen_conditions,CVCL_0428,plate4,Neratinib (maleate),13,13,12,0.03690731032628847,0.3482587064676617,False,0.2638888888888889
tier1_seen_conditions,CVCL_0428,plate4,Goserelin (acetate),17,17,12,0.21448769397811063,0.004975124378109453,True,0.3472222222222222
tier1_seen_conditions,CVCL_0428,plate4,Cloxacillin (sodium),13,13,12,-0.08597022790869602,0.8756218905472637,False,0.25
tier1_seen_conditions,CVCL_0428,plate4,Folic acid,12,12,12,0.26779276180406164,0.004975124378109453,True,0.19444444444444445
tier1_seen_conditions,CVCL_C466,plate4,Quinestrol,29,29,12,-0.019565230565600444,0.5621890547263682,False,0.972972972972973
tier1_seen_conditions,CVCL_C466,plate4,Trimetrexate,27,27,12,0.12210460667922085,0.11442786069651742,False,0.9054054054054054
tier1_seen_conditions,CVCL_C466,plate4,18β-Glycyrrhetinic acid,27,27,12,0.039103207433520026,0.3333333333333333,False,0.9459459459459459
tier1_seen_conditions,CVCL_C466,plate4,Terfenadine,27,27,12,0.04220193181955878,0.31840796019900497,False,0.7162162162162162
tier1_seen_conditions,CVCL_C466,plate4,Fluvoxamine (maleate),27,27,12,-0.08740367217056288,0.8109452736318408,False,0.5135135135135135
tier1_seen_conditions,CVCL_C466,plate4,Idarubicin (hydrochloride),27,27,12,-0.10297981043012605,0.8258706467661692,False,0.527027027027027
tier1_seen_conditions,CVCL_C466,plate4,Thymol,27,27,12,0.10504345680608118,0.11442786069651742,False,0.7297297297297297
tier1_seen_conditions,CVCL_C466,plate4,Darinaparsin,28,28,12,0.023393268611140883,0.373134328358209,False,0.9864864864864865
tier1_seen_conditions,CVCL_C466,plate4,Lenalidomide (hemihydrate),24,24,12,-0.015464823737708855,0.5024875621890548,False,0.2972972972972973
tier1_seen_conditions,CVCL_C466,plate4,Adenosine,28,28,12,-0.03502271000650836,0.6865671641791045,False,1.0
tier1_seen_conditions,CVCL_C466,plate4,Ciclopirox,23,23,12,0.12879703693557332,0.09950248756218906,False,0.581081081081081
tier1_seen_conditions,CVCL_C466,plate4,Demeclocycline,28,28,12,-0.0027025684559127683,0.48258706467661694,False,0.581081081081081
tier1_seen_conditions,CVCL_C466,plate4,Busulfan,27,27,12,-0.03148566017623189,0.6666666666666666,False,0.7837837837837838
tier1_seen_conditions,CVCL_C466,plate4,Cepharanthine,27,27,12,0.08216934104313012,0.23383084577114427,False,0.9054054054054054
tier1_seen_conditions,CVCL_C466,plate4,Radotinib,24,24,12,-0.035929255522225034,0.6169154228855721,False,0.8108108108108109
tier1_seen_conditions,CVCL_C466,plate4,Triclosan,28,28,12,-0.08462126702109884,0.7910447761194029,False,0.7702702702702703
tier1_seen_conditions,CVCL_C466,plate4,Bergenin,25,25,12,-0.028117338574906725,0.6318407960199005,False,0.8918918918918919
tier1_seen_conditions,CVCL_C466,plate4,Allantoin,13,13,12,0.019897700220022685,0.35323383084577115,False,0.16216216216216217
tier1_seen_conditions,CVCL_C466,plate4,Rimonabant,24,24,12,-0.1031143369484333,0.8706467661691543,False,0.527027027027027
tier1_seen_conditions,CVCL_C466,plate4,Lumateperone (tosylate),25,25,12,-0.0892086204639142,0.8308457711442786,False,1.0
tier1_seen_conditions,CVCL_C466,plate4,Relugolix,18,18,12,-0.14237400693863478,0.9054726368159204,False,0.2972972972972973
tier1_seen_conditions,CVCL_C466,plate4,Homoharringtonine,28,28,12,-0.0724234024405046,0.7860696517412935,False,1.0
tier1_seen_conditions,CVCL_C466,plate4,Hexylresorcinol,22,22,12,-0.01603327955124989,0.5522388059701493,False,0.5
tier1_seen_conditions,CVCL_C466,plate4,Riluzole hydrochloride,28,28,12,0.0152225911410806,0.4079601990049751,False,0.8918918918918919
tier1_seen_conditions,CVCL_C466,plate4,Palmatine (chloride),27,27,12,0.0648392917324827,0.19900497512437812,False,0.7432432432432432
tier1_seen_conditions,CVCL_C466,plate4,Isocorydine,26,26,12,-0.10807364795122254,0.8805970149253731,False,0.6486486486486487
tier1_seen_conditions,CVCL_C466,plate4,Furosemide,26,26,12,0.08606420097022216,0.18407960199004975,False,0.8918918918918919
tier1_seen_conditions,CVCL_C466,plate4,Sodium Salicylate,29,29,12,-0.016595049309710674,0.572139303482587,False,0.7837837837837838
tier1_seen_conditions,CVCL_C466,plate4,Gallic acid (hydrate),26,26,12,-0.01582551355321371,0.5621890547263682,False,1.0
tier1_seen_conditions,CVCL_C466,plate4,Pyridoxine,29,29,12,-0.06169452077240045,0.746268656716418,False,0.6081081081081081
tier1_seen_conditions,CVCL_C466,plate4,Acetohexamide,25,25,12,-0.0843011511638867,0.8656716417910447,False,0.8108108108108109
tier1_seen_conditions,CVCL_C466,plate4,Megestrol,27,27,12,-0.01405809566205285,0.5323383084577115,False,1.0
tier1_seen_conditions,CVCL_C466,plate4,Ropivacaine (hydrochloride monohydrate),28,28,12,-0.08735889926852813,0.8159203980099502,False,0.9324324324324325
tier1_seen_conditions,CVCL_C466,plate4,Salicylic acid,27,27,12,-0.060812231541971684,0.7064676616915423,False,0.4594594594594595
tier1_seen_conditions,CVCL_C466,plate4,Elagolix sodium,27,27,12,0.04654101139131761,0.2835820895522388,False,0.972972972972973
tier1_seen_conditions,CVCL_C466,plate4,Tofacitinib (citrate),28,28,12,-0.0695960111811953,0.7313432835820896,False,0.8108108108108109
tier1_seen_conditions,CVCL_C466,plate4,Ritonavir,29,29,12,0.16526027117688713,0.03980099502487562,True,0.8378378378378378
tier1_seen_conditions,CVCL_C466,plate4,Pentamidine (isethionate),27,27,12,-0.06529817032387619,0.7562189054726368,False,0.972972972972973
tier1_seen_conditions,CVCL_C466,plate4,Sulfisoxazole,28,28,12,0.11284421302446823,0.10945273631840796,False,0.972972972972973
tier1_seen_conditions,CVCL_C466,plate4,Larotrectinib,28,28,12,0.05299088077861569,0.25870646766169153,False,0.6621621621621622
tier1_seen_conditions,CVCL_C466,plate4,Temsirolimus,28,28,12,0.06028543019999688,0.263681592039801,False,0.9864864864864865
tier1_seen_conditions,CVCL_C466,plate4,Diammonium Glycyrrhizinate,28,28,12,0.07735351004684965,0.19402985074626866,False,0.9864864864864865
tier1_seen_conditions,CVCL_C466,plate4,L-Thyroxine (sodium salt pentahydrate),27,27,12,0.001130304719174191,0.47761194029850745,False,0.7972972972972973
tier1_seen_conditions,CVCL_C466,plate4,S-Adenosyl-L-methionine (disulfate tosylate),29,29,12,-0.006521036561618843,0.5024875621890548,False,0.8513513513513513
tier1_seen_conditions,CVCL_C466,plate4,Rapamycin,29,29,12,0.029721659483639584,0.3582089552238806,False,0.35135135135135137
tier1_seen_conditions,CVCL_C466,plate4,Vilanterol,22,22,12,-0.008577588806838676,0.5323383084577115,False,0.44594594594594594
tier1_seen_conditions,CVCL_C466,plate4,Norepinephrine (hydrochloride),28,28,12,0.0012431113198516641,0.47761194029850745,False,1.0
tier1_seen_conditions,CVCL_C466,plate4,Adagrasib,28,28,12,-0.1003776916280188,0.8805970149253731,False,0.9594594594594594
tier1_seen_conditions,CVCL_C466,plate4,8-Hydroxyquinoline,18,18,12,0.057946755661030025,0.25870646766169153,False,0.1891891891891892
tier1_seen_conditions,CVCL_C466,plate4,Chlorhexidine (diacetate),24,24,12,0.044593110614957965,0.263681592039801,False,0.28378378378378377
tier1_seen_conditions,CVCL_C466,plate4,Retinoic acid,24,24,12,-0.010789281281979868,0.5472636815920398,False,0.9324324324324325
tier1_seen_conditions,CVCL_C466,plate4,Cysteamine (hydrochloride),23,23,12,-0.12786495076144888,0.9353233830845771,False,0.24324324324324326
tier1_seen_conditions,CVCL_C466,plate4,Vinblastine (sulfate),27,27,12,0.05059146050028751,0.20398009950248755,False,0.9594594594594594
tier1_seen_conditions,CVCL_C466,plate4,Pasireotide (acetate),27,27,12,-0.07215300282594228,0.7711442786069652,False,0.9864864864864865
tier1_seen_conditions,CVCL_C466,plate4,Clotrimazole,28,28,12,-0.0909772045225612,0.8756218905472637,False,0.9324324324324325
tier1_seen_conditions,CVCL_C466,plate4,Resveratrol,29,29,12,0.05548839871300082,0.22388059701492538,False,0.8108108108108109
tier1_seen_conditions,CVCL_C466,plate4,Bimatoprost,13,13,12,0.043312553265522524,0.3283582089552239,False,0.06756756756756757
tier1_seen_conditions,CVCL_C466,plate4,Triamcinolone,21,21,12,0.0002353430455510619,0.5223880597014925,False,0.32432432432432434
tier1_seen_conditions,CVCL_C466,plate4,Olanzapine,26,26,12,0.03198164114551183,0.373134328358209,False,0.5675675675675675
tier1_seen_conditions,CVCL_C466,plate4,Pentagastrin,20,20,12,-0.08511726849952339,0.7910447761194029,False,0.25675675675675674
tier1_seen_conditions,CVCL_C466,plate4,Mitoxantrone (dihydrochloride),29,29,12,-0.014109729200232124,0.527363184079602,False,0.972972972972973
tier1_seen_conditions,CVCL_C466,plate4,Goserelin (acetate),20,20,12,-0.004473263001324668,0.527363184079602,False,0.43243243243243246
tier1_seen_conditions,CVCL_C466,plate4,Fusidic acid,14,14,12,0.05383230981923148,0.2835820895522388,False,0.10810810810810811
tier1_seen_conditions,CVCL_C466,plate4,Balsalazide (sodium hydrate),14,14,12,0.019118699689171237,0.3681592039800995,False,0.12162162162162163
tier1_seen_conditions,CVCL_C466,plate4,Cloxacillin (sodium),13,13,12,-0.055424752726057847,0.736318407960199,False,0.12162162162162163
tier1_seen_conditions,CVCL_C466,plate4,Artesunate,20,20,12,-0.03233981711290035,0.6318407960199005,False,0.33783783783783783
tier1_seen_conditions,CVCL_C466,plate4,Pyridoxine (hydrochloride),17,17,12,0.13861374404536342,0.03980099502487562,True,0.28378378378378377
tier1_seen_conditions,CVCL_C466,plate4,Folic acid,16,16,12,0.04599665621516458,0.3283582089552239,False,0.2702702702702703
tier1_seen_conditions,CVCL_C466,plate4,Selinexor,26,26,12,0.005609220113951707,0.4129353233830846,False,0.9864864864864865
tier1_seen_conditions,CVCL_C466,plate4,Adenine,16,16,12,-0.00581728002700288,0.4129353233830846,False,0.17567567567567569
tier1_seen_conditions,CVCL_C466,plate4,Amsacrine,12,12,12,0.03599077547295515,0.2935323383084577,False,0.13513513513513514
tier1_seen_conditions,CVCL_C466,plate4,Trifluridine,21,21,12,-0.02699568215001591,0.572139303482587,False,0.2972972972972973
tier1_seen_conditions,CVCL_1495,plate4,Quinestrol,27,27,12,-0.011832734370667453,0.4925373134328358,False,0.9142857142857143
tier1_seen_conditions,CVCL_1495,plate4,Tofacitinib,28,28,12,-0.06992013458094704,0.7313432835820896,False,0.9857142857142858
tier1_seen_conditions,CVCL_1495,plate4,Trimetrexate,26,26,12,-0.03355179170517886,0.5771144278606966,False,1.0
tier1_seen_conditions,CVCL_1495,plate4,Gemfibrozil,25,25,12,-0.0415530868410503,0.6766169154228856,False,0.8285714285714286
tier1_seen_conditions,CVCL_1495,plate4,Terfenadine,29,29,12,0.11540173520456953,0.11940298507462686,False,0.4714285714285714
tier1_seen_conditions,CVCL_1495,plate4,S-Adenosyl-L-methionine (disulfate tosylate),26,26,12,-0.06380948241602269,0.7114427860696517,False,0.7857142857142857
tier1_seen_conditions,CVCL_1495,plate4,Resveratrol,28,28,12,0.06792515339293992,0.22885572139303484,False,0.8571428571428571
tier1_seen_conditions,CVCL_1495,plate4,Tofacitinib (citrate),25,25,12,0.08856611193170849,0.1791044776119403,False,0.5142857142857142
tier1_seen_conditions,CVCL_1495,plate4,Thymol,29,29,12,-0.004884381318891684,0.5323383084577115,False,1.0
tier1_seen_conditions,CVCL_1495,plate4,Darinaparsin,26,26,12,0.21066501219676503,0.029850746268656716,True,0.9142857142857143
tier1_seen_conditions,CVCL_1495,plate4,Lenalidomide (hemihydrate),27,27,12,0.11041520035531249,0.11940298507462686,False,0.7
tier1_seen_conditions,CVCL_1495,plate4,Ritonavir,26,26,12,0.07809407708127836,0.19900497512437812,False,0.38571428571428573
tier1_seen_conditions,CVCL_1495,plate4,Pentamidine (isethionate),24,24,12,0.01715065857892739,0.39303482587064675,False,0.7142857142857143
tier1_seen_conditions,CVCL_1495,plate4,Adenosine,28,28,12,0.18289313777107274,0.07462686567164178,False,1.0
tier1_seen_conditions,CVCL_1495,plate4,Sulfisoxazole,27,27,12,0.0320153172603419,0.31840796019900497,False,0.7428571428571429
tier1_seen_conditions,CVCL_1495,plate4,Norepinephrine (hydrochloride),26,26,12,0.14071682951852793,0.04975124378109453,True,0.9428571428571428
tier1_seen_conditions,CVCL_1495,plate4,Ciclopirox,28,28,12,-0.014176610453560556,0.5223880597014925,False,0.6285714285714286
tier1_seen_conditions,CVCL_1495,plate4,Demeclocycline,27,27,12,0.11131062480466447,0.09950248756218906,False,0.44285714285714284
tier1_seen_conditions,CVCL_1495,plate4,Mitoxantrone (dihydrochloride),24,24,12,0.1175027757716709,0.11940298507462686,False,0.7142857142857143
tier1_seen_conditions,CVCL_1495,plate4,Larotrectinib,27,27,12,0.23979071240118977,0.01990049751243781,True,0.9
tier1_seen_conditions,CVCL_1495,plate4,Busulfan,29,29,12,0.013224618329651605,0.417910447761194,False,0.5428571428571428
tier1_seen_conditions,CVCL_1495,plate4,Triclosan,24,24,12,0.04682688469889129,0.29850746268656714,False,0.7
tier1_seen_conditions,CVCL_1495,plate4,Tucidinostat,26,26,12,0.12993077683316478,0.0945273631840796,False,0.5142857142857142
tier1_seen_conditions,CVCL_1495,plate4,Bergenin,27,27,12,0.05061060942048279,0.2537313432835821,False,0.9428571428571428
tier1_seen_conditions,CVCL_1495,plate4,Triamcinolone,20,20,12,0.2088716231664911,0.04477611940298507,True,0.37142857142857144
tier1_seen_conditions,CVCL_1495,plate4,Rimonabant,27,27,12,0.13544883781755246,0.07960199004975124,False,0.7428571428571429
tier1_seen_conditions,CVCL_1495,plate4,Lumateperone (tosylate),17,17,12,-0.004669306412461438,0.5024875621890548,False,0.21428571428571427
tier1_seen_conditions,CVCL_1495,plate4,Hexylresorcinol,13,13,12,0.255139230711956,0.024875621890547265,True,0.12857142857142856
tier1_seen_conditions,CVCL_1495,plate4,Palmatine (chloride),28,28,12,0.18392062025275635,0.03980099502487562,True,0.8428571428571429
tier1_seen_conditions,CVCL_1495,plate4,Raltitrexed,27,27,12,0.05578129047924385,0.25870646766169153,False,0.6428571428571429
tier1_seen_conditions,CVCL_1495,plate4,Furosemide,27,27,12,-0.017444387618182233,0.5174129353233831,False,0.7714285714285715
tier1_seen_conditions,CVCL_1495,plate4,Clotrimazole,27,27,12,0.01261044154126445,0.4228855721393035,False,0.6714285714285714
tier1_seen_conditions,CVCL_1495,plate4,Sodium Salicylate,29,29,12,0.1004969239155411,0.19402985074626866,False,0.8142857142857143
tier1_seen_conditions,CVCL_1495,plate4,Gallic acid (hydrate),29,29,12,0.017704216324039734,0.35323383084577115,False,0.9857142857142858
tier1_seen_conditions,CVCL_1495,plate4,Pyridoxine,27,27,12,-0.101896322974806,0.8407960199004975,False,0.9285714285714286
tier1_seen_conditions,CVCL_1495,plate4,Temsirolimus,25,25,12,0.09546733932483242,0.11940298507462686,False,0.8
tier1_seen_conditions,CVCL_1495,plate4,Megestrol,27,27,12,0.2484822248459846,0.009950248756218905,True,0.8714285714285714
tier1_seen_conditions,CVCL_1495,plate4,Salicylic acid,25,25,12,0.02568147109110086,0.3333333333333333,False,0.7857142857142857
tier1_seen_conditions,CVCL_1495,plate4,18β-Glycyrrhetinic acid,26,26,12,0.1397393802725908,0.024875621890547265,True,0.9285714285714286
tier1_seen_conditions,CVCL_1495,plate4,Fluvoxamine (maleate),27,27,12,0.09044308117131195,0.21890547263681592,False,0.7714285714285715
tier1_seen_conditions,CVCL_1495,plate4,Elagolix sodium,27,27,12,0.062196606175808355,0.1691542288557214,False,0.5142857142857142
tier1_seen_conditions,CVCL_1495,plate4,Ropivacaine (hydrochloride monohydrate),28,28,12,0.05347354185528985,0.22388059701492538,False,0.9857142857142858
tier1_seen_conditions,CVCL_1495,plate4,Idarubicin (hydrochloride),27,27,12,0.08490331690160424,0.19900497512437812,False,0.6428571428571429
tier1_seen_conditions,CVCL_1495,plate4,Rapamycin,29,29,12,0.1065022531232156,0.11442786069651742,False,0.9428571428571428
tier1_seen_conditions,CVCL_1495,plate4,Vilanterol,28,28,12,0.09507520255396074,0.1691542288557214,False,1.0
tier1_seen_conditions,CVCL_1495,plate4,Lidocaine (hydrochloride),16,16,12,0.05497932967720942,0.23880597014925373,False,0.15714285714285714
tier1_seen_conditions,CVCL_1495,plate4,Cepharanthine,29,29,12,-0.0025470254175292695,0.48756218905472637,False,1.0
tier1_seen_conditions,CVCL_1495,plate4,Adagrasib,25,25,12,-0.0060482367597636255,0.4527363184079602,False,0.9285714285714286
tier1_seen_conditions,CVCL_1495,plate4,8-Hydroxyquinoline,21,21,12,-0.037779187855573326,0.6467661691542289,False,0.5571428571428572
tier1_seen_conditions,CVCL_1495,plate4,Trifluridine,27,27,12,0.07466301642185691,0.18407960199004975,False,0.4142857142857143
tier1_seen_conditions,CVCL_1495,plate4,Retinoic acid,14,14,12,0.1971029155256261,0.05472636815920398,False,0.6714285714285714
tier1_seen_conditions,CVCL_1495,plate4,Pasireotide (acetate),27,27,12,0.144633388464948,0.0845771144278607,False,0.9857142857142858
tier1_seen_conditions,CVCL_1495,plate4,Isocorydine,28,28,12,0.07244023274827605,0.1791044776119403,False,0.7
tier1_seen_conditions,CVCL_1495,plate4,Acetohexamide,29,29,12,-0.0011364521648751236,0.4626865671641791,False,0.5857142857142857
tier1_seen_conditions,CVCL_1495,plate4,L-Thyroxine (sodium salt pentahydrate),28,28,12,0.2163482456833581,0.009950248756218905,True,1.0
tier1_seen_conditions,CVCL_1495,plate4,Vinblastine (sulfate),29,29,12,-0.15660363455837434,0.9601990049751243,False,0.7428571428571429
tier1_seen_conditions,CVCL_1495,plate4,Riluzole hydrochloride,23,23,12,0.3307473135694945,0.009950248756218905,True,0.8
tier1_seen_conditions,CVCL_1495,plate4,Docetaxel,12,12,12,0.028152170812210997,0.40298507462686567,False,0.17142857142857143
tier1_seen_conditions,CVCL_1495,plate4,Bimatoprost,22,22,12,0.05250495738660277,0.263681592039801,False,0.7428571428571429
tier1_seen_conditions,CVCL_1495,plate4,Pentagastrin,20,20,12,0.1264304654921986,0.15920398009950248,False,0.5857142857142857
tier1_seen_conditions,CVCL_1495,plate4,Homoharringtonine,22,22,12,0.12293379780080649,0.0945273631840796,False,0.9571428571428572
tier1_seen_conditions,CVCL_1495,plate4,Neratinib (maleate),17,17,12,-0.021026043196371802,0.6069651741293532,False,0.2857142857142857
tier1_seen_conditions,CVCL_1495,plate4,Goserelin (acetate),19,19,12,0.13965246572860046,0.06467661691542288,False,0.4
tier1_seen_conditions,CVCL_1495,plate4,Fusidic acid,14,14,12,0.130877068455014,0.06467661691542288,False,0.18571428571428572
tier1_seen_conditions,CVCL_1495,plate4,Cloxacillin (sodium),12,12,12,0.08153608942024704,0.24378109452736318,False,0.08571428571428572
tier1_seen_conditions,CVCL_1495,plate4,Adenine,18,18,12,0.04765351230787829,0.2537313432835821,False,0.24285714285714285
tier1_seen_conditions,CVCL_1693,plate4,Quinestrol,26,26,12,0.07222303200734359,0.208955223880597,False,0.6901408450704225
tier1_seen_conditions,CVCL_1693,plate4,Trimetrexate,25,25,12,0.07027523664999968,0.15422885572139303,False,0.5070422535211268
tier1_seen_conditions,CVCL_1693,plate4,Fluvoxamine (maleate),26,26,12,0.02654136503762139,0.4129353233830846,False,0.7605633802816901
tier1_seen_conditions,CVCL_1693,plate4,S-Adenosyl-L-methionine (disulfate tosylate),28,28,12,0.12568962321971178,0.05472636815920398,False,0.9295774647887324
tier1_seen_conditions,CVCL_1693,plate4,Idarubicin (hydrochloride),25,25,12,0.06926574037806077,0.21393034825870647,False,0.49295774647887325
tier1_seen_conditions,CVCL_1693,plate4,Elagolix sodium,24,24,12,0.09827780385744411,0.13432835820895522,False,0.5070422535211268
tier1_seen_conditions,CVCL_1693,plate4,Resveratrol,23,23,12,0.09956235638842514,0.13432835820895522,False,0.6338028169014085
tier1_seen_conditions,CVCL_1693,plate4,Vilanterol,24,24,12,0.07326943736544855,0.19900497512437812,False,0.5915492957746479
tier1_seen_conditions,CVCL_1693,plate4,Lenalidomide (hemihydrate),24,24,12,0.04776889583755661,0.3582089552238806,False,0.8873239436619719
tier1_seen_conditions,CVCL_1693,plate4,Pentamidine (isethionate),27,27,12,0.19109834715302476,0.024875621890547265,True,0.7323943661971831
tier1_seen_conditions,CVCL_1693,plate4,Norepinephrine (hydrochloride),27,27,12,-0.020697353978858857,0.6019900497512438,False,0.5633802816901409
tier1_seen_conditions,CVCL_1693,plate4,Ciclopirox,25,25,12,-0.05908894386299579,0.7313432835820896,False,0.5070422535211268
tier1_seen_conditions,CVCL_1693,plate4,Larotrectinib,23,23,12,0.3179615596444396,0.009950248756218905,True,0.6619718309859155
tier1_seen_conditions,CVCL_1693,plate4,Radotinib,26,26,12,-0.0454889017374871,0.7562189054726368,False,0.7887323943661971
tier1_seen_conditions,CVCL_1693,plate4,Docetaxel,15,15,12,0.024997328324779744,0.42786069651741293,False,0.28169014084507044
tier1_seen_conditions,CVCL_1693,plate4,Triclosan,18,18,12,0.18252981193775852,0.03482587064676617,True,0.3380281690140845
tier1_seen_conditions,CVCL_1693,plate4,Tucidinostat,18,18,12,-0.04857883523381723,0.6368159203980099,False,0.23943661971830985
tier1_seen_conditions,CVCL_1693,plate4,Bergenin,16,16,12,0.024999972247785607,0.373134328358209,False,0.22535211267605634
tier1_seen_conditions,CVCL_1693,plate4,Bimatoprost,22,22,12,0.0413730521626654,0.373134328358209,False,0.5915492957746479
tier1_seen_conditions,CVCL_1693,plate4,Triamcinolone,13,13,12,0.10367459124109146,0.13432835820895522,False,0.1267605633802817
tier1_seen_conditions,CVCL_1693,plate4,Olanzapine,25,25,12,-0.03329848035142824,0.582089552238806,False,0.6338028169014085
tier1_seen_conditions,CVCL_1693,plate4,Rimonabant,29,29,12,0.24224123919771934,0.024875621890547265,True,0.971830985915493
tier1_seen_conditions,CVCL_1693,plate4,Homoharringtonine,22,22,12,0.07861226227751672,0.16417910447761194,False,0.2535211267605634
tier1_seen_conditions,CVCL_1693,plate4,Hexylresorcinol,21,21,12,0.07605786582551133,0.208955223880597,False,0.2676056338028169
tier1_seen_conditions,CVCL_1693,plate4,Riluzole hydrochloride,25,25,12,0.17769152211970685,0.05970149253731343,False,0.8028169014084507
tier1_seen_conditions,CVCL_1693,plate4,Pyridoxine,26,26,12,0.1838091596255964,0.024875621890547265,True,0.6338028169014085
tier1_seen_conditions,CVCL_1693,plate4,Acetohexamide,26,26,12,-0.011176015764625902,0.5920398009950248,False,0.8169014084507042
tier1_seen_conditions,CVCL_1693,plate4,Megestrol,26,26,12,0.20643576785728257,0.004975124378109453,True,0.9859154929577465
tier1_seen_conditions,CVCL_1693,plate4,Diammonium Glycyrrhizinate,27,27,12,0.027019142302570742,0.36318407960199006,False,0.971830985915493
tier1_seen_conditions,CVCL_1693,plate4,L-Thyroxine (sodium salt pentahydrate),27,27,12,0.18868615281760093,0.014925373134328358,True,0.9859154929577465
tier1_seen_conditions,CVCL_1693,plate4,Ropivacaine (hydrochloride monohydrate),27,27,12,0.06738333691564691,0.22885572139303484,False,0.8450704225352113
tier1_seen_conditions,CVCL_1693,plate4,Gemfibrozil,28,28,12,0.08282366991584844,0.13930348258706468,False,0.9295774647887324
tier1_seen_conditions,CVCL_1693,plate4,18β-Glycyrrhetinic acid,28,28,12,-0.0440113772672337,0.6666666666666666,False,0.9859154929577465
tier1_seen_conditions,CVCL_1693,plate4,Thymol,27,27,12,0.03210014224987212,0.2885572139303483,False,0.8873239436619719
tier1_seen_conditions,CVCL_1693,plate4,Darinaparsin,26,26,12,0.08858323124244372,0.15920398009950248,False,0.7323943661971831
tier1_seen_conditions,CVCL_1693,plate4,Ritonavir,28,28,12,0.03206348347438315,0.2835820895522388,False,0.704225352112676
tier1_seen_conditions,CVCL_1693,plate4,Demeclocycline,26,26,12,-0.02965785021600631,0.6666666666666666,False,0.8028169014084507
tier1_seen_conditions,CVCL_1693,plate4,Mitoxantrone (dihydrochloride),28,28,12,0.15483252937297465,0.04975124378109453,True,0.9577464788732394
tier1_seen_conditions,CVCL_1693,plate4,Temsirolimus,29,29,12,0.08894167631214067,0.17412935323383086,False,0.8591549295774648
tier1_seen_conditions,CVCL_1693,plate4,Salicylic acid,27,27,12,0.09513577939431528,0.15422885572139303,False,0.8873239436619719
tier1_seen_conditions,CVCL_1693,plate4,Tofacitinib,28,28,12,0.1003355184991559,0.14925373134328357,False,0.971830985915493
tier1_seen_conditions,CVCL_1693,plate4,Rapamycin,28,28,12,0.10595906382721054,0.10945273631840796,False,0.8591549295774648
tier1_seen_conditions,CVCL_1693,plate4,Sulfisoxazole,26,26,12,0.08166397824408378,0.17412935323383086,False,0.9014084507042254
tier1_seen_conditions,CVCL_1693,plate4,Busulfan,27,27,12,0.10016250029612195,0.11940298507462686,False,0.647887323943662
tier1_seen_conditions,CVCL_1693,plate4,Adagrasib,19,19,12,0.23813248322334601,0.009950248756218905,True,0.4225352112676056
tier1_seen_conditions,CVCL_1693,plate4,Trifluridine,17,17,12,0.1782893107422776,0.024875621890547265,True,0.29577464788732394
tier1_seen_conditions,CVCL_1693,plate4,Retinoic acid,22,22,12,0.15225402230767848,0.06467661691542288,False,0.2535211267605634
tier1_seen_conditions,CVCL_1693,plate4,Cysteamine (hydrochloride),13,13,12,0.10327781880600462,0.21393034825870647,False,0.14084507042253522
tier1_seen_conditions,CVCL_1693,plate4,Vinblastine (sulfate),26,26,12,0.11507108484958017,0.05472636815920398,False,0.704225352112676
tier1_seen_conditions,CVCL_1693,plate4,Pasireotide (acetate),25,25,12,0.13967995247687703,0.07462686567164178,False,0.9295774647887324
tier1_seen_conditions,CVCL_1693,plate4,Palmatine (chloride),28,28,12,0.20605338147536933,0.03980099502487562,True,0.7887323943661971
tier1_seen_conditions,CVCL_1693,plate4,Isocorydine,25,25,12,-0.0031284185373898765,0.5422885572139303,False,0.7746478873239436
tier1_seen_conditions,CVCL_1693,plate4,Raltitrexed,23,23,12,0.02910834851861388,0.3681592039800995,False,0.5070422535211268
tier1_seen_conditions,CVCL_1693,plate4,Furosemide,22,22,12,0.04629168562246555,0.26865671641791045,False,0.5633802816901409
tier1_seen_conditions,CVCL_1693,plate4,Clotrimazole,27,27,12,-0.02676019192852408,0.6467661691542289,False,0.5211267605633803
tier1_seen_conditions,CVCL_1693,plate4,Terfenadine,29,29,12,0.034774924968436594,0.29850746268656714,False,0.7746478873239436
tier1_seen_conditions,CVCL_1693,plate4,Sodium Salicylate,29,29,12,0.24150643258923132,0.014925373134328358,True,0.6338028169014085
tier1_seen_conditions,CVCL_1693,plate4,Cepharanthine,29,29,12,0.02612535528284532,0.3681592039800995,False,0.7464788732394366
tier1_seen_conditions,CVCL_1693,plate4,Relugolix,14,14,12,0.020270318527838782,0.34328358208955223,False,0.16901408450704225
tier1_seen_conditions,CVCL_1693,plate4,Medroxyprogesterone acetate,15,15,12,0.15792760284820417,0.029850746268656716,True,0.16901408450704225
tier1_seen_conditions,CVCL_1693,plate4,Folic acid,15,15,12,0.003474976095477089,0.5174129353233831,False,0.19718309859154928
tier1_seen_conditions,CVCL_1693,plate4,Selinexor,21,21,12,0.052487676946476824,0.263681592039801,False,0.4788732394366197
tier1_seen_conditions,CVCL_1693,plate4,Amsacrine,12,12,12,0.07071344454340611,0.18407960199004975,False,0.11267605633802817
tier1_seen_conditions,CVCL_1693,plate4,8-Hydroxyquinoline,14,14,12,0.06117634571689656,0.20398009950248755,False,0.18309859154929578
tier1_seen_conditions,CVCL_1547,plate4,Quinestrol,28,28,12,0.1230030606064787,0.07462686567164178,False,0.7066666666666667
tier1_seen_conditions,CVCL_1547,plate4,Trimetrexate,28,28,12,0.08691268207082281,0.12935323383084577,False,1.0
tier1_seen_conditions,CVCL_1547,plate4,Gemfibrozil,26,26,12,0.20451167193330733,0.014925373134328358,True,0.64
tier1_seen_conditions,CVCL_1547,plate4,18β-Glycyrrhetinic acid,28,28,12,0.14732629092004323,0.07960199004975124,False,1.0
tier1_seen_conditions,CVCL_1547,plate4,Fluvoxamine (maleate),28,28,12,0.33839380793599894,0.014925373134328358,True,0.6933333333333334
tier1_seen_conditions,CVCL_1547,plate4,S-Adenosyl-L-methionine (disulfate tosylate),25,25,12,0.23891431422007336,0.014925373134328358,True,0.76
tier1_seen_conditions,CVCL_1547,plate4,Elagolix sodium,25,25,12,0.27086012198249954,0.009950248756218905,True,0.7333333333333333
tier1_seen_conditions,CVCL_1547,plate4,Rapamycin,25,25,12,0.22505067473415608,0.004975124378109453,True,0.9866666666666667
tier1_seen_conditions,CVCL_1547,plate4,Darinaparsin,28,28,12,0.4516262521894241,0.004975124378109453,True,0.6266666666666667
tier1_seen_conditions,CVCL_1547,plate4,Pentamidine (isethionate),27,27,12,0.2625440058924351,0.024875621890547265,True,0.7733333333333333
tier1_seen_conditions,CVCL_1547,plate4,Adenosine,25,25,12,0.3044768928200057,0.009950248756218905,True,0.4
tier1_seen_conditions,CVCL_1547,plate4,Sulfisoxazole,24,24,12,0.23488784518921513,0.024875621890547265,True,1.0
tier1_seen_conditions,CVCL_1547,plate4,Norepinephrine (hydrochloride),26,26,12,0.13767044817751106,0.04477611940298507,True,0.8666666666666667
tier1_seen_conditions,CVCL_1547,plate4,Ciclopirox,28,28,12,0.06066510307308626,0.23880597014925373,False,0.9466666666666667
tier1_seen_conditions,CVCL_1547,plate4,Demeclocycline,28,28,12,0.1232470021405998,0.11442786069651742,False,1.0
tier1_seen_conditions,CVCL_1547,plate4,Busulfan,28,28,12,0.24029785015001082,0.024875621890547265,True,0.8133333333333334
tier1_seen_conditions,CVCL_1547,plate4,Triclosan,25,25,12,0.09473732761595244,0.19900497512437812,False,0.7466666666666667
tier1_seen_conditions,CVCL_1547,plate4,Tucidinostat,28,28,12,0.10153085825415786,0.10945273631840796,False,0.8266666666666667
tier1_seen_conditions,CVCL_1547,plate4,Bergenin,27,27,12,0.25040316523011086,0.024875621890547265,True,0.76
tier1_seen_conditions,CVCL_1547,plate4,Allantoin,17,17,12,0.255182864127919,0.009950248756218905,True,0.5466666666666666
tier1_seen_conditions,CVCL_1547,plate4,Bimatoprost,25,25,12,0.4231675246161348,0.004975124378109453,True,0.44
tier1_seen_conditions,CVCL_1547,plate4,Triamcinolone,27,27,12,0.43597284773549383,0.004975124378109453,True,0.92
tier1_seen_conditions,CVCL_1547,plate4,Rimonabant,27,27,12,0.2632038535098058,0.03980099502487562,True,0.5466666666666666
tier1_seen_conditions,CVCL_1547,plate4,Lumateperone (tosylate),25,25,12,0.04567733472598512,0.2537313432835821,False,0.38666666666666666
tier1_seen_conditions,CVCL_1547,plate4,Relugolix,26,26,12,0.16271558682166543,0.04975124378109453,True,0.5333333333333333
tier1_seen_conditions,CVCL_1547,plate4,Homoharringtonine,25,25,12,0.37896148469016033,0.004975124378109453,True,1.0
tier1_seen_conditions,CVCL_1547,plate4,Riluzole hydrochloride,29,29,12,0.47162835103953604,0.004975124378109453,True,0.8666666666666667
tier1_seen_conditions,CVCL_1547,plate4,Palmatine (chloride),28,28,12,0.24171998172681697,0.004975124378109453,True,1.0
tier1_seen_conditions,CVCL_1547,plate4,Isocorydine,26,26,12,0.10057613793797593,0.12437810945273632,False,0.72
tier1_seen_conditions,CVCL_1547,plate4,Furosemide,24,24,12,0.11131450032388912,0.09950248756218906,False,0.5466666666666666
tier1_seen_conditions,CVCL_1547,plate4,Clotrimazole,29,29,12,0.21590409843144975,0.029850746268656716,True,0.8266666666666667
tier1_seen_conditions,CVCL_1547,plate4,Sodium Salicylate,28,28,12,0.26909766733141716,0.01990049751243781,True,0.8266666666666667
tier1_seen_conditions,CVCL_1547,plate4,Pyridoxine,27,27,12,0.26882184301681633,0.01990049751243781,True,0.68
tier1_seen_conditions,CVCL_1547,plate4,Acetohexamide,28,28,12,0.2895374253114582,0.014925373134328358,True,0.9866666666666667
tier1_seen_conditions,CVCL_1547,plate4,Temsirolimus,27,27,12,0.3209136907442396,0.004975124378109453,True,0.9866666666666667
tier1_seen_conditions,CVCL_1547,plate4,Diammonium Glycyrrhizinate,27,27,12,0.1147555607724744,0.07462686567164178,False,0.8933333333333333
tier1_seen_conditions,CVCL_1547,plate4,L-Thyroxine (sodium salt pentahydrate),27,27,12,0.36301712359240135,0.014925373134328358,True,0.9466666666666667
tier1_seen_conditions,CVCL_1547,plate4,Ropivacaine (hydrochloride monohydrate),27,27,12,0.4156405469566806,0.004975124378109453,True,0.9733333333333334
tier1_seen_conditions,CVCL_1547,plate4,Salicylic acid,27,27,12,0.19217086166553798,0.03980099502487562,True,0.5733333333333334
tier1_seen_conditions,CVCL_1547,plate4,Tofacitinib,27,27,12,0.22910779192603847,0.01990049751243781,True,0.7866666666666666
tier1_seen_conditions,CVCL_1547,plate4,Terfenadine,25,25,12,0.15845168712539603,0.029850746268656716,True,0.96
tier1_seen_conditions,CVCL_1547,plate4,Idarubicin (hydrochloride),26,26,12,0.48367584227988125,0.004975124378109453,True,0.5733333333333334
tier1_seen_conditions,CVCL_1547,plate4,Tofacitinib (citrate),28,28,12,0.3993307998987774,0.004975124378109453,True,1.0
tier1_seen_conditions,CVCL_1547,plate4,Ritonavir,28,28,12,0.31759913029603126,0.004975124378109453,True,0.49333333333333335
tier1_seen_conditions,CVCL_1547,plate4,Larotrectinib,29,29,12,0.4078311360991709,0.004975124378109453,True,0.9333333333333333
tier1_seen_conditions,CVCL_1547,plate4,Megestrol,28,28,12,0.31993475032316,0.029850746268656716,True,0.9866666666666667
tier1_seen_conditions,CVCL_1547,plate4,Resveratrol,28,28,12,0.21412841958865414,0.024875621890547265,True,0.96
tier1_seen_conditions,CVCL_1547,plate4,Vilanterol,28,28,12,0.29816005195157125,0.004975124378109453,True,0.6266666666666667
tier1_seen_conditions,CVCL_1547,plate4,Lenalidomide (hemihydrate),29,29,12,0.08020517422639806,0.13930348258706468,False,0.8666666666666667
tier1_seen_conditions,CVCL_1547,plate4,Lidocaine (hydrochloride),15,15,12,0.04318767090123288,0.3034825870646766,False,0.13333333333333333
tier1_seen_conditions,CVCL_1547,plate4,Mitoxantrone (dihydrochloride),29,29,12,0.2621862656862515,0.01990049751243781,True,0.7333333333333333
tier1_seen_conditions,CVCL_1547,plate4,Cepharanthine,28,28,12,0.18242194036680104,0.01990049751243781,True,0.76
tier1_seen_conditions,CVCL_1547,plate4,Radotinib,29,29,12,0.18569033810809366,0.014925373134328358,True,0.8933333333333333
tier1_seen_conditions,CVCL_1547,plate4,Docetaxel,18,18,12,0.26738270056780067,0.004975124378109453,True,0.29333333333333333
tier1_seen_conditions,CVCL_1547,plate4,Adagrasib,26,26,12,0.22964883304557304,0.009950248756218905,True,0.9066666666666666
tier1_seen_conditions,CVCL_1547,plate4,8-Hydroxyquinoline,23,23,12,0.4178563787065315,0.004975124378109453,True,0.6133333333333333
tier1_seen_conditions,CVCL_1547,plate4,Chlorhexidine (diacetate),26,26,12,0.2891364375189269,0.009950248756218905,True,0.5866666666666667
tier1_seen_conditions,CVCL_1547,plate4,Trifluridine,22,22,12,0.2324371709731654,0.004975124378109453,True,0.4533333333333333
tier1_seen_conditions,CVCL_1547,plate4,Retinoic acid,17,17,12,0.5456282722542447,0.004975124378109453,True,0.3466666666666667
tier1_seen_conditions,CVCL_1547,plate4,Cysteamine (hydrochloride),21,21,12,0.011489723938950647,0.42786069651741293,False,0.7066666666666667
tier1_seen_conditions,CVCL_1547,plate4,Pasireotide (acetate),29,29,12,0.47542586554886235,0.004975124378109453,True,0.8933333333333333
tier1_seen_conditions,CVCL_1547,plate4,Gallic acid (hydrate),27,27,12,0.3310327108330995,0.004975124378109453,True,0.9066666666666666
tier1_seen_conditions,CVCL_1547,plate4,Vinblastine (sulfate),29,29,12,0.1637620820853627,0.1044776119402985,False,0.5333333333333333
tier1_seen_conditions,CVCL_1547,plate4,Raltitrexed,25,25,12,0.5741343979382769,0.004975124378109453,True,0.8133333333333334
tier1_seen_conditions,CVCL_1547,plate4,Thymol,28,28,12,0.42136024590743304,0.004975124378109453,True,0.88
tier1_seen_conditions,CVCL_1547,plate4,Hexylresorcinol,27,27,12,0.2182061114270475,0.01990049751243781,True,0.9333333333333333
tier1_seen_conditions,CVCL_1547,plate4,Neratinib (maleate),12,12,12,0.34475617395222,0.009950248756218905,True,0.14666666666666667
tier1_seen_conditions,CVCL_1547,plate4,Goserelin (acetate),13,13,12,0.4058151598959263,0.004975124378109453,True,0.08
tier1_seen_conditions,CVCL_1547,plate4,Artesunate,13,13,12,0.39512059289237556,0.01990049751243781,True,0.02666666666666667
tier1_seen_conditions,CVCL_1547,plate4,Pyridoxine (hydrochloride),16,16,12,0.8857927815643158,0.004975124378109453,True,0.25333333333333335
tier1_seen_conditions,CVCL_1547,plate4,Folic acid,17,17,12,0.6288375755571334,0.004975124378109453,True,0.17333333333333334
tier1_seen_conditions,CVCL_1547,plate4,Adenine,17,17,12,0.3662434134614614,0.004975124378109453,True,0.21333333333333335
tier1_seen_conditions,CVCL_0399,plate4,Quinestrol,29,29,12,0.2822863542558398,0.029850746268656716,True,0.9358974358974359
tier1_seen_conditions,CVCL_0399,plate4,Tofacitinib,29,29,12,0.1324104857845061,0.11940298507462686,False,0.8717948717948718
tier1_seen_conditions,CVCL_0399,plate4,Trimetrexate,26,26,12,0.20913596968357773,0.04477611940298507,True,0.8589743589743589
tier1_seen_conditions,CVCL_0399,plate4,18β-Glycyrrhetinic acid,28,28,12,0.1777345644127255,0.014925373134328358,True,0.9615384615384616
tier1_seen_conditions,CVCL_0399,plate4,Terfenadine,26,26,12,0.07674532135606071,0.24378109452736318,False,0.15384615384615385
tier1_seen_conditions,CVCL_0399,plate4,Fluvoxamine (maleate),27,27,12,0.26251280216708395,0.01990049751243781,True,0.3717948717948718
tier1_seen_conditions,CVCL_0399,plate4,S-Adenosyl-L-methionine (disulfate tosylate),29,29,12,0.18043097022987808,0.03482587064676617,True,0.9102564102564102
tier1_seen_conditions,CVCL_0399,plate4,Idarubicin (hydrochloride),28,28,12,0.16622659057462918,0.0845771144278607,False,0.9743589743589743
tier1_seen_conditions,CVCL_0399,plate4,Resveratrol,27,27,12,0.2634520322434142,0.03482587064676617,True,0.9230769230769231
tier1_seen_conditions,CVCL_0399,plate4,Rapamycin,29,29,12,0.04222046332473006,0.3333333333333333,False,0.7564102564102564
tier1_seen_conditions,CVCL_0399,plate4,Tofacitinib (citrate),28,28,12,0.13751084554868775,0.15920398009950248,False,0.8205128205128205
tier1_seen_conditions,CVCL_0399,plate4,Thymol,26,26,12,0.21959795020905126,0.03980099502487562,True,0.5128205128205128
tier1_seen_conditions,CVCL_0399,plate4,Darinaparsin,29,29,12,0.5551251606540486,0.014925373134328358,True,1.0
tier1_seen_conditions,CVCL_0399,plate4,Vilanterol,27,27,12,0.1965076004121311,0.029850746268656716,True,0.9358974358974359
tier1_seen_conditions,CVCL_0399,plate4,Lenalidomide (hemihydrate),27,27,12,0.0300764610190285,0.35323383084577115,False,0.9487179487179487
tier1_seen_conditions,CVCL_0399,plate4,Ritonavir,27,27,12,0.217817221336281,0.029850746268656716,True,0.46153846153846156
tier1_seen_conditions,CVCL_0399,plate4,Pentamidine (isethionate),27,27,12,0.012180156165467082,0.43283582089552236,False,0.32051282051282054
tier1_seen_conditions,CVCL_0399,plate4,Sulfisoxazole,28,28,12,0.19472762389855092,0.029850746268656716,True,0.8717948717948718
tier1_seen_conditions,CVCL_0399,plate4,Norepinephrine (hydrochloride),29,29,12,0.09900162118908717,0.12437810945273632,False,0.24358974358974358
tier1_seen_conditions,CVCL_0399,plate4,Ciclopirox,26,26,12,0.05269884289262272,0.23383084577114427,False,0.7051282051282052
tier1_seen_conditions,CVCL_0399,plate4,Lidocaine (hydrochloride),26,26,12,0.15368869146888997,0.05970149253731343,False,0.7948717948717948
tier1_seen_conditions,CVCL_0399,plate4,Demeclocycline,27,27,12,0.2395129987698823,0.014925373134328358,True,0.4358974358974359
tier1_seen_conditions,CVCL_0399,plate4,Mitoxantrone (dihydrochloride),28,28,12,0.18424523961850703,0.04477611940298507,True,1.0
tier1_seen_conditions,CVCL_0399,plate4,Larotrectinib,25,25,12,0.7077541538516314,0.004975124378109453,True,0.01282051282051282
tier1_seen_conditions,CVCL_0399,plate4,Cepharanthine,29,29,12,0.06541420996482827,0.263681592039801,False,0.8333333333333334
tier1_seen_conditions,CVCL_0399,plate4,Radotinib,28,28,12,0.1887262490963284,0.04975124378109453,True,0.8717948717948718
tier1_seen_conditions,CVCL_0399,plate4,Triclosan,25,25,12,0.20823136790771812,0.029850746268656716,True,0.5769230769230769
tier1_seen_conditions,CVCL_0399,plate4,Tucidinostat,27,27,12,0.208332543225751,0.03980099502487562,True,0.3333333333333333
tier1_seen_conditions,CVCL_0399,plate4,Bergenin,28,28,12,0.30990502014389243,0.009950248756218905,True,0.358974358974359
tier1_seen_conditions,CVCL_0399,plate4,Allantoin,27,27,12,0.09658910464776937,0.18407960199004975,False,0.782051282051282
tier1_seen_conditions,CVCL_0399,plate4,Bimatoprost,27,27,12,0.17229376013429842,0.029850746268656716,True,0.6410256410256411
tier1_seen_conditions,CVCL_0399,plate4,Triamcinolone,25,25,12,0.15076251816595487,0.06467661691542288,False,0.14102564102564102
tier1_seen_conditions,CVCL_0399,plate4,Olanzapine,28,28,12,0.30424875298055554,0.014925373134328358,True,0.9230769230769231
tier1_seen_conditions,CVCL_0399,plate4,Rimonabant,28,28,12,0.17765379520992042,0.05970149253731343,False,0.23076923076923078
tier1_seen_conditions,CVCL_0399,plate4,Pentagastrin,25,25,12,0.5031171511019998,0.009950248756218905,True,0.9358974358974359
tier1_seen_conditions,CVCL_0399,plate4,Lumateperone (tosylate),26,26,12,0.1071809430892241,0.15422885572139303,False,0.8589743589743589
tier1_seen_conditions,CVCL_0399,plate4,Relugolix,26,26,12,0.24565453552700234,0.04975124378109453,True,0.21794871794871795
tier1_seen_conditions,CVCL_0399,plate4,Homoharringtonine,27,27,12,0.3504553956162493,0.004975124378109453,True,1.0
tier1_seen_conditions,CVCL_0399,plate4,Hexylresorcinol,27,27,12,0.22106172217022113,0.0945273631840796,False,0.038461538461538464
tier1_seen_conditions,CVCL_0399,plate4,Riluzole hydrochloride,27,27,12,0.26804266228132967,0.029850746268656716,True,0.8589743589743589
tier1_seen_conditions,CVCL_0399,plate4,Isocorydine,26,26,12,0.09202574431861521,0.15920398009950248,False,0.9743589743589743
tier1_seen_conditions,CVCL_0399,plate4,Raltitrexed,28,28,12,0.2817989215816734,0.01990049751243781,True,0.8333333333333334
tier1_seen_conditions,CVCL_0399,plate4,Furosemide,27,27,12,0.15889366885309997,0.1044776119402985,False,0.5512820512820513
tier1_seen_conditions,CVCL_0399,plate4,Clotrimazole,29,29,12,0.055261193385289786,0.24875621890547264,False,0.9102564102564102
tier1_seen_conditions,CVCL_0399,plate4,Sodium Salicylate,28,28,12,0.5175989746949892,0.004975124378109453,True,0.8974358974358975
tier1_seen_conditions,CVCL_0399,plate4,Gallic acid (hydrate),28,28,12,0.26951857798105117,0.004975124378109453,True,0.717948717948718
tier1_seen_conditions,CVCL_0399,plate4,Pyridoxine,24,24,12,0.1519742861549762,0.06467661691542288,False,0.28205128205128205
tier1_seen_conditions,CVCL_0399,plate4,Acetohexamide,27,27,12,0.23036548937241896,0.009950248756218905,True,0.7435897435897436
tier1_seen_conditions,CVCL_0399,plate4,Megestrol,27,27,12,0.18738051636791653,0.01990049751243781,True,0.6923076923076923
tier1_seen_conditions,CVCL_0399,plate4,L-Thyroxine (sodium salt pentahydrate),28,28,12,0.16836478021008539,0.12437810945273632,False,0.48717948717948717
tier1_seen_conditions,CVCL_0399,plate4,Ropivacaine (hydrochloride monohydrate),27,27,12,0.10191535316598888,0.07960199004975124,False,0.28205128205128205
tier1_seen_conditions,CVCL_0399,plate4,Salicylic acid,26,26,12,0.3872935520056622,0.029850746268656716,True,0.358974358974359
tier1_seen_conditions,CVCL_0399,plate4,Elagolix sodium,26,26,12,0.22209185955964728,0.06965174129353234,False,0.9871794871794872
tier1_seen_conditions,CVCL_0399,plate4,Adenosine,28,28,12,0.3051123128665427,0.024875621890547265,True,0.4358974358974359
tier1_seen_conditions,CVCL_0399,plate4,Temsirolimus,27,27,12,0.27201898889829934,0.06467661691542288,False,0.21794871794871795
tier1_seen_conditions,CVCL_0399,plate4,Diammonium Glycyrrhizinate,29,29,12,0.24299035003328662,0.029850746268656716,True,0.7051282051282052
tier1_seen_conditions,CVCL_0399,plate4,Busulfan,29,29,12,0.28291755044867095,0.01990049751243781,True,0.8076923076923077
tier1_seen_conditions,CVCL_0399,plate4,Docetaxel,27,27,12,0.24032330957611414,0.01990049751243781,True,0.6282051282051282
tier1_seen_conditions,CVCL_0399,plate4,8-Hydroxyquinoline,24,24,12,0.1611515816623328,0.05472636815920398,False,0.23076923076923078
tier1_seen_conditions,CVCL_0399,plate4,Chlorhexidine (diacetate),24,24,12,0.07482760848567871,0.22388059701492538,False,0.6025641025641025
tier1_seen_conditions,CVCL_0399,plate4,Trifluridine,27,27,12,0.25060895588138443,0.009950248756218905,True,0.9358974358974359
tier1_seen_conditions,CVCL_0399,plate4,Retinoic acid,29,29,12,0.4048365140264618,0.004975124378109453,True,0.9358974358974359
tier1_seen_conditions,CVCL_0399,plate4,Cysteamine (hydrochloride),29,29,12,0.08283252835908073,0.15422885572139303,False,0.3717948717948718
tier1_seen_conditions,CVCL_0399,plate4,Vinblastine (sulfate),28,28,12,0.1338426291342767,0.15422885572139303,False,0.8333333333333334
tier1_seen_conditions,CVCL_0399,plate4,Pasireotide (acetate),29,29,12,0.2160425642711985,0.014925373134328358,True,0.8589743589743589
tier1_seen_conditions,CVCL_0399,plate4,Berberine (chloride hydrate),25,25,12,0.09635506481650502,0.15920398009950248,False,0.38461538461538464
tier1_seen_conditions,CVCL_0399,plate4,Medroxyprogesterone acetate,18,18,12,0.24308295086337317,0.014925373134328358,True,0.4230769230769231
tier1_seen_conditions,CVCL_0399,plate4,Neratinib (maleate),21,21,12,0.27032749264566647,0.01990049751243781,True,0.47435897435897434
tier1_seen_conditions,CVCL_0399,plate4,Sinomenine,15,15,12,0.16826501667906157,0.12935323383084577,False,0.0
tier1_seen_conditions,CVCL_0399,plate4,Goserelin (acetate),27,27,12,0.46060243338818374,0.009950248756218905,True,0.8717948717948718
tier1_seen_conditions,CVCL_0399,plate4,Fusidic acid,28,28,12,0.19291299729907863,0.05970149253731343,False,0.7692307692307693
tier1_seen_conditions,CVCL_0399,plate4,Balsalazide (sodium hydrate),25,25,12,0.4813791269267682,0.009950248756218905,True,0.6923076923076923
tier1_seen_conditions,CVCL_0399,plate4,Cloxacillin (sodium),26,26,12,0.12300403465510357,0.11940298507462686,False,0.4358974358974359
tier1_seen_conditions,CVCL_0399,plate4,Artesunate,23,23,12,0.5356544238033276,0.004975124378109453,True,0.3076923076923077
tier1_seen_conditions,CVCL_0399,plate4,Pyridoxine (hydrochloride),19,19,12,0.7371689087141107,0.004975124378109453,True,0.47435897435897434
tier1_seen_conditions,CVCL_0399,plate4,Folic acid,28,28,12,0.07308469523990446,0.26865671641791045,False,0.8461538461538461
tier1_seen_conditions,CVCL_0399,plate4,Selinexor,25,25,12,0.19661889188002135,0.03482587064676617,True,0.8205128205128205
tier1_seen_conditions,CVCL_0399,plate4,Adenine,28,28,12,0.6697920489893026,0.004975124378109453,True,1.0
tier1_seen_conditions,CVCL_0399,plate4,Amsacrine,23,23,12,0.22323295207997873,0.05970149253731343,False,0.5897435897435898
tier1_seen_conditions,CVCL_0366,plate4,Quinestrol,24,24,12,0.4294001141540793,0.004975124378109453,True,0.5512820512820513
tier1_seen_conditions,CVCL_0366,plate4,Trimetrexate,27,27,12,-0.05265126575325496,0.6915422885572139,False,0.9871794871794872
tier1_seen_conditions,CVCL_0366,plate4,Terfenadine,24,24,12,0.102204792526992,0.0845771144278607,False,0.6410256410256411
tier1_seen_conditions,CVCL_0366,plate4,Fluvoxamine (maleate),27,27,12,0.07537857616128463,0.19402985074626866,False,0.8717948717948718
tier1_seen_conditions,CVCL_0366,plate4,S-Adenosyl-L-methionine (disulfate tosylate),26,26,12,0.12145272346635849,0.08955223880597014,False,0.8076923076923077
tier1_seen_conditions,CVCL_0366,plate4,Idarubicin (hydrochloride),27,27,12,0.0378954748428324,0.3482587064676617,False,0.8333333333333334
tier1_seen_conditions,CVCL_0366,plate4,Tofacitinib (citrate),25,25,12,0.13581169527640213,0.06467661691542288,False,0.47435897435897434
tier1_seen_conditions,CVCL_0366,plate4,Darinaparsin,26,26,12,0.2695782805326328,0.03980099502487562,True,0.5512820512820513
tier1_seen_conditions,CVCL_0366,plate4,Ciclopirox,28,28,12,-0.12089995110975238,0.9353233830845771,False,0.9230769230769231
tier1_seen_conditions,CVCL_0366,plate4,Larotrectinib,26,26,12,0.29423436241205003,0.004975124378109453,True,0.9230769230769231
tier1_seen_conditions,CVCL_0366,plate4,Cepharanthine,25,25,12,0.09584612386665015,0.20398009950248755,False,0.7051282051282052
tier1_seen_conditions,CVCL_0366,plate4,Radotinib,26,26,12,0.32902442687190003,0.004975124378109453,True,1.0
tier1_seen_conditions,CVCL_0366,plate4,Docetaxel,17,17,12,0.15321367492451365,0.08955223880597014,False,0.8974358974358975
tier1_seen_conditions,CVCL_0366,plate4,Triclosan,20,20,12,0.15020615148496752,0.05472636815920398,False,0.5
tier1_seen_conditions,CVCL_0366,plate4,Bergenin,26,26,12,0.12087995711506672,0.12935323383084577,False,0.8974358974358975
tier1_seen_conditions,CVCL_0366,plate4,Allantoin,24,24,12,0.000874321672702294,0.4577114427860697,False,0.7948717948717948
tier1_seen_conditions,CVCL_0366,plate4,Triamcinolone,17,17,12,0.22649644923119894,0.01990049751243781,True,0.21794871794871795
tier1_seen_conditions,CVCL_0366,plate4,Rimonabant,22,22,12,0.04399065953683312,0.24378109452736318,False,0.8205128205128205
tier1_seen_conditions,CVCL_0366,plate4,Pentagastrin,12,12,12,0.36589220239414644,0.009950248756218905,True,0.20512820512820512
tier1_seen_conditions,CVCL_0366,plate4,Homoharringtonine,14,14,12,0.20576665158797702,0.04477611940298507,True,0.23076923076923078
tier1_seen_conditions,CVCL_0366,plate4,Hexylresorcinol,18,18,12,0.2943754307906996,0.004975124378109453,True,0.3333333333333333
tier1_seen_conditions,CVCL_0366,plate4,Riluzole hydrochloride,24,24,12,0.1476261300689785,0.07462686567164178,False,0.8461538461538461
tier1_seen_conditions,CVCL_0366,plate4,Palmatine (chloride),27,27,12,0.05414331497300395,0.21890547263681592,False,0.7051282051282052
tier1_seen_conditions,CVCL_0366,plate4,Raltitrexed,25,25,12,0.32329904541146703,0.01990049751243781,True,0.9615384615384616
tier1_seen_conditions,CVCL_0366,plate4,Furosemide,23,23,12,0.3391204885094101,0.024875621890547265,True,0.4230769230769231
tier1_seen_conditions,CVCL_0366,plate4,Sodium Salicylate,26,26,12,0.18885326171442962,0.004975124378109453,True,0.5
tier1_seen_conditions,CVCL_0366,plate4,Gallic acid (hydrate),26,26,12,0.020008359404254605,0.4129353233830846,False,0.9102564102564102
tier1_seen_conditions,CVCL_0366,plate4,Acetohexamide,25,25,12,0.4611565437629679,0.004975124378109453,True,0.8717948717948718
tier1_seen_conditions,CVCL_0366,plate4,Temsirolimus,27,27,12,0.06762279892107692,0.21890547263681592,False,0.9743589743589743
tier1_seen_conditions,CVCL_0366,plate4,Diammonium Glycyrrhizinate,28,28,12,-0.06150935219252318,0.7711442786069652,False,0.8461538461538461
tier1_seen_conditions,CVCL_0366,plate4,Ropivacaine (hydrochloride monohydrate),26,26,12,-0.05118826408646271,0.6417910447761194,False,0.6153846153846154
tier1_seen_conditions,CVCL_0366,plate4,Gemfibrozil,28,28,12,0.09661846214863168,0.14925373134328357,False,0.9230769230769231
tier1_seen_conditions,CVCL_0366,plate4,Elagolix sodium,26,26,12,0.08283049444500534,0.208955223880597,False,0.9743589743589743
tier1_seen_conditions,CVCL_0366,plate4,Resveratrol,26,26,12,-0.08396848774854959,0.8507462686567164,False,0.7692307692307693
tier1_seen_conditions,CVCL_0366,plate4,Rapamycin,26,26,12,0.17718807384216895,0.04477611940298507,True,0.9358974358974359
tier1_seen_conditions,CVCL_0366,plate4,Vilanterol,18,18,12,0.14705441840848188,0.04477611940298507,True,0.38461538461538464
tier1_seen_conditions,CVCL_0366,plate4,Ritonavir,28,28,12,0.008148722102980344,0.3482587064676617,False,0.9871794871794872
tier1_seen_conditions,CVCL_0366,plate4,Adenosine,26,26,12,-0.0169140244324808,0.5621890547263682,False,0.7948717948717948
tier1_seen_conditions,CVCL_0366,plate4,Sulfisoxazole,28,28,12,0.0001861620411567344,0.47761194029850745,False,0.782051282051282
tier1_seen_conditions,CVCL_0366,plate4,Clotrimazole,28,28,12,0.5041261197660862,0.004975124378109453,True,1.0
tier1_seen_conditions,CVCL_0366,plate4,Megestrol,27,27,12,0.08769449285479602,0.208955223880597,False,0.5897435897435898
tier1_seen_conditions,CVCL_0366,plate4,L-Thyroxine (sodium salt pentahydrate),28,28,12,0.2135949016175971,0.01990049751243781,True,1.0
tier1_seen_conditions,CVCL_0366,plate4,Salicylic acid,28,28,12,0.05260161894826787,0.208955223880597,False,0.7948717948717948
tier1_seen_conditions,CVCL_0366,plate4,Tofacitinib,26,26,12,-0.14070901406923753,0.945273631840796,False,1.0
tier1_seen_conditions,CVCL_0366,plate4,Thymol,18,18,12,0.15970961302969044,0.05970149253731343,False,0.2692307692307692
tier1_seen_conditions,CVCL_0366,plate4,Lenalidomide (hemihydrate),28,28,12,0.05712243483455737,0.18407960199004975,False,0.9871794871794872
tier1_seen_conditions,CVCL_0366,plate4,Pentamidine (isethionate),28,28,12,0.17095058204278857,0.06467661691542288,False,1.0
tier1_seen_conditions,CVCL_0366,plate4,Norepinephrine (hydrochloride),29,29,12,-0.09767381047826085,0.8706467661691543,False,0.9743589743589743
tier1_seen_conditions,CVCL_0366,plate4,Demeclocycline,29,29,12,-0.0149498222386093,0.5323383084577115,False,0.9102564102564102
tier1_seen_conditions,CVCL_0366,plate4,Busulfan,29,29,12,0.14653806442924555,0.06467661691542288,False,1.0
tier1_seen_conditions,CVCL_0366,plate4,Adagrasib,28,28,12,0.031773372751386475,0.2885572139303483,False,0.9743589743589743
tier1_seen_conditions,CVCL_0366,plate4,Retinoic acid,16,16,12,0.5157691069781638,0.004975124378109453,True,0.6538461538461539
tier1_seen_conditions,CVCL_0366,plate4,Vinblastine (sulfate),26,26,12,0.06538240120509009,0.25870646766169153,False,0.8333333333333334
tier1_seen_conditions,CVCL_0366,plate4,Pasireotide (acetate),22,22,12,0.3317617911766746,0.004975124378109453,True,0.5
tier1_seen_conditions,CVCL_0366,plate4,Isocorydine,29,29,12,0.06051884816787023,0.30845771144278605,False,0.9871794871794872
tier1_seen_conditions,CVCL_0366,plate4,Pyridoxine,29,29,12,0.13558469713192345,0.06467661691542288,False,0.7692307692307693
tier1_seen_conditions,CVCL_0366,plate4,18β-Glycyrrhetinic acid,29,29,12,-0.09661868309957455,0.8706467661691543,False,0.9743589743589743
tier1_seen_conditions,CVCL_0366,plate4,Tucidinostat,20,20,12,0.13618639510871233,0.0945273631840796,False,0.3717948717948718
tier1_seen_conditions,CVCL_0366,plate4,Bimatoprost,17,17,12,0.2817143415441521,0.014925373134328358,True,0.34615384615384615
tier1_seen_conditions,CVCL_0366,plate4,Olanzapine,21,21,12,0.06445743637164192,0.21393034825870647,False,0.358974358974359
tier1_seen_conditions,CVCL_0366,plate4,Mitoxantrone (dihydrochloride),27,27,12,0.33178914552837213,0.004975124378109453,True,0.9743589743589743
tier1_seen_conditions,CVCL_0366,plate4,Lumateperone (tosylate),19,19,12,0.06164726334829673,0.29850746268656714,False,0.34615384615384615
tier1_seen_conditions,CVCL_0366,plate4,Relugolix,14,14,12,0.22012834954327865,0.029850746268656716,True,0.16666666666666666
tier1_seen_conditions,CVCL_0366,plate4,Neratinib (maleate),17,17,12,0.056289002568842506,0.263681592039801,False,0.2948717948717949
tier1_seen_conditions,CVCL_0366,plate4,Cloxacillin (sodium),12,12,12,0.16715795917292198,0.04975124378109453,True,0.15384615384615385
tier1_seen_conditions,CVCL_0366,plate4,Folic acid,13,13,12,0.18349466551600102,0.03482587064676617,True,0.20512820512820512
tier1_seen_conditions,CVCL_0366,plate4,Selinexor,23,23,12,0.29452404780572117,0.014925373134328358,True,0.4358974358974359
tier1_seen_conditions,CVCL_0366,plate4,Adenine,15,15,12,0.15453266164867152,0.05472636815920398,False,0.34615384615384615
tier1_seen_conditions,CVCL_0366,plate4,Chlorhexidine (diacetate),22,22,12,-0.039143831146292385,0.6616915422885572,False,0.3974358974358974
tier1_seen_conditions,CVCL_0366,plate4,Trifluridine,26,26,12,0.16001722166274668,0.03482587064676617,True,0.5769230769230769
tier1_seen_conditions,CVCL_0366,plate4,Cysteamine (hydrochloride),16,16,12,0.16625038716732377,0.04975124378109453,True,0.5641025641025641
tier1_seen_conditions,CVCL_1098,plate4,Quinestrol,29,29,12,0.1867269730891632,0.07960199004975124,False,0.9452054794520548
tier1_seen_conditions,CVCL_1098,plate4,Trimetrexate,27,27,12,0.1322862201827597,0.03980099502487562,True,0.8904109589041096
tier1_seen_conditions,CVCL_1098,plate4,Gemfibrozil,26,26,12,0.006213122246604641,0.44776119402985076,False,0.9178082191780822
tier1_seen_conditions,CVCL_1098,plate4,18β-Glycyrrhetinic acid,26,26,12,0.03602449569458166,0.31840796019900497,False,0.958904109589041
tier1_seen_conditions,CVCL_1098,plate4,Terfenadine,25,25,12,0.08737412641223585,0.14925373134328357,False,0.9041095890410958
tier1_seen_conditions,CVCL_1098,plate4,Fluvoxamine (maleate),27,27,12,-0.08168883703319274,0.8109452736318408,False,0.7397260273972602
tier1_seen_conditions,CVCL_1098,plate4,S-Adenosyl-L-methionine (disulfate tosylate),25,25,12,0.0770642570172484,0.16417910447761194,False,0.6301369863013698
tier1_seen_conditions,CVCL_1098,plate4,Idarubicin (hydrochloride),27,27,12,0.04580576019045601,0.3034825870646766,False,0.7808219178082192
tier1_seen_conditions,CVCL_1098,plate4,Elagolix sodium,26,26,12,0.20922965390030157,0.004975124378109453,True,0.5342465753424658
tier1_seen_conditions,CVCL_1098,plate4,Resveratrol,28,28,12,-0.019945651819329058,0.5472636815920398,False,0.589041095890411
tier1_seen_conditions,CVCL_1098,plate4,Rapamycin,28,28,12,0.2805696721992721,0.004975124378109453,True,0.547945205479452
tier1_seen_conditions,CVCL_1098,plate4,Darinaparsin,29,29,12,0.41123426165975197,0.004975124378109453,True,0.9863013698630136
tier1_seen_conditions,CVCL_1098,plate4,Vilanterol,24,24,12,0.1343411836827908,0.07462686567164178,False,0.684931506849315
tier1_seen_conditions,CVCL_1098,plate4,Lenalidomide (hemihydrate),28,28,12,0.09925617522073793,0.15422885572139303,False,0.9863013698630136
tier1_seen_conditions,CVCL_1098,plate4,Ritonavir,25,25,12,0.16981995980262,0.03482587064676617,True,0.7123287671232876
tier1_seen_conditions,CVCL_1098,plate4,Pentamidine (isethionate),23,23,12,0.05410334100205283,0.2736318407960199,False,0.5753424657534246
tier1_seen_conditions,CVCL_1098,plate4,Norepinephrine (hydrochloride),24,24,12,-0.024929945141852983,0.5920398009950248,False,0.5342465753424658
tier1_seen_conditions,CVCL_1098,plate4,Cepharanthine,27,27,12,0.34833082107308755,0.004975124378109453,True,0.9726027397260274
tier1_seen_conditions,CVCL_1098,plate4,Triclosan,26,26,12,-0.007269611199708592,0.5074626865671642,False,0.6164383561643836
tier1_seen_conditions,CVCL_1098,plate4,Tucidinostat,19,19,12,0.1321021113480736,0.09950248756218906,False,0.2191780821917808
tier1_seen_conditions,CVCL_1098,plate4,Bergenin,22,22,12,0.07642207672751411,0.24378109452736318,False,0.7808219178082192
tier1_seen_conditions,CVCL_1098,plate4,Olanzapine,26,26,12,0.11046561172009994,0.11442786069651742,False,0.4383561643835616
tier1_seen_conditions,CVCL_1098,plate4,Rimonabant,26,26,12,0.07475160680733595,0.1691542288557214,False,0.6986301369863014
tier1_seen_conditions,CVCL_1098,plate4,Pentagastrin,22,22,12,0.2914031087612976,0.024875621890547265,True,0.8082191780821918
tier1_seen_conditions,CVCL_1098,plate4,Lumateperone (tosylate),20,20,12,-0.05150326463889954,0.6716417910447762,False,0.3972602739726027
tier1_seen_conditions,CVCL_1098,plate4,Relugolix,17,17,12,0.15733905159321004,0.06965174129353234,False,0.1095890410958904
tier1_seen_conditions,CVCL_1098,plate4,Hexylresorcinol,23,23,12,0.1082190905487419,0.12437810945273632,False,0.4794520547945205
tier1_seen_conditions,CVCL_1098,plate4,Riluzole hydrochloride,27,27,12,0.16248372156197632,0.05472636815920398,False,0.3972602739726027
tier1_seen_conditions,CVCL_1098,plate4,Palmatine (chloride),26,26,12,0.30487044304758015,0.004975124378109453,True,0.6164383561643836
tier1_seen_conditions,CVCL_1098,plate4,Isocorydine,26,26,12,0.36311683086086255,0.01990049751243781,True,0.9315068493150684
tier1_seen_conditions,CVCL_1098,plate4,Raltitrexed,20,20,12,0.17295360768114598,0.06965174129353234,False,0.3972602739726027
tier1_seen_conditions,CVCL_1098,plate4,Sodium Salicylate,27,27,12,0.2322955529735058,0.024875621890547265,True,0.4246575342465753
tier1_seen_conditions,CVCL_1098,plate4,Gallic acid (hydrate),26,26,12,0.10558095466786277,0.13930348258706468,False,0.9863013698630136
tier1_seen_conditions,CVCL_1098,plate4,Pyridoxine,27,27,12,0.06271178213042283,0.2736318407960199,False,0.6027397260273972
tier1_seen_conditions,CVCL_1098,plate4,Acetohexamide,25,25,12,0.11853841005359556,0.14925373134328357,False,0.3287671232876712
tier1_seen_conditions,CVCL_1098,plate4,Temsirolimus,27,27,12,0.2577845042102762,0.014925373134328358,True,0.9315068493150684
tier1_seen_conditions,CVCL_1098,plate4,Megestrol,27,27,12,0.17858939881603142,0.07462686567164178,False,1.0
tier1_seen_conditions,CVCL_1098,plate4,Diammonium Glycyrrhizinate,27,27,12,0.4767180761000436,0.004975124378109453,True,0.8082191780821918
tier1_seen_conditions,CVCL_1098,plate4,L-Thyroxine (sodium salt pentahydrate),26,26,12,0.35239557269899535,0.024875621890547265,True,0.8082191780821918
tier1_seen_conditions,CVCL_1098,plate4,Ropivacaine (hydrochloride monohydrate),27,27,12,0.2619294155401892,0.03482587064676617,True,0.9041095890410958
tier1_seen_conditions,CVCL_1098,plate4,Salicylic acid,25,25,12,-0.04313690830253236,0.6119402985074627,False,0.958904109589041
tier1_seen_conditions,CVCL_1098,plate4,Tofacitinib,27,27,12,0.12945300679848515,0.05472636815920398,False,0.8493150684931506
tier1_seen_conditions,CVCL_1098,plate4,Thymol,27,27,12,0.18349761696806155,0.03980099502487562,True,0.9863013698630136
tier1_seen_conditions,CVCL_1098,plate4,Ciclopirox,27,27,12,0.03898643617179154,0.3034825870646766,False,0.7945205479452054
tier1_seen_conditions,CVCL_1098,plate4,Mitoxantrone (dihydrochloride),25,25,12,0.22016791990254347,0.04477611940298507,True,0.589041095890411
tier1_seen_conditions,CVCL_1098,plate4,Adenosine,28,28,12,0.06409976882414803,0.18407960199004975,False,0.9041095890410958
tier1_seen_conditions,CVCL_1098,plate4,Sulfisoxazole,28,28,12,0.08791247845100969,0.13930348258706468,False,1.0
tier1_seen_conditions,CVCL_1098,plate4,Demeclocycline,27,27,12,0.10021404474537476,0.14427860696517414,False,0.9726027397260274
tier1_seen_conditions,CVCL_1098,plate4,Busulfan,27,27,12,0.14904019074373487,0.05970149253731343,False,0.9726027397260274
tier1_seen_conditions,CVCL_1098,plate4,Radotinib,26,26,12,0.2710255206899941,0.01990049751243781,True,0.9315068493150684
tier1_seen_conditions,CVCL_1098,plate4,Adagrasib,27,27,12,0.11352279990673608,0.0845771144278607,False,0.7808219178082192
tier1_seen_conditions,CVCL_1098,plate4,8-Hydroxyquinoline,17,17,12,0.2764970999779415,0.004975124378109453,True,0.1232876712328767
tier1_seen_conditions,CVCL_1098,plate4,Trifluridine,19,19,12,0.0416682571082454,0.31840796019900497,False,0.6575342465753424
tier1_seen_conditions,CVCL_1098,plate4,Cysteamine (hydrochloride),17,17,12,0.2869021346275673,0.004975124378109453,True,0.2191780821917808
tier1_seen_conditions,CVCL_1098,plate4,Vinblastine (sulfate),28,28,12,0.15908647596333303,0.04477611940298507,True,0.958904109589041
tier1_seen_conditions,CVCL_1098,plate4,Pasireotide (acetate),18,18,12,0.4462496842411827,0.004975124378109453,True,0.1506849315068493
tier1_seen_conditions,CVCL_1098,plate4,Clotrimazole,28,28,12,0.3671260270169725,0.009950248756218905,True,0.863013698630137
tier1_seen_conditions,CVCL_1098,plate4,Allantoin,12,12,12,0.15229205122906464,0.024875621890547265,True,0.0958904109589041
tier1_seen_conditions,CVCL_1098,plate4,Triamcinolone,15,15,12,0.1457138782942664,0.08955223880597014,False,0.1506849315068493
tier1_seen_conditions,CVCL_1098,plate4,Goserelin (acetate),21,21,12,0.43792230569683355,0.004975124378109453,True,0.8082191780821918
tier1_seen_conditions,CVCL_1098,plate4,Fusidic acid,21,21,12,0.09643060352287236,0.13432835820895522,False,0.3972602739726027
tier1_seen_conditions,CVCL_1098,plate4,Balsalazide (sodium hydrate),16,16,12,0.3249644659093853,0.01990049751243781,True,0.1643835616438356
tier1_seen_conditions,CVCL_1098,plate4,Artesunate,18,18,12,0.25532110928235774,0.004975124378109453,True,0.2602739726027397
tier1_seen_conditions,CVCL_1098,plate4,Pyridoxine (hydrochloride),18,18,12,0.4686205832690433,0.004975124378109453,True,0.4794520547945205
tier1_seen_conditions,CVCL_1098,plate4,Folic acid,12,12,12,0.2565930638736287,0.029850746268656716,True,0.0958904109589041
tier1_seen_conditions,CVCL_1098,plate4,Selinexor,23,23,12,0.14694223575664545,0.04975124378109453,True,0.5342465753424658
tier1_seen_conditions,CVCL_1098,plate4,Adenine,14,14,12,0.23558626380900272,0.014925373134328358,True,0.0958904109589041
tier1_seen_conditions,CVCL_1098,plate4,Chlorhexidine (diacetate),16,16,12,0.07909349257707987,0.1890547263681592,False,0.2602739726027397
tier1_seen_conditions,CVCL_1098,plate4,Retinoic acid,29,29,12,0.3563128780057969,0.014925373134328358,True,0.9315068493150684
tier1_seen_conditions,CVCL_0293,plate4,Quinestrol,29,29,12,0.09208395208531783,0.21890547263681592,False,1.0
tier1_seen_conditions,CVCL_0293,plate4,Tofacitinib,27,27,12,-0.01231083253038534,0.5422885572139303,False,1.0
tier1_seen_conditions,CVCL_0293,plate4,Trimetrexate,25,25,12,0.1950685054146355,0.04477611940298507,True,0.2077922077922078
tier1_seen_conditions,CVCL_0293,plate4,18β-Glycyrrhetinic acid,27,27,12,0.3526137720718072,0.004975124378109453,True,0.8701298701298701
tier1_seen_conditions,CVCL_0293,plate4,Terfenadine,26,26,12,0.1933472113102983,0.04975124378109453,True,0.8181818181818182
tier1_seen_conditions,CVCL_0293,plate4,Fluvoxamine (maleate),29,29,12,-0.031285781759534004,0.527363184079602,False,0.2987012987012987
tier1_seen_conditions,CVCL_0293,plate4,S-Adenosyl-L-methionine (disulfate tosylate),29,29,12,0.18195212905045643,0.10945273631840796,False,0.974025974025974
tier1_seen_conditions,CVCL_0293,plate4,Idarubicin (hydrochloride),26,26,12,0.39969284861566834,0.004975124378109453,True,0.5584415584415584
tier1_seen_conditions,CVCL_0293,plate4,Elagolix sodium,26,26,12,0.20171943996593633,0.03980099502487562,True,0.4025974025974026
tier1_seen_conditions,CVCL_0293,plate4,Tofacitinib (citrate),29,29,12,0.06555767014971536,0.263681592039801,False,0.6623376623376623
tier1_seen_conditions,CVCL_0293,plate4,Thymol,27,27,12,-0.06381231729694292,0.6069651741293532,False,0.8051948051948052
tier1_seen_conditions,CVCL_0293,plate4,Darinaparsin,25,25,12,0.07092195750822938,0.1791044776119403,False,0.5194805194805194
tier1_seen_conditions,CVCL_0293,plate4,Lenalidomide (hemihydrate),24,24,12,0.1256381527817787,0.0945273631840796,False,0.4155844155844156
tier1_seen_conditions,CVCL_0293,plate4,Ritonavir,28,28,12,-0.06673781868075324,0.7014925373134329,False,0.5844155844155844
tier1_seen_conditions,CVCL_0293,plate4,Pentamidine (isethionate),23,23,12,0.022087696201673168,0.3383084577114428,False,0.2857142857142857
tier1_seen_conditions,CVCL_0293,plate4,Adenosine,24,24,12,0.04400691607189522,0.3781094527363184,False,0.6233766233766234
tier1_seen_conditions,CVCL_0293,plate4,Sulfisoxazole,24,24,12,0.11235312982024759,0.12437810945273632,False,0.4025974025974026
tier1_seen_conditions,CVCL_0293,plate4,Norepinephrine (hydrochloride),24,24,12,0.1912652683009668,0.0945273631840796,False,0.5324675324675324
tier1_seen_conditions,CVCL_0293,plate4,Ciclopirox,28,28,12,0.06663517001563513,0.27860696517412936,False,0.9090909090909091
tier1_seen_conditions,CVCL_0293,plate4,Lidocaine (hydrochloride),27,27,12,0.22726991645132166,0.04477611940298507,True,0.7142857142857143
tier1_seen_conditions,CVCL_0293,plate4,Demeclocycline,25,25,12,0.08968087380931067,0.18407960199004975,False,0.7142857142857143
tier1_seen_conditions,CVCL_0293,plate4,Mitoxantrone (dihydrochloride),28,28,12,0.014879781962465088,0.3383084577114428,False,0.8311688311688312
tier1_seen_conditions,CVCL_0293,plate4,Busulfan,27,27,12,0.07230610418594097,0.23880597014925373,False,0.8961038961038961
tier1_seen_conditions,CVCL_0293,plate4,Radotinib,26,26,12,0.05183861479540752,0.2537313432835821,False,0.5974025974025974
tier1_seen_conditions,CVCL_0293,plate4,Docetaxel,28,28,12,0.5094277569365406,0.009950248756218905,True,1.0
tier1_seen_conditions,CVCL_0293,plate4,Triclosan,28,28,12,-0.05108320896996332,0.6567164179104478,False,0.974025974025974
tier1_seen_conditions,CVCL_0293,plate4,Bergenin,28,28,12,0.08548789618059338,0.17412935323383086,False,0.8701298701298701
tier1_seen_conditions,CVCL_0293,plate4,Allantoin,25,25,12,0.2816401141428013,0.024875621890547265,True,0.8701298701298701
tier1_seen_conditions,CVCL_0293,plate4,Bimatoprost,27,27,12,0.10546882276572411,0.18407960199004975,False,0.948051948051948
tier1_seen_conditions,CVCL_0293,plate4,Triamcinolone,26,26,12,0.13482156373865095,0.11940298507462686,False,0.38961038961038963
tier1_seen_conditions,CVCL_0293,plate4,Olanzapine,24,24,12,0.12301338980918963,0.14925373134328357,False,0.5844155844155844
tier1_seen_conditions,CVCL_0293,plate4,Rimonabant,25,25,12,0.18114889328678707,0.03980099502487562,True,0.8571428571428571
tier1_seen_conditions,CVCL_0293,plate4,Pentagastrin,25,25,12,0.0627367894781159,0.263681592039801,False,0.8181818181818182
tier1_seen_conditions,CVCL_0293,plate4,Lumateperone (tosylate),27,27,12,0.14766733683416788,0.13930348258706468,False,0.8571428571428571
tier1_seen_conditions,CVCL_0293,plate4,Relugolix,29,29,12,0.13395412245582783,0.14427860696517414,False,0.5974025974025974
tier1_seen_conditions,CVCL_0293,plate4,Homoharringtonine,29,29,12,0.6227951809264489,0.009950248756218905,True,1.0
tier1_seen_conditions,CVCL_0293,plate4,Riluzole hydrochloride,28,28,12,0.13847161667007413,0.0845771144278607,False,0.961038961038961
tier1_seen_conditions,CVCL_0293,plate4,Palmatine (chloride),28,28,12,0.24651012617894885,0.03980099502487562,True,0.987012987012987
tier1_seen_conditions,CVCL_0293,plate4,Isocorydine,27,27,12,0.10110951615320118,0.11940298507462686,False,0.7142857142857143
tier1_seen_conditions,CVCL_0293,plate4,Raltitrexed,24,24,12,0.15993278718003445,0.06467661691542288,False,0.5584415584415584
tier1_seen_conditions,CVCL_0293,plate4,Furosemide,28,28,12,0.11216129860317814,0.18407960199004975,False,0.922077922077922
tier1_seen_conditions,CVCL_0293,plate4,Clotrimazole,27,27,12,0.2795827153980852,0.029850746268656716,True,0.922077922077922
tier1_seen_conditions,CVCL_0293,plate4,Pyridoxine,27,27,12,0.20601184170754472,0.05472636815920398,False,0.8571428571428571
tier1_seen_conditions,CVCL_0293,plate4,Acetohexamide,27,27,12,0.018308293836387435,0.40298507462686567,False,0.2857142857142857
tier1_seen_conditions,CVCL_0293,plate4,Temsirolimus,29,29,12,0.2400448183341144,0.029850746268656716,True,0.8831168831168831
tier1_seen_conditions,CVCL_0293,plate4,Megestrol,28,28,12,0.1629821126461266,0.0845771144278607,False,1.0
tier1_seen_conditions,CVCL_0293,plate4,Diammonium Glycyrrhizinate,29,29,12,0.0537512984100843,0.3333333333333333,False,0.935064935064935
tier1_seen_conditions,CVCL_0293,plate4,L-Thyroxine (sodium salt pentahydrate),25,25,12,-0.03620007988141083,0.5422885572139303,False,0.09090909090909091
tier1_seen_conditions,CVCL_0293,plate4,Ropivacaine (hydrochloride monohydrate),26,26,12,0.27862579586287417,0.029850746268656716,True,0.19480519480519481
tier1_seen_conditions,CVCL_0293,plate4,Salicylic acid,28,28,12,0.20815526115635485,0.05472636815920398,False,0.5324675324675324
tier1_seen_conditions,CVCL_0293,plate4,Gemfibrozil,28,28,12,0.2934992410780719,0.04975124378109453,True,0.961038961038961
tier1_seen_conditions,CVCL_0293,plate4,Resveratrol,29,29,12,0.032785452099018286,0.2935323383084577,False,0.8831168831168831
tier1_seen_conditions,CVCL_0293,plate4,Rapamycin,28,28,12,0.055466383179307854,0.2935323383084577,False,0.974025974025974
tier1_seen_conditions,CVCL_0293,plate4,Vilanterol,26,26,12,0.027551275481974002,0.3681592039800995,False,0.3246753246753247
tier1_seen_conditions,CVCL_0293,plate4,Larotrectinib,29,29,12,0.13697808643799902,0.07960199004975124,False,1.0
tier1_seen_conditions,CVCL_0293,plate4,Sodium Salicylate,29,29,12,0.1778442829083371,0.06467661691542288,False,0.948051948051948
tier1_seen_conditions,CVCL_0293,plate4,Gallic acid (hydrate),27,27,12,0.20723852226409534,0.06467661691542288,False,0.935064935064935
tier1_seen_conditions,CVCL_0293,plate4,Cepharanthine,28,28,12,0.46824161956137367,0.004975124378109453,True,1.0
tier1_seen_conditions,CVCL_0293,plate4,Adagrasib,25,25,12,-0.008886368391237909,0.48258706467661694,False,0.8961038961038961
tier1_seen_conditions,CVCL_0293,plate4,8-Hydroxyquinoline,28,28,12,0.19584906619349596,0.03482587064676617,True,0.948051948051948
tier1_seen_conditions,CVCL_0293,plate4,Chlorhexidine (diacetate),26,26,12,0.10093900058079441,0.12437810945273632,False,0.6753246753246753
tier1_seen_conditions,CVCL_0293,plate4,Trifluridine,24,24,12,0.0050880082193582865,0.4626865671641791,False,0.5714285714285714
tier1_seen_conditions,CVCL_0293,plate4,Retinoic acid,26,26,12,0.2525455610396037,0.0945273631840796,False,0.948051948051948
tier1_seen_conditions,CVCL_0293,plate4,Cysteamine (hydrochloride),24,24,12,0.14531478163260303,0.13930348258706468,False,0.5584415584415584
tier1_seen_conditions,CVCL_0293,plate4,Vinblastine (sulfate),26,26,12,0.05727639040196841,0.23383084577114427,False,0.2077922077922078
tier1_seen_conditions,CVCL_0293,plate4,Pasireotide (acetate),24,24,12,0.032374737827421285,0.3333333333333333,False,0.8961038961038961
tier1_seen_conditions,CVCL_0293,plate4,Hexylresorcinol,29,29,12,0.03082692429639522,0.29850746268656714,False,0.8441558441558441
tier1_seen_conditions,CVCL_0293,plate4,Berberine (chloride hydrate),16,16,12,0.07920990536171679,0.15422885572139303,False,0.1038961038961039
tier1_seen_conditions,CVCL_0293,plate4,Medroxyprogesterone acetate,14,14,12,0.12280296146891345,0.14925373134328357,False,0.012987012987012988
tier1_seen_conditions,CVCL_0293,plate4,Neratinib (maleate),22,22,12,0.03526546200619585,0.30845771144278605,False,0.7012987012987013
tier1_seen_conditions,CVCL_0293,plate4,Goserelin (acetate),17,17,12,0.021443434840627162,0.3283582089552239,False,0.44155844155844154
tier1_seen_conditions,CVCL_0293,plate4,Fusidic acid,29,29,12,0.2597163028916647,0.01990049751243781,True,0.948051948051948
tier1_seen_conditions,CVCL_0293,plate4,Balsalazide (sodium hydrate),15,15,12,0.11611185883306341,0.10945273631840796,False,0.03896103896103896
tier1_seen_conditions,CVCL_0293,plate4,Cloxacillin (sodium),19,19,12,-0.0001054666457722675,0.34328358208955223,False,0.0
tier1_seen_conditions,CVCL_0293,plate4,Artesunate,18,18,12,0.036045418706699195,0.3482587064676617,False,0.2987012987012987
tier1_seen_conditions,CVCL_0293,plate4,Pyridoxine (hydrochloride),23,23,12,0.19577162880519872,0.06965174129353234,False,0.8181818181818182
tier1_seen_conditions,CVCL_0293,plate4,Adenine,25,25,12,0.2824601682323742,0.029850746268656716,True,0.6883116883116883
tier1_seen_conditions,CVCL_0293,plate4,Amsacrine,18,18,12,0.19964464267239457,0.06467661691542288,False,0.2077922077922078
tier1_seen_conditions,CVCL_1716,plate4,Quinestrol,15,15,12,0.04678469621686787,0.31343283582089554,False,0.9545454545454546
tier1_seen_conditions,CVCL_1716,plate4,Terfenadine,16,16,12,-0.05809790929330738,0.7114427860696517,False,1.0
tier1_seen_conditions,CVCL_1716,plate4,Ritonavir,14,14,12,-0.009270049816851866,0.47761194029850745,False,0.9090909090909091
tier1_seen_conditions,CVCL_1635,plate4,Quinestrol,27,27,12,0.17914148333607827,0.11442786069651742,False,0.7534246575342466
tier1_seen_conditions,CVCL_1635,plate4,Tofacitinib,29,29,12,0.035090295434660135,0.31343283582089554,False,1.0
tier1_seen_conditions,CVCL_1635,plate4,Trimetrexate,27,27,12,-0.009982675225208126,0.48756218905472637,False,0.8904109589041096
tier1_seen_conditions,CVCL_1635,plate4,Gemfibrozil,27,27,12,0.16050276682590336,0.1044776119402985,False,0.9315068493150684
tier1_seen_conditions,CVCL_1635,plate4,18β-Glycyrrhetinic acid,28,28,12,-0.0205702837807209,0.4427860696517413,False,0.7534246575342466
tier1_seen_conditions,CVCL_1635,plate4,Terfenadine,24,24,12,0.015136860657463558,0.38308457711442784,False,0.6712328767123288
tier1_seen_conditions,CVCL_1635,plate4,S-Adenosyl-L-methionine (disulfate tosylate),25,25,12,0.0039030613169082073,0.44776119402985076,False,0.8767123287671232
tier1_seen_conditions,CVCL_1635,plate4,Idarubicin (hydrochloride),27,27,12,0.07110093820547014,0.20398009950248755,False,0.821917808219178
tier1_seen_conditions,CVCL_1635,plate4,Resveratrol,28,28,12,-0.05695711885409516,0.7313432835820896,False,0.8904109589041096
tier1_seen_conditions,CVCL_1635,plate4,Rapamycin,24,24,12,-0.006360572100684081,0.5074626865671642,False,0.8493150684931506
tier1_seen_conditions,CVCL_1635,plate4,Vilanterol,23,23,12,0.017965534524254423,0.40298507462686567,False,0.6575342465753424
tier1_seen_conditions,CVCL_1635,plate4,Lenalidomide (hemihydrate),26,26,12,-0.026138998824992044,0.6119402985074627,False,0.9041095890410958
tier1_seen_conditions,CVCL_1635,plate4,Ritonavir,23,23,12,-0.03064507997335575,0.6069651741293532,False,0.684931506849315
tier1_seen_conditions,CVCL_1635,plate4,Pentamidine (isethionate),25,25,12,0.21154999231298532,0.06467661691542288,False,0.6301369863013698
tier1_seen_conditions,CVCL_1635,plate4,Adenosine,25,25,12,-0.06229088072079492,0.7562189054726368,False,0.6575342465753424
tier1_seen_conditions,CVCL_1635,plate4,Sulfisoxazole,28,28,12,0.13787176725292838,0.07462686567164178,False,0.9452054794520548
tier1_seen_conditions,CVCL_1635,plate4,Ciclopirox,27,27,12,-0.09807723814304836,0.8407960199004975,False,0.9178082191780822
tier1_seen_conditions,CVCL_1635,plate4,Lidocaine (hydrochloride),18,18,12,0.07772458645736968,0.21890547263681592,False,0.4520547945205479
tier1_seen_conditions,CVCL_1635,plate4,Mitoxantrone (dihydrochloride),24,24,12,0.1027428545654967,0.16417910447761194,False,0.9315068493150684
tier1_seen_conditions,CVCL_1635,plate4,Larotrectinib,24,24,12,0.2070356444116488,0.0845771144278607,False,0.9041095890410958
tier1_seen_conditions,CVCL_1635,plate4,Busulfan,26,26,12,0.02709202433733182,0.34328358208955223,False,1.0
tier1_seen_conditions,CVCL_1635,plate4,Cepharanthine,27,27,12,-0.00489503349216136,0.42786069651741293,False,0.9452054794520548
tier1_seen_conditions,CVCL_1635,plate4,Triclosan,26,26,12,0.26011738083925273,0.024875621890547265,True,0.726027397260274
tier1_seen_conditions,CVCL_1635,plate4,Tucidinostat,20,20,12,0.019311860458016028,0.38308457711442784,False,0.3835616438356164
tier1_seen_conditions,CVCL_1635,plate4,Allantoin,15,15,12,0.12119008590642544,0.09950248756218906,False,0.4383561643835616
tier1_seen_conditions,CVCL_1635,plate4,Triamcinolone,20,20,12,0.11018404185872654,0.12935323383084577,False,0.7534246575342466
tier1_seen_conditions,CVCL_1635,plate4,Olanzapine,23,23,12,0.16251119862950958,0.05970149253731343,False,0.3424657534246575
tier1_seen_conditions,CVCL_1635,plate4,Rimonabant,23,23,12,0.0673470460022969,0.23383084577114427,False,0.3972602739726027
tier1_seen_conditions,CVCL_1635,plate4,Lumateperone (tosylate),20,20,12,-0.0629861873911306,0.7412935323383084,False,0.3424657534246575
tier1_seen_conditions,CVCL_1635,plate4,Homoharringtonine,24,24,12,0.19953593049124763,0.014925373134328358,True,1.0
tier1_seen_conditions,CVCL_1635,plate4,Palmatine (chloride),26,26,12,0.050261795517167585,0.24875621890547264,False,0.8904109589041096
tier1_seen_conditions,CVCL_1635,plate4,Isocorydine,24,24,12,-0.005074265712007531,0.527363184079602,False,0.726027397260274
tier1_seen_conditions,CVCL_1635,plate4,Raltitrexed,28,28,12,0.2860906234956744,0.029850746268656716,True,0.9178082191780822
tier1_seen_conditions,CVCL_1635,plate4,Furosemide,25,25,12,0.013567080791498043,0.36318407960199006,False,0.863013698630137
tier1_seen_conditions,CVCL_1635,plate4,Pyridoxine,26,26,12,0.08529867689092008,0.15920398009950248,False,0.8904109589041096
tier1_seen_conditions,CVCL_1635,plate4,Temsirolimus,27,27,12,0.16173629184281424,0.11442786069651742,False,0.7671232876712328
tier1_seen_conditions,CVCL_1635,plate4,Diammonium Glycyrrhizinate,27,27,12,0.0036733082058084676,0.43781094527363185,False,0.7808219178082192
tier1_seen_conditions,CVCL_1635,plate4,Salicylic acid,27,27,12,-0.1263693841136302,0.9104477611940298,False,0.4520547945205479
tier1_seen_conditions,CVCL_1635,plate4,Elagolix sodium,28,28,12,-0.013957361571275584,0.4975124378109453,False,1.0
tier1_seen_conditions,CVCL_1635,plate4,Tofacitinib (citrate),27,27,12,-0.062197614106509036,0.6965174129353234,False,0.863013698630137
tier1_seen_conditions,CVCL_1635,plate4,Norepinephrine (hydrochloride),26,26,12,0.0191248133832449,0.43283582089552236,False,0.726027397260274
tier1_seen_conditions,CVCL_1635,plate4,Demeclocycline,27,27,12,0.03771546629273992,0.3333333333333333,False,0.863013698630137
tier1_seen_conditions,CVCL_1635,plate4,Sodium Salicylate,28,28,12,0.28578793066404984,0.009950248756218905,True,0.9863013698630136
tier1_seen_conditions,CVCL_1635,plate4,Megestrol,24,24,12,0.3271380264319319,0.024875621890547265,True,0.9726027397260274
tier1_seen_conditions,CVCL_1635,plate4,L-Thyroxine (sodium salt pentahydrate),26,26,12,0.15971953965892816,0.13930348258706468,False,0.7534246575342466
tier1_seen_conditions,CVCL_1635,plate4,Ropivacaine (hydrochloride monohydrate),27,27,12,-0.045237968819879626,0.6218905472636815,False,1.0
tier1_seen_conditions,CVCL_1635,plate4,Darinaparsin,27,27,12,0.1389810560684861,0.07462686567164178,False,0.8356164383561644
tier1_seen_conditions,CVCL_1635,plate4,Radotinib,27,27,12,0.16661319220392912,0.03980099502487562,True,0.9315068493150684
tier1_seen_conditions,CVCL_1635,plate4,8-Hydroxyquinoline,17,17,12,0.13666312971573014,0.0945273631840796,False,0.1643835616438356
tier1_seen_conditions,CVCL_1635,plate4,Chlorhexidine (diacetate),18,18,12,-0.007241939019699828,0.43781094527363185,False,0.1780821917808219
tier1_seen_conditions,CVCL_1635,plate4,Cysteamine (hydrochloride),16,16,12,0.11053860249891478,0.10945273631840796,False,0.1643835616438356
tier1_seen_conditions,CVCL_1635,plate4,Vinblastine (sulfate),25,25,12,0.06439042795734018,0.24378109452736318,False,0.5342465753424658
tier1_seen_conditions,CVCL_1635,plate4,Gallic acid (hydrate),28,28,12,0.037565846605833286,0.3383084577114428,False,0.9041095890410958
tier1_seen_conditions,CVCL_1635,plate4,Acetohexamide,27,27,12,0.2801504575298921,0.009950248756218905,True,0.9863013698630136
tier1_seen_conditions,CVCL_1635,plate4,Pasireotide (acetate),27,27,12,0.10924149979688913,0.1691542288557214,False,0.9726027397260274
tier1_seen_conditions,CVCL_1635,plate4,Bergenin,25,25,12,0.01577331733167675,0.4079601990049751,False,0.5068493150684932
tier1_seen_conditions,CVCL_1635,plate4,Bimatoprost,18,18,12,0.0554699722750609,0.24378109452736318,False,0.3150684931506849
tier1_seen_conditions,CVCL_1635,plate4,Relugolix,23,23,12,-0.011657664432183523,0.5124378109452736,False,0.9452054794520548
tier1_seen_conditions,CVCL_1635,plate4,Neratinib (maleate),16,16,12,0.06518242132571217,0.27860696517412936,False,0.2191780821917808
tier1_seen_conditions,CVCL_1635,plate4,Goserelin (acetate),19,19,12,0.1839662245805762,0.06467661691542288,False,0.3835616438356164
tier1_seen_conditions,CVCL_1635,plate4,Fusidic acid,12,12,12,0.03343582690924052,0.32338308457711445,False,0.136986301369863
tier1_seen_conditions,CVCL_1635,plate4,Cloxacillin (sodium),15,15,12,0.07701221126638202,0.1791044776119403,False,0.1506849315068493
tier1_seen_conditions,CVCL_1635,plate4,Selinexor,12,12,12,0.01546206708316511,0.4527363184079602,False,0.1643835616438356
tier1_seen_conditions,CVCL_1635,plate4,Adenine,19,19,12,0.25567877668004435,0.03482587064676617,True,0.4794520547945205
tier1_seen_conditions,CVCL_1635,plate4,Adagrasib,22,22,12,0.019752316093514466,0.39303482587064675,False,0.7397260273972602
tier1_seen_conditions,CVCL_1635,plate4,Trifluridine,24,24,12,-0.09213395952829195,0.8258706467661692,False,0.9452054794520548
tier1_seen_conditions,CVCL_1635,plate4,Riluzole hydrochloride,29,29,12,0.1805980803211007,0.05472636815920398,False,0.9863013698630136
tier1_seen_conditions,CVCL_0371,plate4,Quinestrol,24,24,12,-0.09844819033018659,0.8756218905472637,False,0.725
tier1_seen_conditions,CVCL_0371,plate4,Tofacitinib,26,26,12,-0.006229012928544719,0.5024875621890548,False,0.4625
tier1_seen_conditions,CVCL_0371,plate4,Gemfibrozil,29,29,12,-0.06589729861404692,0.7562189054726368,False,0.9875
tier1_seen_conditions,CVCL_0371,plate4,Terfenadine,25,25,12,-0.04360338946192144,0.6019900497512438,False,0.2625
tier1_seen_conditions,CVCL_0371,plate4,Fluvoxamine (maleate),25,25,12,0.046229428704883446,0.2736318407960199,False,0.775
tier1_seen_conditions,CVCL_0371,plate4,S-Adenosyl-L-methionine (disulfate tosylate),26,26,12,-0.0017303676917439503,0.44776119402985076,False,0.8
tier1_seen_conditions,CVCL_0371,plate4,Resveratrol,28,28,12,0.07144517114342541,0.19402985074626866,False,0.9
tier1_seen_conditions,CVCL_0371,plate4,Rapamycin,27,27,12,0.07979954586388871,0.1791044776119403,False,0.6
tier1_seen_conditions,CVCL_0371,plate4,Tofacitinib (citrate),25,25,12,-0.07348942049859986,0.746268656716418,False,0.5
tier1_seen_conditions,CVCL_0371,plate4,Thymol,26,26,12,0.038731189622403406,0.24875621890547264,False,0.975
tier1_seen_conditions,CVCL_0371,plate4,Lenalidomide (hemihydrate),26,26,12,0.08681553501689976,0.1791044776119403,False,0.4625
tier1_seen_conditions,CVCL_0371,plate4,Ritonavir,25,25,12,0.017122862172229247,0.3681592039800995,False,0.4875
tier1_seen_conditions,CVCL_0371,plate4,Adenosine,28,28,12,0.00760762615613686,0.43781094527363185,False,1.0
tier1_seen_conditions,CVCL_0371,plate4,Norepinephrine (hydrochloride),25,25,12,-0.033540696253183455,0.5870646766169154,False,0.825
tier1_seen_conditions,CVCL_0371,plate4,Ciclopirox,28,28,12,0.08305033435794229,0.1890547263681592,False,0.8875
tier1_seen_conditions,CVCL_0371,plate4,Demeclocycline,22,22,12,-0.10221523819934042,0.8407960199004975,False,0.25
tier1_seen_conditions,CVCL_0371,plate4,Mitoxantrone (dihydrochloride),25,25,12,-0.03457428298634291,0.5024875621890548,False,0.6125
tier1_seen_conditions,CVCL_0371,plate4,Larotrectinib,27,27,12,-0.04406611848212805,0.6517412935323383,False,0.8625
tier1_seen_conditions,CVCL_0371,plate4,Cepharanthine,28,28,12,0.06303536800960075,0.22388059701492538,False,0.95
tier1_seen_conditions,CVCL_0371,plate4,Radotinib,28,28,12,-0.15350323489681905,0.9601990049751243,False,1.0
tier1_seen_conditions,CVCL_0371,plate4,Docetaxel,20,20,12,0.39071830417115905,0.009950248756218905,True,0.9
tier1_seen_conditions,CVCL_0371,plate4,Triclosan,25,25,12,-0.14083145298502942,0.9303482587064676,False,0.8625
tier1_seen_conditions,CVCL_0371,plate4,Tucidinostat,27,27,12,-0.044591567665071,0.6417910447761194,False,1.0
tier1_seen_conditions,CVCL_0371,plate4,Bergenin,23,23,12,-0.04876124397483039,0.6666666666666666,False,0.35
tier1_seen_conditions,CVCL_0371,plate4,Allantoin,24,24,12,-0.00479849980211533,0.5422885572139303,False,0.9625
tier1_seen_conditions,CVCL_0371,plate4,Bimatoprost,22,22,12,0.0017844915365206049,0.4527363184079602,False,0.675
tier1_seen_conditions,CVCL_0371,plate4,Triamcinolone,22,22,12,-0.07300416009587707,0.7761194029850746,False,0.4875
tier1_seen_conditions,CVCL_0371,plate4,Olanzapine,27,27,12,-0.0732584664207927,0.8009950248756219,False,0.875
tier1_seen_conditions,CVCL_0371,plate4,Rimonabant,26,26,12,-0.09666939470716329,0.900497512437811,False,0.975
tier1_seen_conditions,CVCL_0371,plate4,Pentagastrin,19,19,12,-0.043425715410641885,0.7711442786069652,False,0.3875
tier1_seen_conditions,CVCL_0371,plate4,Relugolix,28,28,12,-0.0362574616229292,0.5323383084577115,False,0.925
tier1_seen_conditions,CVCL_0371,plate4,Homoharringtonine,28,28,12,0.15802069573111766,0.09950248756218906,False,1.0
tier1_seen_conditions,CVCL_0371,plate4,Hexylresorcinol,26,26,12,0.015654036747314137,0.43283582089552236,False,0.8375
tier1_seen_conditions,CVCL_0371,plate4,Riluzole hydrochloride,26,26,12,0.057076466063099573,0.26865671641791045,False,0.9375
tier1_seen_conditions,CVCL_0371,plate4,Isocorydine,23,23,12,-0.023328602930575926,0.5024875621890548,False,0.3375
tier1_seen_conditions,CVCL_0371,plate4,Raltitrexed,27,27,12,-0.10749883528000659,0.835820895522388,False,0.85
tier1_seen_conditions,CVCL_0371,plate4,Furosemide,26,26,12,0.018688275007352928,0.4129353233830846,False,0.8875
tier1_seen_conditions,CVCL_0371,plate4,Clotrimazole,26,26,12,-0.023543143109268527,0.5572139303482587,False,0.9125
tier1_seen_conditions,CVCL_0371,plate4,Sodium Salicylate,25,25,12,0.05159295140504838,0.27860696517412936,False,0.4
tier1_seen_conditions,CVCL_0371,plate4,Gallic acid (hydrate),29,29,12,-0.05474042705820459,0.6865671641791045,False,0.7875
tier1_seen_conditions,CVCL_0371,plate4,Acetohexamide,24,24,12,-0.07422831334693747,0.7064676616915423,False,0.6875
tier1_seen_conditions,CVCL_0371,plate4,Temsirolimus,28,28,12,0.15065575299518308,0.029850746268656716,True,1.0
tier1_seen_conditions,CVCL_0371,plate4,Megestrol,26,26,12,-0.050607744129703036,0.7064676616915423,False,0.875
tier1_seen_conditions,CVCL_0371,plate4,Diammonium Glycyrrhizinate,28,28,12,0.027509882577161804,0.29850746268656714,False,0.875
tier1_seen_conditions,CVCL_0371,plate4,L-Thyroxine (sodium salt pentahydrate),29,29,12,0.0668087325538167,0.18407960199004975,False,0.6375
tier1_seen_conditions,CVCL_0371,plate4,Ropivacaine (hydrochloride monohydrate),29,29,12,-0.023583644183510444,0.4527363184079602,False,0.95
tier1_seen_conditions,CVCL_0371,plate4,Salicylic acid,24,24,12,-0.06556226010567734,0.7064676616915423,False,0.8
tier1_seen_conditions,CVCL_0371,plate4,Trimetrexate,29,29,12,-0.065550520266493,0.7860696517412935,False,0.9375
tier1_seen_conditions,CVCL_0371,plate4,18β-Glycyrrhetinic acid,28,28,12,-0.025871794035168705,0.5373134328358209,False,0.9375
tier1_seen_conditions,CVCL_0371,plate4,Idarubicin (hydrochloride),28,28,12,0.10420303096082684,0.13930348258706468,False,1.0
tier1_seen_conditions,CVCL_0371,plate4,Elagolix sodium,28,28,12,0.0005878526251628102,0.472636815920398,False,0.625
tier1_seen_conditions,CVCL_0371,plate4,Darinaparsin,28,28,12,-0.05986790625317795,0.6467661691542289,False,0.975
tier1_seen_conditions,CVCL_0371,plate4,Vilanterol,26,26,12,-0.12866353978620992,0.900497512437811,False,0.3875
tier1_seen_conditions,CVCL_0371,plate4,Sulfisoxazole,29,29,12,-0.0010794073824840211,0.4527363184079602,False,0.9875
tier1_seen_conditions,CVCL_0371,plate4,Pyridoxine,29,29,12,-0.011753582465221513,0.5074626865671642,False,0.9
tier1_seen_conditions,CVCL_0371,plate4,Pentamidine (isethionate),29,29,12,0.002410613742174661,0.39800995024875624,False,0.8625
tier1_seen_conditions,CVCL_0371,plate4,Lidocaine (hydrochloride),28,28,12,0.05164077579276238,0.2835820895522388,False,0.825
tier1_seen_conditions,CVCL_0371,plate4,Busulfan,29,29,12,-0.032243297614741095,0.6169154228855721,False,0.9375
tier1_seen_conditions,CVCL_0371,plate4,Adagrasib,28,28,12,-0.12215712003272294,0.8805970149253731,False,0.775
tier1_seen_conditions,CVCL_0371,plate4,8-Hydroxyquinoline,27,27,12,-0.028953670437811496,0.5373134328358209,False,0.9125
tier1_seen_conditions,CVCL_0371,plate4,Cysteamine (hydrochloride),29,29,12,0.04357632231795883,0.24378109452736318,False,0.9625
tier1_seen_conditions,CVCL_0371,plate4,Vinblastine (sulfate),25,25,12,0.003600487645805117,0.4925373134328358,False,0.4875
tier1_seen_conditions,CVCL_0371,plate4,Pasireotide (acetate),27,27,12,0.15152672212675178,0.12437810945273632,False,0.9125
tier1_seen_conditions,CVCL_0371,plate4,Palmatine (chloride),29,29,12,0.07717542080117745,0.16417910447761194,False,0.9875
tier1_seen_conditions,CVCL_0371,plate4,Lumateperone (tosylate),29,29,12,0.0768393222067516,0.21890547263681592,False,0.8875
tier1_seen_conditions,CVCL_0371,plate4,Berberine (chloride hydrate),13,13,12,-0.0773445593186608,0.7611940298507462,False,0.0625
tier1_seen_conditions,CVCL_0371,plate4,Medroxyprogesterone acetate,13,13,12,0.01716084996363776,0.39303482587064675,False,0.05
tier1_seen_conditions,CVCL_0371,plate4,Sinomenine,16,16,12,-0.008739104464746461,0.5124378109452736,False,0.225
tier1_seen_conditions,CVCL_0371,plate4,Goserelin (acetate),21,21,12,0.0793110556159764,0.1791044776119403,False,0.7625
tier1_seen_conditions,CVCL_0371,plate4,Fusidic acid,29,29,12,-0.0889750192965355,0.8059701492537313,False,0.9125
tier1_seen_conditions,CVCL_0371,plate4,Artesunate,16,16,12,0.0013565828798025592,0.4577114427860697,False,0.7625
tier1_seen_conditions,CVCL_0371,plate4,Pyridoxine (hydrochloride),13,13,12,0.12891194236815373,0.11940298507462686,False,0.15
tier1_seen_conditions,CVCL_0371,plate4,Folic acid,16,16,12,-0.051491837634612736,0.681592039800995,False,0.1
tier1_seen_conditions,CVCL_0371,plate4,Selinexor,17,17,12,-0.0179892389920564,0.4975124378109453,False,0.375
tier1_seen_conditions,CVCL_0371,plate4,Adenine,23,23,12,0.04293051690854632,0.3383084577114428,False,0.7
tier1_seen_conditions,CVCL_0371,plate4,Gallic acid,12,12,12,-0.00723893479408666,0.4527363184079602,False,0.0125
tier1_seen_conditions,CVCL_0371,plate4,Amsacrine,12,12,12,0.027956322359019126,0.36318407960199006,False,0.1125
tier1_seen_conditions,CVCL_0371,plate4,Trifluridine,28,28,12,-0.07038112184017997,0.7213930348258707,False,0.975
tier1_seen_conditions,CVCL_0371,plate4,Retinoic acid,28,28,12,0.11521181129262281,0.1044776119402985,False,0.925
tier1_seen_conditions,CVCL_1731,plate4,Quinestrol,25,25,12,0.11584731799120895,0.14427860696517414,False,0.36619718309859156
tier1_seen_conditions,CVCL_1731,plate4,18β-Glycyrrhetinic acid,25,25,12,0.22641487757883638,0.05472636815920398,False,0.9577464788732394
tier1_seen_conditions,CVCL_1731,plate4,Terfenadine,28,28,12,0.19494569953230467,0.04477611940298507,True,0.9014084507042254
tier1_seen_conditions,CVCL_1731,plate4,S-Adenosyl-L-methionine (disulfate tosylate),26,26,12,0.1665372891470991,0.024875621890547265,True,0.7746478873239436
tier1_seen_conditions,CVCL_1731,plate4,Idarubicin (hydrochloride),25,25,12,0.2909550023370713,0.004975124378109453,True,0.7887323943661971
tier1_seen_conditions,CVCL_1731,plate4,Vilanterol,21,21,12,0.14942610388071031,0.0845771144278607,False,0.28169014084507044
tier1_seen_conditions,CVCL_1731,plate4,Ritonavir,27,27,12,0.09741485283851326,0.15920398009950248,False,0.7605633802816901
tier1_seen_conditions,CVCL_1731,plate4,Sulfisoxazole,26,26,12,0.31718833530564616,0.009950248756218905,True,0.7605633802816901
tier1_seen_conditions,CVCL_1731,plate4,Norepinephrine (hydrochloride),25,25,12,0.3126237532271592,0.014925373134328358,True,0.8309859154929577
tier1_seen_conditions,CVCL_1731,plate4,Ciclopirox,27,27,12,0.27623263025596145,0.014925373134328358,True,0.6901408450704225
tier1_seen_conditions,CVCL_1731,plate4,Demeclocycline,26,26,12,0.19579389654470525,0.009950248756218905,True,0.971830985915493
tier1_seen_conditions,CVCL_1731,plate4,Radotinib,27,27,12,0.1541273772822933,0.04975124378109453,True,0.9154929577464789
tier1_seen_conditions,CVCL_1731,plate4,Triclosan,12,12,12,0.11445808432343973,0.1044776119402985,False,0.2112676056338028
tier1_seen_conditions,CVCL_1731,plate4,Tucidinostat,20,20,12,0.09393286135975032,0.12935323383084577,False,0.2535211267605634
tier1_seen_conditions,CVCL_1731,plate4,Bergenin,27,27,12,0.10947053714843591,0.15920398009950248,False,0.8169014084507042
tier1_seen_conditions,CVCL_1731,plate4,Olanzapine,13,13,12,0.16171972733132556,0.04477611940298507,True,0.07042253521126761
tier1_seen_conditions,CVCL_1731,plate4,Lumateperone (tosylate),27,27,12,0.11974718402417928,0.1044776119402985,False,1.0
tier1_seen_conditions,CVCL_1731,plate4,Relugolix,19,19,12,0.0826343862563661,0.1791044776119403,False,0.5774647887323944
tier1_seen_conditions,CVCL_1731,plate4,Homoharringtonine,21,21,12,0.46658961754895145,0.004975124378109453,True,0.7605633802816901
tier1_seen_conditions,CVCL_1731,plate4,Riluzole hydrochloride,27,27,12,0.05391208023899807,0.3034825870646766,False,0.9014084507042254
tier1_seen_conditions,CVCL_1731,plate4,Palmatine (chloride),27,27,12,0.32659859073235076,0.009950248756218905,True,0.8169014084507042
tier1_seen_conditions,CVCL_1731,plate4,Isocorydine,25,25,12,0.037437353069842416,0.32338308457711445,False,0.8309859154929577
tier1_seen_conditions,CVCL_1731,plate4,Raltitrexed,26,26,12,0.13987820667935402,0.05472636815920398,False,0.9577464788732394
tier1_seen_conditions,CVCL_1731,plate4,Furosemide,24,24,12,0.15757830220006497,0.07462686567164178,False,0.7746478873239436
tier1_seen_conditions,CVCL_1731,plate4,Clotrimazole,28,28,12,0.16087433701851417,0.06467661691542288,False,0.4788732394366197
tier1_seen_conditions,CVCL_1731,plate4,Gallic acid (hydrate),25,25,12,0.23028017038790338,0.01990049751243781,True,0.5492957746478874
tier1_seen_conditions,CVCL_1731,plate4,Pyridoxine,24,24,12,0.13501225642333914,0.1044776119402985,False,0.9577464788732394
tier1_seen_conditions,CVCL_1731,plate4,Acetohexamide,29,29,12,0.13141261681345817,0.0845771144278607,False,0.8309859154929577
tier1_seen_conditions,CVCL_1731,plate4,Temsirolimus,27,27,12,0.11909926202538124,0.12935323383084577,False,0.4788732394366197
tier1_seen_conditions,CVCL_1731,plate4,Megestrol,25,25,12,0.1761699572586224,0.029850746268656716,True,0.676056338028169
tier1_seen_conditions,CVCL_1731,plate4,Diammonium Glycyrrhizinate,26,26,12,0.15694260941073068,0.07462686567164178,False,0.7746478873239436
tier1_seen_conditions,CVCL_1731,plate4,L-Thyroxine (sodium salt pentahydrate),24,24,12,0.29091792002253136,0.004975124378109453,True,0.9014084507042254
tier1_seen_conditions,CVCL_1731,plate4,Tofacitinib,26,26,12,0.16250886740994375,0.04477611940298507,True,1.0
tier1_seen_conditions,CVCL_1731,plate4,Fluvoxamine (maleate),24,24,12,0.06289538453679988,0.24875621890547264,False,0.6338028169014085
tier1_seen_conditions,CVCL_1731,plate4,Elagolix sodium,29,29,12,0.25697579730586106,0.01990049751243781,True,0.9014084507042254
tier1_seen_conditions,CVCL_1731,plate4,Resveratrol,25,25,12,0.11826221431128658,0.15920398009950248,False,0.5633802816901409
tier1_seen_conditions,CVCL_1731,plate4,Rapamycin,28,28,12,0.16996162084737598,0.03980099502487562,True,1.0
tier1_seen_conditions,CVCL_1731,plate4,Tofacitinib (citrate),26,26,12,0.2967469848915485,0.004975124378109453,True,0.8591549295774648
tier1_seen_conditions,CVCL_1731,plate4,Darinaparsin,28,28,12,0.09797338207492778,0.10945273631840796,False,0.6901408450704225
tier1_seen_conditions,CVCL_1731,plate4,Pentamidine (isethionate),28,28,12,0.1542342959451446,0.0945273631840796,False,0.6619718309859155
tier1_seen_conditions,CVCL_1731,plate4,Adenosine,25,25,12,0.04778811863377719,0.27860696517412936,False,0.5915492957746479
tier1_seen_conditions,CVCL_1731,plate4,Larotrectinib,28,28,12,0.1530338513933458,0.06965174129353234,False,0.971830985915493
tier1_seen_conditions,CVCL_1731,plate4,Ropivacaine (hydrochloride monohydrate),25,25,12,0.1996049464833991,0.03482587064676617,True,0.6901408450704225
tier1_seen_conditions,CVCL_1731,plate4,Salicylic acid,28,28,12,0.21725181471969357,0.009950248756218905,True,0.9859154929577465
tier1_seen_conditions,CVCL_1731,plate4,Trimetrexate,27,27,12,0.5730764584593615,0.004975124378109453,True,0.647887323943662
tier1_seen_conditions,CVCL_1731,plate4,Gemfibrozil,29,29,12,0.20459178287416258,0.024875621890547265,True,0.971830985915493
tier1_seen_conditions,CVCL_1731,plate4,Lenalidomide (hemihydrate),25,25,12,0.31493726322250915,0.009950248756218905,True,0.9577464788732394
tier1_seen_conditions,CVCL_1731,plate4,Busulfan,29,29,12,0.27958388361457587,0.004975124378109453,True,0.971830985915493
tier1_seen_conditions,CVCL_1731,plate4,Cepharanthine,29,29,12,0.2340427120371249,0.01990049751243781,True,0.8591549295774648
tier1_seen_conditions,CVCL_1731,plate4,Adagrasib,24,24,12,0.16938970356910765,0.06467661691542288,False,0.9577464788732394
tier1_seen_conditions,CVCL_1731,plate4,Vinblastine (sulfate),24,24,12,0.14587141856462083,0.05472636815920398,False,0.8591549295774648
tier1_seen_conditions,CVCL_1731,plate4,Pasireotide (acetate),26,26,12,0.22612656262349162,0.009950248756218905,True,1.0
tier1_seen_conditions,CVCL_1731,plate4,Mitoxantrone (dihydrochloride),20,20,12,0.030518658291732947,0.3582089552238806,False,0.22535211267605634
tier1_seen_conditions,CVCL_1731,plate4,Bimatoprost,22,22,12,0.06540449598594833,0.22388059701492538,False,0.4507042253521127
tier1_seen_conditions,CVCL_1731,plate4,Triamcinolone,12,12,12,0.21264592310267183,0.01990049751243781,True,0.11267605633802817
tier1_seen_conditions,CVCL_1731,plate4,Rimonabant,26,26,12,0.22678927038875152,0.01990049751243781,True,0.7323943661971831
tier1_seen_conditions,CVCL_1731,plate4,Thymol,21,21,12,0.14127988146170445,0.05970149253731343,False,0.6056338028169014
tier1_seen_conditions,CVCL_1731,plate4,Pentagastrin,19,19,12,0.1254870410977702,0.09950248756218906,False,0.29577464788732394
tier1_seen_conditions,CVCL_1731,plate4,Medroxyprogesterone acetate,13,13,12,0.27812899031066074,0.004975124378109453,True,0.14084507042253522
tier1_seen_conditions,CVCL_1731,plate4,Neratinib (maleate),14,14,12,0.10511307145299753,0.14427860696517414,False,0.18309859154929578
tier1_seen_conditions,CVCL_1731,plate4,Goserelin (acetate),16,16,12,0.14870180895773544,0.07960199004975124,False,0.2535211267605634
tier1_seen_conditions,CVCL_1731,plate4,Fusidic acid,15,15,12,0.15039378137385206,0.07462686567164178,False,0.16901408450704225
tier1_seen_conditions,CVCL_1731,plate4,Adenine,14,14,12,0.12373759433267928,0.0945273631840796,False,0.2112676056338028
tier1_seen_conditions,CVCL_1731,plate4,Chlorhexidine (diacetate),26,26,12,0.20573901931418703,0.04975124378109453,True,0.9859154929577465
tier1_seen_conditions,CVCL_1731,plate4,Trifluridine,13,13,12,0.2902191345698597,0.01990049751243781,True,0.2112676056338028
tier1_seen_conditions,CVCL_1731,plate4,Retinoic acid,23,23,12,0.40967957651959175,0.004975124378109453,True,0.9859154929577465
tier1_seen_conditions,CVCL_1097,plate4,Tofacitinib,26,26,12,0.0185211519278905,0.40298507462686567,False,0.7066666666666667
tier1_seen_conditions,CVCL_1097,plate4,Trimetrexate,28,28,12,-0.015543485017627034,0.5223880597014925,False,0.7733333333333333
tier1_seen_conditions,CVCL_1097,plate4,Gemfibrozil,26,26,12,-0.010626940579362198,0.4975124378109453,False,0.44
tier1_seen_conditions,CVCL_1097,plate4,Terfenadine,24,24,12,0.1289520962849675,0.07462686567164178,False,0.6133333333333333
tier1_seen_conditions,CVCL_1097,plate4,Fluvoxamine (maleate),28,28,12,-0.14100955058654918,0.945273631840796,False,0.8133333333333334
tier1_seen_conditions,CVCL_1097,plate4,S-Adenosyl-L-methionine (disulfate tosylate),28,28,12,-0.04833735734882971,0.6417910447761194,False,0.96
tier1_seen_conditions,CVCL_1097,plate4,Idarubicin (hydrochloride),26,26,12,0.05121093879445482,0.24875621890547264,False,0.8133333333333334
tier1_seen_conditions,CVCL_1097,plate4,Elagolix sodium,26,26,12,0.011444878646004852,0.39303482587064675,False,0.29333333333333333
tier1_seen_conditions,CVCL_1097,plate4,Resveratrol,27,27,12,0.06762076939807216,0.23383084577114427,False,0.37333333333333335
tier1_seen_conditions,CVCL_1097,plate4,Rapamycin,26,26,12,-0.04531685326992019,0.6666666666666666,False,0.9066666666666666
tier1_seen_conditions,CVCL_1097,plate4,Thymol,28,28,12,0.08243767649828193,0.19900497512437812,False,0.8666666666666667
tier1_seen_conditions,CVCL_1097,plate4,Ritonavir,25,25,12,-0.1244683741703323,0.9552238805970149,False,0.36
tier1_seen_conditions,CVCL_1097,plate4,Adenosine,25,25,12,0.11361123354677716,0.07462686567164178,False,0.96
tier1_seen_conditions,CVCL_1097,plate4,Sulfisoxazole,27,27,12,-0.12928978904799848,0.9303482587064676,False,0.7066666666666667
tier1_seen_conditions,CVCL_1097,plate4,Norepinephrine (hydrochloride),27,27,12,-0.04865671158574969,0.6616915422885572,False,0.5333333333333333
tier1_seen_conditions,CVCL_1097,plate4,Ciclopirox,26,26,12,-0.07038080762101373,0.7960199004975125,False,0.76
tier1_seen_conditions,CVCL_1097,plate4,Demeclocycline,26,26,12,-0.15857946603208362,0.9751243781094527,False,0.30666666666666664
tier1_seen_conditions,CVCL_1097,plate4,Larotrectinib,25,25,12,0.12897850785363651,0.05472636815920398,False,0.72
tier1_seen_conditions,CVCL_1097,plate4,Busulfan,29,29,12,0.020338495372875798,0.3781094527363184,False,0.9066666666666666
tier1_seen_conditions,CVCL_1097,plate4,Cepharanthine,27,27,12,-0.07746465985604623,0.736318407960199,False,0.7066666666666667
tier1_seen_conditions,CVCL_1097,plate4,Radotinib,27,27,12,0.04773971019651846,0.2885572139303483,False,0.84
tier1_seen_conditions,CVCL_1097,plate4,Triclosan,25,25,12,-0.01232251487308389,0.5472636815920398,False,0.6933333333333334
tier1_seen_conditions,CVCL_1097,plate4,Tucidinostat,29,29,12,0.009698021038794025,0.42786069651741293,False,1.0
tier1_seen_conditions,CVCL_1097,plate4,Bergenin,28,28,12,0.030364967274303822,0.26865671641791045,False,0.84
tier1_seen_conditions,CVCL_1097,plate4,Allantoin,14,14,12,-0.07260154352346504,0.7611940298507462,False,0.12
tier1_seen_conditions,CVCL_1097,plate4,Bimatoprost,28,28,12,-0.015367248394975164,0.5223880597014925,False,0.5733333333333334
tier1_seen_conditions,CVCL_1097,plate4,Triamcinolone,25,25,12,0.010601807481073422,0.42786069651741293,False,0.6533333333333333
tier1_seen_conditions,CVCL_1097,plate4,Olanzapine,26,26,12,-0.018653677806787172,0.572139303482587,False,0.68
tier1_seen_conditions,CVCL_1097,plate4,Pentagastrin,26,26,12,0.04363123075488318,0.29850746268656714,False,0.8666666666666667
tier1_seen_conditions,CVCL_1097,plate4,Lumateperone (tosylate),25,25,12,0.11125984622083429,0.13930348258706468,False,0.7066666666666667
tier1_seen_conditions,CVCL_1097,plate4,Homoharringtonine,26,26,12,0.4865715687853669,0.004975124378109453,True,1.0
tier1_seen_conditions,CVCL_1097,plate4,Hexylresorcinol,26,26,12,0.012001916328271633,0.48756218905472637,False,0.96
tier1_seen_conditions,CVCL_1097,plate4,Riluzole hydrochloride,28,28,12,0.006994023682517891,0.4925373134328358,False,1.0
tier1_seen_conditions,CVCL_1097,plate4,Palmatine (chloride),28,28,12,0.09089921530215861,0.15920398009950248,False,0.8
tier1_seen_conditions,CVCL_1097,plate4,Isocorydine,25,25,12,-0.11413193225196672,0.8905472636815921,False,0.14666666666666667
tier1_seen_conditions,CVCL_1097,plate4,Furosemide,27,27,12,0.006223053569184955,0.4527363184079602,False,0.7733333333333333
tier1_seen_conditions,CVCL_1097,plate4,Gallic acid (hydrate),26,26,12,0.10290576102581817,0.13432835820895522,False,0.4666666666666667
tier1_seen_conditions,CVCL_1097,plate4,Pyridoxine,28,28,12,0.03553430517712286,0.3333333333333333,False,0.8266666666666667
tier1_seen_conditions,CVCL_1097,plate4,Acetohexamide,27,27,12,0.005699388676212891,0.417910447761194,False,0.7333333333333333
tier1_seen_conditions,CVCL_1097,plate4,Temsirolimus,26,26,12,-0.013225351648397776,0.527363184079602,False,1.0
tier1_seen_conditions,CVCL_1097,plate4,Megestrol,28,28,12,0.029204626349288887,0.2736318407960199,False,0.92
tier1_seen_conditions,CVCL_1097,plate4,Diammonium Glycyrrhizinate,26,26,12,0.05779836218852452,0.22885572139303484,False,0.8933333333333333
tier1_seen_conditions,CVCL_1097,plate4,Salicylic acid,27,27,12,-0.005033023952442761,0.46766169154228854,False,0.88
tier1_seen_conditions,CVCL_1097,plate4,Darinaparsin,28,28,12,0.1005045778726199,0.1791044776119403,False,0.7866666666666666
tier1_seen_conditions,CVCL_1097,plate4,Pentamidine (isethionate),29,29,12,0.00795204287902962,0.44776119402985076,False,0.8933333333333333
tier1_seen_conditions,CVCL_1097,plate4,Clotrimazole,29,29,12,-0.06752508543731217,0.8059701492537313,False,0.5466666666666666
tier1_seen_conditions,CVCL_1097,plate4,Ropivacaine (hydrochloride monohydrate),29,29,12,0.0516785136775777,0.29850746268656714,False,0.48
tier1_seen_conditions,CVCL_1097,plate4,18β-Glycyrrhetinic acid,28,28,12,-0.01305367893851539,0.5323383084577115,False,0.8933333333333333
tier1_seen_conditions,CVCL_1097,plate4,Lenalidomide (hemihydrate),28,28,12,-0.08064709864538955,0.8656716417910447,False,0.6533333333333333
tier1_seen_conditions,CVCL_1097,plate4,Mitoxantrone (dihydrochloride),29,29,12,0.032500077116020876,0.39800995024875624,False,0.9866666666666667
tier1_seen_conditions,CVCL_1097,plate4,Adagrasib,26,26,12,-0.09902343175002137,0.845771144278607,False,0.6
tier1_seen_conditions,CVCL_1097,plate4,8-Hydroxyquinoline,18,18,12,-0.06847947063637427,0.7313432835820896,False,0.16
tier1_seen_conditions,CVCL_1097,plate4,Chlorhexidine (diacetate),26,26,12,-0.045824540205366304,0.6716417910447762,False,0.44
tier1_seen_conditions,CVCL_1097,plate4,Retinoic acid,26,26,12,0.18565534046319598,0.04975124378109453,True,0.9733333333333334
tier1_seen_conditions,CVCL_1097,plate4,Cysteamine (hydrochloride),26,26,12,-0.05987141630444981,0.7910447761194029,False,0.56
tier1_seen_conditions,CVCL_1097,plate4,Vinblastine (sulfate),28,28,12,0.08415649080000343,0.1691542288557214,False,0.9333333333333333
tier1_seen_conditions,CVCL_1097,plate4,Pasireotide (acetate),27,27,12,0.16147285960362723,0.06467661691542288,False,0.9733333333333334
tier1_seen_conditions,CVCL_1097,plate4,Raltitrexed,29,29,12,-0.0015790544984266575,0.47761194029850745,False,0.9866666666666667
tier1_seen_conditions,CVCL_1097,plate4,Vilanterol,29,29,12,-0.06191145604499759,0.7114427860696517,False,0.6933333333333334
tier1_seen_conditions,CVCL_1097,plate4,Lidocaine (hydrochloride),28,28,12,-0.04378579029228469,0.7014925373134329,False,0.64
tier1_seen_conditions,CVCL_1097,plate4,Rimonabant,29,29,12,-0.06513255247247329,0.746268656716418,False,0.8266666666666667
tier1_seen_conditions,CVCL_1097,plate4,Relugolix,27,27,12,0.08761189847951201,0.1890547263681592,False,1.0
tier1_seen_conditions,CVCL_1097,plate4,Berberine (chloride hydrate),14,14,12,-0.01645489297882108,0.48756218905472637,False,0.09333333333333334
tier1_seen_conditions,CVCL_1097,plate4,Medroxyprogesterone acetate,13,13,12,0.026072970142895002,0.3383084577114428,False,0.16
tier1_seen_conditions,CVCL_1097,plate4,Neratinib (maleate),20,20,12,0.061660392916941476,0.22388059701492538,False,0.26666666666666666
tier1_seen_conditions,CVCL_1097,plate4,Fusidic acid,26,26,12,-0.02924355604955231,0.6069651741293532,False,0.68
tier1_seen_conditions,CVCL_1097,plate4,Cloxacillin (sodium),24,24,12,-0.05220258671746869,0.7213930348258707,False,0.8933333333333333
tier1_seen_conditions,CVCL_1097,plate4,Artesunate,19,19,12,-0.02967098308843319,0.6517412935323383,False,0.12
tier1_seen_conditions,CVCL_1097,plate4,Pyridoxine (hydrochloride),18,18,12,0.20408619278536477,0.01990049751243781,True,0.32
tier1_seen_conditions,CVCL_1097,plate4,Selinexor,24,24,12,0.013195747417423576,0.47761194029850745,False,0.9066666666666666
tier1_seen_conditions,CVCL_1097,plate4,Adenine,19,19,12,0.11913861146482851,0.12437810945273632,False,0.13333333333333333
tier1_seen_conditions,CVCL_1097,plate4,Amsacrine,27,27,12,0.23786700265159588,0.024875621890547265,True,1.0
tier1_seen_conditions,CVCL_1097,plate4,Trifluridine,27,27,12,0.0033338207842863454,0.48258706467661694,False,0.7866666666666666
tier1_seen_conditions,CVCL_0332,plate4,Tofacitinib,27,27,12,-0.14984459174368858,0.9850746268656716,False,0.9305555555555556
tier1_seen_conditions,CVCL_0332,plate4,Trimetrexate,26,26,12,-0.08862577089290191,0.7860696517412935,False,0.9722222222222222
tier1_seen_conditions,CVCL_0332,plate4,18β-Glycyrrhetinic acid,29,29,12,-0.12268642018280218,0.9353233830845771,False,0.8333333333333334
tier1_seen_conditions,CVCL_0332,plate4,Terfenadine,25,25,12,-0.0827251341552735,0.8059701492537313,False,0.7638888888888888
tier1_seen_conditions,CVCL_0332,plate4,Elagolix sodium,26,26,12,-0.13639825819294593,0.9353233830845771,False,0.5
tier1_seen_conditions,CVCL_0332,plate4,Thymol,21,21,12,-0.04405174637055076,0.6716417910447762,False,0.2777777777777778
tier1_seen_conditions,CVCL_0332,plate4,Darinaparsin,28,28,12,-0.15211455341835745,0.9701492537313433,False,0.7777777777777778
tier1_seen_conditions,CVCL_0332,plate4,Ritonavir,25,25,12,0.017915850667952427,0.373134328358209,False,0.625
tier1_seen_conditions,CVCL_0332,plate4,Adenosine,26,26,12,-0.0315238194523868,0.6069651741293532,False,0.9722222222222222
tier1_seen_conditions,CVCL_0332,plate4,Norepinephrine (hydrochloride),28,28,12,-0.006439712114662655,0.5024875621890548,False,0.9583333333333334
tier1_seen_conditions,CVCL_0332,plate4,Ciclopirox,24,24,12,0.09235216075692598,0.14925373134328357,False,0.8472222222222222
tier1_seen_conditions,CVCL_0332,plate4,Lidocaine (hydrochloride),13,13,12,-0.0641467669822422,0.6766169154228856,False,0.1388888888888889
tier1_seen_conditions,CVCL_0332,plate4,Mitoxantrone (dihydrochloride),15,15,12,0.00687857908263112,0.43283582089552236,False,0.125
tier1_seen_conditions,CVCL_0332,plate4,Larotrectinib,24,24,12,-0.04621889315563976,0.6417910447761194,False,0.8194444444444444
tier1_seen_conditions,CVCL_0332,plate4,Busulfan,27,27,12,-0.09553732078908972,0.8756218905472637,False,0.9722222222222222
tier1_seen_conditions,CVCL_0332,plate4,Cepharanthine,25,25,12,-0.049546097678721424,0.6865671641791045,False,0.6944444444444444
tier1_seen_conditions,CVCL_0332,plate4,Triclosan,27,27,12,-0.07132320609858489,0.8258706467661692,False,0.4166666666666667
tier1_seen_conditions,CVCL_0332,plate4,Bergenin,22,22,12,-0.11260668576871069,0.9353233830845771,False,0.5694444444444444
tier1_seen_conditions,CVCL_0332,plate4,Allantoin,18,18,12,0.09230771398702942,0.16417910447761194,False,0.4722222222222222
tier1_seen_conditions,CVCL_0332,plate4,Rimonabant,22,22,12,-0.13742061260496818,0.945273631840796,False,0.3472222222222222
tier1_seen_conditions,CVCL_0332,plate4,Lumateperone (tosylate),27,27,12,-0.05968172061528776,0.7661691542288557,False,0.9722222222222222
tier1_seen_conditions,CVCL_0332,plate4,Relugolix,12,12,12,-0.053266995502250225,0.7164179104477612,False,0.1111111111111111
tier1_seen_conditions,CVCL_0332,plate4,Riluzole hydrochloride,23,23,12,-0.054046401661038246,0.7910447761194029,False,0.5694444444444444
tier1_seen_conditions,CVCL_0332,plate4,Palmatine (chloride),25,25,12,0.050893009370648556,0.21393034825870647,False,0.9722222222222222
tier1_seen_conditions,CVCL_0332,plate4,Clotrimazole,28,28,12,-0.13361836681058037,0.9601990049751243,False,1.0
tier1_seen_conditions,CVCL_0332,plate4,Sodium Salicylate,26,26,12,0.11061741868406649,0.12935323383084577,False,0.875
tier1_seen_conditions,CVCL_0332,plate4,Gallic acid (hydrate),28,28,12,0.018044857125277147,0.46766169154228854,False,0.9722222222222222
tier1_seen_conditions,CVCL_0332,plate4,Pyridoxine,28,28,12,-0.17724673806869262,0.9751243781094527,False,0.9861111111111112
tier1_seen_conditions,CVCL_0332,plate4,Acetohexamide,25,25,12,-0.0367252434121923,0.5920398009950248,False,0.8055555555555556
tier1_seen_conditions,CVCL_0332,plate4,Temsirolimus,28,28,12,-0.05938203006585674,0.7064676616915423,False,1.0
tier1_seen_conditions,CVCL_0332,plate4,Diammonium Glycyrrhizinate,25,25,12,-0.16401715362734137,0.9701492537313433,False,0.6944444444444444
tier1_seen_conditions,CVCL_0332,plate4,Ropivacaine (hydrochloride monohydrate),26,26,12,-0.05472788497679204,0.6915422885572139,False,0.6805555555555556
tier1_seen_conditions,CVCL_0332,plate4,Quinestrol,26,26,12,0.007924613941007408,0.46766169154228854,False,0.8055555555555556
tier1_seen_conditions,CVCL_0332,plate4,Fluvoxamine (maleate),28,28,12,-0.08556883100662027,0.8756218905472637,False,0.9861111111111112
tier1_seen_conditions,CVCL_0332,plate4,Idarubicin (hydrochloride),26,26,12,-0.20058002141532683,0.9950248756218906,False,0.7916666666666666
tier1_seen_conditions,CVCL_0332,plate4,Tofacitinib (citrate),27,27,12,-0.09386377119277078,0.8656716417910447,False,0.8888888888888888
tier1_seen_conditions,CVCL_0332,plate4,L-Thyroxine (sodium salt pentahydrate),26,26,12,-0.1292184376627823,0.9402985074626866,False,0.9583333333333334
tier1_seen_conditions,CVCL_0332,plate4,Salicylic acid,28,28,12,-0.14477223403167905,0.9552238805970149,False,0.9444444444444444
tier1_seen_conditions,CVCL_0332,plate4,Gemfibrozil,27,27,12,-0.1371785880844847,0.9601990049751243,False,0.875
tier1_seen_conditions,CVCL_0332,plate4,S-Adenosyl-L-methionine (disulfate tosylate),29,29,12,-0.130685657273947,0.945273631840796,False,1.0
tier1_seen_conditions,CVCL_0332,plate4,Vilanterol,19,19,12,-0.0337640940310564,0.6069651741293532,False,0.3611111111111111
tier1_seen_conditions,CVCL_0332,plate4,Sulfisoxazole,29,29,12,-0.09218513363201275,0.8656716417910447,False,0.8888888888888888
tier1_seen_conditions,CVCL_0332,plate4,Demeclocycline,27,27,12,-0.13284809515643836,0.9502487562189055,False,0.9722222222222222
tier1_seen_conditions,CVCL_0332,plate4,Radotinib,27,27,12,-0.1097831581689821,0.9054726368159204,False,0.8194444444444444
tier1_seen_conditions,CVCL_0332,plate4,Chlorhexidine (diacetate),20,20,12,-0.07461326573504223,0.8407960199004975,False,0.625
tier1_seen_conditions,CVCL_0332,plate4,Trifluridine,21,21,12,-0.05902447066441319,0.7412935323383084,False,0.3055555555555556
tier1_seen_conditions,CVCL_0332,plate4,Retinoic acid,22,22,12,0.2369551614417631,0.014925373134328358,True,0.6527777777777778
tier1_seen_conditions,CVCL_0332,plate4,Cysteamine (hydrochloride),13,13,12,-0.008780059134002371,0.5621890547263682,False,0.1527777777777778
tier1_seen_conditions,CVCL_0332,plate4,Isocorydine,29,29,12,-0.029490998900863374,0.6766169154228856,False,0.9583333333333334
tier1_seen_conditions,CVCL_0332,plate4,Vinblastine (sulfate),28,28,12,0.04418811487737884,0.2736318407960199,False,0.4166666666666667
tier1_seen_conditions,CVCL_0332,plate4,Pasireotide (acetate),27,27,12,-0.17225955582644303,0.9850746268656716,False,0.8888888888888888
tier1_seen_conditions,CVCL_0332,plate4,Megestrol,26,26,12,-0.03920373812497324,0.6119402985074627,False,0.9583333333333334
tier1_seen_conditions,CVCL_0332,plate4,Rapamycin,28,28,12,-0.027072758752126447,0.5422885572139303,False,0.9583333333333334
tier1_seen_conditions,CVCL_0332,plate4,Lenalidomide (hemihydrate),29,29,12,-0.0011207240823143394,0.5174129353233831,False,0.9444444444444444
tier1_seen_conditions,CVCL_0332,plate4,Tucidinostat,19,19,12,-0.10097997506179368,0.8308457711442786,False,0.3055555555555556
tier1_seen_conditions,CVCL_0332,plate4,Bimatoprost,16,16,12,-0.06709709562760047,0.6865671641791045,False,0.3194444444444444
tier1_seen_conditions,CVCL_0332,plate4,Olanzapine,17,17,12,-0.17208284718550715,0.9900497512437811,False,0.2916666666666667
tier1_seen_conditions,CVCL_0332,plate4,Furosemide,24,24,12,0.03798554293245893,0.31840796019900497,False,0.8472222222222222
tier1_seen_conditions,CVCL_0332,plate4,Resveratrol,27,27,12,-0.017063796812257337,0.5223880597014925,False,0.9305555555555556
tier1_seen_conditions,CVCL_0332,plate4,Homoharringtonine,16,16,12,0.0988814203076469,0.1044776119402985,False,0.9583333333333334
tier1_seen_conditions,CVCL_0332,plate4,Hexylresorcinol,16,16,12,0.030665363338966856,0.40298507462686567,False,0.5277777777777778
tier1_seen_conditions,CVCL_0332,plate4,Neratinib (maleate),21,21,12,0.04566131994014455,0.27860696517412936,False,0.6805555555555556
tier1_seen_conditions,CVCL_0332,plate4,Goserelin (acetate),18,18,12,0.14703900850858354,0.05472636815920398,False,0.5833333333333334
tier1_seen_conditions,CVCL_0332,plate4,Fusidic acid,14,14,12,-0.028100244888969783,0.6019900497512438,False,0.25
tier1_seen_conditions,CVCL_0332,plate4,Selinexor,12,12,12,0.06036995401083267,0.22885572139303484,False,0.2361111111111111
tier1_seen_conditions,CVCL_0332,plate4,Adenine,14,14,12,0.05627786716016914,0.27860696517412936,False,0.5694444444444444
tier1_seen_conditions,CVCL_0332,plate4,Amsacrine,14,14,12,0.10886514118088719,0.1791044776119403,False,0.4166666666666667
tier1_seen_conditions,CVCL_0218,plate4,Tofacitinib,27,27,12,0.1852267788962596,0.014925373134328358,True,0.9305555555555556
tier1_seen_conditions,CVCL_0218,plate4,Trimetrexate,29,29,12,0.14806580957073834,0.0845771144278607,False,0.7638888888888888
tier1_seen_conditions,CVCL_0218,plate4,Fluvoxamine (maleate),26,26,12,0.06750687828174051,0.21890547263681592,False,0.7222222222222222
tier1_seen_conditions,CVCL_0218,plate4,S-Adenosyl-L-methionine (disulfate tosylate),28,28,12,0.06838698562356527,0.208955223880597,False,0.9444444444444444
tier1_seen_conditions,CVCL_0218,plate4,Idarubicin (hydrochloride),27,27,12,0.25505868704292567,0.029850746268656716,True,0.8888888888888888
tier1_seen_conditions,CVCL_0218,plate4,Elagolix sodium,29,29,12,0.030010327312249174,0.3880597014925373,False,1.0
tier1_seen_conditions,CVCL_0218,plate4,Resveratrol,26,26,12,0.19030351073767093,0.04477611940298507,True,0.8888888888888888
tier1_seen_conditions,CVCL_0218,plate4,Tofacitinib (citrate),26,26,12,0.047655228981101416,0.3383084577114428,False,0.8055555555555556
tier1_seen_conditions,CVCL_0218,plate4,Thymol,26,26,12,0.1662200003657368,0.04975124378109453,True,0.875
tier1_seen_conditions,CVCL_0218,plate4,Vilanterol,26,26,12,0.06336473171061208,0.263681592039801,False,0.9722222222222222
tier1_seen_conditions,CVCL_0218,plate4,Ritonavir,28,28,12,0.06076522153606767,0.24875621890547264,False,0.5694444444444444
tier1_seen_conditions,CVCL_0218,plate4,Pentamidine (isethionate),28,28,12,0.12734729966687652,0.06467661691542288,False,0.8611111111111112
tier1_seen_conditions,CVCL_0218,plate4,Sulfisoxazole,25,25,12,0.08341391364365514,0.19402985074626866,False,0.8472222222222222
tier1_seen_conditions,CVCL_0218,plate4,Norepinephrine (hydrochloride),23,23,12,0.1189163037987786,0.13930348258706468,False,0.6805555555555556
tier1_seen_conditions,CVCL_0218,plate4,Demeclocycline,28,28,12,0.013724930078096165,0.3681592039800995,False,0.9861111111111112
tier1_seen_conditions,CVCL_0218,plate4,Larotrectinib,28,28,12,0.2624713034907895,0.004975124378109453,True,0.9722222222222222
tier1_seen_conditions,CVCL_0218,plate4,Busulfan,25,25,12,0.24508438430131818,0.004975124378109453,True,0.9444444444444444
tier1_seen_conditions,CVCL_0218,plate4,Cepharanthine,27,27,12,0.11576276892673043,0.10945273631840796,False,0.5833333333333334
tier1_seen_conditions,CVCL_0218,plate4,Radotinib,25,25,12,0.2640941956167957,0.03980099502487562,True,1.0
tier1_seen_conditions,CVCL_0218,plate4,Triclosan,22,22,12,0.09751914454190391,0.14925373134328357,False,0.3472222222222222
tier1_seen_conditions,CVCL_0218,plate4,Bergenin,18,18,12,0.21059841443374516,0.04975124378109453,True,0.4722222222222222
tier1_seen_conditions,CVCL_0218,plate4,Bimatoprost,13,13,12,0.11430850597993647,0.11940298507462686,False,0.1527777777777778
tier1_seen_conditions,CVCL_0218,plate4,Olanzapine,28,28,12,0.2645789753801697,0.01990049751243781,True,0.625
tier1_seen_conditions,CVCL_0218,plate4,Rimonabant,26,26,12,0.09598151400117416,0.17412935323383086,False,0.8194444444444444
tier1_seen_conditions,CVCL_0218,plate4,Pentagastrin,15,15,12,0.08606917414963888,0.19900497512437812,False,0.19444444444444445
tier1_seen_conditions,CVCL_0218,plate4,Lumateperone (tosylate),20,20,12,0.05625695437273137,0.22885572139303484,False,0.4027777777777778
tier1_seen_conditions,CVCL_0218,plate4,Palmatine (chloride),27,27,12,0.2844349585591175,0.009950248756218905,True,0.9861111111111112
tier1_seen_conditions,CVCL_0218,plate4,Isocorydine,26,26,12,0.14327250365099786,0.0845771144278607,False,0.7777777777777778
tier1_seen_conditions,CVCL_0218,plate4,Furosemide,17,17,12,0.06159277041606792,0.22388059701492538,False,0.3194444444444444
tier1_seen_conditions,CVCL_0218,plate4,Clotrimazole,25,25,12,0.07230443156213084,0.26865671641791045,False,0.5555555555555556
tier1_seen_conditions,CVCL_0218,plate4,Gallic acid (hydrate),27,27,12,0.22737986559449475,0.03980099502487562,True,0.5833333333333334
tier1_seen_conditions,CVCL_0218,plate4,Pyridoxine,25,25,12,-0.028751594575968653,0.6666666666666666,False,0.9444444444444444
tier1_seen_conditions,CVCL_0218,plate4,Megestrol,24,24,12,0.23680148873600615,0.04975124378109453,True,1.0
tier1_seen_conditions,CVCL_0218,plate4,Diammonium Glycyrrhizinate,25,25,12,0.12372157446548648,0.07960199004975124,False,0.75
tier1_seen_conditions,CVCL_0218,plate4,L-Thyroxine (sodium salt pentahydrate),26,26,12,0.12600344670958208,0.1044776119402985,False,0.9305555555555556
tier1_seen_conditions,CVCL_0218,plate4,Quinestrol,27,27,12,0.09793216035355456,0.14427860696517414,False,0.7083333333333334
tier1_seen_conditions,CVCL_0218,plate4,Gemfibrozil,28,28,12,0.0884897921494261,0.15920398009950248,False,0.9583333333333334
tier1_seen_conditions,CVCL_0218,plate4,18β-Glycyrrhetinic acid,26,26,12,0.0212072961897114,0.3880597014925373,False,0.6944444444444444
tier1_seen_conditions,CVCL_0218,plate4,Terfenadine,27,27,12,0.14253524746921897,0.08955223880597014,False,0.5277777777777778
tier1_seen_conditions,CVCL_0218,plate4,Lenalidomide (hemihydrate),29,29,12,0.02489808286752826,0.34328358208955223,False,0.9722222222222222
tier1_seen_conditions,CVCL_0218,plate4,Mitoxantrone (dihydrochloride),19,19,12,0.34004984215563994,0.004975124378109453,True,0.4444444444444444
tier1_seen_conditions,CVCL_0218,plate4,Sodium Salicylate,28,28,12,-0.06518393568723901,0.8009950248756219,False,0.7361111111111112
tier1_seen_conditions,CVCL_0218,plate4,Acetohexamide,27,27,12,0.3040127072691643,0.01990049751243781,True,0.7361111111111112
tier1_seen_conditions,CVCL_0218,plate4,Temsirolimus,28,28,12,0.2755089942590594,0.009950248756218905,True,0.8194444444444444
tier1_seen_conditions,CVCL_0218,plate4,Ropivacaine (hydrochloride monohydrate),24,24,12,0.19824858267390688,0.014925373134328358,True,0.9861111111111112
tier1_seen_conditions,CVCL_0218,plate4,Rapamycin,28,28,12,0.04261130213493303,0.39303482587064675,False,0.8055555555555556
tier1_seen_conditions,CVCL_0218,plate4,Adenosine,28,28,12,0.0019520879286538673,0.4975124378109453,False,0.5555555555555556
tier1_seen_conditions,CVCL_0218,plate4,Ciclopirox,25,25,12,0.05182835559379306,0.2835820895522388,False,0.7638888888888888
tier1_seen_conditions,CVCL_0218,plate4,Adagrasib,24,24,12,0.20743972671465194,0.029850746268656716,True,0.5972222222222222
tier1_seen_conditions,CVCL_0218,plate4,Chlorhexidine (diacetate),18,18,12,-0.053209881802674275,0.7512437810945274,False,0.2916666666666667
tier1_seen_conditions,CVCL_0218,plate4,Trifluridine,19,19,12,0.17310175695925523,0.07960199004975124,False,0.4027777777777778
tier1_seen_conditions,CVCL_0218,plate4,Retinoic acid,19,19,12,0.5132936757652047,0.004975124378109453,True,0.9861111111111112
tier1_seen_conditions,CVCL_0218,plate4,Cysteamine (hydrochloride),13,13,12,0.10042332822414934,0.11442786069651742,False,0.08333333333333333
tier1_seen_conditions,CVCL_0218,plate4,Vinblastine (sulfate),27,27,12,0.3858805201716855,0.004975124378109453,True,0.9722222222222222
tier1_seen_conditions,CVCL_0218,plate4,Riluzole hydrochloride,27,27,12,0.2250538594308562,0.03980099502487562,True,0.8055555555555556
tier1_seen_conditions,CVCL_0218,plate4,Darinaparsin,29,29,12,0.2174580151341452,0.07462686567164178,False,0.9861111111111112
tier1_seen_conditions,CVCL_0218,plate4,Hexylresorcinol,16,16,12,0.4624022910329888,0.009950248756218905,True,0.3055555555555556
tier1_seen_conditions,CVCL_0218,plate4,Goserelin (acetate),12,12,12,0.18496986419870076,0.07462686567164178,False,0.18055555555555555
tier1_seen_conditions,CVCL_0218,plate4,Fusidic acid,14,14,12,0.18081781889975446,0.029850746268656716,True,0.19444444444444445
tier1_seen_conditions,CVCL_0218,plate4,Cloxacillin (sodium),18,18,12,0.12048317126677865,0.06965174129353234,False,0.5
tier1_seen_conditions,CVCL_0218,plate4,Folic acid,12,12,12,0.12013367472173009,0.15422885572139303,False,0.1111111111111111
tier1_seen_conditions,CVCL_0218,plate4,Adenine,12,12,12,0.17654908596814956,0.024875621890547265,True,0.1527777777777778
tier1_seen_conditions,CVCL_0218,plate4,Amsacrine,13,13,12,0.1649209012653987,0.08955223880597014,False,0.1527777777777778
tier1_seen_conditions,CVCL_0218,plate4,8-Hydroxyquinoline,16,16,12,0.18240374871168186,0.07462686567164178,False,0.3333333333333333
tier1_seen_conditions,CVCL_0218,plate4,Pasireotide (acetate),22,22,12,0.15463812454570025,0.14427860696517414,False,0.20833333333333334
tier1_seen_conditions,CVCL_0179,plate4,Tofacitinib,28,28,12,0.0030371384363707676,0.47761194029850745,False,0.9583333333333334
tier1_seen_conditions,CVCL_0179,plate4,Trimetrexate,26,26,12,0.07997206303046589,0.18407960199004975,False,0.9722222222222222
tier1_seen_conditions,CVCL_0179,plate4,Terfenadine,23,23,12,0.03934113359744451,0.3482587064676617,False,0.9027777777777778
tier1_seen_conditions,CVCL_0179,plate4,Fluvoxamine (maleate),29,29,12,0.11841481359026318,0.16417910447761194,False,0.4861111111111111
tier1_seen_conditions,CVCL_0179,plate4,S-Adenosyl-L-methionine (disulfate tosylate),26,26,12,0.14415479325239922,0.03980099502487562,True,0.6388888888888888
tier1_seen_conditions,CVCL_0179,plate4,Elagolix sodium,29,29,12,-0.043575731231646486,0.5422885572139303,False,0.9722222222222222
tier1_seen_conditions,CVCL_0179,plate4,Darinaparsin,28,28,12,0.3417252326682547,0.01990049751243781,True,1.0
tier1_seen_conditions,CVCL_0179,plate4,Vilanterol,27,27,12,0.09701828750507957,0.16417910447761194,False,0.7638888888888888
tier1_seen_conditions,CVCL_0179,plate4,Lenalidomide (hemihydrate),27,27,12,-0.06404945954526475,0.7412935323383084,False,0.6805555555555556
tier1_seen_conditions,CVCL_0179,plate4,Ritonavir,28,28,12,0.022012959717280012,0.3283582089552239,False,0.9861111111111112
tier1_seen_conditions,CVCL_0179,plate4,Adenosine,28,28,12,0.035482441290929145,0.32338308457711445,False,0.9166666666666666
tier1_seen_conditions,CVCL_0179,plate4,Sulfisoxazole,27,27,12,0.06413936681908083,0.24875621890547264,False,0.7361111111111112
tier1_seen_conditions,CVCL_0179,plate4,Norepinephrine (hydrochloride),29,29,12,0.200765536218368,0.024875621890547265,True,0.9861111111111112
tier1_seen_conditions,CVCL_0179,plate4,Ciclopirox,26,26,12,0.17214877249741534,0.1044776119402985,False,0.875
tier1_seen_conditions,CVCL_0179,plate4,Demeclocycline,26,26,12,0.0479419911632295,0.3482587064676617,False,0.6666666666666666
tier1_seen_conditions,CVCL_0179,plate4,Busulfan,28,28,12,-0.006478910695081552,0.4427860696517413,False,1.0
tier1_seen_conditions,CVCL_0179,plate4,Cepharanthine,25,25,12,0.0912123016497155,0.16417910447761194,False,0.75
tier1_seen_conditions,CVCL_0179,plate4,Radotinib,26,26,12,0.07859385497357785,0.19402985074626866,False,0.5972222222222222
tier1_seen_conditions,CVCL_0179,plate4,Triclosan,24,24,12,0.18796544963307582,0.07462686567164178,False,0.4444444444444444
tier1_seen_conditions,CVCL_0179,plate4,Tucidinostat,18,18,12,0.2041648026398466,0.05472636815920398,False,0.375
tier1_seen_conditions,CVCL_0179,plate4,Bergenin,27,27,12,0.0757417978278987,0.17412935323383086,False,0.5972222222222222
tier1_seen_conditions,CVCL_0179,plate4,Bimatoprost,21,21,12,0.321336422414781,0.029850746268656716,True,0.8194444444444444
tier1_seen_conditions,CVCL_0179,plate4,Triamcinolone,15,15,12,0.045795253000678215,0.29850746268656714,False,0.2222222222222222
tier1_seen_conditions,CVCL_0179,plate4,Olanzapine,15,15,12,0.27559362726621295,0.029850746268656716,True,0.16666666666666666
tier1_seen_conditions,CVCL_0179,plate4,Lumateperone (tosylate),19,19,12,0.0435284839933221,0.25870646766169153,False,0.2222222222222222
tier1_seen_conditions,CVCL_0179,plate4,Relugolix,17,17,12,0.03245814332632513,0.3383084577114428,False,0.2777777777777778
tier1_seen_conditions,CVCL_0179,plate4,Palmatine (chloride),26,26,12,0.2566809015318334,0.009950248756218905,True,0.9861111111111112
tier1_seen_conditions,CVCL_0179,plate4,Clotrimazole,23,23,12,-0.06564352272028273,0.6467661691542289,False,0.5277777777777778
tier1_seen_conditions,CVCL_0179,plate4,Acetohexamide,28,28,12,0.002888130622199725,0.3880597014925373,False,0.9861111111111112
tier1_seen_conditions,CVCL_0179,plate4,Temsirolimus,26,26,12,0.15447583399115672,0.1044776119402985,False,0.9583333333333334
tier1_seen_conditions,CVCL_0179,plate4,Salicylic acid,26,26,12,0.05334258853461904,0.31840796019900497,False,0.3194444444444444
tier1_seen_conditions,CVCL_0179,plate4,18β-Glycyrrhetinic acid,27,27,12,-0.06385381159044634,0.6865671641791045,False,0.9027777777777778
tier1_seen_conditions,CVCL_0179,plate4,Resveratrol,28,28,12,0.058292216634683314,0.23383084577114427,False,0.9722222222222222
tier1_seen_conditions,CVCL_0179,plate4,Thymol,28,28,12,0.12738555897400516,0.11940298507462686,False,0.9166666666666666
tier1_seen_conditions,CVCL_0179,plate4,Pentamidine (isethionate),27,27,12,0.006241143806693827,0.373134328358209,False,0.2638888888888889
tier1_seen_conditions,CVCL_0179,plate4,Sodium Salicylate,26,26,12,0.13498151980925144,0.11940298507462686,False,0.8888888888888888
tier1_seen_conditions,CVCL_0179,plate4,Gallic acid (hydrate),25,25,12,0.009881808976725637,0.39303482587064675,False,0.5138888888888888
tier1_seen_conditions,CVCL_0179,plate4,Megestrol,28,28,12,0.2449800989314177,0.04975124378109453,True,0.9722222222222222
tier1_seen_conditions,CVCL_0179,plate4,Diammonium Glycyrrhizinate,29,29,12,0.04953682248578062,0.23383084577114427,False,0.5277777777777778
tier1_seen_conditions,CVCL_0179,plate4,Ropivacaine (hydrochloride monohydrate),28,28,12,0.08615504499071491,0.22885572139303484,False,0.9722222222222222
tier1_seen_conditions,CVCL_0179,plate4,Quinestrol,28,28,12,-0.03305302983528158,0.6268656716417911,False,0.8333333333333334
tier1_seen_conditions,CVCL_0179,plate4,Idarubicin (hydrochloride),29,29,12,0.15042392677118954,0.15422885572139303,False,0.4583333333333333
tier1_seen_conditions,CVCL_0179,plate4,Tofacitinib (citrate),26,26,12,-0.008419390521783754,0.4975124378109453,False,0.875
tier1_seen_conditions,CVCL_0179,plate4,Mitoxantrone (dihydrochloride),23,23,12,-0.03534896095962026,0.5870646766169154,False,0.375
tier1_seen_conditions,CVCL_0179,plate4,Adagrasib,27,27,12,0.26423407815258493,0.03482587064676617,True,0.7083333333333334
tier1_seen_conditions,CVCL_0179,plate4,8-Hydroxyquinoline,21,21,12,0.16439125621559292,0.14925373134328357,False,0.3055555555555556
tier1_seen_conditions,CVCL_0179,plate4,Chlorhexidine (diacetate),14,14,12,0.042731373681967,0.36318407960199006,False,0.18055555555555555
tier1_seen_conditions,CVCL_0179,plate4,Trifluridine,24,24,12,0.07226692010951474,0.21393034825870647,False,0.75
tier1_seen_conditions,CVCL_0179,plate4,Retinoic acid,27,27,12,0.5854070801075117,0.029850746268656716,True,0.9583333333333334
tier1_seen_conditions,CVCL_0179,plate4,Vinblastine (sulfate),29,29,12,0.15231480117680718,0.12437810945273632,False,0.8333333333333334
tier1_seen_conditions,CVCL_0179,plate4,Pasireotide (acetate),25,25,12,0.3299745795039808,0.01990049751243781,True,0.6527777777777778
tier1_seen_conditions,CVCL_0179,plate4,Riluzole hydrochloride,27,27,12,0.2982520472465904,0.03482587064676617,True,0.9166666666666666
tier1_seen_conditions,CVCL_0179,plate4,Isocorydine,21,21,12,0.2050964025315931,0.05970149253731343,False,0.6666666666666666
tier1_seen_conditions,CVCL_0179,plate4,Pyridoxine,28,28,12,0.028177672711574786,0.32338308457711445,False,0.75
tier1_seen_conditions,CVCL_0179,plate4,Furosemide,23,23,12,0.09982595862028987,0.13930348258706468,False,0.8055555555555556
tier1_seen_conditions,CVCL_0179,plate4,Rapamycin,29,29,12,0.04249135641217627,0.3034825870646766,False,0.8333333333333334
tier1_seen_conditions,CVCL_0179,plate4,Rimonabant,27,27,12,0.12242000429954025,0.16417910447761194,False,0.9583333333333334
tier1_seen_conditions,CVCL_0179,plate4,Docetaxel,18,18,12,0.09733552773145782,0.15422885572139303,False,0.9027777777777778
tier1_seen_conditions,CVCL_0179,plate4,Pentagastrin,12,12,12,0.19500362440906116,0.06467661691542288,False,0.08333333333333333
tier1_seen_conditions,CVCL_0179,plate4,Homoharringtonine,26,26,12,0.10007577432620707,0.17412935323383086,False,0.9444444444444444
tier1_seen_conditions,CVCL_0179,plate4,Hexylresorcinol,14,14,12,0.20958623124439413,0.07462686567164178,False,0.1388888888888889
tier1_seen_conditions,CVCL_0179,plate4,Berberine (chloride hydrate),13,13,12,0.04490503555031289,0.3283582089552239,False,0.3333333333333333
tier1_seen_conditions,CVCL_0179,plate4,Fusidic acid,15,15,12,0.24464121865268318,0.01990049751243781,True,0.2361111111111111
tier1_seen_conditions,CVCL_0179,plate4,Balsalazide (sodium hydrate),14,14,12,-0.12036233166151789,0.8507462686567164,False,0.25
tier1_seen_conditions,CVCL_0179,plate4,Artesunate,15,15,12,0.0300931328880214,0.3482587064676617,False,0.18055555555555555
tier1_seen_conditions,CVCL_0179,plate4,Pyridoxine (hydrochloride),14,14,12,0.42324047126036923,0.014925373134328358,True,0.2777777777777778
tier1_seen_conditions,CVCL_0179,plate4,Folic acid,12,12,12,0.2169212194920327,0.03980099502487562,True,0.1388888888888889
tier1_seen_conditions,CVCL_0179,plate4,Selinexor,15,15,12,0.36362521153946403,0.014925373134328358,True,0.1388888888888889
tier1_seen_conditions,CVCL_0179,plate4,Amsacrine,14,14,12,0.1124814115252093,0.16417910447761194,False,0.3888888888888889
tier1_seen_conditions,CVCL_0179,plate4,Cysteamine (hydrochloride),20,20,12,0.26584281479990857,0.04477611940298507,True,0.375
tier1_seen_conditions,CVCL_1119,plate4,Tofacitinib,28,28,12,-0.006958699470272833,0.5124378109452736,False,0.9315068493150684
tier1_seen_conditions,CVCL_1119,plate4,Gemfibrozil,26,26,12,0.2945319334133991,0.004975124378109453,True,0.273972602739726
tier1_seen_conditions,CVCL_1119,plate4,18β-Glycyrrhetinic acid,28,28,12,0.20881483476718188,0.029850746268656716,True,0.9863013698630136
tier1_seen_conditions,CVCL_1119,plate4,Terfenadine,29,29,12,0.0929430353896894,0.1691542288557214,False,0.8767123287671232
tier1_seen_conditions,CVCL_1119,plate4,Fluvoxamine (maleate),28,28,12,0.022117312374044573,0.43283582089552236,False,0.7534246575342466
tier1_seen_conditions,CVCL_1119,plate4,S-Adenosyl-L-methionine (disulfate tosylate),28,28,12,0.004807619084841619,0.4626865671641791,False,0.9863013698630136
tier1_seen_conditions,CVCL_1119,plate4,Idarubicin (hydrochloride),28,28,12,0.26496937516603225,0.03980099502487562,True,0.3972602739726027
tier1_seen_conditions,CVCL_1119,plate4,Resveratrol,26,26,12,0.029430766949724685,0.36318407960199006,False,0.9726027397260274
tier1_seen_conditions,CVCL_1119,plate4,Rapamycin,27,27,12,0.1562696046871448,0.07960199004975124,False,0.6027397260273972
tier1_seen_conditions,CVCL_1119,plate4,Tofacitinib (citrate),28,28,12,0.18495268410577204,0.05472636815920398,False,0.273972602739726
tier1_seen_conditions,CVCL_1119,plate4,Darinaparsin,25,25,12,0.017791959221019837,0.35323383084577115,False,0.547945205479452
tier1_seen_conditions,CVCL_1119,plate4,Lenalidomide (hemihydrate),25,25,12,0.19329476648366217,0.01990049751243781,True,0.9726027397260274
tier1_seen_conditions,CVCL_1119,plate4,Ritonavir,27,27,12,0.030574152109171138,0.3283582089552239,False,0.4794520547945205
tier1_seen_conditions,CVCL_1119,plate4,Pentamidine (isethionate),27,27,12,0.10362921658148139,0.14925373134328357,False,0.7945205479452054
tier1_seen_conditions,CVCL_1119,plate4,Adenosine,25,25,12,0.09446743499941945,0.14427860696517414,False,0.726027397260274
tier1_seen_conditions,CVCL_1119,plate4,Sulfisoxazole,27,27,12,0.08260193863004162,0.18407960199004975,False,0.7397260273972602
tier1_seen_conditions,CVCL_1119,plate4,Demeclocycline,29,29,12,0.10894841557919044,0.0845771144278607,False,0.9315068493150684
tier1_seen_conditions,CVCL_1119,plate4,Mitoxantrone (dihydrochloride),28,28,12,0.12913580888013065,0.08955223880597014,False,1.0
tier1_seen_conditions,CVCL_1119,plate4,Larotrectinib,24,24,12,0.14531720304680462,0.07960199004975124,False,0.7808219178082192
tier1_seen_conditions,CVCL_1119,plate4,Busulfan,28,28,12,0.3036073854736596,0.004975124378109453,True,0.9315068493150684
tier1_seen_conditions,CVCL_1119,plate4,Cepharanthine,27,27,12,0.006216379551695184,0.43781094527363185,False,0.7671232876712328
tier1_seen_conditions,CVCL_1119,plate4,Radotinib,29,29,12,0.2723102818058596,0.029850746268656716,True,0.7123287671232876
tier1_seen_conditions,CVCL_1119,plate4,Triclosan,28,28,12,0.20512073557471844,0.03482587064676617,True,0.8493150684931506
tier1_seen_conditions,CVCL_1119,plate4,Tucidinostat,28,28,12,0.2522027004305887,0.04477611940298507,True,0.726027397260274
tier1_seen_conditions,CVCL_1119,plate4,Bergenin,28,28,12,0.12833838023694888,0.0845771144278607,False,0.9863013698630136
tier1_seen_conditions,CVCL_1119,plate4,Bimatoprost,20,20,12,0.16886816318059594,0.024875621890547265,True,0.4931506849315068
tier1_seen_conditions,CVCL_1119,plate4,Rimonabant,27,27,12,0.488713104213776,0.004975124378109453,True,1.0
tier1_seen_conditions,CVCL_1119,plate4,Pentagastrin,20,20,12,0.0868465674608565,0.16417910447761194,False,0.4246575342465753
tier1_seen_conditions,CVCL_1119,plate4,Lumateperone (tosylate),24,24,12,0.006217984343512839,0.4577114427860697,False,0.8493150684931506
tier1_seen_conditions,CVCL_1119,plate4,Relugolix,16,16,12,0.22667233141704735,0.029850746268656716,True,0.1643835616438356
tier1_seen_conditions,CVCL_1119,plate4,Homoharringtonine,24,24,12,0.15396871010097612,0.06965174129353234,False,0.726027397260274
tier1_seen_conditions,CVCL_1119,plate4,Riluzole hydrochloride,27,27,12,0.5092207622552785,0.004975124378109453,True,0.9863013698630136
tier1_seen_conditions,CVCL_1119,plate4,Isocorydine,29,29,12,0.3996859026902442,0.009950248756218905,True,0.9726027397260274
tier1_seen_conditions,CVCL_1119,plate4,Raltitrexed,28,28,12,0.39825688463693254,0.004975124378109453,True,0.589041095890411
tier1_seen_conditions,CVCL_1119,plate4,Furosemide,25,25,12,0.021736482241307087,0.3681592039800995,False,0.4794520547945205
tier1_seen_conditions,CVCL_1119,plate4,Gallic acid (hydrate),25,25,12,0.23917013403678844,0.01990049751243781,True,0.1506849315068493
tier1_seen_conditions,CVCL_1119,plate4,Acetohexamide,26,26,12,0.20712720496759474,0.05472636815920398,False,0.6712328767123288
tier1_seen_conditions,CVCL_1119,plate4,Temsirolimus,27,27,12,0.07884765705523833,0.23880597014925373,False,0.2876712328767123
tier1_seen_conditions,CVCL_1119,plate4,Megestrol,26,26,12,0.3053206324157802,0.009950248756218905,True,0.6438356164383562
tier1_seen_conditions,CVCL_1119,plate4,L-Thyroxine (sodium salt pentahydrate),24,24,12,0.09260265462230599,0.14925373134328357,False,0.9178082191780822
tier1_seen_conditions,CVCL_1119,plate4,Ropivacaine (hydrochloride monohydrate),26,26,12,0.04311909008974446,0.2835820895522388,False,0.4520547945205479
tier1_seen_conditions,CVCL_1119,plate4,Salicylic acid,29,29,12,0.18565369214940652,0.07960199004975124,False,1.0
tier1_seen_conditions,CVCL_1119,plate4,Quinestrol,27,27,12,0.05129251168852278,0.2835820895522388,False,0.6301369863013698
tier1_seen_conditions,CVCL_1119,plate4,Vilanterol,25,25,12,0.04942055182174876,0.2736318407960199,False,0.547945205479452
tier1_seen_conditions,CVCL_1119,plate4,Norepinephrine (hydrochloride),27,27,12,0.20000165529084946,0.03482587064676617,True,0.7534246575342466
tier1_seen_conditions,CVCL_1119,plate4,Ciclopirox,28,28,12,0.019728392935849826,0.4427860696517413,False,0.9178082191780822
tier1_seen_conditions,CVCL_1119,plate4,Lidocaine (hydrochloride),25,25,12,0.005869401445810496,0.46766169154228854,False,0.958904109589041
tier1_seen_conditions,CVCL_1119,plate4,Sodium Salicylate,27,27,12,-0.0001299858807879417,0.4975124378109453,False,0.7945205479452054
tier1_seen_conditions,CVCL_1119,plate4,Pyridoxine,27,27,12,0.15194028071519838,0.05970149253731343,False,0.821917808219178
tier1_seen_conditions,CVCL_1119,plate4,Trimetrexate,29,29,12,0.11824711853116021,0.08955223880597014,False,0.9178082191780822
tier1_seen_conditions,CVCL_1119,plate4,Adagrasib,28,28,12,-0.04719691511850144,0.7412935323383084,False,0.684931506849315
tier1_seen_conditions,CVCL_1119,plate4,8-Hydroxyquinoline,21,21,12,0.37788077921549146,0.014925373134328358,True,0.7945205479452054
tier1_seen_conditions,CVCL_1119,plate4,Chlorhexidine (diacetate),21,21,12,0.040675451411278374,0.3482587064676617,False,0.2328767123287671
tier1_seen_conditions,CVCL_1119,plate4,Trifluridine,27,27,12,-0.015165013962098683,0.5671641791044776,False,0.4246575342465753
tier1_seen_conditions,CVCL_1119,plate4,Vinblastine (sulfate),26,26,12,0.12837924405167378,0.09950248756218906,False,0.958904109589041
tier1_seen_conditions,CVCL_1119,plate4,Pasireotide (acetate),26,26,12,0.33272000817849445,0.004975124378109453,True,0.4246575342465753
tier1_seen_conditions,CVCL_1119,plate4,Diammonium Glycyrrhizinate,28,28,12,0.09746347592007965,0.15920398009950248,False,0.958904109589041
tier1_seen_conditions,CVCL_1119,plate4,Clotrimazole,28,28,12,0.3991543530096866,0.004975124378109453,True,0.7808219178082192
tier1_seen_conditions,CVCL_1119,plate4,Olanzapine,26,26,12,0.1122393029678097,0.14427860696517414,False,0.9452054794520548
tier1_seen_conditions,CVCL_1119,plate4,Berberine (chloride hydrate),17,17,12,0.061547489554302004,0.208955223880597,False,0.2465753424657534
tier1_seen_conditions,CVCL_1119,plate4,Goserelin (acetate),22,22,12,0.46126177038635596,0.004975124378109453,True,0.9041095890410958
tier1_seen_conditions,CVCL_1119,plate4,Fusidic acid,22,22,12,0.06156567736803886,0.24875621890547264,False,0.8082191780821918
tier1_seen_conditions,CVCL_1119,plate4,Cloxacillin (sodium),18,18,12,0.36844839517340056,0.01990049751243781,True,0.2465753424657534
tier1_seen_conditions,CVCL_1119,plate4,Artesunate,14,14,12,0.16217823002138765,0.029850746268656716,True,0.0684931506849315
tier1_seen_conditions,CVCL_1119,plate4,Pyridoxine (hydrochloride),18,18,12,0.43063925366714884,0.004975124378109453,True,0.3287671232876712
tier1_seen_conditions,CVCL_1119,plate4,Selinexor,21,21,12,0.2485122234676691,0.014925373134328358,True,0.7671232876712328
tier1_seen_conditions,CVCL_1119,plate4,Adenine,20,20,12,0.2946721910329817,0.009950248756218905,True,0.4383561643835616
tier1_seen_conditions,CVCL_1119,plate4,Amsacrine,15,15,12,0.1746481300162941,0.07462686567164178,False,0.2054794520547945
tier1_seen_conditions,CVCL_1119,plate4,Retinoic acid,27,27,12,0.592383473624567,0.004975124378109453,True,0.9041095890410958
tier1_seen_conditions,CVCL_1119,plate4,Cysteamine (hydrochloride),29,29,12,0.1052905019979189,0.15920398009950248,False,0.589041095890411
tier1_seen_conditions,CVCL_1055,plate4,Trimetrexate,23,23,12,-0.014988612135203638,0.4975124378109453,False,0.36231884057971014
tier1_seen_conditions,CVCL_1055,plate4,Fluvoxamine (maleate),27,27,12,-0.047485126298418834,0.6865671641791045,False,0.782608695652174
tier1_seen_conditions,CVCL_1055,plate4,Elagolix sodium,28,28,12,0.11426184380102988,0.16417910447761194,False,0.9855072463768116
tier1_seen_conditions,CVCL_1055,plate4,Resveratrol,26,26,12,0.038558379730151415,0.31343283582089554,False,0.8840579710144928
tier1_seen_conditions,CVCL_1055,plate4,Thymol,27,27,12,0.1256593900000933,0.15920398009950248,False,0.6956521739130435
tier1_seen_conditions,CVCL_1055,plate4,Darinaparsin,25,25,12,-0.08935556593000626,0.8656716417910447,False,0.5217391304347826
tier1_seen_conditions,CVCL_1055,plate4,Vilanterol,25,25,12,0.17991684025548516,0.07462686567164178,False,0.5652173913043478
tier1_seen_conditions,CVCL_1055,plate4,Lenalidomide (hemihydrate),28,28,12,-0.06925952249325995,0.845771144278607,False,0.8695652173913043
tier1_seen_conditions,CVCL_1055,plate4,Norepinephrine (hydrochloride),26,26,12,-0.0479413807229232,0.6268656716417911,False,0.8260869565217391
tier1_seen_conditions,CVCL_1055,plate4,Demeclocycline,28,28,12,-0.01052805816392599,0.5771144278606966,False,0.9420289855072463
tier1_seen_conditions,CVCL_1055,plate4,Larotrectinib,29,29,12,-0.04897847064804495,0.7412935323383084,False,0.9130434782608695
tier1_seen_conditions,CVCL_1055,plate4,Busulfan,28,28,12,0.120114906591132,0.11442786069651742,False,1.0
tier1_seen_conditions,CVCL_1055,plate4,Cepharanthine,28,28,12,-0.051066954231584916,0.7263681592039801,False,0.9565217391304348
tier1_seen_conditions,CVCL_1055,plate4,Triclosan,28,28,12,0.017023125276757867,0.3482587064676617,False,0.9710144927536232
tier1_seen_conditions,CVCL_1055,plate4,Tucidinostat,13,13,12,0.2751760774822163,0.03482587064676617,True,0.17391304347826086
tier1_seen_conditions,CVCL_1055,plate4,Olanzapine,22,22,12,0.09334792737212183,0.21393034825870647,False,0.7971014492753623
tier1_seen_conditions,CVCL_1055,plate4,Rimonabant,26,26,12,0.02327927889216852,0.34328358208955223,False,0.9710144927536232
tier1_seen_conditions,CVCL_1055,plate4,Lumateperone (tosylate),25,25,12,0.015618128608174686,0.36318407960199006,False,1.0
tier1_seen_conditions,CVCL_1055,plate4,Riluzole hydrochloride,27,27,12,0.18091707500625098,0.06467661691542288,False,0.8840579710144928
tier1_seen_conditions,CVCL_1055,plate4,Isocorydine,26,26,12,0.13184586505550477,0.16417910447761194,False,0.9130434782608695
tier1_seen_conditions,CVCL_1055,plate4,Raltitrexed,14,14,12,0.33405152398089477,0.029850746268656716,True,0.3188405797101449
tier1_seen_conditions,CVCL_1055,plate4,Furosemide,17,17,12,-0.00501376769783235,0.5024875621890548,False,0.2028985507246377
tier1_seen_conditions,CVCL_1055,plate4,Clotrimazole,20,20,12,0.023334979374185494,0.3880597014925373,False,0.5797101449275363
tier1_seen_conditions,CVCL_1055,plate4,Sodium Salicylate,25,25,12,0.10111843862301839,0.1890547263681592,False,0.5362318840579711
tier1_seen_conditions,CVCL_1055,plate4,Gallic acid (hydrate),26,26,12,0.2103343578278718,0.01990049751243781,True,0.8405797101449275
tier1_seen_conditions,CVCL_1055,plate4,Acetohexamide,25,25,12,-0.00764596801569617,0.4527363184079602,False,0.782608695652174
tier1_seen_conditions,CVCL_1055,plate4,Megestrol,25,25,12,0.30581460600956234,0.029850746268656716,True,0.7536231884057971
tier1_seen_conditions,CVCL_1055,plate4,Diammonium Glycyrrhizinate,27,27,12,0.05737929176214607,0.2935323383084577,False,0.391304347826087
tier1_seen_conditions,CVCL_1055,plate4,L-Thyroxine (sodium salt pentahydrate),25,25,12,-0.08779103182151715,0.7910447761194029,False,0.4057971014492754
tier1_seen_conditions,CVCL_1055,plate4,Ropivacaine (hydrochloride monohydrate),27,27,12,0.05199548983841673,0.29850746268656714,False,0.9710144927536232
tier1_seen_conditions,CVCL_1055,plate4,Salicylic acid,26,26,12,0.1918650318266515,0.08955223880597014,False,0.8985507246376812
tier1_seen_conditions,CVCL_1055,plate4,Quinestrol,29,29,12,-0.031206245117109788,0.5223880597014925,False,0.6666666666666666
tier1_seen_conditions,CVCL_1055,plate4,18β-Glycyrrhetinic acid,27,27,12,0.06550530757812822,0.21393034825870647,False,0.9565217391304348
tier1_seen_conditions,CVCL_1055,plate4,Terfenadine,28,28,12,-0.058652133062890854,0.7412935323383084,False,0.9565217391304348
tier1_seen_conditions,CVCL_1055,plate4,Idarubicin (hydrochloride),28,28,12,0.030814959744022374,0.3383084577114428,False,1.0
tier1_seen_conditions,CVCL_1055,plate4,Rapamycin,28,28,12,0.012483545243364702,0.4626865671641791,False,0.8115942028985508
tier1_seen_conditions,CVCL_1055,plate4,Ritonavir,26,26,12,0.08486736769435943,0.21393034825870647,False,0.927536231884058
tier1_seen_conditions,CVCL_1055,plate4,Mitoxantrone (dihydrochloride),28,28,12,0.5566897432372357,0.004975124378109453,True,0.9565217391304348
tier1_seen_conditions,CVCL_1055,plate4,Pyridoxine,24,24,12,-0.014926816647582442,0.5522388059701493,False,0.7101449275362319
tier1_seen_conditions,CVCL_1055,plate4,Temsirolimus,27,27,12,0.16840833959007107,0.1044776119402985,False,0.6231884057971014
tier1_seen_conditions,CVCL_1055,plate4,Tofacitinib (citrate),29,29,12,-0.01677700443221397,0.5870646766169154,False,0.9130434782608695
tier1_seen_conditions,CVCL_1055,plate4,Radotinib,27,27,12,0.2588461788639371,0.014925373134328358,True,0.8405797101449275
tier1_seen_conditions,CVCL_1055,plate4,Docetaxel,21,21,12,-0.0340063708164422,0.6069651741293532,False,0.927536231884058
tier1_seen_conditions,CVCL_1055,plate4,Adagrasib,18,18,12,0.06105691662928692,0.24378109452736318,False,0.3333333333333333
tier1_seen_conditions,CVCL_1055,plate4,Pasireotide (acetate),27,27,12,0.08684209173754631,0.22388059701492538,False,0.9130434782608695
tier1_seen_conditions,CVCL_1055,plate4,Tofacitinib,29,29,12,0.15273787397554095,0.11442786069651742,False,0.5797101449275363
tier1_seen_conditions,CVCL_1055,plate4,Vinblastine (sulfate),28,28,12,0.10069403775864849,0.16417910447761194,False,0.7681159420289855
tier1_seen_conditions,CVCL_1055,plate4,Palmatine (chloride),29,29,12,0.09923824260809866,0.16417910447761194,False,0.6956521739130435
tier1_seen_conditions,CVCL_1055,plate4,Gemfibrozil,29,29,12,0.007084933213903355,0.43283582089552236,False,0.927536231884058
tier1_seen_conditions,CVCL_1055,plate4,Lidocaine (hydrochloride),15,15,12,-0.03789605006913277,0.6865671641791045,False,0.34782608695652173
tier1_seen_conditions,CVCL_1055,plate4,Triamcinolone,20,20,12,0.01572683850480061,0.43781094527363185,False,0.5072463768115942
tier1_seen_conditions,CVCL_1055,plate4,Pentagastrin,21,21,12,0.3506478414473584,0.004975124378109453,True,0.5652173913043478
tier1_seen_conditions,CVCL_1055,plate4,Hexylresorcinol,18,18,12,0.0314058082269586,0.3781094527363184,False,0.36231884057971014
tier1_seen_conditions,CVCL_1055,plate4,Fusidic acid,19,19,12,0.08760925939979458,0.15920398009950248,False,0.463768115942029
tier1_seen_conditions,CVCL_1055,plate4,Balsalazide (sodium hydrate),12,12,12,0.024338956283189717,0.38308457711442784,False,0.18840579710144928
tier1_seen_conditions,CVCL_1055,plate4,Cloxacillin (sodium),16,16,12,0.12477657452033952,0.13930348258706468,False,0.463768115942029
tier1_seen_conditions,CVCL_1055,plate4,Artesunate,13,13,12,-0.00546801377766748,0.4626865671641791,False,0.15942028985507245
tier1_seen_conditions,CVCL_1055,plate4,Selinexor,20,20,12,0.018566826670250336,0.3681592039800995,False,0.5217391304347826
tier1_seen_conditions,CVCL_1055,plate4,Chlorhexidine (diacetate),18,18,12,-0.11968096856238652,0.8756218905472637,False,0.37681159420289856
tier1_seen_conditions,CVCL_1055,plate4,Retinoic acid,14,14,12,0.4969285944705142,0.004975124378109453,True,0.463768115942029
tier1_seen_conditions,CVCL_0069,plate4,Trimetrexate,27,27,12,0.017154836911249305,0.4626865671641791,False,0.9452054794520548
tier1_seen_conditions,CVCL_0069,plate4,Terfenadine,25,25,12,0.0349899431091778,0.3333333333333333,False,0.6575342465753424
tier1_seen_conditions,CVCL_0069,plate4,Fluvoxamine (maleate),26,26,12,-0.013315375259463025,0.5373134328358209,False,0.9041095890410958
tier1_seen_conditions,CVCL_0069,plate4,S-Adenosyl-L-methionine (disulfate tosylate),25,25,12,0.06659303491010604,0.2537313432835821,False,0.6986301369863014
tier1_seen_conditions,CVCL_0069,plate4,Elagolix sodium,26,26,12,0.06657688545071672,0.22388059701492538,False,0.821917808219178
tier1_seen_conditions,CVCL_0069,plate4,Resveratrol,27,27,12,0.30361761712922686,0.01990049751243781,True,0.3424657534246575
tier1_seen_conditions,CVCL_0069,plate4,Tofacitinib (citrate),27,27,12,0.11627166955365453,0.12437810945273632,False,0.3698630136986301
tier1_seen_conditions,CVCL_0069,plate4,Thymol,29,29,12,0.12293380245152896,0.0845771144278607,False,1.0
tier1_seen_conditions,CVCL_0069,plate4,Lenalidomide (hemihydrate),28,28,12,0.11382524201233224,0.11442786069651742,False,1.0
tier1_seen_conditions,CVCL_0069,plate4,Pentamidine (isethionate),26,26,12,0.09307446225149896,0.17412935323383086,False,0.8493150684931506
tier1_seen_conditions,CVCL_0069,plate4,Adenosine,26,26,12,0.004996014848014596,0.4527363184079602,False,0.7671232876712328
tier1_seen_conditions,CVCL_0069,plate4,Sulfisoxazole,27,27,12,0.050543927713832204,0.2537313432835821,False,0.6164383561643836
tier1_seen_conditions,CVCL_0069,plate4,Lidocaine (hydrochloride),18,18,12,0.24000401285037753,0.014925373134328358,True,0.273972602739726
tier1_seen_conditions,CVCL_0069,plate4,Demeclocycline,27,27,12,0.024285913600394338,0.4129353233830846,False,0.6712328767123288
tier1_seen_conditions,CVCL_0069,plate4,Larotrectinib,25,25,12,0.07238047441478912,0.208955223880597,False,0.9178082191780822
tier1_seen_conditions,CVCL_0069,plate4,Busulfan,29,29,12,0.1403222694145274,0.0945273631840796,False,1.0
tier1_seen_conditions,CVCL_0069,plate4,Cepharanthine,22,22,12,0.13188648585014384,0.10945273631840796,False,0.7808219178082192
tier1_seen_conditions,CVCL_0069,plate4,Radotinib,28,28,12,0.08257812754311367,0.16417910447761194,False,0.958904109589041
tier1_seen_conditions,CVCL_0069,plate4,Docetaxel,19,19,12,0.023168419137856944,0.39303482587064675,False,0.7945205479452054
tier1_seen_conditions,CVCL_0069,plate4,Tucidinostat,22,22,12,0.03142478547470873,0.3582089552238806,False,0.3972602739726027
tier1_seen_conditions,CVCL_0069,plate4,Bimatoprost,16,16,12,0.03880041636280929,0.24378109452736318,False,0.2876712328767123
tier1_seen_conditions,CVCL_0069,plate4,Triamcinolone,18,18,12,0.09483095059468916,0.13432835820895522,False,0.3287671232876712
tier1_seen_conditions,CVCL_0069,plate4,Olanzapine,16,16,12,0.007647810673853783,0.43781094527363185,False,0.2465753424657534
tier1_seen_conditions,CVCL_0069,plate4,Rimonabant,24,24,12,0.1476721823118119,0.0945273631840796,False,0.3013698630136986
tier1_seen_conditions,CVCL_0069,plate4,Lumateperone (tosylate),18,18,12,-0.02423544950369738,0.5920398009950248,False,0.4931506849315068
tier1_seen_conditions,CVCL_0069,plate4,Hexylresorcinol,15,15,12,0.06676660804401635,0.23880597014925373,False,0.3287671232876712
tier1_seen_conditions,CVCL_0069,plate4,Isocorydine,24,24,12,0.033933893097881196,0.26865671641791045,False,0.5342465753424658
tier1_seen_conditions,CVCL_0069,plate4,Sodium Salicylate,27,27,12,0.1678923604451228,0.06965174129353234,False,0.6986301369863014
tier1_seen_conditions,CVCL_0069,plate4,Pyridoxine,26,26,12,0.029836497137621265,0.3034825870646766,False,0.6301369863013698
tier1_seen_conditions,CVCL_0069,plate4,Acetohexamide,28,28,12,0.15767749708875556,0.04477611940298507,True,0.9178082191780822
tier1_seen_conditions,CVCL_0069,plate4,Temsirolimus,28,28,12,0.1249663710039588,0.0945273631840796,False,0.6986301369863014
tier1_seen_conditions,CVCL_0069,plate4,Megestrol,26,26,12,0.11811755480429298,0.15422885572139303,False,0.4520547945205479
tier1_seen_conditions,CVCL_0069,plate4,L-Thyroxine (sodium salt pentahydrate),25,25,12,0.09848712977138518,0.13432835820895522,False,0.7123287671232876
tier1_seen_conditions,CVCL_0069,plate4,Quinestrol,29,29,12,0.10714277583560694,0.14925373134328357,False,0.4794520547945205
tier1_seen_conditions,CVCL_0069,plate4,Tofacitinib,26,26,12,-0.00886802623876548,0.40298507462686567,False,0.8356164383561644
tier1_seen_conditions,CVCL_0069,plate4,Idarubicin (hydrochloride),28,28,12,0.2131954326524088,0.05970149253731343,False,0.9863013698630136
tier1_seen_conditions,CVCL_0069,plate4,Darinaparsin,27,27,12,0.13228871027452271,0.08955223880597014,False,0.9863013698630136
tier1_seen_conditions,CVCL_0069,plate4,Vilanterol,28,28,12,0.08051938180387808,0.21393034825870647,False,0.9178082191780822
tier1_seen_conditions,CVCL_0069,plate4,Ritonavir,26,26,12,-0.03112643790978531,0.6368159203980099,False,0.8493150684931506
tier1_seen_conditions,CVCL_0069,plate4,Ciclopirox,27,27,12,0.05167287649021901,0.2736318407960199,False,1.0
tier1_seen_conditions,CVCL_0069,plate4,Mitoxantrone (dihydrochloride),27,27,12,0.2167035623849447,0.024875621890547265,True,0.8767123287671232
tier1_seen_conditions,CVCL_0069,plate4,Gallic acid (hydrate),28,28,12,0.011179354326495528,0.48258706467661694,False,0.7397260273972602
tier1_seen_conditions,CVCL_0069,plate4,Diammonium Glycyrrhizinate,27,27,12,0.09049024859407595,0.18407960199004975,False,0.8767123287671232
tier1_seen_conditions,CVCL_0069,plate4,Ropivacaine (hydrochloride monohydrate),26,26,12,0.05851707207292023,0.208955223880597,False,0.6986301369863014
tier1_seen_conditions,CVCL_0069,plate4,Salicylic acid,27,27,12,0.08996608517170124,0.1890547263681592,False,0.958904109589041
tier1_seen_conditions,CVCL_0069,plate4,18β-Glycyrrhetinic acid,28,28,12,-0.06827400360574565,0.7313432835820896,False,0.8082191780821918
tier1_seen_conditions,CVCL_0069,plate4,Norepinephrine (hydrochloride),29,29,12,-0.12249972258065256,0.9104477611940298,False,0.958904109589041
tier1_seen_conditions,CVCL_0069,plate4,Adagrasib,23,23,12,0.022957875561459673,0.3034825870646766,False,0.7534246575342466
tier1_seen_conditions,CVCL_0069,plate4,8-Hydroxyquinoline,19,19,12,0.22420347807719487,0.01990049751243781,True,0.4520547945205479
tier1_seen_conditions,CVCL_0069,plate4,Chlorhexidine (diacetate),19,19,12,0.23791653093720555,0.01990049751243781,True,0.4657534246575342
tier1_seen_conditions,CVCL_0069,plate4,Trifluridine,25,25,12,0.08630430852602089,0.21890547263681592,False,0.8082191780821918
tier1_seen_conditions,CVCL_0069,plate4,Vinblastine (sulfate),28,28,12,0.15039755644040298,0.0845771144278607,False,0.8904109589041096
tier1_seen_conditions,CVCL_0069,plate4,Pasireotide (acetate),28,28,12,0.34931424886018725,0.01990049751243781,True,1.0
tier1_seen_conditions,CVCL_0069,plate4,Furosemide,24,24,12,0.05229427883569571,0.27860696517412936,False,0.6438356164383562
tier1_seen_conditions,CVCL_0069,plate4,Clotrimazole,29,29,12,0.02477091927512376,0.3582089552238806,False,0.4931506849315068
tier1_seen_conditions,CVCL_0069,plate4,Gemfibrozil,29,29,12,0.1319965861411898,0.0845771144278607,False,0.6575342465753424
tier1_seen_conditions,CVCL_0069,plate4,Rapamycin,29,29,12,0.10720593438894177,0.12437810945273632,False,0.410958904109589
tier1_seen_conditions,CVCL_0069,plate4,Triclosan,25,25,12,0.06349828471205754,0.15920398009950248,False,0.9726027397260274
tier1_seen_conditions,CVCL_0069,plate4,Allantoin,22,22,12,-0.017515261561502626,0.6268656716417911,False,0.821917808219178
tier1_seen_conditions,CVCL_0069,plate4,Neratinib (maleate),15,15,12,0.0386099372056421,0.2835820895522388,False,0.1643835616438356
tier1_seen_conditions,CVCL_0069,plate4,Goserelin (acetate),25,25,12,0.19355845303677377,0.03980099502487562,True,0.9178082191780822
tier1_seen_conditions,CVCL_0069,plate4,Fusidic acid,18,18,12,0.08250837964338764,0.18407960199004975,False,0.3013698630136986
tier1_seen_conditions,CVCL_0069,plate4,Cloxacillin (sodium),14,14,12,0.280702795949729,0.014925373134328358,True,0.2054794520547945
tier1_seen_conditions,CVCL_0069,plate4,Artesunate,15,15,12,0.08009727773055708,0.15920398009950248,False,0.1232876712328767
tier1_seen_conditions,CVCL_0069,plate4,Pyridoxine (hydrochloride),18,18,12,0.18571533233184923,0.05472636815920398,False,0.2054794520547945
tier1_seen_conditions,CVCL_0069,plate4,Amsacrine,15,15,12,0.33156692524102027,0.01990049751243781,True,0.3150684931506849
tier1_seen_conditions,CVCL_0069,plate4,Retinoic acid,29,29,12,0.4938115787230739,0.004975124378109453,True,0.5342465753424658
tier1_seen_conditions,CVCL_0334,plate4,Trimetrexate,28,28,12,-0.07179254238247879,0.7810945273631841,False,0.9846153846153847
tier1_seen_conditions,CVCL_0334,plate4,18β-Glycyrrhetinic acid,26,26,12,0.06276280618031471,0.1890547263681592,False,0.8769230769230769
tier1_seen_conditions,CVCL_0334,plate4,Terfenadine,26,26,12,0.0073260859987183125,0.40298507462686567,False,0.9384615384615385
tier1_seen_conditions,CVCL_0334,plate4,Fluvoxamine (maleate),27,27,12,-0.006726658577948186,0.5671641791044776,False,0.9692307692307692
tier1_seen_conditions,CVCL_0334,plate4,Idarubicin (hydrochloride),23,23,12,-0.09729238630662884,0.8308457711442786,False,0.4307692307692308
tier1_seen_conditions,CVCL_0334,plate4,Elagolix sodium,24,24,12,-0.07779013955205549,0.7860696517412935,False,0.36923076923076925
tier1_seen_conditions,CVCL_0334,plate4,Resveratrol,27,27,12,-0.05510479424269299,0.7512437810945274,False,0.8153846153846154
tier1_seen_conditions,CVCL_0334,plate4,Rapamycin,27,27,12,-0.051452341969518756,0.6915422885572139,False,0.8461538461538461
tier1_seen_conditions,CVCL_0334,plate4,Darinaparsin,27,27,12,-0.0787327464215899,0.7711442786069652,False,0.676923076923077
tier1_seen_conditions,CVCL_0334,plate4,Vilanterol,14,14,12,-0.08175503007406526,0.845771144278607,False,0.2
tier1_seen_conditions,CVCL_0334,plate4,Lenalidomide (hemihydrate),27,27,12,-0.10276084674668695,0.8955223880597015,False,0.8153846153846154
tier1_seen_conditions,CVCL_0334,plate4,Norepinephrine (hydrochloride),27,27,12,0.05319829469685011,0.208955223880597,False,0.9846153846153847
tier1_seen_conditions,CVCL_0334,plate4,Ciclopirox,29,29,12,-0.08948373432013845,0.8656716417910447,False,0.9384615384615385
tier1_seen_conditions,CVCL_0334,plate4,Demeclocycline,24,24,12,-0.1042548802228822,0.8009950248756219,False,0.6923076923076923
tier1_seen_conditions,CVCL_0334,plate4,Larotrectinib,27,27,12,0.06375644050009832,0.23880597014925373,False,0.9384615384615385
tier1_seen_conditions,CVCL_0334,plate4,Busulfan,27,27,12,-0.0716149992595394,0.8009950248756219,False,0.9076923076923077
tier1_seen_conditions,CVCL_0334,plate4,Radotinib,27,27,12,-0.04329517097830049,0.6368159203980099,False,0.6
tier1_seen_conditions,CVCL_0334,plate4,Olanzapine,14,14,12,-0.09691142925797003,0.8905472636815921,False,0.15384615384615385
tier1_seen_conditions,CVCL_0334,plate4,Homoharringtonine,16,16,12,-0.03162396003201806,0.5920398009950248,False,0.3076923076923077
tier1_seen_conditions,CVCL_0334,plate4,Palmatine (chloride),27,27,12,-0.08916352462528998,0.8656716417910447,False,0.9538461538461539
tier1_seen_conditions,CVCL_0334,plate4,Isocorydine,22,22,12,-0.029699194091406866,0.6766169154228856,False,0.4307692307692308
tier1_seen_conditions,CVCL_0334,plate4,Raltitrexed,24,24,12,0.028510719716514643,0.3283582089552239,False,0.6153846153846154
tier1_seen_conditions,CVCL_0334,plate4,Furosemide,20,20,12,-0.0807070345482277,0.8208955223880597,False,0.4153846153846154
tier1_seen_conditions,CVCL_0334,plate4,Sodium Salicylate,27,27,12,0.09549445826732672,0.13432835820895522,False,0.49230769230769234
tier1_seen_conditions,CVCL_0334,plate4,Pyridoxine,27,27,12,-0.12123738446208066,0.9353233830845771,False,0.7538461538461538
tier1_seen_conditions,CVCL_0334,plate4,Megestrol,27,27,12,0.08051854123965718,0.20398009950248755,False,0.4
tier1_seen_conditions,CVCL_0334,plate4,Ropivacaine (hydrochloride monohydrate),27,27,12,-0.05057762848715264,0.6915422885572139,False,0.9692307692307692
tier1_seen_conditions,CVCL_0334,plate4,Salicylic acid,28,28,12,-0.07304712701814786,0.8059701492537313,False,0.5230769230769231
tier1_seen_conditions,CVCL_0334,plate4,Quinestrol,28,28,12,0.13740156037223095,0.0945273631840796,False,0.9076923076923077
tier1_seen_conditions,CVCL_0334,plate4,Tofacitinib,25,25,12,-0.06183277887966909,0.7562189054726368,False,0.7538461538461538
tier1_seen_conditions,CVCL_0334,plate4,S-Adenosyl-L-methionine (disulfate tosylate),28,28,12,-0.04271735152092404,0.6965174129353234,False,0.9538461538461539
tier1_seen_conditions,CVCL_0334,plate4,Pentamidine (isethionate),29,29,12,0.05676895950856142,0.2935323383084577,False,0.9692307692307692
tier1_seen_conditions,CVCL_0334,plate4,Adenosine,28,28,12,0.021601856953061827,0.4577114427860697,False,0.9230769230769231
tier1_seen_conditions,CVCL_0334,plate4,Acetohexamide,28,28,12,0.08321814471956657,0.1691542288557214,False,0.5846153846153846
tier1_seen_conditions,CVCL_0334,plate4,Temsirolimus,27,27,12,0.07235919082731535,0.17412935323383086,False,0.676923076923077
tier1_seen_conditions,CVCL_0334,plate4,L-Thyroxine (sodium salt pentahydrate),26,26,12,0.2840820958396719,0.024875621890547265,True,0.8769230769230769
tier1_seen_conditions,CVCL_0334,plate4,Tofacitinib (citrate),29,29,12,-0.15398147070841262,0.9502487562189055,False,1.0
tier1_seen_conditions,CVCL_0334,plate4,Ritonavir,28,28,12,-0.13913097509989214,0.9701492537313433,False,0.7692307692307693
tier1_seen_conditions,CVCL_0334,plate4,Mitoxantrone (dihydrochloride),21,21,12,0.12823714800061659,0.12437810945273632,False,0.4461538461538462
tier1_seen_conditions,CVCL_0334,plate4,Cepharanthine,28,28,12,-0.0010926005499705127,0.5174129353233831,False,0.9538461538461539
tier1_seen_conditions,CVCL_0334,plate4,Docetaxel,13,13,12,-0.04262971378051894,0.6517412935323383,False,0.13846153846153847
tier1_seen_conditions,CVCL_0334,plate4,Triclosan,24,24,12,0.15700787918302517,0.06467661691542288,False,0.7846153846153846
tier1_seen_conditions,CVCL_0334,plate4,Adagrasib,20,20,12,-0.07073137002102392,0.746268656716418,False,0.49230769230769234
tier1_seen_conditions,CVCL_0334,plate4,Trifluridine,24,24,12,-0.04639931424528676,0.7213930348258707,False,0.6461538461538462
tier1_seen_conditions,CVCL_0334,plate4,Retinoic acid,17,17,12,0.2829162674843939,0.014925373134328358,True,0.49230769230769234
tier1_seen_conditions,CVCL_0334,plate4,Cysteamine (hydrochloride),18,18,12,-0.08395605707787723,0.8557213930348259,False,0.35384615384615387
tier1_seen_conditions,CVCL_0334,plate4,Vinblastine (sulfate),26,26,12,0.06413528942318436,0.27860696517412936,False,0.9692307692307692
tier1_seen_conditions,CVCL_0334,plate4,Riluzole hydrochloride,26,26,12,0.2717150078767787,0.004975124378109453,True,0.9846153846153847
tier1_seen_conditions,CVCL_0334,plate4,Clotrimazole,28,28,12,-0.018230738157535953,0.5771144278606966,False,0.8769230769230769
tier1_seen_conditions,CVCL_0334,plate4,Diammonium Glycyrrhizinate,27,27,12,0.0382886224046981,0.32338308457711445,False,0.7076923076923077
tier1_seen_conditions,CVCL_0334,plate4,Pasireotide (acetate),21,21,12,0.09245548150618887,0.11442786069651742,False,0.4461538461538462
tier1_seen_conditions,CVCL_0334,plate4,Bergenin,20,20,12,0.014376426930409636,0.36318407960199006,False,0.6461538461538462
tier1_seen_conditions,CVCL_0334,plate4,Rimonabant,17,17,12,0.09765727229039811,0.11442786069651742,False,0.2
tier1_seen_conditions,CVCL_0334,plate4,Pentagastrin,16,16,12,0.11207267456760839,0.12437810945273632,False,0.23076923076923078
tier1_seen_conditions,CVCL_0334,plate4,Sulfisoxazole,28,28,12,-0.024776754575922766,0.5422885572139303,False,0.7538461538461538
tier1_seen_conditions,CVCL_0334,plate4,Fusidic acid,12,12,12,0.10802619741343022,0.14427860696517414,False,0.1076923076923077
tier1_seen_conditions,CVCL_0334,plate4,Cloxacillin (sodium),15,15,12,0.18508190898547028,0.03980099502487562,True,0.2153846153846154
tier1_seen_conditions,CVCL_0334,plate4,Amsacrine,13,13,12,0.1721194928663632,0.05970149253731343,False,0.2153846153846154
tier1_seen_conditions,CVCL_0334,plate4,Chlorhexidine (diacetate),17,17,12,-0.04578779192382143,0.7313432835820896,False,0.2923076923076923
tier1_seen_conditions,CVCL_1724,plate4,Trimetrexate,25,25,12,0.055454883820715395,0.208955223880597,False,0.5217391304347826
tier1_seen_conditions,CVCL_1724,plate4,Gemfibrozil,27,27,12,0.0667312513140903,0.23383084577114427,False,0.8985507246376812
tier1_seen_conditions,CVCL_1724,plate4,Terfenadine,24,24,12,0.009978990733863213,0.417910447761194,False,0.5652173913043478
tier1_seen_conditions,CVCL_1724,plate4,Fluvoxamine (maleate),24,24,12,0.13211672344007042,0.0945273631840796,False,0.8985507246376812
tier1_seen_conditions,CVCL_1724,plate4,S-Adenosyl-L-methionine (disulfate tosylate),26,26,12,0.26813789216699035,0.04975124378109453,True,0.927536231884058
tier1_seen_conditions,CVCL_1724,plate4,Idarubicin (hydrochloride),26,26,12,0.04204396427875423,0.2885572139303483,False,0.9855072463768116
tier1_seen_conditions,CVCL_1724,plate4,Vilanterol,26,26,12,0.0928795609769395,0.10945273631840796,False,0.5797101449275363
tier1_seen_conditions,CVCL_1724,plate4,Ritonavir,26,26,12,-0.009694563584005778,0.472636815920398,False,0.5942028985507246
tier1_seen_conditions,CVCL_1724,plate4,Pentamidine (isethionate),28,28,12,-0.020609273046305887,0.6417910447761194,False,0.8695652173913043
tier1_seen_conditions,CVCL_1724,plate4,Norepinephrine (hydrochloride),27,27,12,-0.0370912874932916,0.6517412935323383,False,0.782608695652174
tier1_seen_conditions,CVCL_1724,plate4,Lidocaine (hydrochloride),13,13,12,0.07034410029607585,0.21393034825870647,False,0.3188405797101449
tier1_seen_conditions,CVCL_1724,plate4,Demeclocycline,17,17,12,0.24672883913327048,0.014925373134328358,True,0.30434782608695654
tier1_seen_conditions,CVCL_1724,plate4,Larotrectinib,27,27,12,0.045770655368839286,0.263681592039801,False,1.0
tier1_seen_conditions,CVCL_1724,plate4,Cepharanthine,26,26,12,0.20532983743099287,0.04477611940298507,True,0.9420289855072463
tier1_seen_conditions,CVCL_1724,plate4,Radotinib,29,29,12,0.24147565759245104,0.029850746268656716,True,0.927536231884058
tier1_seen_conditions,CVCL_1724,plate4,Tucidinostat,16,16,12,0.11676681658416577,0.14925373134328357,False,0.36231884057971014
tier1_seen_conditions,CVCL_1724,plate4,Rimonabant,17,17,12,0.163893072390648,0.07462686567164178,False,0.36231884057971014
tier1_seen_conditions,CVCL_1724,plate4,Riluzole hydrochloride,21,21,12,0.25389327626344915,0.03980099502487562,True,0.6231884057971014
tier1_seen_conditions,CVCL_1724,plate4,Furosemide,13,13,12,0.007491167447064129,0.43283582089552236,False,0.2318840579710145
tier1_seen_conditions,CVCL_1724,plate4,Sodium Salicylate,26,26,12,0.38148632981839903,0.03980099502487562,True,0.9130434782608695
tier1_seen_conditions,CVCL_1724,plate4,Acetohexamide,25,25,12,0.02806688537112123,0.38308457711442784,False,0.782608695652174
tier1_seen_conditions,CVCL_1724,plate4,Ropivacaine (hydrochloride monohydrate),23,23,12,0.08479049592459731,0.20398009950248755,False,0.7971014492753623
tier1_seen_conditions,CVCL_1724,plate4,Quinestrol,27,27,12,0.18415066792251622,0.07960199004975124,False,0.8985507246376812
tier1_seen_conditions,CVCL_1724,plate4,Rapamycin,28,28,12,0.3110257707718702,0.009950248756218905,True,0.6376811594202898
tier1_seen_conditions,CVCL_1724,plate4,Sulfisoxazole,27,27,12,0.02471919077496665,0.34328358208955223,False,1.0
tier1_seen_conditions,CVCL_1724,plate4,Gallic acid (hydrate),22,22,12,-0.010715803307020266,0.5522388059701493,False,0.8985507246376812
tier1_seen_conditions,CVCL_1724,plate4,Pyridoxine,28,28,12,0.07194558460592049,0.18407960199004975,False,0.9855072463768116
tier1_seen_conditions,CVCL_1724,plate4,Temsirolimus,23,23,12,0.25299737012860746,0.024875621890547265,True,0.463768115942029
tier1_seen_conditions,CVCL_1724,plate4,Diammonium Glycyrrhizinate,28,28,12,0.03334285369561485,0.30845771144278605,False,0.9565217391304348
tier1_seen_conditions,CVCL_1724,plate4,Salicylic acid,26,26,12,0.1505087181972442,0.08955223880597014,False,0.6231884057971014
tier1_seen_conditions,CVCL_1724,plate4,Resveratrol,21,21,12,-0.022535547994065652,0.572139303482587,False,0.5942028985507246
tier1_seen_conditions,CVCL_1724,plate4,Tofacitinib (citrate),28,28,12,0.16746720325258124,0.0845771144278607,False,0.9710144927536232
tier1_seen_conditions,CVCL_1724,plate4,Darinaparsin,29,29,12,0.07432715622272212,0.21890547263681592,False,0.8840579710144928
tier1_seen_conditions,CVCL_1724,plate4,Adenosine,28,28,12,0.07641863594131237,0.21890547263681592,False,0.8115942028985508
tier1_seen_conditions,CVCL_1724,plate4,Mitoxantrone (dihydrochloride),20,20,12,-0.02511488290623376,0.5621890547263682,False,0.4492753623188406
tier1_seen_conditions,CVCL_1724,plate4,Busulfan,16,16,12,-0.044851386768918644,0.7114427860696517,False,0.36231884057971014
tier1_seen_conditions,CVCL_1724,plate4,Chlorhexidine (diacetate),12,12,12,0.1165436715101098,0.11940298507462686,False,0.21739130434782608
tier1_seen_conditions,CVCL_1724,plate4,Retinoic acid,12,12,12,0.3056569289636517,0.009950248756218905,True,0.15942028985507245
tier1_seen_conditions,CVCL_1724,plate4,Cysteamine (hydrochloride),14,14,12,0.135901556295547,0.08955223880597014,False,0.17391304347826086
tier1_seen_conditions,CVCL_1724,plate4,Vinblastine (sulfate),25,25,12,-0.012422414793718417,0.5771144278606966,False,0.8985507246376812
tier1_seen_conditions,CVCL_1724,plate4,Pasireotide (acetate),18,18,12,0.3066338035967995,0.01990049751243781,True,0.4927536231884058
tier1_seen_conditions,CVCL_1724,plate4,Palmatine (chloride),28,28,12,0.019140393157977442,0.40298507462686567,False,0.7391304347826086
tier1_seen_conditions,CVCL_1724,plate4,Raltitrexed,18,18,12,0.3537179138117086,0.004975124378109453,True,0.15942028985507245
tier1_seen_conditions,CVCL_1724,plate4,Clotrimazole,24,24,12,0.14959162798145087,0.0845771144278607,False,0.7536231884057971
tier1_seen_conditions,CVCL_1724,plate4,Megestrol,28,28,12,0.3583743338982508,0.024875621890547265,True,1.0
tier1_seen_conditions,CVCL_1724,plate4,Tofacitinib,29,29,12,-0.044974622770102,0.7064676616915423,False,0.8260869565217391
tier1_seen_conditions,CVCL_1724,plate4,18β-Glycyrrhetinic acid,28,28,12,0.04738590920721997,0.30845771144278605,False,0.9710144927536232
tier1_seen_conditions,CVCL_1724,plate4,Elagolix sodium,26,26,12,0.10963078464640219,0.09950248756218906,False,1.0
tier1_seen_conditions,CVCL_1724,plate4,Thymol,20,20,12,0.07966616717426334,0.21890547263681592,False,0.5362318840579711
tier1_seen_conditions,CVCL_1724,plate4,Lenalidomide (hemihydrate),28,28,12,-0.04705444905106759,0.6666666666666666,False,0.8115942028985508
tier1_seen_conditions,CVCL_1724,plate4,Ciclopirox,18,18,12,0.0025619860208845324,0.4925373134328358,False,0.5652173913043478
tier1_seen_conditions,CVCL_1724,plate4,Triclosan,21,21,12,0.08174660052724647,0.22388059701492538,False,0.37681159420289856
tier1_seen_conditions,CVCL_1724,plate4,Bergenin,17,17,12,0.1217464401160182,0.12935323383084577,False,0.2608695652173913
tier1_seen_conditions,CVCL_1724,plate4,Triamcinolone,16,16,12,-0.01965084961710062,0.5422885572139303,False,0.43478260869565216
tier1_seen_conditions,CVCL_1724,plate4,Olanzapine,19,19,12,0.025857092535982673,0.3582089552238806,False,0.4492753623188406
tier1_seen_conditions,CVCL_1724,plate4,Pentagastrin,15,15,12,0.11668796178515173,0.08955223880597014,False,0.5652173913043478
tier1_seen_conditions,CVCL_1724,plate4,Lumateperone (tosylate),13,13,12,0.26952358784188846,0.014925373134328358,True,0.2318840579710145
tier1_seen_conditions,CVCL_1724,plate4,Neratinib (maleate),12,12,12,0.16676385694567664,0.05472636815920398,False,0.2753623188405797
tier1_seen_conditions,CVCL_1724,plate4,Adenine,12,12,12,0.45474729768418065,0.024875621890547265,True,0.2028985507246377
tier1_seen_conditions,CVCL_1724,plate4,Adagrasib,27,27,12,0.18598427124326022,0.05970149253731343,False,0.7391304347826086
tier1_seen_conditions,CVCL_0320,plate4,Trimetrexate,25,25,12,0.054311421371950885,0.27860696517412936,False,0.72
tier1_seen_conditions,CVCL_0320,plate4,Gemfibrozil,26,26,12,0.02036725475261214,0.3482587064676617,False,0.9733333333333334
tier1_seen_conditions,CVCL_0320,plate4,18β-Glycyrrhetinic acid,26,26,12,0.15097027803510343,0.11442786069651742,False,0.6133333333333333
tier1_seen_conditions,CVCL_0320,plate4,Terfenadine,25,25,12,0.07722794920048237,0.24875621890547264,False,0.8
tier1_seen_conditions,CVCL_0320,plate4,S-Adenosyl-L-methionine (disulfate tosylate),27,27,12,-0.020192325478042505,0.5671641791044776,False,0.7866666666666666
tier1_seen_conditions,CVCL_0320,plate4,Resveratrol,29,29,12,-0.06780718552939291,0.7761194029850746,False,0.9733333333333334
tier1_seen_conditions,CVCL_0320,plate4,Rapamycin,25,25,12,0.13529752161631237,0.08955223880597014,False,0.3466666666666667
tier1_seen_conditions,CVCL_0320,plate4,Tofacitinib (citrate),28,28,12,-0.06502963847876586,0.681592039800995,False,0.76
tier1_seen_conditions,CVCL_0320,plate4,Thymol,27,27,12,0.16882853177923351,0.0845771144278607,False,0.8533333333333334
tier1_seen_conditions,CVCL_0320,plate4,Darinaparsin,26,26,12,0.03706991033096507,0.32338308457711445,False,0.56
tier1_seen_conditions,CVCL_0320,plate4,Vilanterol,27,27,12,0.06289352736197173,0.22388059701492538,False,1.0
tier1_seen_conditions,CVCL_0320,plate4,Lenalidomide (hemihydrate),27,27,12,0.08178756446408286,0.11442786069651742,False,0.6933333333333334
tier1_seen_conditions,CVCL_0320,plate4,Ritonavir,28,28,12,-0.0006576479963946724,0.46766169154228854,False,1.0
tier1_seen_conditions,CVCL_0320,plate4,Sulfisoxazole,27,27,12,0.053960279382144094,0.24378109452736318,False,0.9733333333333334
tier1_seen_conditions,CVCL_0320,plate4,Ciclopirox,28,28,12,0.01168171881010771,0.36318407960199006,False,0.64
tier1_seen_conditions,CVCL_0320,plate4,Demeclocycline,26,26,12,-0.02656674796940095,0.6119402985074627,False,0.3466666666666667
tier1_seen_conditions,CVCL_0320,plate4,Mitoxantrone (dihydrochloride),26,26,12,-0.03333447754282304,0.6616915422885572,False,0.96
tier1_seen_conditions,CVCL_0320,plate4,Busulfan,26,26,12,0.00700180994770605,0.4527363184079602,False,0.7733333333333333
tier1_seen_conditions,CVCL_0320,plate4,Cepharanthine,28,28,12,0.004933627046170841,0.5024875621890548,False,0.9866666666666667
tier1_seen_conditions,CVCL_0320,plate4,Radotinib,28,28,12,0.15368248361342118,0.0845771144278607,False,0.96
tier1_seen_conditions,CVCL_0320,plate4,Docetaxel,26,26,12,0.19204898414007765,0.04975124378109453,True,1.0
tier1_seen_conditions,CVCL_0320,plate4,Triclosan,27,27,12,0.17602563425661621,0.04975124378109453,True,0.9333333333333333
tier1_seen_conditions,CVCL_0320,plate4,Tucidinostat,23,23,12,0.07658822330581394,0.18407960199004975,False,0.8533333333333334
tier1_seen_conditions,CVCL_0320,plate4,Bergenin,28,28,12,-0.10134050744724021,0.8208955223880597,False,0.52
tier1_seen_conditions,CVCL_0320,plate4,Allantoin,23,23,12,0.07750134452750146,0.11940298507462686,False,0.5466666666666666
tier1_seen_conditions,CVCL_0320,plate4,Bimatoprost,24,24,12,0.21074039152345492,0.029850746268656716,True,0.9066666666666666
tier1_seen_conditions,CVCL_0320,plate4,Triamcinolone,27,27,12,0.12202590642277755,0.11442786069651742,False,0.48
tier1_seen_conditions,CVCL_0320,plate4,Olanzapine,26,26,12,0.10138126107063883,0.1791044776119403,False,0.7333333333333333
tier1_seen_conditions,CVCL_0320,plate4,Rimonabant,25,25,12,-0.034709442339893926,0.6567164179104478,False,0.41333333333333333
tier1_seen_conditions,CVCL_0320,plate4,Pentagastrin,26,26,12,0.2813871200461264,0.014925373134328358,True,0.9866666666666667
tier1_seen_conditions,CVCL_0320,plate4,Lumateperone (tosylate),25,25,12,0.07867312203369714,0.23880597014925373,False,0.7066666666666667
tier1_seen_conditions,CVCL_0320,plate4,Homoharringtonine,24,24,12,0.08763685500677809,0.19900497512437812,False,0.6666666666666666
tier1_seen_conditions,CVCL_0320,plate4,Riluzole hydrochloride,26,26,12,0.1841496090411514,0.05970149253731343,False,0.5066666666666667
tier1_seen_conditions,CVCL_0320,plate4,Palmatine (chloride),28,28,12,0.044424476487840536,0.32338308457711445,False,1.0
tier1_seen_conditions,CVCL_0320,plate4,Isocorydine,25,25,12,0.13881967672444162,0.0845771144278607,False,0.64
tier1_seen_conditions,CVCL_0320,plate4,Raltitrexed,29,29,12,0.08161251224497157,0.208955223880597,False,0.9733333333333334
tier1_seen_conditions,CVCL_0320,plate4,Furosemide,26,26,12,-0.0015017886459478547,0.5472636815920398,False,0.38666666666666666
tier1_seen_conditions,CVCL_0320,plate4,Clotrimazole,25,25,12,-0.0034620796383375563,0.43781094527363185,False,0.6666666666666666
tier1_seen_conditions,CVCL_0320,plate4,Sodium Salicylate,26,26,12,-0.013953344963017145,0.5572139303482587,False,0.24
tier1_seen_conditions,CVCL_0320,plate4,Gallic acid (hydrate),25,25,12,0.030705466620048583,0.373134328358209,False,0.76
tier1_seen_conditions,CVCL_0320,plate4,Acetohexamide,25,25,12,0.04135034705130991,0.34328358208955223,False,0.44
tier1_seen_conditions,CVCL_0320,plate4,Temsirolimus,27,27,12,0.07963117535518549,0.27860696517412936,False,0.84
tier1_seen_conditions,CVCL_0320,plate4,Megestrol,24,24,12,-0.024462629375829437,0.6517412935323383,False,0.6
tier1_seen_conditions,CVCL_0320,plate4,Diammonium Glycyrrhizinate,27,27,12,0.025060796013040232,0.3383084577114428,False,0.7066666666666667
tier1_seen_conditions,CVCL_0320,plate4,Ropivacaine (hydrochloride monohydrate),24,24,12,-0.01480717287171629,0.5024875621890548,False,0.25333333333333335
tier1_seen_conditions,CVCL_0320,plate4,Quinestrol,29,29,12,0.0026801443937802816,0.43283582089552236,False,0.30666666666666664
tier1_seen_conditions,CVCL_0320,plate4,Tofacitinib,28,28,12,0.032463014745268026,0.35323383084577115,False,0.9866666666666667
tier1_seen_conditions,CVCL_0320,plate4,Fluvoxamine (maleate),27,27,12,0.02943467793259913,0.39800995024875624,False,0.4
tier1_seen_conditions,CVCL_0320,plate4,Idarubicin (hydrochloride),28,28,12,0.2696976911685631,0.03980099502487562,True,0.8133333333333334
tier1_seen_conditions,CVCL_0320,plate4,Pentamidine (isethionate),27,27,12,0.06286755127174182,0.2885572139303483,False,0.8
tier1_seen_conditions,CVCL_0320,plate4,Adenosine,27,27,12,0.042077950792220875,0.31840796019900497,False,0.8933333333333333
tier1_seen_conditions,CVCL_0320,plate4,Norepinephrine (hydrochloride),27,27,12,0.0369168978969725,0.2885572139303483,False,0.9466666666666667
tier1_seen_conditions,CVCL_0320,plate4,Pyridoxine,28,28,12,-0.003942395221061545,0.48756218905472637,False,0.8266666666666667
tier1_seen_conditions,CVCL_0320,plate4,L-Thyroxine (sodium salt pentahydrate),27,27,12,0.06057147046730016,0.18407960199004975,False,0.6933333333333334
tier1_seen_conditions,CVCL_0320,plate4,Salicylic acid,28,28,12,0.17325233271401252,0.06467661691542288,False,0.96
tier1_seen_conditions,CVCL_0320,plate4,Elagolix sodium,28,28,12,0.05068039280789094,0.24378109452736318,False,0.49333333333333335
tier1_seen_conditions,CVCL_0320,plate4,Lidocaine (hydrochloride),24,24,12,-0.0019169950491200183,0.5124378109452736,False,0.7733333333333333
tier1_seen_conditions,CVCL_0320,plate4,Adagrasib,26,26,12,-0.0338694984241279,0.6218905472636815,False,0.6533333333333333
tier1_seen_conditions,CVCL_0320,plate4,Chlorhexidine (diacetate),19,19,12,0.23398347662296004,0.08955223880597014,False,0.52
tier1_seen_conditions,CVCL_0320,plate4,Retinoic acid,26,26,12,0.4005933727257407,0.01990049751243781,True,1.0
tier1_seen_conditions,CVCL_0320,plate4,Vinblastine (sulfate),27,27,12,0.11343933325149713,0.13930348258706468,False,0.8266666666666667
tier1_seen_conditions,CVCL_0320,plate4,Pasireotide (acetate),26,26,12,-0.009625495511322413,0.5174129353233831,False,0.9733333333333334
tier1_seen_conditions,CVCL_0320,plate4,Hexylresorcinol,20,20,12,0.0867813337948693,0.1890547263681592,False,0.36
tier1_seen_conditions,CVCL_0320,plate4,Berberine (chloride hydrate),16,16,12,0.032150242603943724,0.3383084577114428,False,0.30666666666666664
tier1_seen_conditions,CVCL_0320,plate4,Neratinib (maleate),19,19,12,0.03946110137461467,0.31343283582089554,False,0.6
tier1_seen_conditions,CVCL_0320,plate4,Sinomenine,16,16,12,0.001159713900529269,0.4925373134328358,False,0.17333333333333334
tier1_seen_conditions,CVCL_0320,plate4,Goserelin (acetate),15,15,12,0.12393319335362207,0.09950248756218906,False,0.2
tier1_seen_conditions,CVCL_0320,plate4,Fusidic acid,18,18,12,0.031696326961229815,0.39800995024875624,False,0.21333333333333335
tier1_seen_conditions,CVCL_0320,plate4,Balsalazide (sodium hydrate),16,16,12,0.1098546638112321,0.13930348258706468,False,0.26666666666666666
tier1_seen_conditions,CVCL_0320,plate4,Artesunate,23,23,12,0.19660489786765822,0.04975124378109453,True,0.56
tier1_seen_conditions,CVCL_0320,plate4,Pyridoxine (hydrochloride),13,13,12,0.28258917549294615,0.009950248756218905,True,0.04
tier1_seen_conditions,CVCL_0320,plate4,Selinexor,18,18,12,0.05469200656031781,0.27860696517412936,False,0.10666666666666667
tier1_seen_conditions,CVCL_0320,plate4,Adenine,13,13,12,-0.04023185710031285,0.6716417910447762,False,0.05333333333333334
tier1_seen_conditions,CVCL_0320,plate4,Amsacrine,21,21,12,0.21868886882390903,0.01990049751243781,True,0.26666666666666666
tier1_seen_conditions,CVCL_0320,plate4,Cysteamine (hydrochloride),26,26,12,-0.019298653625032358,0.5522388059701493,False,0.7733333333333333
tier1_seen_conditions,CVCL_1239,plate4,Gemfibrozil,28,28,12,0.10864827839890978,0.11940298507462686,False,0.95
tier1_seen_conditions,CVCL_1239,plate4,S-Adenosyl-L-methionine (disulfate tosylate),25,25,12,0.08685752170389804,0.11442786069651742,False,0.6833333333333333
tier1_seen_conditions,CVCL_1239,plate4,Idarubicin (hydrochloride),27,27,12,0.04740607810385811,0.27860696517412936,False,0.85
tier1_seen_conditions,CVCL_1239,plate4,Resveratrol,19,19,12,0.15649786159024615,0.0845771144278607,False,0.45
tier1_seen_conditions,CVCL_1239,plate4,Norepinephrine (hydrochloride),26,26,12,0.18297244982165317,0.03980099502487562,True,0.9666666666666667
tier1_seen_conditions,CVCL_1239,plate4,Busulfan,23,23,12,0.3036811076239694,0.004975124378109453,True,0.35
tier1_seen_conditions,CVCL_1239,plate4,Cepharanthine,26,26,12,0.07158146783209673,0.23880597014925373,False,0.7
tier1_seen_conditions,CVCL_1239,plate4,Radotinib,19,19,12,0.07089210483555597,0.21890547263681592,False,0.6666666666666666
tier1_seen_conditions,CVCL_1239,plate4,Tucidinostat,14,14,12,0.11151197790510281,0.11940298507462686,False,0.38333333333333336
tier1_seen_conditions,CVCL_1239,plate4,Lumateperone (tosylate),15,15,12,0.24338868659256718,0.004975124378109453,True,0.3
tier1_seen_conditions,CVCL_1239,plate4,Furosemide,19,19,12,0.18493870448526906,0.04975124378109453,True,0.36666666666666664
tier1_seen_conditions,CVCL_1239,plate4,Temsirolimus,25,25,12,0.21953244828226381,0.014925373134328358,True,0.9166666666666666
tier1_seen_conditions,CVCL_1239,plate4,Megestrol,24,24,12,0.10312998867776102,0.11940298507462686,False,0.6
tier1_seen_conditions,CVCL_1239,plate4,Tofacitinib,26,26,12,0.06717747531789264,0.1791044776119403,False,0.95
tier1_seen_conditions,CVCL_1239,plate4,Elagolix sodium,26,26,12,0.18877626762777844,0.03980099502487562,True,0.9833333333333333
tier1_seen_conditions,CVCL_1239,plate4,Tofacitinib (citrate),24,24,12,0.06031335166600016,0.263681592039801,False,0.9333333333333333
tier1_seen_conditions,CVCL_1239,plate4,Pentamidine (isethionate),28,28,12,0.04020048948564359,0.3333333333333333,False,0.6
tier1_seen_conditions,CVCL_1239,plate4,Ciclopirox,25,25,12,0.116842437987426,0.07462686567164178,False,0.95
tier1_seen_conditions,CVCL_1239,plate4,Sodium Salicylate,26,26,12,0.13799005343252801,0.0845771144278607,False,0.5166666666666667
tier1_seen_conditions,CVCL_1239,plate4,Pyridoxine,28,28,12,0.06100398661484796,0.2537313432835821,False,0.9333333333333333
tier1_seen_conditions,CVCL_1239,plate4,Diammonium Glycyrrhizinate,25,25,12,0.04990135291264863,0.2835820895522388,False,0.6833333333333333
tier1_seen_conditions,CVCL_1239,plate4,Ropivacaine (hydrochloride monohydrate),24,24,12,0.05131632050716206,0.27860696517412936,False,0.6166666666666667
tier1_seen_conditions,CVCL_1239,plate4,Quinestrol,24,24,12,0.10165274471799535,0.11940298507462686,False,0.8666666666666667
tier1_seen_conditions,CVCL_1239,plate4,Fluvoxamine (maleate),24,24,12,0.04065760938578933,0.2835820895522388,False,0.6166666666666667
tier1_seen_conditions,CVCL_1239,plate4,Adenosine,27,27,12,0.3174924491672364,0.004975124378109453,True,0.8333333333333334
tier1_seen_conditions,CVCL_1239,plate4,Sulfisoxazole,27,27,12,0.03374058038475525,0.2935323383084577,False,0.8166666666666667
tier1_seen_conditions,CVCL_1239,plate4,Adagrasib,15,15,12,0.15117592045452177,0.06965174129353234,False,0.3
tier1_seen_conditions,CVCL_1239,plate4,Trifluridine,15,15,12,0.0675974833251054,0.15422885572139303,False,0.31666666666666665
tier1_seen_conditions,CVCL_1239,plate4,Riluzole hydrochloride,19,19,12,0.08510262423668635,0.19900497512437812,False,0.4166666666666667
tier1_seen_conditions,CVCL_1239,plate4,Isocorydine,19,19,12,0.08047485419307243,0.1890547263681592,False,0.8166666666666667
tier1_seen_conditions,CVCL_1239,plate4,Clotrimazole,27,27,12,-0.04721253352984078,0.6965174129353234,False,0.8833333333333333
tier1_seen_conditions,CVCL_1239,plate4,Acetohexamide,18,18,12,0.15001005346488405,0.05472636815920398,False,0.48333333333333334
tier1_seen_conditions,CVCL_1239,plate4,L-Thyroxine (sodium salt pentahydrate),26,26,12,0.09723966562462394,0.12935323383084577,False,0.65
tier1_seen_conditions,CVCL_1239,plate4,Salicylic acid,27,27,12,0.11014790324181867,0.12935323383084577,False,0.7
tier1_seen_conditions,CVCL_1239,plate4,18β-Glycyrrhetinic acid,24,24,12,0.04025493079625342,0.373134328358209,False,0.6
tier1_seen_conditions,CVCL_1239,plate4,Palmatine (chloride),28,28,12,-0.048201165701193815,0.6965174129353234,False,0.9833333333333333
tier1_seen_conditions,CVCL_1239,plate4,Raltitrexed,18,18,12,-0.09424961962062817,0.8009950248756219,False,0.2833333333333333
tier1_seen_conditions,CVCL_1239,plate4,Terfenadine,29,29,12,0.015588758518568113,0.35323383084577115,False,0.95
tier1_seen_conditions,CVCL_1239,plate4,Rapamycin,27,27,12,0.17699451459266413,0.029850746268656716,True,0.9666666666666667
tier1_seen_conditions,CVCL_1239,plate4,Ritonavir,29,29,12,0.03574225426996591,0.31840796019900497,False,0.9833333333333333
tier1_seen_conditions,CVCL_1239,plate4,Demeclocycline,16,16,12,0.03472146759056116,0.3383084577114428,False,0.36666666666666664
tier1_seen_conditions,CVCL_1239,plate4,Larotrectinib,29,29,12,0.018838191572244867,0.40298507462686567,False,1.0
tier1_seen_conditions,CVCL_1239,plate4,Gallic acid (hydrate),27,27,12,0.03630544210784059,0.3383084577114428,False,0.9333333333333333
tier1_seen_conditions,CVCL_1239,plate4,Lenalidomide (hemihydrate),21,21,12,0.12392736914981661,0.11442786069651742,False,0.6
tier1_seen_conditions,CVCL_1239,plate4,Rimonabant,29,29,12,0.0584371461983384,0.23880597014925373,False,0.85
tier1_seen_conditions,CVCL_1239,plate4,Fusidic acid,12,12,12,0.1435017373009746,0.04477611940298507,True,0.26666666666666666
tier1_seen_conditions,CVCL_1239,plate4,Retinoic acid,17,17,12,0.2851369655695031,0.014925373134328358,True,0.8833333333333333
tier1_seen_conditions,CVCL_1239,plate4,Pasireotide (acetate),17,17,12,0.1737522214525118,0.05472636815920398,False,0.26666666666666666
tier1_seen_conditions,CVCL_1666,plate4,18β-Glycyrrhetinic acid,23,23,12,0.019288341049955804,0.39800995024875624,False,0.5151515151515151
tier1_seen_conditions,CVCL_1666,plate4,Terfenadine,27,27,12,-0.011154767828248424,0.5024875621890548,False,0.9090909090909091
tier1_seen_conditions,CVCL_1666,plate4,Fluvoxamine (maleate),27,27,12,0.07267071777705247,0.1691542288557214,False,0.9090909090909091
tier1_seen_conditions,CVCL_1666,plate4,Idarubicin (hydrochloride),28,28,12,-0.04849464879289833,0.6517412935323383,False,0.9696969696969697
tier1_seen_conditions,CVCL_1666,plate4,Resveratrol,23,23,12,0.056945852654481044,0.3034825870646766,False,0.6212121212121212
tier1_seen_conditions,CVCL_1666,plate4,Tofacitinib (citrate),28,28,12,0.014419832353967266,0.43781094527363185,False,0.42424242424242425
tier1_seen_conditions,CVCL_1666,plate4,Lenalidomide (hemihydrate),24,24,12,0.06195317484186447,0.23383084577114427,False,0.2727272727272727
tier1_seen_conditions,CVCL_1666,plate4,Adenosine,26,26,12,0.023083445782503986,0.3681592039800995,False,0.5606060606060606
tier1_seen_conditions,CVCL_1666,plate4,Sulfisoxazole,28,28,12,0.061974507227700926,0.19900497512437812,False,0.8636363636363636
tier1_seen_conditions,CVCL_1666,plate4,Norepinephrine (hydrochloride),29,29,12,0.06867182048262954,0.1791044776119403,False,0.9393939393939394
tier1_seen_conditions,CVCL_1666,plate4,Ciclopirox,26,26,12,-0.008178369191181645,0.527363184079602,False,0.7727272727272727
tier1_seen_conditions,CVCL_1666,plate4,Demeclocycline,27,27,12,0.005075493027899114,0.4427860696517413,False,0.7878787878787878
tier1_seen_conditions,CVCL_1666,plate4,Cepharanthine,27,27,12,0.11561169045272202,0.11940298507462686,False,0.5
tier1_seen_conditions,CVCL_1666,plate4,Radotinib,28,28,12,-0.03953994531405769,0.6716417910447762,False,0.9848484848484849
tier1_seen_conditions,CVCL_1666,plate4,Bergenin,21,21,12,-0.07295536845518313,0.8159203980099502,False,0.3333333333333333
tier1_seen_conditions,CVCL_1666,plate4,Triamcinolone,27,27,12,-0.07422778748777681,0.8159203980099502,False,0.4696969696969697
tier1_seen_conditions,CVCL_1666,plate4,Olanzapine,24,24,12,-0.11637873486409234,0.8955223880597015,False,0.3787878787878788
tier1_seen_conditions,CVCL_1666,plate4,Rimonabant,18,18,12,0.09134845152677684,0.19900497512437812,False,0.18181818181818182
tier1_seen_conditions,CVCL_1666,plate4,Lumateperone (tosylate),16,16,12,-0.027029658079481322,0.5970149253731343,False,0.2727272727272727
tier1_seen_conditions,CVCL_1666,plate4,Homoharringtonine,25,25,12,0.2569536696505992,0.01990049751243781,True,0.8333333333333334
tier1_seen_conditions,CVCL_1666,plate4,Riluzole hydrochloride,27,27,12,0.17039983678849424,0.024875621890547265,True,0.7424242424242424
tier1_seen_conditions,CVCL_1666,plate4,Isocorydine,25,25,12,-0.05973824136477468,0.7213930348258707,False,0.4393939393939394
tier1_seen_conditions,CVCL_1666,plate4,Raltitrexed,25,25,12,0.1190148148010799,0.09950248756218906,False,0.3787878787878788
tier1_seen_conditions,CVCL_1666,plate4,Furosemide,26,26,12,0.11081193686832158,0.13432835820895522,False,0.4393939393939394
tier1_seen_conditions,CVCL_1666,plate4,Acetohexamide,26,26,12,0.13593082155047576,0.06467661691542288,False,0.6363636363636364
tier1_seen_conditions,CVCL_1666,plate4,Temsirolimus,28,28,12,0.0944809322288993,0.12935323383084577,False,0.9242424242424242
tier1_seen_conditions,CVCL_1666,plate4,Megestrol,27,27,12,0.20732858214965333,0.01990049751243781,True,1.0
tier1_seen_conditions,CVCL_1666,plate4,Diammonium Glycyrrhizinate,27,27,12,0.02470756880497227,0.38308457711442784,False,0.9242424242424242
tier1_seen_conditions,CVCL_1666,plate4,Ropivacaine (hydrochloride monohydrate),23,23,12,-0.010100591524720315,0.4975124378109453,False,0.8484848484848485
tier1_seen_conditions,CVCL_1666,plate4,Trimetrexate,27,27,12,0.11630778704554778,0.1044776119402985,False,0.9393939393939394
tier1_seen_conditions,CVCL_1666,plate4,Gemfibrozil,29,29,12,0.11260317409616682,0.13930348258706468,False,0.8787878787878788
tier1_seen_conditions,CVCL_1666,plate4,S-Adenosyl-L-methionine (disulfate tosylate),26,26,12,-0.04223263872030536,0.681592039800995,False,0.6666666666666666
tier1_seen_conditions,CVCL_1666,plate4,Elagolix sodium,27,27,12,-0.056448788084219714,0.746268656716418,False,0.8181818181818182
tier1_seen_conditions,CVCL_1666,plate4,Rapamycin,25,25,12,0.08788924562796652,0.11940298507462686,False,0.5151515151515151
tier1_seen_conditions,CVCL_1666,plate4,Darinaparsin,28,28,12,-0.01806009997992497,0.5522388059701493,False,0.9090909090909091
tier1_seen_conditions,CVCL_1666,plate4,Vilanterol,26,26,12,0.11313448049673092,0.0845771144278607,False,0.6363636363636364
tier1_seen_conditions,CVCL_1666,plate4,Pentamidine (isethionate),28,28,12,0.1647403210613767,0.03980099502487562,True,0.7424242424242424
tier1_seen_conditions,CVCL_1666,plate4,Sodium Salicylate,28,28,12,0.15483089505299397,0.05472636815920398,False,0.9848484848484849
tier1_seen_conditions,CVCL_1666,plate4,Tofacitinib,29,29,12,0.06623474019384545,0.21393034825870647,False,0.9090909090909091
tier1_seen_conditions,CVCL_1666,plate4,Larotrectinib,28,28,12,0.10574654375552761,0.18407960199004975,False,0.696969696969697
tier1_seen_conditions,CVCL_1666,plate4,Busulfan,28,28,12,-0.03481669293816125,0.6318407960199005,False,0.7878787878787878
tier1_seen_conditions,CVCL_1666,plate4,Adagrasib,24,24,12,0.013979543926238236,0.40298507462686567,False,0.803030303030303
tier1_seen_conditions,CVCL_1666,plate4,8-Hydroxyquinoline,19,19,12,-0.02989291441758901,0.6318407960199005,False,0.22727272727272727
tier1_seen_conditions,CVCL_1666,plate4,Chlorhexidine (diacetate),27,27,12,0.09159718117328275,0.19900497512437812,False,0.30303030303030304
tier1_seen_conditions,CVCL_1666,plate4,Trifluridine,23,23,12,0.02085149921236429,0.3582089552238806,False,0.3181818181818182
tier1_seen_conditions,CVCL_1666,plate4,Cysteamine (hydrochloride),24,24,12,0.08406091397469417,0.19900497512437812,False,0.30303030303030304
tier1_seen_conditions,CVCL_1666,plate4,Vinblastine (sulfate),27,27,12,0.029309777758129485,0.31840796019900497,False,0.7878787878787878
tier1_seen_conditions,CVCL_1666,plate4,Palmatine (chloride),28,28,12,0.10205263690807875,0.14925373134328357,False,1.0
tier1_seen_conditions,CVCL_1666,plate4,Pasireotide (acetate),28,28,12,0.16095622717834246,0.07462686567164178,False,0.696969696969697
tier1_seen_conditions,CVCL_1666,plate4,Mitoxantrone (dihydrochloride),27,27,12,0.19874420923699887,0.04477611940298507,True,0.7727272727272727
tier1_seen_conditions,CVCL_1666,plate4,Triclosan,29,29,12,0.06891949334507252,0.208955223880597,False,0.9545454545454546
tier1_seen_conditions,CVCL_1666,plate4,Tucidinostat,23,23,12,0.04190597482056724,0.3333333333333333,False,0.3939393939393939
tier1_seen_conditions,CVCL_1666,plate4,Allantoin,12,12,12,0.09392223648867848,0.14427860696517414,False,0.13636363636363635
tier1_seen_conditions,CVCL_1666,plate4,Pentagastrin,23,23,12,0.2713947388627478,0.009950248756218905,True,0.3333333333333333
tier1_seen_conditions,CVCL_1666,plate4,Relugolix,23,23,12,0.17845375766485283,0.03482587064676617,True,0.5151515151515151
tier1_seen_conditions,CVCL_1666,plate4,Hexylresorcinol,18,18,12,0.08174719447383971,0.16417910447761194,False,0.5
tier1_seen_conditions,CVCL_1666,plate4,Fusidic acid,19,19,12,0.08201358439922757,0.17412935323383086,False,0.5303030303030303
tier1_seen_conditions,CVCL_1666,plate4,Artesunate,14,14,12,0.13163273874019588,0.03980099502487562,True,0.22727272727272727
tier1_seen_conditions,CVCL_1666,plate4,Folic acid,17,17,12,-0.029925273613546466,0.6218905472636815,False,0.12121212121212122
tier1_seen_conditions,CVCL_1666,plate4,Selinexor,17,17,12,0.12190916762832238,0.09950248756218906,False,0.24242424242424243
tier1_seen_conditions,CVCL_1666,plate4,Adenine,16,16,12,0.06879552720521254,0.22885572139303484,False,0.2727272727272727
tier1_seen_conditions,CVCL_1666,plate4,Retinoic acid,29,29,12,0.2522504350480492,0.024875621890547265,True,0.8939393939393939
tier1_seen_conditions,CVCL_1715,plate4,Quinestrol,12,12,12,,,False,0.9230769230769231
tier1_seen_conditions,CVCL_1715,plate4,Tofacitinib,12,12,12,,,False,1.0
tier1_seen_conditions,CVCL_0028,plate4,Terfenadine,27,27,12,9.601088698829585e-05,0.4626865671641791,False,0.9056603773584906
tier1_seen_conditions,CVCL_0028,plate4,Elagolix sodium,28,28,12,0.006087029872743344,0.42786069651741293,False,0.9811320754716981
tier1_seen_conditions,CVCL_0028,plate4,Rapamycin,23,23,12,-0.05377977440953252,0.7810945273631841,False,0.8301886792452831
tier1_seen_conditions,CVCL_0028,plate4,Ritonavir,28,28,12,0.027359856248061476,0.34328358208955223,False,1.0
tier1_seen_conditions,CVCL_0028,plate4,Pentamidine (isethionate),25,25,12,0.0209740385821906,0.40298507462686567,False,0.6792452830188679
tier1_seen_conditions,CVCL_0028,plate4,Adenosine,21,21,12,0.04338833847324608,0.263681592039801,False,0.7735849056603774
tier1_seen_conditions,CVCL_0028,plate4,Larotrectinib,26,26,12,0.08587994892347339,0.11940298507462686,False,0.6226415094339622
tier1_seen_conditions,CVCL_0028,plate4,Busulfan,18,18,12,-0.09044671616873856,0.8606965174129353,False,0.5471698113207547
tier1_seen_conditions,CVCL_0028,plate4,Cepharanthine,22,22,12,0.10003674239281679,0.1044776119402985,False,0.7169811320754716
tier1_seen_conditions,CVCL_0028,plate4,Olanzapine,14,14,12,0.04008288002787985,0.32338308457711445,False,0.32075471698113206
tier1_seen_conditions,CVCL_0028,plate4,Relugolix,12,12,12,-0.09272262145338672,0.9054726368159204,False,0.39622641509433965
tier1_seen_conditions,CVCL_0028,plate4,Hexylresorcinol,14,14,12,-0.0041940543844702916,0.572139303482587,False,0.2830188679245283
tier1_seen_conditions,CVCL_0028,plate4,Palmatine (chloride),24,24,12,-0.023641732058550247,0.5920398009950248,False,0.7924528301886793
tier1_seen_conditions,CVCL_0028,plate4,Temsirolimus,27,27,12,0.10071040340584325,0.10945273631840796,False,0.9811320754716981
tier1_seen_conditions,CVCL_0028,plate4,18β-Glycyrrhetinic acid,20,20,12,0.07373525015854376,0.18407960199004975,False,0.6981132075471698
tier1_seen_conditions,CVCL_0028,plate4,Fluvoxamine (maleate),23,23,12,0.037966521340104364,0.2885572139303483,False,0.9622641509433962
tier1_seen_conditions,CVCL_0028,plate4,Tofacitinib (citrate),24,24,12,-0.0737568354827367,0.8258706467661692,False,0.8301886792452831
tier1_seen_conditions,CVCL_0028,plate4,Darinaparsin,22,22,12,0.0335269160108016,0.3681592039800995,False,0.6226415094339622
tier1_seen_conditions,CVCL_0028,plate4,Lenalidomide (hemihydrate),26,26,12,0.05384003595189668,0.34328358208955223,False,0.9433962264150944
tier1_seen_conditions,CVCL_0028,plate4,Gallic acid (hydrate),27,27,12,0.004453286753541619,0.47761194029850745,False,0.9811320754716981
tier1_seen_conditions,CVCL_0028,plate4,Diammonium Glycyrrhizinate,24,24,12,0.07158489786387001,0.19900497512437812,False,0.9433962264150944
tier1_seen_conditions,CVCL_0028,plate4,S-Adenosyl-L-methionine (disulfate tosylate),26,26,12,0.06599361490106048,0.23880597014925373,False,0.9433962264150944
tier1_seen_conditions,CVCL_0028,plate4,Idarubicin (hydrochloride),27,27,12,-0.049031284376237494,0.7114427860696517,False,0.6981132075471698
tier1_seen_conditions,CVCL_0028,plate4,Norepinephrine (hydrochloride),15,15,12,0.12371133520255562,0.10945273631840796,False,0.4339622641509434
tier1_seen_conditions,CVCL_0028,plate4,Radotinib,18,18,12,0.03407269185033712,0.36318407960199006,False,0.39622641509433965
tier1_seen_conditions,CVCL_0028,plate4,Adagrasib,17,17,12,0.12844727507387255,0.03980099502487562,True,0.39622641509433965
tier1_seen_conditions,CVCL_0028,plate4,Chlorhexidine (diacetate),13,13,12,-0.04058515058714285,0.6218905472636815,False,0.2830188679245283
tier1_seen_conditions,CVCL_0028,plate4,Ropivacaine (hydrochloride monohydrate),19,19,12,-0.052965731578412445,0.7512437810945274,False,0.3584905660377358
tier1_seen_conditions,CVCL_0028,plate4,Salicylic acid,23,23,12,-0.07887593204456067,0.8208955223880597,False,0.7924528301886793
tier1_seen_conditions,CVCL_0028,plate4,Quinestrol,27,27,12,-0.005481140987452449,0.4925373134328358,False,0.9622641509433962
tier1_seen_conditions,CVCL_0028,plate4,Trimetrexate,17,17,12,0.016592264403568535,0.4129353233830846,False,0.33962264150943394
tier1_seen_conditions,CVCL_0028,plate4,Vinblastine (sulfate),23,23,12,0.06876593255342023,0.23383084577114427,False,0.8113207547169812
tier1_seen_conditions,CVCL_0028,plate4,Acetohexamide,20,20,12,0.043398825734691115,0.26865671641791045,False,0.8113207547169812
tier1_seen_conditions,CVCL_0028,plate4,Tofacitinib,21,21,12,-0.14057731674408913,0.9751243781094527,False,0.6226415094339622
tier1_seen_conditions,CVCL_0028,plate4,Gemfibrozil,24,24,12,-0.07845630941252502,0.8109452736318408,False,0.8679245283018868
tier1_seen_conditions,CVCL_0028,plate4,Thymol,23,23,12,0.014971738751084374,0.39303482587064675,False,0.4339622641509434
tier1_seen_conditions,CVCL_0028,plate4,Rimonabant,15,15,12,-0.005731770325388297,0.5074626865671642,False,0.2641509433962264
tier1_seen_conditions,CVCL_0028,plate4,L-Thyroxine (sodium salt pentahydrate),29,29,12,0.014250157769387428,0.4129353233830846,False,0.8113207547169812
tier1_seen_conditions,CVCL_0028,plate4,Sulfisoxazole,20,20,12,-0.032358080514018894,0.6268656716417911,False,0.7358490566037735
tier1_seen_conditions,CVCL_0028,plate4,Ciclopirox,16,16,12,0.03706694288597667,0.373134328358209,False,0.5283018867924528
tier1_seen_conditions,CVCL_1125,plate4,Resveratrol,15,15,12,0.14714019854018723,0.07462686567164178,False,0.7333333333333333
tier1_seen_conditions,CVCL_1125,plate4,Rapamycin,15,15,12,0.11080848784752817,0.06965174129353234,False,0.7111111111111111
tier1_seen_conditions,CVCL_1125,plate4,Larotrectinib,26,26,12,0.06778860886894122,0.24378109452736318,False,1.0
tier1_seen_conditions,CVCL_1125,plate4,Cepharanthine,16,16,12,0.2604467459812323,0.004975124378109453,True,0.7777777777777778
tier1_seen_conditions,CVCL_1125,plate4,Acetohexamide,13,13,12,0.2012645836569611,0.024875621890547265,True,0.5555555555555556
tier1_seen_conditions,CVCL_1125,plate4,Salicylic acid,16,16,12,0.2088721281887178,0.014925373134328358,True,0.8666666666666667
tier1_seen_conditions,CVCL_1125,plate4,Tofacitinib,23,23,12,0.21969277008439114,0.004975124378109453,True,1.0
tier1_seen_conditions,CVCL_1125,plate4,Thymol,14,14,12,0.04801942609292986,0.25870646766169153,False,0.7333333333333333
tier1_seen_conditions,CVCL_1125,plate4,Ritonavir,19,19,12,0.24580569131551044,0.009950248756218905,True,0.8666666666666667
tier1_seen_conditions,CVCL_1125,plate4,Pyridoxine,13,13,12,0.16693872912789232,0.07462686567164178,False,0.6444444444444445
tier1_seen_conditions,CVCL_1125,plate4,L-Thyroxine (sodium salt pentahydrate),16,16,12,0.24087887861361246,0.009950248756218905,True,0.6888888888888889
tier1_seen_conditions,CVCL_1125,plate4,Quinestrol,22,22,12,0.31753350264337143,0.004975124378109453,True,0.9111111111111111
tier1_seen_conditions,CVCL_1125,plate4,Gemfibrozil,13,13,12,0.16823035494940974,0.029850746268656716,True,0.8
tier1_seen_conditions,CVCL_1125,plate4,Fluvoxamine (maleate),22,22,12,0.08343211740354128,0.15422885572139303,False,0.9333333333333333
tier1_seen_conditions,CVCL_1125,plate4,Vinblastine (sulfate),12,12,12,0.1251616598450429,0.08955223880597014,False,0.4888888888888889
tier1_seen_conditions,CVCL_1125,plate4,Riluzole hydrochloride,12,12,12,0.17195626512071627,0.014925373134328358,True,0.5555555555555556
tier1_seen_conditions,CVCL_1125,plate4,Palmatine (chloride),17,17,12,0.1020736283487782,0.12935323383084577,False,0.8444444444444444
tier1_seen_conditions,CVCL_1125,plate4,Terfenadine,15,15,12,0.13984497255032657,0.03482587064676617,True,0.8222222222222222
tier1_seen_conditions,CVCL_1125,plate4,Pasireotide (acetate),14,14,12,0.25578739899760095,0.004975124378109453,True,0.5333333333333333
tier1_seen_conditions,CVCL_1125,plate4,Sodium Salicylate,14,14,12,0.24441129498377734,0.004975124378109453,True,0.8
tier1_seen_conditions,CVCL_1125,plate4,Temsirolimus,21,21,12,0.17100726447292836,0.024875621890547265,True,0.9111111111111111
tier1_seen_conditions,CVCL_1125,plate4,S-Adenosyl-L-methionine (disulfate tosylate),17,17,12,0.21252099262732216,0.009950248756218905,True,0.9111111111111111
tier1_seen_conditions,CVCL_1125,plate4,Elagolix sodium,13,13,12,0.18270939725159074,0.009950248756218905,True,0.5555555555555556
tier1_seen_conditions,CVCL_1125,plate4,Adenosine,12,12,12,0.1660985554838703,0.024875621890547265,True,0.4666666666666667
tier1_seen_conditions,CVCL_1125,plate4,Ropivacaine (hydrochloride monohydrate),13,13,12,0.2513536260086866,0.004975124378109453,True,0.8222222222222222
tier1_seen_conditions,CVCL_1125,plate4,Pentamidine (isethionate),17,17,12,0.1573933998111947,0.04975124378109453,True,0.6666666666666666
tier1_seen_conditions,CVCL_1055,plate5,Adagrasib,27,27,12,0.21417534428908347,0.01990049751243781,True,0.6666666666666666
tier1_seen_conditions,CVCL_1055,plate5,Ropivacaine (hydrochloride monohydrate),17,17,12,0.1058237187309281,0.14925373134328357,False,0.16666666666666666
tier1_seen_conditions,CVCL_1055,plate5,Quinestrol,27,27,12,-0.029692712915789343,0.6417910447761194,False,1.0
tier1_seen_conditions,CVCL_1055,plate5,Tofacitinib,24,24,12,-0.0973744977783646,0.8407960199004975,False,0.8333333333333334
tier1_seen_conditions,CVCL_1055,plate5,Trimetrexate,28,28,12,-0.005767562208896848,0.4427860696517413,False,1.0
tier1_seen_conditions,CVCL_1055,plate5,Salicylic acid,28,28,12,0.020762773199427542,0.4129353233830846,False,1.0
tier1_seen_conditions,CVCL_0293,plate5,Adagrasib,28,28,12,0.07053488661310148,0.21890547263681592,False,0.8333333333333334
tier1_seen_conditions,CVCL_0293,plate5,Ropivacaine (hydrochloride monohydrate),16,16,12,0.0878972056873959,0.13930348258706468,False,0.0
tier1_seen_conditions,CVCL_0293,plate5,Quinestrol,27,27,12,0.08220318029574436,0.21890547263681592,False,0.5
tier1_seen_conditions,CVCL_0293,plate5,Trimetrexate,23,23,12,0.49035317799748945,0.01990049751243781,True,0.16666666666666666
tier1_seen_conditions,CVCL_0293,plate5,L-Thyroxine (sodium salt pentahydrate),16,16,12,-0.11894949860166015,0.8009950248756219,False,0.16666666666666666
tier1_seen_conditions,CVCL_0293,plate5,Salicylic acid,28,28,12,0.0892171699165516,0.19402985074626866,False,1.0
tier1_seen_conditions,CVCL_0293,plate5,Tofacitinib,27,27,12,0.07268970753615989,0.208955223880597,False,1.0
tier1_seen_conditions,CVCL_0428,plate5,Adagrasib,23,23,12,0.08235336406380434,0.1791044776119403,False,0.6
tier1_seen_conditions,CVCL_0428,plate5,Salicylic acid,24,24,12,0.020319870094075654,0.3781094527363184,False,0.8
tier1_seen_conditions,CVCL_0428,plate5,Tofacitinib,26,26,12,0.16454473136026593,0.05472636815920398,False,0.8
tier1_seen_conditions,CVCL_0428,plate5,Quinestrol,28,28,12,0.055944229579905524,0.25870646766169153,False,1.0
tier1_seen_conditions,CVCL_0428,plate5,Trimetrexate,28,28,12,-0.04214218501096134,0.7164179104477612,False,1.0
tier1_seen_conditions,CVCL_1056,plate5,Adagrasib,27,27,12,-0.09820794870625349,0.845771144278607,False,0.8333333333333334
tier1_seen_conditions,CVCL_1056,plate5,L-Thyroxine (sodium salt pentahydrate),21,21,12,0.1474829470628105,0.029850746268656716,True,0.5
tier1_seen_conditions,CVCL_1056,plate5,Salicylic acid,28,28,12,0.08636017039218125,0.1044776119402985,False,1.0
tier1_seen_conditions,CVCL_1056,plate5,Quinestrol,25,25,12,0.035800638271632934,0.31343283582089554,False,0.6666666666666666
tier1_seen_conditions,CVCL_1056,plate5,Trimetrexate,26,26,12,0.197248541394627,0.024875621890547265,True,1.0
tier1_seen_conditions,CVCL_1056,plate5,Ropivacaine (hydrochloride monohydrate),18,18,12,0.10199576672820854,0.13432835820895522,False,0.16666666666666666
tier1_seen_conditions,CVCL_1056,plate5,Tofacitinib,28,28,12,0.03209141804187432,0.3283582089552239,False,1.0
tier1_seen_conditions,CVCL_0359,plate5,Adagrasib,28,28,12,0.041023589852340336,0.29850746268656714,False,1.0
tier1_seen_conditions,CVCL_0359,plate5,L-Thyroxine (sodium salt pentahydrate),20,20,12,0.013921258391201619,0.43283582089552236,False,0.16666666666666666
tier1_seen_conditions,CVCL_0359,plate5,Salicylic acid,27,27,12,0.031479974152153645,0.3582089552238806,False,0.8333333333333334
tier1_seen_conditions,CVCL_0359,plate5,Quinestrol,26,26,12,-0.023903417176390107,0.6417910447761194,False,0.0
tier1_seen_conditions,CVCL_0359,plate5,Tofacitinib,26,26,12,0.08134451612961158,0.15920398009950248,False,0.8333333333333334
tier1_seen_conditions,CVCL_0359,plate5,Trimetrexate,29,29,12,-0.04294190692752764,0.6517412935323383,False,0.8333333333333334
tier1_seen_conditions,CVCL_0359,plate5,Ropivacaine (hydrochloride monohydrate),24,24,12,0.06090051976902444,0.20398009950248755,False,0.8333333333333334
tier1_seen_conditions,CVCL_0332,plate5,Adagrasib,25,25,12,-0.005053514338611009,0.4925373134328358,False,1.0
tier1_seen_conditions,CVCL_0332,plate5,Salicylic acid,26,26,12,0.015633291862748422,0.4228855721393035,False,0.8333333333333334
tier1_seen_conditions,CVCL_0332,plate5,Quinestrol,23,23,12,0.025565800244244485,0.34328358208955223,False,0.3333333333333333
tier1_seen_conditions,CVCL_0332,plate5,Trimetrexate,27,27,12,0.14719186926988215,0.029850746268656716,True,1.0
tier1_seen_conditions,CVCL_0332,plate5,Tofacitinib,28,28,12,0.09407887296520734,0.17412935323383086,False,1.0
tier1_seen_conditions,CVCL_0546,plate5,Adagrasib,22,22,12,0.06290100578319624,0.263681592039801,False,1.0
tier1_seen_conditions,CVCL_0546,plate5,Ropivacaine (hydrochloride monohydrate),23,23,12,-0.054483191591414126,0.6517412935323383,False,0.5
tier1_seen_conditions,CVCL_0546,plate5,Salicylic acid,27,27,12,0.09321224653136184,0.08955223880597014,False,0.8333333333333334
tier1_seen_conditions,CVCL_0546,plate5,Quinestrol,27,27,12,-0.04130529319641241,0.6965174129353234,False,1.0
tier1_seen_conditions,CVCL_0546,plate5,Tofacitinib,28,28,12,0.39551030274773424,0.004975124378109453,True,1.0
tier1_seen_conditions,CVCL_0546,plate5,Trimetrexate,26,26,12,0.15308389096709973,0.03482587064676617,True,1.0
tier1_seen_conditions,CVCL_0546,plate5,L-Thyroxine (sodium salt pentahydrate),17,17,12,0.021555672710348972,0.35323383084577115,False,0.0
tier1_seen_conditions,CVCL_0459,plate5,Adagrasib,26,26,12,-0.05308843801233465,0.7512437810945274,False,1.0
tier1_seen_conditions,CVCL_0459,plate5,Ropivacaine (hydrochloride monohydrate),23,23,12,0.11653893515738467,0.09950248756218906,False,0.4
tier1_seen_conditions,CVCL_0459,plate5,Salicylic acid,25,25,12,-0.12904847875520886,0.9800995024875622,False,1.0
tier1_seen_conditions,CVCL_0459,plate5,Quinestrol,25,25,12,0.05480213859629224,0.20398009950248755,False,1.0
tier1_seen_conditions,CVCL_0459,plate5,Tofacitinib,26,26,12,0.161261763945582,0.01990049751243781,True,0.0
tier1_seen_conditions,CVCL_0459,plate5,Trimetrexate,27,27,12,0.03660093133663622,0.3482587064676617,False,1.0
tier1_seen_conditions,CVCL_0152,plate5,Adagrasib,24,24,12,0.23935332876436632,0.08955223880597014,False,0.25
tier1_seen_conditions,CVCL_0152,plate5,Salicylic acid,26,26,12,0.0007525881441896587,0.4527363184079602,False,0.5
tier1_seen_conditions,CVCL_0152,plate5,Tofacitinib,27,27,12,0.0545521109017546,0.2736318407960199,False,1.0
tier1_seen_conditions,CVCL_0152,plate5,Trimetrexate,25,25,12,0.13560902284142884,0.15422885572139303,False,1.0
tier1_seen_conditions,CVCL_0320,plate5,Adagrasib,25,25,12,0.32010482652360217,0.05472636815920398,False,1.0
tier1_seen_conditions,CVCL_0320,plate5,Salicylic acid,27,27,12,0.09847886068567213,0.13930348258706468,False,0.8
tier1_seen_conditions,CVCL_0320,plate5,Quinestrol,28,28,12,0.08505693301417416,0.1791044776119403,False,0.8
tier1_seen_conditions,CVCL_0320,plate5,Tofacitinib,28,28,12,-0.0263671542941335,0.5621890547263682,False,0.2
tier1_seen_conditions,CVCL_0320,plate5,Trimetrexate,29,29,12,-0.06300838102818673,0.8059701492537313,False,1.0
tier1_seen_conditions,CVCL_0480,plate5,Adagrasib,25,25,12,0.06482244801487624,0.16417910447761194,False,0.4
tier1_seen_conditions,CVCL_0480,plate5,Salicylic acid,27,27,12,-0.0290275202587722,0.6218905472636815,False,0.6
tier1_seen_conditions,CVCL_0480,plate5,Quinestrol,25,25,12,0.02728174674781947,0.3681592039800995,False,0.4
tier1_seen_conditions,CVCL_0480,plate5,Tofacitinib,27,27,12,0.060046862206577956,0.24875621890547264,False,1.0
tier1_seen_conditions,CVCL_0480,plate5,Trimetrexate,25,25,12,0.020254797851258388,0.40298507462686567,False,1.0
tier1_seen_conditions,CVCL_0480,plate5,Ropivacaine (hydrochloride monohydrate),17,17,12,0.018126221498427242,0.3880597014925373,False,0.0
tier1_seen_conditions,CVCL_1717,plate5,Adagrasib,28,28,12,0.0496410474226785,0.31840796019900497,False,0.8
tier1_seen_conditions,CVCL_1717,plate5,Salicylic acid,25,25,12,-0.12939038570817374,0.9303482587064676,False,1.0
tier1_seen_conditions,CVCL_1717,plate5,Quinestrol,27,27,12,-0.01936856159541378,0.5621890547263682,False,1.0
tier1_seen_conditions,CVCL_1717,plate5,Tofacitinib,29,29,12,-0.06646083911384437,0.8009950248756219,False,1.0
tier1_seen_conditions,CVCL_1717,plate5,Trimetrexate,26,26,12,-0.001354687993735837,0.5223880597014925,False,0.2
tier1_seen_conditions,CVCL_1635,plate5,Adagrasib,25,25,12,0.18143252265340415,0.04477611940298507,True,0.0
tier1_seen_conditions,CVCL_1635,plate5,Quinestrol,25,25,12,-0.01600457039884695,0.6069651741293532,False,0.3333333333333333
tier1_seen_conditions,CVCL_1635,plate5,Trimetrexate,27,27,12,0.12854950491215966,0.0945273631840796,False,0.6666666666666666
tier1_seen_conditions,CVCL_1635,plate5,Tofacitinib,28,28,12,0.08870474864265177,0.17412935323383086,False,1.0
tier1_seen_conditions,CVCL_1285,plate5,Adagrasib,28,28,12,-0.020777239799025793,0.5522388059701493,False,0.8333333333333334
tier1_seen_conditions,CVCL_1285,plate5,L-Thyroxine (sodium salt pentahydrate),16,16,12,-0.00340006522561076,0.4527363184079602,False,0.16666666666666666
tier1_seen_conditions,CVCL_1285,plate5,Ropivacaine (hydrochloride monohydrate),19,19,12,0.17113015006329846,0.029850746268656716,True,0.16666666666666666
tier1_seen_conditions,CVCL_1285,plate5,Salicylic acid,26,26,12,0.18604208670461198,0.009950248756218905,True,0.5
tier1_seen_conditions,CVCL_1285,plate5,Quinestrol,25,25,12,0.08247154235744247,0.1691542288557214,False,0.8333333333333334
tier1_seen_conditions,CVCL_1285,plate5,Tofacitinib,26,26,12,-0.0030056327006207084,0.5024875621890548,False,0.6666666666666666
tier1_seen_conditions,CVCL_1285,plate5,Trimetrexate,28,28,12,0.014592172988411534,0.39303482587064675,False,1.0
tier1_seen_conditions,CVCL_0399,plate5,Adagrasib,26,26,12,0.02118269801304251,0.3383084577114428,False,0.25
tier1_seen_conditions,CVCL_0399,plate5,Quinestrol,28,28,12,-0.1593409836522639,0.9850746268656716,False,0.25
tier1_seen_conditions,CVCL_0399,plate5,Tofacitinib,27,27,12,0.05499520705546068,0.27860696517412936,False,0.5
tier1_seen_conditions,CVCL_0399,plate5,Trimetrexate,25,25,12,-0.013346304262562114,0.43781094527363185,False,0.5
tier1_seen_conditions,CVCL_0131,plate5,Adagrasib,28,28,12,0.0034631784018994693,0.40298507462686567,False,0.2
tier1_seen_conditions,CVCL_0131,plate5,Salicylic acid,25,25,12,0.013457562008554191,0.417910447761194,False,0.4
tier1_seen_conditions,CVCL_0131,plate5,Quinestrol,28,28,12,0.04544532424931447,0.34328358208955223,False,1.0
tier1_seen_conditions,CVCL_0131,plate5,Tofacitinib,26,26,12,0.0953883233434194,0.10945273631840796,False,1.0
tier1_seen_conditions,CVCL_0131,plate5,Trimetrexate,28,28,12,0.06317930358932067,0.24378109452736318,False,0.6
tier1_seen_conditions,CVCL_0131,plate5,L-Thyroxine (sodium salt pentahydrate),17,17,12,0.07806643095009491,0.1791044776119403,False,0.0
tier1_seen_conditions,CVCL_1478,plate5,Adagrasib,29,29,12,-0.18518810833914223,0.9751243781094527,False,0.8333333333333334
tier1_seen_conditions,CVCL_1478,plate5,Salicylic acid,27,27,12,-0.04353472308032558,0.5870646766169154,False,1.0
tier1_seen_conditions,CVCL_1478,plate5,Quinestrol,24,24,12,-0.019893280353107556,0.4577114427860697,False,0.8333333333333334
tier1_seen_conditions,CVCL_1478,plate5,Trimetrexate,26,26,12,-0.05465122991230764,0.582089552238806,False,1.0
tier1_seen_conditions,CVCL_1478,plate5,Tofacitinib,29,29,12,0.01271541081982086,0.2935323383084577,False,1.0
tier1_seen_conditions,CVCL_1517,plate5,Adagrasib,26,26,12,0.21343289412663502,0.04477611940298507,True,1.0
tier1_seen_conditions,CVCL_1517,plate5,Ropivacaine (hydrochloride monohydrate),18,18,12,-0.06585976654092995,0.7761194029850746,False,0.0
tier1_seen_conditions,CVCL_1517,plate5,Salicylic acid,27,27,12,-0.11720753323229438,0.900497512437811,False,1.0
tier1_seen_conditions,CVCL_1517,plate5,Quinestrol,28,28,12,-0.02448574107829593,0.5771144278606966,False,0.2
tier1_seen_conditions,CVCL_1517,plate5,Trimetrexate,28,28,12,0.07066887956071888,0.23383084577114427,False,1.0
tier1_seen_conditions,CVCL_1517,plate5,Tofacitinib,29,29,12,-0.09610868322523736,0.8606965174129353,False,0.8
tier1_seen_conditions,CVCL_0397,plate5,Adagrasib,24,24,12,0.00772012064048333,0.39303482587064675,False,0.4
tier1_seen_conditions,CVCL_0397,plate5,Trimetrexate,27,27,12,-0.016987165545010896,0.5522388059701493,False,1.0
tier1_seen_conditions,CVCL_0397,plate5,Salicylic acid,28,28,12,-0.008219766234370596,0.43283582089552236,False,0.4
tier1_seen_conditions,CVCL_0397,plate5,Tofacitinib,28,28,12,0.013517935772533463,0.32338308457711445,False,0.6
tier1_seen_conditions,CVCL_0397,plate5,Quinestrol,28,28,12,-0.060455983308839834,0.6915422885572139,False,0.8
tier1_seen_conditions,CVCL_1550,plate5,Adagrasib,26,26,12,0.11900008392698425,0.13930348258706468,False,0.8333333333333334
tier1_seen_conditions,CVCL_1550,plate5,Ropivacaine (hydrochloride monohydrate),12,12,12,0.06389724716250278,0.263681592039801,False,0.16666666666666666
tier1_seen_conditions,CVCL_1550,plate5,Salicylic acid,28,28,12,0.12663108363642372,0.10945273631840796,False,0.8333333333333334
tier1_seen_conditions,CVCL_1550,plate5,Quinestrol,27,27,12,0.358502446791201,0.024875621890547265,True,0.6666666666666666
tier1_seen_conditions,CVCL_1550,plate5,Tofacitinib,27,27,12,0.20574269665910627,0.07960199004975124,False,1.0
tier1_seen_conditions,CVCL_1550,plate5,Trimetrexate,27,27,12,0.05665731651666128,0.2736318407960199,False,1.0
tier1_seen_conditions,CVCL_1097,plate5,Adagrasib,26,26,12,-0.07457628402600847,0.8009950248756219,False,0.8
tier1_seen_conditions,CVCL_1097,plate5,Quinestrol,27,27,12,0.09351331462003643,0.15920398009950248,False,0.6
tier1_seen_conditions,CVCL_1097,plate5,Tofacitinib,28,28,12,0.03269689959801525,0.3681592039800995,False,1.0
tier1_seen_conditions,CVCL_1097,plate5,Trimetrexate,25,25,12,-0.058267284599482494,0.7412935323383084,False,0.6
tier1_seen_conditions,CVCL_1097,plate5,Salicylic acid,29,29,12,-0.007140682042848567,0.5422885572139303,False,1.0
tier1_seen_conditions,CVCL_0023,plate5,Adagrasib,27,27,12,0.1602699707794848,0.06965174129353234,False,0.8
tier1_seen_conditions,CVCL_0023,plate5,Salicylic acid,27,27,12,0.04128579971443713,0.3482587064676617,False,0.6
tier1_seen_conditions,CVCL_0023,plate5,Trimetrexate,26,26,12,0.0779986211619299,0.24875621890547264,False,1.0
tier1_seen_conditions,CVCL_0023,plate5,Ropivacaine (hydrochloride monohydrate),16,16,12,0.08547802283800898,0.1791044776119403,False,0.2
tier1_seen_conditions,CVCL_0023,plate5,Tofacitinib,29,29,12,0.1679508329045465,0.014925373134328358,True,0.6
tier1_seen_conditions,CVCL_C466,plate5,Adagrasib,26,26,12,0.0237052069989776,0.32338308457711445,False,0.5
tier1_seen_conditions,CVCL_C466,plate5,Quinestrol,26,26,12,0.0549188023792162,0.29850746268656714,False,0.75
tier1_seen_conditions,CVCL_C466,plate5,Tofacitinib,25,25,12,0.14468177722526043,0.06467661691542288,False,0.25
tier1_seen_conditions,CVCL_C466,plate5,Trimetrexate,29,29,12,0.03543391890992531,0.31343283582089554,False,1.0
tier1_seen_conditions,CVCL_0028,plate5,Adagrasib,18,18,12,0.03198337447924615,0.2885572139303483,False,1.0
tier1_seen_conditions,CVCL_0028,plate5,Quinestrol,18,18,12,0.0891229408635823,0.14427860696517414,False,1.0
tier1_seen_conditions,CVCL_1094,plate5,Adagrasib,26,26,12,0.1632151934595214,0.08955223880597014,False,0.0
tier1_seen_conditions,CVCL_1094,plate5,Salicylic acid,24,24,12,0.019520823428994305,0.39303482587064675,False,0.75
tier1_seen_conditions,CVCL_1094,plate5,Quinestrol,27,27,12,0.0975915516058059,0.14427860696517414,False,1.0
tier1_seen_conditions,CVCL_1094,plate5,Tofacitinib,25,25,12,0.015375388955984448,0.3781094527363184,False,1.0
tier1_seen_conditions,CVCL_1094,plate5,Trimetrexate,26,26,12,0.15500373543951618,0.029850746268656716,True,1.0
tier1_seen_conditions,CVCL_0179,plate5,Salicylic acid,26,26,12,0.07627547953395464,0.1691542288557214,False,1.0
tier1_seen_conditions,CVCL_0179,plate5,Adagrasib,24,24,12,-0.05992400934762543,0.746268656716418,False,0.6
tier1_seen_conditions,CVCL_0179,plate5,Quinestrol,28,28,12,0.11643354246491278,0.11442786069651742,False,1.0
tier1_seen_conditions,CVCL_0179,plate5,Trimetrexate,28,28,12,-0.032568222831844906,0.6368159203980099,False,1.0
tier1_seen_conditions,CVCL_0179,plate5,Tofacitinib,27,27,12,-0.008464320682364246,0.5671641791044776,False,1.0
tier1_seen_conditions,CVCL_0334,plate5,Quinestrol,23,23,12,0.06845575222793876,0.23880597014925373,False,1.0
tier1_seen_conditions,CVCL_0334,plate5,Trimetrexate,25,25,12,0.090608826289996,0.16417910447761194,False,0.6
tier1_seen_conditions,CVCL_0334,plate5,Salicylic acid,23,23,12,0.20661348534976476,0.04477611940298507,True,0.8
tier1_seen_conditions,CVCL_0334,plate5,Tofacitinib,18,18,12,0.09372035396142131,0.12437810945273632,False,0.4
tier1_seen_conditions,CVCL_0334,plate5,Adagrasib,25,25,12,-0.013504588837353282,0.5422885572139303,False,0.2
tier1_seen_conditions,CVCL_0366,plate5,Salicylic acid,26,26,12,0.23042114241605383,0.029850746268656716,True,1.0
tier1_seen_conditions,CVCL_0366,plate5,Quinestrol,28,28,12,0.20406090643007424,0.04975124378109453,True,0.6666666666666666
tier1_seen_conditions,CVCL_0366,plate5,Tofacitinib,28,28,12,0.25481792462285213,0.009950248756218905,True,1.0
tier1_seen_conditions,CVCL_0366,plate5,Trimetrexate,28,28,12,0.30581976506384123,0.01990049751243781,True,1.0
tier1_seen_conditions,CVCL_0366,plate5,Adagrasib,26,26,12,0.2784008229502746,0.03482587064676617,True,0.8333333333333334
tier1_seen_conditions,CVCL_1381,plate5,Salicylic acid,26,26,12,0.05125345491619093,0.2835820895522388,False,1.0
tier1_seen_conditions,CVCL_1381,plate5,Quinestrol,28,28,12,-0.03698615551416218,0.6865671641791045,False,1.0
tier1_seen_conditions,CVCL_1381,plate5,Tofacitinib,26,26,12,-0.05398014824367081,0.7213930348258707,False,0.6
tier1_seen_conditions,CVCL_1381,plate5,Trimetrexate,28,28,12,0.053027777651408314,0.3034825870646766,False,0.6
tier1_seen_conditions,CVCL_1381,plate5,Ropivacaine (hydrochloride monohydrate),15,15,12,0.09627396906643249,0.0845771144278607,False,0.2
tier1_seen_conditions,CVCL_0504,plate5,L-Thyroxine (sodium salt pentahydrate),15,15,12,0.03633234947374042,0.35323383084577115,False,0.16666666666666666
tier1_seen_conditions,CVCL_0504,plate5,Ropivacaine (hydrochloride monohydrate),12,12,12,0.0654808590066498,0.19900497512437812,False,0.0
tier1_seen_conditions,CVCL_0504,plate5,Tofacitinib,24,24,12,0.10989275316258329,0.07462686567164178,False,0.6666666666666666
tier1_seen_conditions,CVCL_0504,plate5,Trimetrexate,28,28,12,0.10299922813456597,0.1044776119402985,False,0.6666666666666666
tier1_seen_conditions,CVCL_0504,plate5,Adagrasib,29,29,12,-0.047554126938592844,0.7164179104477612,False,0.5
tier1_seen_conditions,CVCL_0504,plate5,Salicylic acid,29,29,12,0.06415088046915329,0.20398009950248755,False,0.8333333333333334
tier1_seen_conditions,CVCL_0504,plate5,Quinestrol,28,28,12,0.01408990686502598,0.4129353233830846,False,1.0
tier1_seen_conditions,CVCL_1693,plate5,Tofacitinib,19,19,12,0.009209992354760388,0.4129353233830846,False,0.8
tier1_seen_conditions,CVCL_1693,plate5,Adagrasib,26,26,12,0.04450358350288752,0.29850746268656714,False,1.0
tier1_seen_conditions,CVCL_1693,plate5,Quinestrol,12,12,12,0.07645855753861674,0.19900497512437812,False,0.4
tier1_seen_conditions,CVCL_1693,plate5,Trimetrexate,13,13,12,0.16894556177405384,0.024875621890547265,True,0.2
tier1_seen_conditions,CVCL_1693,plate5,Salicylic acid,21,21,12,0.08708158999890614,0.11940298507462686,False,0.6
tier1_seen_conditions,CVCL_1547,plate5,Ropivacaine (hydrochloride monohydrate),14,14,12,-0.0039026564715811674,0.5323383084577115,False,0.0
tier1_seen_conditions,CVCL_1547,plate5,Salicylic acid,27,27,12,0.001804423369947017,0.417910447761194,False,0.5
tier1_seen_conditions,CVCL_1547,plate5,Trimetrexate,27,27,12,0.08464729580208008,0.16417910447761194,False,1.0
tier1_seen_conditions,CVCL_1547,plate5,Tofacitinib,29,29,12,-7.622887320835048e-05,0.4577114427860697,False,0.5
tier1_seen_conditions,CVCL_1547,plate5,Adagrasib,29,29,12,0.0845178172244907,0.21890547263681592,False,1.0
tier1_seen_conditions,CVCL_1119,plate5,Quinestrol,28,28,12,-0.014408648618566389,0.5472636815920398,False,1.0
tier1_seen_conditions,CVCL_1119,plate5,Tofacitinib,26,26,12,-0.0012975392274103825,0.46766169154228854,False,1.0
tier1_seen_conditions,CVCL_1119,plate5,Adagrasib,29,29,12,-0.0007033300662033781,0.4527363184079602,False,0.6
tier1_seen_conditions,CVCL_1119,plate5,Trimetrexate,27,27,12,-0.03167904618080186,0.5970149253731343,False,1.0
tier1_seen_conditions,CVCL_1119,plate5,Salicylic acid,28,28,12,-0.025900233132150063,0.5174129353233831,False,0.8
tier1_seen_conditions,CVCL_0371,plate5,Trimetrexate,24,24,12,0.01982097725821319,0.3383084577114428,False,0.4
tier1_seen_conditions,CVCL_0371,plate5,Adagrasib,29,29,12,-0.04906269763407245,0.746268656716418,False,1.0
tier1_seen_conditions,CVCL_0371,plate5,Salicylic acid,27,27,12,-0.09502392487731015,0.8606965174129353,False,1.0
tier1_seen_conditions,CVCL_0371,plate5,Quinestrol,28,28,12,0.04886947530417807,0.2736318407960199,False,0.4
tier1_seen_conditions,CVCL_0371,plate5,Tofacitinib,27,27,12,0.04548529269986901,0.3034825870646766,False,0.6
tier1_seen_conditions,CVCL_1731,plate5,Trimetrexate,28,28,12,-0.018010216385572875,0.5621890547263682,False,1.0
tier1_seen_conditions,CVCL_1731,plate5,Adagrasib,26,26,12,0.20930503846680892,0.014925373134328358,True,0.25
tier1_seen_conditions,CVCL_1731,plate5,Quinestrol,26,26,12,0.06612188073134284,0.21890547263681592,False,0.5
tier1_seen_conditions,CVCL_1731,plate5,Tofacitinib,28,28,12,0.07002924172394742,0.22388059701492538,False,1.0
tier1_seen_conditions,CVCL_0099,plate5,Salicylic acid,21,21,12,-0.07505443316893867,0.8507462686567164,False,1.0
tier1_seen_conditions,CVCL_0099,plate5,Tofacitinib,16,16,12,0.007810919972156327,0.472636815920398,False,0.3333333333333333
tier1_seen_conditions,CVCL_0099,plate5,Quinestrol,14,14,12,-0.04402981892715907,0.7512437810945274,False,0.0
tier1_seen_conditions,CVCL_0099,plate5,Adagrasib,20,20,12,-0.22528588649102055,1.0,False,0.6666666666666666
tier1_seen_conditions,CVCL_1098,plate5,Salicylic acid,27,27,12,0.22548586475901722,0.029850746268656716,True,0.8
tier1_seen_conditions,CVCL_1098,plate5,Tofacitinib,25,25,12,0.026949825016192364,0.3781094527363184,False,1.0
tier1_seen_conditions,CVCL_1098,plate5,Adagrasib,27,27,12,0.29740046027415623,0.024875621890547265,True,0.8
tier1_seen_conditions,CVCL_1098,plate5,Trimetrexate,17,17,12,-0.0941492581909884,0.8606965174129353,False,0.2
tier1_seen_conditions,CVCL_1098,plate5,Quinestrol,28,28,12,-0.06826413391658548,0.7661691542288557,False,1.0
tier1_seen_conditions,CVCL_1495,plate5,Quinestrol,27,27,12,0.16212860961860542,0.06965174129353234,False,0.6666666666666666
tier1_seen_conditions,CVCL_1495,plate5,Trimetrexate,25,25,12,0.03979210493291241,0.3333333333333333,False,1.0
tier1_seen_conditions,CVCL_1495,plate5,Adagrasib,24,24,12,0.17326653013134674,0.03980099502487562,True,1.0
tier1_seen_conditions,CVCL_1495,plate5,Tofacitinib,26,26,12,0.17849994381553458,0.04477611940298507,True,1.0
tier1_seen_conditions,CVCL_1666,plate5,Quinestrol,27,27,12,0.07800845343187035,0.1691542288557214,False,0.3333333333333333
tier1_seen_conditions,CVCL_1666,plate5,Trimetrexate,28,28,12,0.0743318523125005,0.208955223880597,False,1.0
tier1_seen_conditions,CVCL_1666,plate5,Adagrasib,18,18,12,0.051071005910690914,0.32338308457711445,False,0.0
tier1_seen_conditions,CVCL_1666,plate5,Tofacitinib,21,21,12,0.010601057704478833,0.39303482587064675,False,0.3333333333333333
tier1_seen_conditions,CVCL_1724,plate5,Quinestrol,28,28,12,0.029438858889609065,0.36318407960199006,False,1.0
tier1_seen_conditions,CVCL_1724,plate5,Salicylic acid,20,20,12,0.0672104156040163,0.23383084577114427,False,0.5
tier1_seen_conditions,CVCL_0069,plate5,Quinestrol,26,26,12,-0.006433510632735562,0.4626865671641791,False,0.6666666666666666
tier1_seen_conditions,CVCL_0069,plate5,Tofacitinib,27,27,12,0.01120403628365807,0.4129353233830846,False,0.6666666666666666
tier1_seen_conditions,CVCL_0069,plate5,Adagrasib,29,29,12,-0.10745136289261836,0.9104477611940298,False,1.0
tier1_seen_conditions,CVCL_1239,plate5,Quinestrol,25,25,12,-0.08277492299438549,0.8557213930348259,False,1.0
tier1_seen_conditions,CVCL_1239,plate5,Adagrasib,25,25,12,0.04500567079425544,0.2537313432835821,False,0.75
tier1_seen_conditions,CVCL_1239,plate5,Salicylic acid,13,13,12,-0.024990944205525167,0.5771144278606966,False,0.0
tier1_seen_conditions,CVCL_1239,plate5,Trimetrexate,15,15,12,-0.08471017851392837,0.900497512437811,False,0.25
tier1_seen_conditions,CVCL_1239,plate5,Tofacitinib,14,14,12,-0.09768647211474146,0.8507462686567164,False,0.5
tier1_seen_conditions,CVCL_0292,plate5,Adagrasib,23,23,12,0.009431884519937483,0.4577114427860697,False,0.6
tier1_seen_conditions,CVCL_0292,plate5,Salicylic acid,27,27,12,0.09092533802467884,0.12437810945273632,False,0.6
tier1_seen_conditions,CVCL_0292,plate5,Quinestrol,25,25,12,0.008785636854925727,0.4427860696517413,False,1.0
tier1_seen_conditions,CVCL_0292,plate5,Tofacitinib,15,15,12,-0.06631305773444929,0.8308457711442786,False,0.4
tier1_seen_conditions,CVCL_0292,plate5,Trimetrexate,12,12,12,-0.07632601455917687,0.7761194029850746,False,0.2
tier1_seen_conditions,CVCL_0218,plate5,Salicylic acid,22,22,12,-0.04195910408711789,0.6666666666666666,False,0.75
tier1_seen_conditions,CVCL_0218,plate5,Quinestrol,23,23,12,0.023577389885174327,0.39800995024875624,False,0.75
tier1_seen_conditions,CVCL_0218,plate5,Tofacitinib,26,26,12,0.13443689738979359,0.15422885572139303,False,1.0
tier1_seen_conditions,CVCL_0218,plate5,Trimetrexate,15,15,12,0.04340176644689819,0.25870646766169153,False,0.25
tier1_seen_conditions,CVCL_0218,plate5,Adagrasib,22,22,12,0.01678882245215263,0.42786069651741293,False,1.0
tier1_seen_conditions,CVCL_1285,plate6,Vilanterol,28,28,12,0.16821063105312994,0.05472636815920398,False,0.8275862068965517
tier1_seen_conditions,CVCL_1285,plate6,Lenalidomide (hemihydrate),27,27,12,-0.02926401131865397,0.6915422885572139,False,0.7241379310344828
tier1_seen_conditions,CVCL_1285,plate6,Adenosine,19,19,12,0.3255404806815818,0.014925373134328358,True,0.4827586206896552
tier1_seen_conditions,CVCL_1285,plate6,Sulfisoxazole,27,27,12,-0.055497498668170664,0.7064676616915423,False,0.7586206896551724
tier1_seen_conditions,CVCL_1285,plate6,Norepinephrine (hydrochloride),29,29,12,0.049156841528846584,0.3482587064676617,False,0.9482758620689655
tier1_seen_conditions,CVCL_1285,plate6,Larotrectinib,18,18,12,0.7791493880730798,0.004975124378109453,True,0.7931034482758621
tier1_seen_conditions,CVCL_1285,plate6,Busulfan,25,25,12,0.1426031581834284,0.06467661691542288,False,1.0
tier1_seen_conditions,CVCL_1285,plate6,Radotinib,26,26,12,0.19938902407093018,0.03482587064676617,True,1.0
tier1_seen_conditions,CVCL_1285,plate6,Triclosan,28,28,12,0.1289566652067471,0.06965174129353234,False,0.896551724137931
tier1_seen_conditions,CVCL_1285,plate6,Tucidinostat,27,27,12,0.3095571929989944,0.009950248756218905,True,1.0
tier1_seen_conditions,CVCL_1285,plate6,Bergenin,29,29,12,0.26916934540012427,0.009950248756218905,True,0.9827586206896551
tier1_seen_conditions,CVCL_1285,plate6,Bimatoprost,27,27,12,0.07967223034193971,0.1890547263681592,False,0.7241379310344828
tier1_seen_conditions,CVCL_1285,plate6,Olanzapine,25,25,12,0.5173037589997964,0.004975124378109453,True,1.0
tier1_seen_conditions,CVCL_1285,plate6,Pentagastrin,24,24,12,0.2649052894799073,0.014925373134328358,True,0.9482758620689655
tier1_seen_conditions,CVCL_1285,plate6,Lumateperone (tosylate),29,29,12,0.1252697883523819,0.04477611940298507,True,0.9137931034482759
tier1_seen_conditions,CVCL_1285,plate6,Relugolix,28,28,12,0.4066929622257387,0.004975124378109453,True,0.9137931034482759
tier1_seen_conditions,CVCL_1285,plate6,Hexylresorcinol,26,26,12,0.4309198791812907,0.009950248756218905,True,0.9137931034482759
tier1_seen_conditions,CVCL_1285,plate6,Berberine (chloride hydrate),25,25,12,0.25980950092814403,0.009950248756218905,True,0.6379310344827587
tier1_seen_conditions,CVCL_1285,plate6,Neratinib (maleate),26,26,12,0.22655365330259514,0.014925373134328358,True,0.9655172413793104
tier1_seen_conditions,CVCL_1285,plate6,Sinomenine,29,29,12,0.2840332690152181,0.01990049751243781,True,0.9482758620689655
tier1_seen_conditions,CVCL_1285,plate6,Fusidic acid,27,27,12,0.5876896299427088,0.004975124378109453,True,0.7068965517241379
tier1_seen_conditions,CVCL_1285,plate6,Balsalazide (sodium hydrate),27,27,12,0.8692739142831201,0.004975124378109453,True,0.9482758620689655
tier1_seen_conditions,CVCL_1285,plate6,Cloxacillin (sodium),25,25,12,0.6652208043138401,0.004975124378109453,True,0.5
tier1_seen_conditions,CVCL_1285,plate6,Artesunate,25,25,12,0.09989468102497234,0.14925373134328357,False,1.0
tier1_seen_conditions,CVCL_1285,plate6,Pyridoxine (hydrochloride),27,27,12,0.319671831172478,0.004975124378109453,True,0.8793103448275862
tier1_seen_conditions,CVCL_1285,plate6,Folic acid,25,25,12,0.8151729067708509,0.004975124378109453,True,0.9655172413793104
tier1_seen_conditions,CVCL_1285,plate6,Selinexor,28,28,12,0.242148483446174,0.03482587064676617,True,0.9827586206896551
tier1_seen_conditions,CVCL_1285,plate6,Adenine,25,25,12,0.6735675944626127,0.004975124378109453,True,0.7068965517241379
tier1_seen_conditions,CVCL_1285,plate6,Gallic acid,28,28,12,0.36349587583447196,0.009950248756218905,True,1.0
tier1_seen_conditions,CVCL_1285,plate6,Adagrasib,25,25,12,0.6546246506041484,0.004975124378109453,True,1.0
tier1_seen_conditions,CVCL_1285,plate6,8-Hydroxyquinoline,26,26,12,0.5254068660548832,0.004975124378109453,True,0.8793103448275862
tier1_seen_conditions,CVCL_1285,plate6,Terfenadine,14,14,12,0.41906444714383717,0.004975124378109453,True,0.3275862068965517
tier1_seen_conditions,CVCL_1285,plate6,Resveratrol,25,25,12,0.272864764083689,0.009950248756218905,True,0.8448275862068966
tier1_seen_conditions,CVCL_1285,plate6,Darinaparsin,23,23,12,0.31524700902978253,0.014925373134328358,True,0.8448275862068966
tier1_seen_conditions,CVCL_1285,plate6,Ciclopirox,25,25,12,0.14672452735459984,0.08955223880597014,False,0.9137931034482759
tier1_seen_conditions,CVCL_1285,plate6,Lidocaine (hydrochloride),24,24,12,0.13261861459785607,0.09950248756218906,False,0.6896551724137931
tier1_seen_conditions,CVCL_1285,plate6,Demeclocycline,29,29,12,0.3057712385792186,0.004975124378109453,True,0.8275862068965517
tier1_seen_conditions,CVCL_1285,plate6,Allantoin,29,29,12,0.07824956648663495,0.1890547263681592,False,0.9655172413793104
tier1_seen_conditions,CVCL_1285,plate6,Triamcinolone,29,29,12,0.4981603481560448,0.004975124378109453,True,1.0
tier1_seen_conditions,CVCL_1285,plate6,Rimonabant,29,29,12,0.27497508342760213,0.03482587064676617,True,0.9137931034482759
tier1_seen_conditions,CVCL_1285,plate6,Homoharringtonine,28,28,12,1.8856618022193405,0.004975124378109453,True,1.0
tier1_seen_conditions,CVCL_1285,plate6,Medroxyprogesterone acetate,29,29,12,-0.06149639498973336,0.736318407960199,False,0.9827586206896551
tier1_seen_conditions,CVCL_1285,plate6,Ritonavir,28,28,12,0.16718824849339775,0.06467661691542288,False,0.7931034482758621
tier1_seen_conditions,CVCL_1285,plate6,Pentamidine (isethionate),23,23,12,0.16540091971052995,0.03980099502487562,True,0.9655172413793104
tier1_seen_conditions,CVCL_1285,plate6,Amsacrine,23,23,12,0.536504567520085,0.004975124378109453,True,1.0
tier1_seen_conditions,CVCL_1285,plate6,Chlorhexidine (diacetate),23,23,12,0.12483916346341317,0.09950248756218906,False,0.5172413793103449
tier1_seen_conditions,CVCL_1285,plate6,Pasireotide (acetate),12,12,12,0.8093417633553699,0.004975124378109453,True,0.41379310344827586
tier1_seen_conditions,CVCL_1285,plate6,Riluzole hydrochloride,20,20,12,0.6978919604917397,0.004975124378109453,True,0.9655172413793104
tier1_seen_conditions,CVCL_1285,plate6,Raltitrexed,25,25,12,1.1495359282750783,0.004975124378109453,True,0.9137931034482759
tier1_seen_conditions,CVCL_0179,plate6,Vilanterol,17,17,12,-0.06865535498580222,0.681592039800995,False,0.5964912280701754
tier1_seen_conditions,CVCL_0179,plate6,Ritonavir,14,14,12,-0.02998537473914631,0.5572139303482587,False,0.3157894736842105
tier1_seen_conditions,CVCL_0179,plate6,Pentamidine (isethionate),20,20,12,0.010026602796322948,0.3582089552238806,False,0.9649122807017544
tier1_seen_conditions,CVCL_0179,plate6,Ciclopirox,18,18,12,0.20520134567427029,0.06467661691542288,False,0.3157894736842105
tier1_seen_conditions,CVCL_0179,plate6,Radotinib,13,13,12,-0.016766191312068912,0.48756218905472637,False,0.49122807017543857
tier1_seen_conditions,CVCL_0179,plate6,Bergenin,25,25,12,0.12691801127844649,0.1044776119402985,False,0.9122807017543859
tier1_seen_conditions,CVCL_0179,plate6,Bimatoprost,18,18,12,-0.010074913992971446,0.5074626865671642,False,0.631578947368421
tier1_seen_conditions,CVCL_0179,plate6,Rimonabant,28,28,12,0.2757505857655289,0.04975124378109453,True,0.8947368421052632
tier1_seen_conditions,CVCL_0179,plate6,Pentagastrin,26,26,12,0.2198264689033973,0.05970149253731343,False,0.7192982456140351
tier1_seen_conditions,CVCL_0179,plate6,Lumateperone (tosylate),26,26,12,0.00168376795565095,0.4975124378109453,False,1.0
tier1_seen_conditions,CVCL_0179,plate6,Relugolix,25,25,12,0.38111236167421936,0.01990049751243781,True,0.8070175438596491
tier1_seen_conditions,CVCL_0179,plate6,Berberine (chloride hydrate),28,28,12,0.22277482052931852,0.06467661691542288,False,1.0
tier1_seen_conditions,CVCL_0179,plate6,Medroxyprogesterone acetate,25,25,12,0.12312108676757028,0.13432835820895522,False,0.8596491228070176
tier1_seen_conditions,CVCL_0179,plate6,Neratinib (maleate),23,23,12,0.13587943752169096,0.08955223880597014,False,0.9824561403508771
tier1_seen_conditions,CVCL_0179,plate6,Sinomenine,23,23,12,0.3834502326475917,0.009950248756218905,True,0.8245614035087719
tier1_seen_conditions,CVCL_0179,plate6,Goserelin (acetate),27,27,12,0.23375118236747383,0.05472636815920398,False,0.8245614035087719
tier1_seen_conditions,CVCL_0179,plate6,Fusidic acid,25,25,12,0.05360244151554738,0.23880597014925373,False,0.6842105263157895
tier1_seen_conditions,CVCL_0179,plate6,Balsalazide (sodium hydrate),26,26,12,0.03374500570004635,0.3034825870646766,False,0.8070175438596491
tier1_seen_conditions,CVCL_0179,plate6,Artesunate,29,29,12,0.0830893585659851,0.19900497512437812,False,1.0
tier1_seen_conditions,CVCL_0179,plate6,Folic acid,23,23,12,-0.05652317305718668,0.5522388059701493,False,0.6842105263157895
tier1_seen_conditions,CVCL_0179,plate6,Selinexor,24,24,12,-0.020264336471633726,0.582089552238806,False,0.9649122807017544
tier1_seen_conditions,CVCL_0179,plate6,Adenine,28,28,12,0.3555003927371203,0.029850746268656716,True,0.9298245614035088
tier1_seen_conditions,CVCL_0179,plate6,Gallic acid,28,28,12,0.3772913630302437,0.01990049751243781,True,0.9824561403508771
tier1_seen_conditions,CVCL_0179,plate6,Amsacrine,21,21,12,0.10909647879952011,0.21393034825870647,False,0.8771929824561403
tier1_seen_conditions,CVCL_0179,plate6,8-Hydroxyquinoline,18,18,12,0.3323694879737573,0.029850746268656716,True,0.8771929824561403
tier1_seen_conditions,CVCL_0179,plate6,Lenalidomide (hemihydrate),15,15,12,0.05822650314007127,0.3333333333333333,False,0.40350877192982454
tier1_seen_conditions,CVCL_0179,plate6,Adenosine,14,14,12,0.27717227664287947,0.03980099502487562,True,0.631578947368421
tier1_seen_conditions,CVCL_0179,plate6,Sulfisoxazole,24,24,12,0.0026975048866777485,0.43781094527363185,False,0.8771929824561403
tier1_seen_conditions,CVCL_0179,plate6,Norepinephrine (hydrochloride),18,18,12,0.16161670942956619,0.04975124378109453,True,0.49122807017543857
tier1_seen_conditions,CVCL_0179,plate6,Busulfan,21,21,12,-0.02457637688372749,0.5223880597014925,False,0.8771929824561403
tier1_seen_conditions,CVCL_0179,plate6,Docetaxel,14,14,12,0.11151274634094754,0.10945273631840796,False,0.42105263157894735
tier1_seen_conditions,CVCL_0179,plate6,Triclosan,19,19,12,0.011733803813125832,0.472636815920398,False,0.7192982456140351
tier1_seen_conditions,CVCL_0179,plate6,Allantoin,27,27,12,-0.017151329247973024,0.5124378109452736,False,0.9298245614035088
tier1_seen_conditions,CVCL_0179,plate6,Hexylresorcinol,27,27,12,0.09380738238261088,0.22388059701492538,False,0.9298245614035088
tier1_seen_conditions,CVCL_0179,plate6,Pyridoxine (hydrochloride),29,29,12,0.3205644097376066,0.029850746268656716,True,1.0
tier1_seen_conditions,CVCL_0179,plate6,Tucidinostat,17,17,12,0.548806623936084,0.009950248756218905,True,1.0
tier1_seen_conditions,CVCL_0179,plate6,Triamcinolone,15,15,12,-0.004464587125536212,0.4975124378109453,False,0.43859649122807015
tier1_seen_conditions,CVCL_0179,plate6,Cloxacillin (sodium),27,27,12,0.20379776048400444,0.04477611940298507,True,0.8947368421052632
tier1_seen_conditions,CVCL_0179,plate6,Adagrasib,29,29,12,0.16730275867018385,0.06965174129353234,False,0.8421052631578947
tier1_seen_conditions,CVCL_0179,plate6,Olanzapine,27,27,12,0.053640834164326634,0.24875621890547264,False,0.9649122807017544
tier1_seen_conditions,CVCL_0179,plate6,Raltitrexed,14,14,12,0.3911765306791004,0.03980099502487562,True,0.7192982456140351
tier1_seen_conditions,CVCL_0131,plate6,Tofacitinib (citrate),18,18,12,0.3326514502335769,0.009950248756218905,True,0.631578947368421
tier1_seen_conditions,CVCL_0131,plate6,Thymol,15,15,12,0.28356047075545376,0.009950248756218905,True,0.3333333333333333
tier1_seen_conditions,CVCL_0131,plate6,Darinaparsin,18,18,12,0.21735729852704289,0.009950248756218905,True,0.38596491228070173
tier1_seen_conditions,CVCL_0131,plate6,Vilanterol,27,27,12,0.34508433133616023,0.004975124378109453,True,0.9824561403508771
tier1_seen_conditions,CVCL_0131,plate6,Lenalidomide (hemihydrate),26,26,12,0.24716436373561557,0.014925373134328358,True,0.9473684210526315
tier1_seen_conditions,CVCL_0131,plate6,Ritonavir,27,27,12,0.0359911586440802,0.3383084577114428,False,1.0
tier1_seen_conditions,CVCL_0131,plate6,Sulfisoxazole,26,26,12,0.38596065620258635,0.004975124378109453,True,0.9122807017543859
tier1_seen_conditions,CVCL_0131,plate6,Norepinephrine (hydrochloride),21,21,12,0.3620936863915656,0.009950248756218905,True,0.7368421052631579
tier1_seen_conditions,CVCL_0131,plate6,Ciclopirox,23,23,12,0.13688071031838156,0.0945273631840796,False,0.9122807017543859
tier1_seen_conditions,CVCL_0131,plate6,Lidocaine (hydrochloride),21,21,12,0.13491500980058646,0.1044776119402985,False,0.8771929824561403
tier1_seen_conditions,CVCL_0131,plate6,Demeclocycline,16,16,12,0.8458312307442704,0.004975124378109453,True,0.7192982456140351
tier1_seen_conditions,CVCL_0131,plate6,Larotrectinib,13,13,12,0.6855769620089216,0.004975124378109453,True,0.15789473684210525
tier1_seen_conditions,CVCL_0131,plate6,Docetaxel,20,20,12,0.5927613531039952,0.004975124378109453,True,0.5614035087719298
tier1_seen_conditions,CVCL_0131,plate6,Triclosan,25,25,12,0.2624301533773039,0.03980099502487562,True,0.8771929824561403
tier1_seen_conditions,CVCL_0131,plate6,Bergenin,28,28,12,0.3191718285217213,0.004975124378109453,True,0.9122807017543859
tier1_seen_conditions,CVCL_0131,plate6,Allantoin,27,27,12,0.18742360298815441,0.029850746268656716,True,0.9649122807017544
tier1_seen_conditions,CVCL_0131,plate6,Bimatoprost,28,28,12,0.6387677977085762,0.004975124378109453,True,0.9649122807017544
tier1_seen_conditions,CVCL_0131,plate6,Triamcinolone,27,27,12,0.5509753030869753,0.004975124378109453,True,0.9649122807017544
tier1_seen_conditions,CVCL_0131,plate6,Rimonabant,28,28,12,0.558059832539465,0.004975124378109453,True,0.9122807017543859
tier1_seen_conditions,CVCL_0131,plate6,Pentagastrin,28,28,12,0.9480630841996085,0.004975124378109453,True,1.0
tier1_seen_conditions,CVCL_0131,plate6,Lumateperone (tosylate),26,26,12,0.6215821103964547,0.004975124378109453,True,0.8947368421052632
tier1_seen_conditions,CVCL_0131,plate6,Relugolix,29,29,12,0.6043252024174315,0.004975124378109453,True,0.9824561403508771
tier1_seen_conditions,CVCL_0131,plate6,Homoharringtonine,24,24,12,2.1675407644608917,0.004975124378109453,True,1.0
tier1_seen_conditions,CVCL_0131,plate6,Hexylresorcinol,28,28,12,0.5341449382905612,0.004975124378109453,True,0.8771929824561403
tier1_seen_conditions,CVCL_0131,plate6,Berberine (chloride hydrate),25,25,12,0.5205409685698967,0.004975124378109453,True,0.7719298245614035
tier1_seen_conditions,CVCL_0131,plate6,Neratinib (maleate),24,24,12,0.8340702358146519,0.004975124378109453,True,0.9824561403508771
tier1_seen_conditions,CVCL_0131,plate6,Goserelin (acetate),28,28,12,0.9227203673963853,0.004975124378109453,True,1.0
tier1_seen_conditions,CVCL_0131,plate6,Cloxacillin (sodium),28,28,12,0.3549520009230207,0.009950248756218905,True,0.8245614035087719
tier1_seen_conditions,CVCL_0131,plate6,Artesunate,28,28,12,0.551559020469,0.004975124378109453,True,0.9649122807017544
tier1_seen_conditions,CVCL_0131,plate6,Folic acid,26,26,12,0.7433593300385297,0.009950248756218905,True,0.8421052631578947
tier1_seen_conditions,CVCL_0131,plate6,Selinexor,28,28,12,0.5026160560720392,0.004975124378109453,True,1.0
tier1_seen_conditions,CVCL_0131,plate6,Adenine,29,29,12,0.5566245304475856,0.004975124378109453,True,0.8070175438596491
tier1_seen_conditions,CVCL_0131,plate6,Gallic acid,28,28,12,0.41856873202323186,0.004975124378109453,True,1.0
tier1_seen_conditions,CVCL_0131,plate6,Adagrasib,27,27,12,0.915545898183316,0.004975124378109453,True,0.9649122807017544
tier1_seen_conditions,CVCL_0131,plate6,8-Hydroxyquinoline,25,25,12,0.71157155137902,0.004975124378109453,True,0.7368421052631579
tier1_seen_conditions,CVCL_0131,plate6,Elagolix sodium,14,14,12,0.5055007549308357,0.004975124378109453,True,0.2982456140350877
tier1_seen_conditions,CVCL_0131,plate6,Resveratrol,16,16,12,0.3174754228489043,0.004975124378109453,True,0.3157894736842105
tier1_seen_conditions,CVCL_0131,plate6,Pentamidine (isethionate),17,17,12,0.29362128459322356,0.014925373134328358,True,0.3157894736842105
tier1_seen_conditions,CVCL_0131,plate6,Busulfan,28,28,12,0.16736275647952503,0.04477611940298507,True,1.0
tier1_seen_conditions,CVCL_0131,plate6,Olanzapine,27,27,12,0.9352904061455103,0.004975124378109453,True,0.5789473684210527
tier1_seen_conditions,CVCL_0131,plate6,Medroxyprogesterone acetate,29,29,12,0.29641387774390715,0.004975124378109453,True,1.0
tier1_seen_conditions,CVCL_0131,plate6,Fusidic acid,29,29,12,0.5871684798106944,0.004975124378109453,True,0.9298245614035088
tier1_seen_conditions,CVCL_0131,plate6,Pyridoxine (hydrochloride),28,28,12,0.5099012884019629,0.004975124378109453,True,1.0
tier1_seen_conditions,CVCL_0131,plate6,Adenosine,19,19,12,0.6260251912191457,0.004975124378109453,True,0.45614035087719296
tier1_seen_conditions,CVCL_0131,plate6,Tucidinostat,27,27,12,0.29849251992613546,0.004975124378109453,True,0.9298245614035088
tier1_seen_conditions,CVCL_0131,plate6,Amsacrine,26,26,12,0.6229797993738106,0.004975124378109453,True,0.5789473684210527
tier1_seen_conditions,CVCL_0131,plate6,Chlorhexidine (diacetate),17,17,12,0.5275953807716256,0.009950248756218905,True,0.38596491228070173
tier1_seen_conditions,CVCL_0131,plate6,Trifluridine,14,14,12,0.923534833536241,0.004975124378109453,True,0.2807017543859649
tier1_seen_conditions,CVCL_0131,plate6,Retinoic acid,21,21,12,0.9895603544159943,0.004975124378109453,True,0.6140350877192983
tier1_seen_conditions,CVCL_0131,plate6,Pasireotide (acetate),17,17,12,0.8047921519756915,0.004975124378109453,True,0.24561403508771928
tier1_seen_conditions,CVCL_0131,plate6,Riluzole hydrochloride,17,17,12,0.9688505204239704,0.004975124378109453,True,0.21052631578947367
tier1_seen_conditions,CVCL_0131,plate6,Raltitrexed,25,25,12,0.6919398474927743,0.004975124378109453,True,0.7192982456140351
tier1_seen_conditions,CVCL_0069,plate6,Pentamidine (isethionate),17,17,12,0.10420217468493398,0.11940298507462686,False,0.5882352941176471
tier1_seen_conditions,CVCL_0069,plate6,Sulfisoxazole,17,17,12,0.16409450606890452,0.03980099502487562,True,0.45098039215686275
tier1_seen_conditions,CVCL_0069,plate6,Lidocaine (hydrochloride),18,18,12,0.17688014117885054,0.03980099502487562,True,0.9607843137254902
tier1_seen_conditions,CVCL_0069,plate6,Radotinib,19,19,12,0.18642557469202536,0.029850746268656716,True,0.9215686274509803
tier1_seen_conditions,CVCL_0069,plate6,Bergenin,24,24,12,0.04270197346650839,0.2885572139303483,False,0.9607843137254902
tier1_seen_conditions,CVCL_0069,plate6,Allantoin,29,29,12,0.11513823578899718,0.12935323383084577,False,0.9803921568627451
tier1_seen_conditions,CVCL_0069,plate6,Triamcinolone,17,17,12,0.25139479308106516,0.01990049751243781,True,0.6078431372549019
tier1_seen_conditions,CVCL_0069,plate6,Olanzapine,25,25,12,0.045398208559024766,0.2835820895522388,False,0.8823529411764706
tier1_seen_conditions,CVCL_0069,plate6,Pentagastrin,26,26,12,0.4966613330410219,0.004975124378109453,True,1.0
tier1_seen_conditions,CVCL_0069,plate6,Lumateperone (tosylate),25,25,12,0.3521277934131124,0.009950248756218905,True,0.6470588235294118
tier1_seen_conditions,CVCL_0069,plate6,Hexylresorcinol,25,25,12,0.09186192536065363,0.14925373134328357,False,0.9607843137254902
tier1_seen_conditions,CVCL_0069,plate6,Berberine (chloride hydrate),29,29,12,0.02586772445281227,0.3283582089552239,False,1.0
tier1_seen_conditions,CVCL_0069,plate6,Medroxyprogesterone acetate,26,26,12,0.21535535083930313,0.03482587064676617,True,0.9215686274509803
tier1_seen_conditions,CVCL_0069,plate6,Neratinib (maleate),26,26,12,0.3360328075754815,0.024875621890547265,True,0.9607843137254902
tier1_seen_conditions,CVCL_0069,plate6,Goserelin (acetate),27,27,12,0.13789958186062456,0.09950248756218906,False,0.803921568627451
tier1_seen_conditions,CVCL_0069,plate6,Balsalazide (sodium hydrate),24,24,12,0.37848676197135234,0.01990049751243781,True,0.6470588235294118
tier1_seen_conditions,CVCL_0069,plate6,Cloxacillin (sodium),27,27,12,0.12743042432330576,0.13432835820895522,False,0.6470588235294118
tier1_seen_conditions,CVCL_0069,plate6,Pyridoxine (hydrochloride),29,29,12,0.11297044441652027,0.0945273631840796,False,0.9215686274509803
tier1_seen_conditions,CVCL_0069,plate6,Folic acid,26,26,12,0.5157646185092659,0.009950248756218905,True,0.9803921568627451
tier1_seen_conditions,CVCL_0069,plate6,Adenine,25,25,12,0.06260515501931074,0.19900497512437812,False,0.9803921568627451
tier1_seen_conditions,CVCL_0069,plate6,Adagrasib,26,26,12,0.052376936657479334,0.25870646766169153,False,1.0
tier1_seen_conditions,CVCL_0069,plate6,8-Hydroxyquinoline,25,25,12,0.11006673642939191,0.17412935323383086,False,0.8627450980392157
tier1_seen_conditions,CVCL_0069,plate6,Lenalidomide (hemihydrate),16,16,12,0.11365327070975617,0.06965174129353234,False,0.6274509803921569
tier1_seen_conditions,CVCL_0069,plate6,Norepinephrine (hydrochloride),18,18,12,0.12635113606808623,0.08955223880597014,False,0.7254901960784313
tier1_seen_conditions,CVCL_0069,plate6,Docetaxel,17,17,12,0.0793140284620506,0.208955223880597,False,0.4117647058823529
tier1_seen_conditions,CVCL_0069,plate6,Tucidinostat,20,20,12,0.261059414319627,0.004975124378109453,True,0.9607843137254902
tier1_seen_conditions,CVCL_0069,plate6,Rimonabant,28,28,12,0.13636622613717364,0.1044776119402985,False,1.0
tier1_seen_conditions,CVCL_0069,plate6,Relugolix,28,28,12,0.22193356462095792,0.05970149253731343,False,0.7843137254901961
tier1_seen_conditions,CVCL_0069,plate6,Sinomenine,27,27,12,0.18656412104525621,0.04975124378109453,True,0.8235294117647058
tier1_seen_conditions,CVCL_0069,plate6,Fusidic acid,29,29,12,0.11508205591733756,0.11442786069651742,False,0.9803921568627451
tier1_seen_conditions,CVCL_0069,plate6,Artesunate,28,28,12,0.013866665273940981,0.46766169154228854,False,1.0
tier1_seen_conditions,CVCL_0069,plate6,Selinexor,24,24,12,0.12904256042762086,0.09950248756218906,False,0.7647058823529411
tier1_seen_conditions,CVCL_0069,plate6,Darinaparsin,13,13,12,0.21447808216407083,0.03482587064676617,True,0.4117647058823529
tier1_seen_conditions,CVCL_0069,plate6,Adenosine,13,13,12,0.1436343522674406,0.07462686567164178,False,0.21568627450980393
tier1_seen_conditions,CVCL_0069,plate6,Triclosan,20,20,12,0.04922732177596778,0.2537313432835821,False,0.7450980392156863
tier1_seen_conditions,CVCL_0069,plate6,Bimatoprost,16,16,12,0.1229519629772664,0.10945273631840796,False,0.2549019607843137
tier1_seen_conditions,CVCL_0069,plate6,Gallic acid,25,25,12,0.3095202458383657,0.004975124378109453,True,0.9215686274509803
tier1_seen_conditions,CVCL_0069,plate6,Retinoic acid,12,12,12,0.24235426408777272,0.014925373134328358,True,0.27450980392156865
tier1_seen_conditions,CVCL_0069,plate6,Raltitrexed,17,17,12,0.07232757757882524,0.1890547263681592,False,0.6862745098039216
tier1_seen_conditions,CVCL_1550,plate6,Tofacitinib (citrate),13,13,12,-0.01649786422408006,0.5870646766169154,False,0.3275862068965517
tier1_seen_conditions,CVCL_1550,plate6,Darinaparsin,16,16,12,0.04652793404499178,0.2835820895522388,False,0.5517241379310345
tier1_seen_conditions,CVCL_1550,plate6,Vilanterol,28,28,12,0.14909956196869878,0.0945273631840796,False,1.0
tier1_seen_conditions,CVCL_1550,plate6,Lenalidomide (hemihydrate),23,23,12,-0.07808554881921559,0.7512437810945274,False,0.9137931034482759
tier1_seen_conditions,CVCL_1550,plate6,Ritonavir,25,25,12,0.14267781951092218,0.16417910447761194,False,0.9482758620689655
tier1_seen_conditions,CVCL_1550,plate6,Pentamidine (isethionate),19,19,12,0.12119407483001332,0.17412935323383086,False,0.5689655172413793
tier1_seen_conditions,CVCL_1550,plate6,Adenosine,15,15,12,0.0820863273500958,0.20398009950248755,False,0.13793103448275862
tier1_seen_conditions,CVCL_1550,plate6,Sulfisoxazole,27,27,12,-0.026589462098185024,0.5621890547263682,False,0.896551724137931
tier1_seen_conditions,CVCL_1550,plate6,Norepinephrine (hydrochloride),23,23,12,0.11750382502852119,0.21393034825870647,False,0.8793103448275862
tier1_seen_conditions,CVCL_1550,plate6,Busulfan,23,23,12,-0.06360410220900192,0.6865671641791045,False,0.9655172413793104
tier1_seen_conditions,CVCL_1550,plate6,Radotinib,16,16,12,-0.09039797852193843,0.8059701492537313,False,0.3275862068965517
tier1_seen_conditions,CVCL_1550,plate6,Triclosan,23,23,12,0.04738598357291224,0.263681592039801,False,0.8448275862068966
tier1_seen_conditions,CVCL_1550,plate6,Bergenin,28,28,12,-0.00747928865958869,0.43781094527363185,False,0.7586206896551724
tier1_seen_conditions,CVCL_1550,plate6,Bimatoprost,26,26,12,0.10315663434525035,0.18407960199004975,False,0.603448275862069
tier1_seen_conditions,CVCL_1550,plate6,Triamcinolone,21,21,12,0.22512108256404062,0.06467661691542288,False,0.7931034482758621
tier1_seen_conditions,CVCL_1550,plate6,Pentagastrin,25,25,12,0.29940705004733026,0.004975124378109453,True,0.9137931034482759
tier1_seen_conditions,CVCL_1550,plate6,Lumateperone (tosylate),26,26,12,-0.11799461404428335,0.8606965174129353,False,0.9655172413793104
tier1_seen_conditions,CVCL_1550,plate6,Relugolix,28,28,12,0.1908131827837849,0.06965174129353234,False,0.8620689655172413
tier1_seen_conditions,CVCL_1550,plate6,Homoharringtonine,27,27,12,1.5835411774869854,0.004975124378109453,True,1.0
tier1_seen_conditions,CVCL_1550,plate6,Hexylresorcinol,28,28,12,0.028463433348164813,0.31840796019900497,False,0.5344827586206896
tier1_seen_conditions,CVCL_1550,plate6,Berberine (chloride hydrate),25,25,12,0.10525747245010386,0.09950248756218906,False,0.7931034482758621
tier1_seen_conditions,CVCL_1550,plate6,Medroxyprogesterone acetate,26,26,12,0.058694341217625734,0.263681592039801,False,0.9310344827586207
tier1_seen_conditions,CVCL_1550,plate6,Neratinib (maleate),23,23,12,-0.06161465150827716,0.6965174129353234,False,0.896551724137931
tier1_seen_conditions,CVCL_1550,plate6,Sinomenine,29,29,12,0.05409577817527733,0.30845771144278605,False,0.8275862068965517
tier1_seen_conditions,CVCL_1550,plate6,Fusidic acid,25,25,12,0.0878096410070377,0.1890547263681592,False,0.8448275862068966
tier1_seen_conditions,CVCL_1550,plate6,Balsalazide (sodium hydrate),27,27,12,0.4278534024530458,0.009950248756218905,True,0.9310344827586207
tier1_seen_conditions,CVCL_1550,plate6,Cloxacillin (sodium),28,28,12,-0.0551851943598578,0.6119402985074627,False,0.9137931034482759
tier1_seen_conditions,CVCL_1550,plate6,Artesunate,29,29,12,0.029451245067493304,0.34328358208955223,False,0.896551724137931
tier1_seen_conditions,CVCL_1550,plate6,Pyridoxine (hydrochloride),27,27,12,0.10129825545794446,0.15422885572139303,False,1.0
tier1_seen_conditions,CVCL_1550,plate6,Selinexor,27,27,12,0.3485066999827193,0.029850746268656716,True,1.0
tier1_seen_conditions,CVCL_1550,plate6,Adenine,28,28,12,0.05373938943348833,0.21890547263681592,False,0.8275862068965517
tier1_seen_conditions,CVCL_1550,plate6,Gallic acid,27,27,12,0.04272634370781603,0.26865671641791045,False,0.6206896551724138
tier1_seen_conditions,CVCL_1550,plate6,Amsacrine,22,22,12,-0.008915479202663334,0.4079601990049751,False,0.896551724137931
tier1_seen_conditions,CVCL_1550,plate6,Adagrasib,26,26,12,0.3841716643253186,0.009950248756218905,True,0.8793103448275862
tier1_seen_conditions,CVCL_1550,plate6,8-Hydroxyquinoline,26,26,12,-0.14557144387031684,0.9601990049751243,False,0.9482758620689655
tier1_seen_conditions,CVCL_1550,plate6,Fluvoxamine (maleate),12,12,12,-0.057954035377530744,0.7562189054726368,False,0.41379310344827586
tier1_seen_conditions,CVCL_1550,plate6,S-Adenosyl-L-methionine (disulfate tosylate),12,12,12,0.06077259391275369,0.23880597014925373,False,0.1206896551724138
tier1_seen_conditions,CVCL_1550,plate6,Resveratrol,12,12,12,-0.008394416943787064,0.5024875621890548,False,0.1724137931034483
tier1_seen_conditions,CVCL_1550,plate6,Ciclopirox,26,26,12,-0.025953455907187006,0.6069651741293532,False,0.896551724137931
tier1_seen_conditions,CVCL_1550,plate6,Lidocaine (hydrochloride),22,22,12,0.23115572978803733,0.05472636815920398,False,1.0
tier1_seen_conditions,CVCL_1550,plate6,Tucidinostat,27,27,12,0.5561606819016678,0.009950248756218905,True,1.0
tier1_seen_conditions,CVCL_1550,plate6,Goserelin (acetate),28,28,12,0.39845716690029853,0.009950248756218905,True,1.0
tier1_seen_conditions,CVCL_1550,plate6,Folic acid,29,29,12,0.18026714660838472,0.06965174129353234,False,0.9655172413793104
tier1_seen_conditions,CVCL_1550,plate6,Docetaxel,17,17,12,-0.01642981925833631,0.5522388059701493,False,0.5172413793103449
tier1_seen_conditions,CVCL_1550,plate6,Allantoin,29,29,12,0.007221920058672282,0.4626865671641791,False,0.9482758620689655
tier1_seen_conditions,CVCL_1550,plate6,Olanzapine,27,27,12,0.14887601664595174,0.06965174129353234,False,0.6896551724137931
tier1_seen_conditions,CVCL_1550,plate6,Rimonabant,26,26,12,0.19365739143381688,0.06467661691542288,False,0.9482758620689655
tier1_seen_conditions,CVCL_1550,plate6,Cysteamine (hydrochloride),14,14,12,0.16125069862280306,0.10945273631840796,False,0.1206896551724138
tier1_seen_conditions,CVCL_1550,plate6,Pasireotide (acetate),18,18,12,0.07485620741923427,0.22885572139303484,False,0.5689655172413793
tier1_seen_conditions,CVCL_1550,plate6,Raltitrexed,15,15,12,-0.07780944159055281,0.7661691542288557,False,0.13793103448275862
tier1_seen_conditions,CVCL_1056,plate6,Tofacitinib (citrate),17,17,12,0.29394818768324527,0.014925373134328358,True,0.43636363636363634
tier1_seen_conditions,CVCL_1056,plate6,Thymol,21,21,12,0.1443482484840679,0.04477611940298507,True,0.6181818181818182
tier1_seen_conditions,CVCL_1056,plate6,Darinaparsin,17,17,12,0.3676254270824497,0.004975124378109453,True,0.8
tier1_seen_conditions,CVCL_1056,plate6,Lenalidomide (hemihydrate),23,23,12,0.209604887581488,0.014925373134328358,True,0.8727272727272727
tier1_seen_conditions,CVCL_1056,plate6,Ritonavir,24,24,12,0.24804789659651227,0.029850746268656716,True,1.0
tier1_seen_conditions,CVCL_1056,plate6,Pentamidine (isethionate),19,19,12,0.2908278489142937,0.01990049751243781,True,0.7636363636363637
tier1_seen_conditions,CVCL_1056,plate6,Sulfisoxazole,27,27,12,0.19357346524265928,0.03980099502487562,True,0.8545454545454545
tier1_seen_conditions,CVCL_1056,plate6,Norepinephrine (hydrochloride),24,24,12,0.12503888533746021,0.12437810945273632,False,0.9090909090909091
tier1_seen_conditions,CVCL_1056,plate6,Busulfan,27,27,12,0.25579918553474634,0.03482587064676617,True,0.6727272727272727
tier1_seen_conditions,CVCL_1056,plate6,Docetaxel,23,23,12,0.5784789875235106,0.009950248756218905,True,0.41818181818181815
tier1_seen_conditions,CVCL_1056,plate6,Triclosan,29,29,12,0.18890988036569745,0.07462686567164178,False,1.0
tier1_seen_conditions,CVCL_1056,plate6,Bergenin,27,27,12,0.10532984308414228,0.10945273631840796,False,1.0
tier1_seen_conditions,CVCL_1056,plate6,Allantoin,24,24,12,0.11961513538320645,0.11442786069651742,False,0.8545454545454545
tier1_seen_conditions,CVCL_1056,plate6,Bimatoprost,26,26,12,0.398218052990833,0.004975124378109453,True,0.9272727272727272
tier1_seen_conditions,CVCL_1056,plate6,Triamcinolone,25,25,12,0.48765077051971417,0.004975124378109453,True,1.0
tier1_seen_conditions,CVCL_1056,plate6,Rimonabant,27,27,12,0.21961519992079914,0.06467661691542288,False,0.8545454545454545
tier1_seen_conditions,CVCL_1056,plate6,Pentagastrin,26,26,12,0.7210581304475312,0.004975124378109453,True,0.9272727272727272
tier1_seen_conditions,CVCL_1056,plate6,Lumateperone (tosylate),27,27,12,0.45003649516466027,0.004975124378109453,True,0.8363636363636363
tier1_seen_conditions,CVCL_1056,plate6,Relugolix,26,26,12,0.6454129000534099,0.004975124378109453,True,0.9090909090909091
tier1_seen_conditions,CVCL_1056,plate6,Hexylresorcinol,26,26,12,0.042793549275749854,0.3034825870646766,False,1.0
tier1_seen_conditions,CVCL_1056,plate6,Neratinib (maleate),27,27,12,0.43098853101245105,0.004975124378109453,True,1.0
tier1_seen_conditions,CVCL_1056,plate6,Sinomenine,26,26,12,0.34342076165314417,0.009950248756218905,True,0.9818181818181818
tier1_seen_conditions,CVCL_1056,plate6,Goserelin (acetate),27,27,12,0.317618223985642,0.004975124378109453,True,0.9272727272727272
tier1_seen_conditions,CVCL_1056,plate6,Fusidic acid,25,25,12,0.41745700809044095,0.004975124378109453,True,0.8727272727272727
tier1_seen_conditions,CVCL_1056,plate6,Balsalazide (sodium hydrate),27,27,12,0.7882259433863297,0.004975124378109453,True,0.9818181818181818
tier1_seen_conditions,CVCL_1056,plate6,Cloxacillin (sodium),28,28,12,0.31279676716882143,0.004975124378109453,True,0.9818181818181818
tier1_seen_conditions,CVCL_1056,plate6,Artesunate,29,29,12,0.4836007558445452,0.009950248756218905,True,0.8909090909090909
tier1_seen_conditions,CVCL_1056,plate6,Pyridoxine (hydrochloride),27,27,12,0.3285700011394379,0.009950248756218905,True,0.9818181818181818
tier1_seen_conditions,CVCL_1056,plate6,Folic acid,29,29,12,0.8811305713325552,0.004975124378109453,True,1.0
tier1_seen_conditions,CVCL_1056,plate6,Adenine,27,27,12,0.6894975128293712,0.004975124378109453,True,0.9454545454545454
tier1_seen_conditions,CVCL_1056,plate6,Amsacrine,23,23,12,0.3111151526601894,0.014925373134328358,True,0.8545454545454545
tier1_seen_conditions,CVCL_1056,plate6,Adagrasib,25,25,12,0.20025009807592475,0.05472636815920398,False,0.7818181818181819
tier1_seen_conditions,CVCL_1056,plate6,8-Hydroxyquinoline,28,28,12,0.643841004647081,0.004975124378109453,True,0.9636363636363636
tier1_seen_conditions,CVCL_1056,plate6,Elagolix sodium,12,12,12,0.19128713839451805,0.024875621890547265,True,0.10909090909090909
tier1_seen_conditions,CVCL_1056,plate6,Resveratrol,13,13,12,0.22344020376022655,0.01990049751243781,True,0.14545454545454545
tier1_seen_conditions,CVCL_1056,plate6,Vilanterol,19,19,12,0.13403642250105285,0.06965174129353234,False,0.5272727272727272
tier1_seen_conditions,CVCL_1056,plate6,Lidocaine (hydrochloride),21,21,12,0.20719271923953642,0.029850746268656716,True,0.3090909090909091
tier1_seen_conditions,CVCL_1056,plate6,Demeclocycline,19,19,12,0.6090621597457275,0.004975124378109453,True,0.7454545454545455
tier1_seen_conditions,CVCL_1056,plate6,Tucidinostat,28,28,12,0.3536828150504885,0.004975124378109453,True,1.0
tier1_seen_conditions,CVCL_1056,plate6,Berberine (chloride hydrate),28,28,12,0.418500762445392,0.004975124378109453,True,0.9636363636363636
tier1_seen_conditions,CVCL_1056,plate6,Medroxyprogesterone acetate,29,29,12,0.17606619345277608,0.03980099502487562,True,1.0
tier1_seen_conditions,CVCL_1056,plate6,Ciclopirox,19,19,12,0.1541282914529809,0.03482587064676617,True,0.6909090909090909
tier1_seen_conditions,CVCL_1056,plate6,Radotinib,26,26,12,0.11323995533552988,0.13930348258706468,False,1.0
tier1_seen_conditions,CVCL_1056,plate6,Selinexor,29,29,12,0.3602807864648305,0.004975124378109453,True,1.0
tier1_seen_conditions,CVCL_1056,plate6,Homoharringtonine,16,16,12,1.8382594994185695,0.004975124378109453,True,1.0
tier1_seen_conditions,CVCL_1056,plate6,Trifluridine,14,14,12,0.3305599637373984,0.03482587064676617,True,0.16363636363636364
tier1_seen_conditions,CVCL_1056,plate6,Retinoic acid,19,19,12,0.8664965059190131,0.004975124378109453,True,0.6727272727272727
tier1_seen_conditions,CVCL_1056,plate6,Cysteamine (hydrochloride),25,25,12,0.585576684110702,0.004975124378109453,True,0.9818181818181818
tier1_seen_conditions,CVCL_1056,plate6,Riluzole hydrochloride,14,14,12,0.5127536939955348,0.004975124378109453,True,0.3090909090909091
tier1_seen_conditions,CVCL_1056,plate6,Raltitrexed,22,22,12,0.7467559356376281,0.004975124378109453,True,0.9636363636363636
tier1_seen_conditions,CVCL_1635,plate6,Thymol,14,14,12,0.07049008729736173,0.208955223880597,False,0.35294117647058826
tier1_seen_conditions,CVCL_1635,plate6,Vilanterol,14,14,12,0.0769736560918588,0.17412935323383086,False,0.7254901960784313
tier1_seen_conditions,CVCL_1635,plate6,Lenalidomide (hemihydrate),23,23,12,0.01317045840398201,0.31840796019900497,False,0.6274509803921569
tier1_seen_conditions,CVCL_1635,plate6,Adenosine,13,13,12,-0.05028420885522067,0.6716417910447762,False,0.3333333333333333
tier1_seen_conditions,CVCL_1635,plate6,Sulfisoxazole,20,20,12,0.003939258945658608,0.42786069651741293,False,0.6078431372549019
tier1_seen_conditions,CVCL_1635,plate6,Norepinephrine (hydrochloride),23,23,12,-0.015864937111556898,0.48258706467661694,False,0.6666666666666666
tier1_seen_conditions,CVCL_1635,plate6,Busulfan,15,15,12,0.04343019295608208,0.3880597014925373,False,0.27450980392156865
tier1_seen_conditions,CVCL_1635,plate6,Tucidinostat,17,17,12,0.2976503968758504,0.024875621890547265,True,1.0
tier1_seen_conditions,CVCL_1635,plate6,Bergenin,20,20,12,0.07068866642626936,0.22388059701492538,False,0.6078431372549019
tier1_seen_conditions,CVCL_1635,plate6,Allantoin,23,23,12,0.007299409763591669,0.35323383084577115,False,0.6274509803921569
tier1_seen_conditions,CVCL_1635,plate6,Bimatoprost,19,19,12,0.04609987041723862,0.3333333333333333,False,0.7254901960784313
tier1_seen_conditions,CVCL_1635,plate6,Lumateperone (tosylate),27,27,12,0.16634047512552996,0.09950248756218906,False,0.8823529411764706
tier1_seen_conditions,CVCL_1635,plate6,Relugolix,27,27,12,-0.02520264450091858,0.6019900497512438,False,0.9215686274509803
tier1_seen_conditions,CVCL_1635,plate6,Homoharringtonine,12,12,12,1.5333226999055753,0.004975124378109453,True,1.0
tier1_seen_conditions,CVCL_1635,plate6,Hexylresorcinol,28,28,12,0.15959796413209837,0.11940298507462686,False,1.0
tier1_seen_conditions,CVCL_1635,plate6,Medroxyprogesterone acetate,27,27,12,0.09530551911320373,0.12437810945273632,False,0.9607843137254902
tier1_seen_conditions,CVCL_1635,plate6,Sinomenine,24,24,12,0.06499689948425491,0.22885572139303484,False,0.8627450980392157
tier1_seen_conditions,CVCL_1635,plate6,Goserelin (acetate),29,29,12,0.4531121976795376,0.004975124378109453,True,0.9803921568627451
tier1_seen_conditions,CVCL_1635,plate6,Balsalazide (sodium hydrate),23,23,12,0.4285586117472864,0.014925373134328358,True,0.803921568627451
tier1_seen_conditions,CVCL_1635,plate6,Cloxacillin (sodium),26,26,12,0.11829119704621327,0.13930348258706468,False,1.0
tier1_seen_conditions,CVCL_1635,plate6,Artesunate,26,26,12,0.013757288630042552,0.4577114427860697,False,0.8235294117647058
tier1_seen_conditions,CVCL_1635,plate6,Pyridoxine (hydrochloride),27,27,12,0.2911023836609896,0.01990049751243781,True,1.0
tier1_seen_conditions,CVCL_1635,plate6,Adenine,27,27,12,0.4005474867116554,0.014925373134328358,True,0.9803921568627451
tier1_seen_conditions,CVCL_1635,plate6,Gallic acid,28,28,12,0.23929295676094497,0.04477611940298507,True,0.9215686274509803
tier1_seen_conditions,CVCL_1635,plate6,8-Hydroxyquinoline,20,20,12,0.11836694949373161,0.13432835820895522,False,0.9607843137254902
tier1_seen_conditions,CVCL_1635,plate6,Ciclopirox,21,21,12,0.10113543666012781,0.20398009950248755,False,0.9215686274509803
tier1_seen_conditions,CVCL_1635,plate6,Lidocaine (hydrochloride),18,18,12,0.11237745540081434,0.11442786069651742,False,0.803921568627451
tier1_seen_conditions,CVCL_1635,plate6,Radotinib,17,17,12,0.06137794516731354,0.22885572139303484,False,0.5098039215686274
tier1_seen_conditions,CVCL_1635,plate6,Triclosan,20,20,12,0.16955336631836992,0.08955223880597014,False,0.6470588235294118
tier1_seen_conditions,CVCL_1635,plate6,Triamcinolone,27,27,12,0.2947525827561357,0.024875621890547265,True,0.9411764705882353
tier1_seen_conditions,CVCL_1635,plate6,Olanzapine,18,18,12,0.08051194605970835,0.1890547263681592,False,0.6666666666666666
tier1_seen_conditions,CVCL_1635,plate6,Rimonabant,20,20,12,0.18930049158452,0.07462686567164178,False,0.6666666666666666
tier1_seen_conditions,CVCL_1635,plate6,Berberine (chloride hydrate),27,27,12,0.1478041947176436,0.04975124378109453,True,0.9215686274509803
tier1_seen_conditions,CVCL_1635,plate6,Neratinib (maleate),27,27,12,0.23192487533079387,0.04477611940298507,True,0.9803921568627451
tier1_seen_conditions,CVCL_1635,plate6,Fusidic acid,28,28,12,0.21909205339849613,0.05472636815920398,False,0.8823529411764706
tier1_seen_conditions,CVCL_1635,plate6,Selinexor,22,22,12,0.18972955944081704,0.03482587064676617,True,0.9607843137254902
tier1_seen_conditions,CVCL_1635,plate6,Docetaxel,14,14,12,0.0249548965397004,0.36318407960199006,False,0.29411764705882354
tier1_seen_conditions,CVCL_1635,plate6,Adagrasib,26,26,12,0.16024444931102622,0.07960199004975124,False,0.803921568627451
tier1_seen_conditions,CVCL_1635,plate6,Amsacrine,21,21,12,0.13927790230511228,0.12935323383084577,False,0.7254901960784313
tier1_seen_conditions,CVCL_1635,plate6,Trifluridine,12,12,12,0.23694265726496866,0.029850746268656716,True,0.35294117647058826
tier1_seen_conditions,CVCL_1635,plate6,Raltitrexed,18,18,12,0.2029025648477525,0.04975124378109453,True,0.8431372549019608
tier1_seen_conditions,CVCL_0546,plate6,Tofacitinib (citrate),26,26,12,0.16085843367169517,0.07960199004975124,False,0.6825396825396826
tier1_seen_conditions,CVCL_0546,plate6,Thymol,28,28,12,0.12853488273709957,0.11442786069651742,False,0.9841269841269841
tier1_seen_conditions,CVCL_0546,plate6,Darinaparsin,28,28,12,0.19351672725176527,0.04477611940298507,True,1.0
tier1_seen_conditions,CVCL_0546,plate6,Vilanterol,28,28,12,0.2065592567064538,0.05472636815920398,False,0.8095238095238095
tier1_seen_conditions,CVCL_0546,plate6,Lenalidomide (hemihydrate),28,28,12,-0.026792300083606335,0.5621890547263682,False,0.9365079365079365
tier1_seen_conditions,CVCL_0546,plate6,Ritonavir,27,27,12,0.15913084873735883,0.05472636815920398,False,0.9047619047619048
tier1_seen_conditions,CVCL_0546,plate6,Pentamidine (isethionate),28,28,12,0.2330649366551203,0.01990049751243781,True,0.873015873015873
tier1_seen_conditions,CVCL_0546,plate6,Adenosine,27,27,12,0.09585526721659221,0.11940298507462686,False,0.8253968253968254
tier1_seen_conditions,CVCL_0546,plate6,Sulfisoxazole,26,26,12,0.029114697541686496,0.36318407960199006,False,0.5873015873015873
tier1_seen_conditions,CVCL_0546,plate6,Norepinephrine (hydrochloride),26,26,12,-0.00411405357031569,0.4975124378109453,False,0.2698412698412698
tier1_seen_conditions,CVCL_0546,plate6,Ciclopirox,26,26,12,0.034456572709661515,0.3582089552238806,False,0.38095238095238093
tier1_seen_conditions,CVCL_0546,plate6,Mitoxantrone (dihydrochloride),22,22,12,0.3177748565790939,0.01990049751243781,True,0.746031746031746
tier1_seen_conditions,CVCL_0546,plate6,Busulfan,27,27,12,0.15660193565465086,0.0845771144278607,False,1.0
tier1_seen_conditions,CVCL_0546,plate6,Cepharanthine,27,27,12,0.18120277506039173,0.03482587064676617,True,0.49206349206349204
tier1_seen_conditions,CVCL_0546,plate6,Triclosan,29,29,12,0.11665460574913311,0.14427860696517414,False,0.9682539682539683
tier1_seen_conditions,CVCL_0546,plate6,Bergenin,25,25,12,0.17433835316123414,0.04477611940298507,True,0.3333333333333333
tier1_seen_conditions,CVCL_0546,plate6,Allantoin,25,25,12,0.5220815078859502,0.014925373134328358,True,0.3492063492063492
tier1_seen_conditions,CVCL_0546,plate6,Bimatoprost,25,25,12,0.40701437001989405,0.014925373134328358,True,0.36507936507936506
tier1_seen_conditions,CVCL_0546,plate6,Triamcinolone,23,23,12,0.19665968695136726,0.029850746268656716,True,0.5555555555555556
tier1_seen_conditions,CVCL_0546,plate6,Rimonabant,26,26,12,0.28067323842011227,0.01990049751243781,True,0.7936507936507936
tier1_seen_conditions,CVCL_0546,plate6,Pentagastrin,26,26,12,0.4692037106545275,0.004975124378109453,True,0.07936507936507936
tier1_seen_conditions,CVCL_0546,plate6,Lumateperone (tosylate),28,28,12,0.42631862903759554,0.004975124378109453,True,0.9365079365079365
tier1_seen_conditions,CVCL_0546,plate6,Relugolix,26,26,12,0.5181763390562821,0.004975124378109453,True,0.8095238095238095
tier1_seen_conditions,CVCL_0546,plate6,Homoharringtonine,26,26,12,0.9261732416791588,0.004975124378109453,True,1.0
tier1_seen_conditions,CVCL_0546,plate6,Hexylresorcinol,26,26,12,0.0831046162068585,0.19900497512437812,False,0.7936507936507936
tier1_seen_conditions,CVCL_0546,plate6,Berberine (chloride hydrate),27,27,12,0.28438138365808996,0.014925373134328358,True,0.8888888888888888
tier1_seen_conditions,CVCL_0546,plate6,Medroxyprogesterone acetate,28,28,12,0.12387769870573173,0.08955223880597014,False,1.0
tier1_seen_conditions,CVCL_0546,plate6,Neratinib (maleate),28,28,12,0.7917484638546917,0.004975124378109453,True,1.0
tier1_seen_conditions,CVCL_0546,plate6,Sinomenine,25,25,12,0.2843427727186896,0.004975124378109453,True,0.8888888888888888
tier1_seen_conditions,CVCL_0546,plate6,Goserelin (acetate),27,27,12,0.42205486072684373,0.004975124378109453,True,0.6031746031746031
tier1_seen_conditions,CVCL_0546,plate6,Fusidic acid,27,27,12,0.3801200723045408,0.009950248756218905,True,0.3333333333333333
tier1_seen_conditions,CVCL_0546,plate6,Cloxacillin (sodium),27,27,12,0.12040619344143266,0.10945273631840796,False,0.5714285714285714
tier1_seen_conditions,CVCL_0546,plate6,Artesunate,26,26,12,0.3726651274498174,0.009950248756218905,True,0.38095238095238093
tier1_seen_conditions,CVCL_0546,plate6,Pyridoxine (hydrochloride),29,29,12,0.5006591076139983,0.004975124378109453,True,0.9047619047619048
tier1_seen_conditions,CVCL_0546,plate6,Folic acid,29,29,12,0.4907600001800443,0.009950248756218905,True,1.0
tier1_seen_conditions,CVCL_0546,plate6,Selinexor,29,29,12,0.2022904686553879,0.04975124378109453,True,1.0
tier1_seen_conditions,CVCL_0546,plate6,Adenine,24,24,12,0.29245110056478474,0.004975124378109453,True,0.4444444444444444
tier1_seen_conditions,CVCL_0546,plate6,Gallic acid,27,27,12,0.226671234037374,0.03980099502487562,True,0.9206349206349206
tier1_seen_conditions,CVCL_0546,plate6,Amsacrine,25,25,12,0.4131340923081126,0.004975124378109453,True,0.5079365079365079
tier1_seen_conditions,CVCL_0546,plate6,Adagrasib,27,27,12,0.12401586450867619,0.14925373134328357,False,0.31746031746031744
tier1_seen_conditions,CVCL_0546,plate6,8-Hydroxyquinoline,26,26,12,0.09254558893067433,0.16417910447761194,False,0.6349206349206349
tier1_seen_conditions,CVCL_0546,plate6,Terfenadine,23,23,12,0.1741484993957485,0.024875621890547265,True,0.25396825396825395
tier1_seen_conditions,CVCL_0546,plate6,Fluvoxamine (maleate),28,28,12,-0.029412406961739634,0.6517412935323383,False,0.47619047619047616
tier1_seen_conditions,CVCL_0546,plate6,S-Adenosyl-L-methionine (disulfate tosylate),26,26,12,0.13519337283057098,0.08955223880597014,False,0.8888888888888888
tier1_seen_conditions,CVCL_0546,plate6,Elagolix sodium,26,26,12,0.2718194173361663,0.01990049751243781,True,0.6190476190476191
tier1_seen_conditions,CVCL_0546,plate6,Resveratrol,27,27,12,-0.0905327273853267,0.8557213930348259,False,0.4603174603174603
tier1_seen_conditions,CVCL_0546,plate6,Rapamycin,25,25,12,0.10107204451071894,0.09950248756218906,False,0.7936507936507936
tier1_seen_conditions,CVCL_0546,plate6,Demeclocycline,29,29,12,0.3802813814621828,0.029850746268656716,True,0.5238095238095238
tier1_seen_conditions,CVCL_0546,plate6,Larotrectinib,23,23,12,0.28660548873840064,0.014925373134328358,True,0.7301587301587301
tier1_seen_conditions,CVCL_0546,plate6,Radotinib,28,28,12,0.14876864075344187,0.04477611940298507,True,0.6666666666666666
tier1_seen_conditions,CVCL_0546,plate6,Docetaxel,29,29,12,0.1810280888165643,0.07462686567164178,False,0.9841269841269841
tier1_seen_conditions,CVCL_0546,plate6,Lidocaine (hydrochloride),29,29,12,0.040632418861019204,0.2835820895522388,False,0.8095238095238095
tier1_seen_conditions,CVCL_0546,plate6,Chlorhexidine (diacetate),29,29,12,0.13098680851373068,0.11442786069651742,False,1.0
tier1_seen_conditions,CVCL_0546,plate6,Trifluridine,27,27,12,0.46746899814868925,0.004975124378109453,True,0.9523809523809523
tier1_seen_conditions,CVCL_0546,plate6,Retinoic acid,23,23,12,0.477828718454548,0.009950248756218905,True,0.9047619047619048
tier1_seen_conditions,CVCL_0546,plate6,Cysteamine (hydrochloride),25,25,12,0.6347952649139295,0.004975124378109453,True,0.7301587301587301
tier1_seen_conditions,CVCL_0546,plate6,Vinblastine (sulfate),25,25,12,0.7458855488803131,0.004975124378109453,True,0.3492063492063492
tier1_seen_conditions,CVCL_0546,plate6,Pasireotide (acetate),28,28,12,1.0732777053515896,0.004975124378109453,True,0.9841269841269841
tier1_seen_conditions,CVCL_0546,plate6,Riluzole hydrochloride,27,27,12,0.3894913371555848,0.024875621890547265,True,0.9206349206349206
tier1_seen_conditions,CVCL_0546,plate6,Palmatine (chloride),27,27,12,0.2913632632940413,0.01990049751243781,True,0.8253968253968254
tier1_seen_conditions,CVCL_0546,plate6,Raltitrexed,27,27,12,0.5710566009243152,0.004975124378109453,True,0.8571428571428571
tier1_seen_conditions,CVCL_0546,plate6,Furosemide,27,27,12,0.4165500595796381,0.009950248756218905,True,0.8412698412698413
tier1_seen_conditions,CVCL_0359,plate6,Tofacitinib (citrate),22,22,12,0.03998070705022805,0.31343283582089554,False,0.7457627118644068
tier1_seen_conditions,CVCL_0359,plate6,Thymol,19,19,12,-0.015281914152259546,0.5323383084577115,False,0.559322033898305
tier1_seen_conditions,CVCL_0359,plate6,Darinaparsin,12,12,12,0.11599837415810477,0.14427860696517414,False,0.2711864406779661
tier1_seen_conditions,CVCL_0359,plate6,Vilanterol,22,22,12,0.1299147579204849,0.0845771144278607,False,0.559322033898305
tier1_seen_conditions,CVCL_0359,plate6,Ritonavir,26,26,12,-0.002788671461740222,0.42786069651741293,False,0.8813559322033898
tier1_seen_conditions,CVCL_0359,plate6,Ciclopirox,26,26,12,-0.009094572487999386,0.46766169154228854,False,0.8813559322033898
tier1_seen_conditions,CVCL_0359,plate6,Lidocaine (hydrochloride),19,19,12,0.06325559135879111,0.26865671641791045,False,0.559322033898305
tier1_seen_conditions,CVCL_0359,plate6,Mitoxantrone (dihydrochloride),15,15,12,0.4758018919406162,0.009950248756218905,True,0.9830508474576272
tier1_seen_conditions,CVCL_0359,plate6,Larotrectinib,12,12,12,-0.03523965237006088,0.572139303482587,False,0.2711864406779661
tier1_seen_conditions,CVCL_0359,plate6,Busulfan,24,24,12,-0.02497215085890403,0.5870646766169154,False,0.9661016949152542
tier1_seen_conditions,CVCL_0359,plate6,Docetaxel,16,16,12,0.19335515988126595,0.07960199004975124,False,0.4915254237288136
tier1_seen_conditions,CVCL_0359,plate6,Triclosan,27,27,12,0.051553734013673136,0.2885572139303483,False,1.0
tier1_seen_conditions,CVCL_0359,plate6,Tucidinostat,28,28,12,0.3915037325897881,0.004975124378109453,True,1.0
tier1_seen_conditions,CVCL_0359,plate6,Bergenin,29,29,12,0.06165771269481546,0.3034825870646766,False,0.711864406779661
tier1_seen_conditions,CVCL_0359,plate6,Allantoin,27,27,12,0.15844580288840504,0.0845771144278607,False,0.9491525423728814
tier1_seen_conditions,CVCL_0359,plate6,Bimatoprost,26,26,12,0.0065763891938726005,0.4427860696517413,False,0.6610169491525424
tier1_seen_conditions,CVCL_0359,plate6,Olanzapine,26,26,12,-0.04955176992553589,0.6318407960199005,False,0.847457627118644
tier1_seen_conditions,CVCL_0359,plate6,Pentagastrin,29,29,12,0.2454643584028684,0.05970149253731343,False,0.9661016949152542
tier1_seen_conditions,CVCL_0359,plate6,Lumateperone (tosylate),29,29,12,0.10981720113817595,0.12935323383084577,False,0.9661016949152542
tier1_seen_conditions,CVCL_0359,plate6,Relugolix,25,25,12,-0.035975493440531636,0.6218905472636815,False,0.7796610169491526
tier1_seen_conditions,CVCL_0359,plate6,Hexylresorcinol,28,28,12,0.005536658319101662,0.43781094527363185,False,1.0
tier1_seen_conditions,CVCL_0359,plate6,Berberine (chloride hydrate),25,25,12,0.07582679535432746,0.16417910447761194,False,0.6949152542372882
tier1_seen_conditions,CVCL_0359,plate6,Medroxyprogesterone acetate,25,25,12,0.22941921201264392,0.03980099502487562,True,0.9491525423728814
tier1_seen_conditions,CVCL_0359,plate6,Neratinib (maleate),28,28,12,0.10714474327295598,0.13930348258706468,False,1.0
tier1_seen_conditions,CVCL_0359,plate6,Sinomenine,28,28,12,0.05396168244352495,0.24378109452736318,False,0.864406779661017
tier1_seen_conditions,CVCL_0359,plate6,Goserelin (acetate),24,24,12,0.20566139298399833,0.03482587064676617,True,0.8305084745762712
tier1_seen_conditions,CVCL_0359,plate6,Fusidic acid,28,28,12,-0.007553568153159773,0.5124378109452736,False,0.864406779661017
tier1_seen_conditions,CVCL_0359,plate6,Balsalazide (sodium hydrate),28,28,12,0.12453349678443715,0.0845771144278607,False,0.9491525423728814
tier1_seen_conditions,CVCL_0359,plate6,Cloxacillin (sodium),28,28,12,0.06760964811223857,0.1791044776119403,False,0.5423728813559322
tier1_seen_conditions,CVCL_0359,plate6,Artesunate,24,24,12,0.04427755694765878,0.2736318407960199,False,0.9491525423728814
tier1_seen_conditions,CVCL_0359,plate6,Pyridoxine (hydrochloride),27,27,12,0.06565507755243694,0.22388059701492538,False,0.8135593220338984
tier1_seen_conditions,CVCL_0359,plate6,Folic acid,26,26,12,6.705320987165919e-05,0.4079601990049751,False,0.9322033898305084
tier1_seen_conditions,CVCL_0359,plate6,Adenine,27,27,12,0.007820605366172018,0.40298507462686567,False,1.0
tier1_seen_conditions,CVCL_0359,plate6,Gallic acid,28,28,12,0.07226481827426134,0.208955223880597,False,0.9322033898305084
tier1_seen_conditions,CVCL_0359,plate6,Amsacrine,14,14,12,0.3369267156040294,0.05472636815920398,False,0.22033898305084745
tier1_seen_conditions,CVCL_0359,plate6,Adagrasib,28,28,12,-0.05314144268941057,0.582089552238806,False,1.0
tier1_seen_conditions,CVCL_0359,plate6,8-Hydroxyquinoline,26,26,12,0.08251059824422313,0.21890547263681592,False,0.9322033898305084
tier1_seen_conditions,CVCL_0359,plate6,Elagolix sodium,14,14,12,0.02720493018318848,0.3880597014925373,False,0.1694915254237288
tier1_seen_conditions,CVCL_0359,plate6,Resveratrol,19,19,12,0.06233311016494447,0.263681592039801,False,0.4576271186440678
tier1_seen_conditions,CVCL_0359,plate6,Rapamycin,14,14,12,0.01224830752986783,0.4228855721393035,False,0.23728813559322035
tier1_seen_conditions,CVCL_0359,plate6,Lenalidomide (hemihydrate),28,28,12,0.026583766255573238,0.30845771144278605,False,1.0
tier1_seen_conditions,CVCL_0359,plate6,Sulfisoxazole,28,28,12,0.2212901469968962,0.01990049751243781,True,1.0
tier1_seen_conditions,CVCL_0359,plate6,Norepinephrine (hydrochloride),26,26,12,0.07006683498893196,0.22388059701492538,False,0.8983050847457628
tier1_seen_conditions,CVCL_0359,plate6,Triamcinolone,25,25,12,0.2251949458271607,0.08955223880597014,False,0.9661016949152542
tier1_seen_conditions,CVCL_0359,plate6,Rimonabant,27,27,12,0.06942022738786058,0.23383084577114427,False,0.4576271186440678
tier1_seen_conditions,CVCL_0359,plate6,Demeclocycline,19,19,12,0.0011015889072183427,0.48756218905472637,False,0.559322033898305
tier1_seen_conditions,CVCL_0359,plate6,Trifluridine,13,13,12,0.0037714642577970636,0.42786069651741293,False,0.288135593220339
tier1_seen_conditions,CVCL_0359,plate6,Retinoic acid,13,13,12,0.0583678211271188,0.21393034825870647,False,0.3559322033898305
tier1_seen_conditions,CVCL_0359,plate6,Cysteamine (hydrochloride),17,17,12,0.06600670764461292,0.26865671641791045,False,0.3728813559322034
tier1_seen_conditions,CVCL_0359,plate6,Pasireotide (acetate),14,14,12,0.11802572470806538,0.1044776119402985,False,0.3898305084745763
tier1_seen_conditions,CVCL_0359,plate6,Riluzole hydrochloride,16,16,12,-0.03158657654987174,0.6268656716417911,False,0.3050847457627119
tier1_seen_conditions,CVCL_0359,plate6,Isocorydine,20,20,12,0.3500270673580932,0.03482587064676617,True,0.864406779661017
tier1_seen_conditions,CVCL_0359,plate6,Raltitrexed,12,12,12,0.19972727301644255,0.03482587064676617,True,0.4915254237288136
tier1_seen_conditions,CVCL_1119,plate6,Tofacitinib (citrate),17,17,12,0.4227979200997467,0.03482587064676617,True,0.7068965517241379
tier1_seen_conditions,CVCL_1119,plate6,Darinaparsin,18,18,12,0.24845566400569297,0.024875621890547265,True,0.5344827586206896
tier1_seen_conditions,CVCL_1119,plate6,Vilanterol,21,21,12,0.06592927612240906,0.21890547263681592,False,0.6724137931034483
tier1_seen_conditions,CVCL_1119,plate6,Lenalidomide (hemihydrate),18,18,12,-0.024410293198592115,0.572139303482587,False,0.5517241379310345
tier1_seen_conditions,CVCL_1119,plate6,Pentamidine (isethionate),20,20,12,0.020173481672868476,0.3880597014925373,False,0.5344827586206896
tier1_seen_conditions,CVCL_1119,plate6,Adenosine,13,13,12,0.08423857033363014,0.1691542288557214,False,0.3793103448275862
tier1_seen_conditions,CVCL_1119,plate6,Sulfisoxazole,29,29,12,0.1957789366894751,0.024875621890547265,True,0.9137931034482759
tier1_seen_conditions,CVCL_1119,plate6,Norepinephrine (hydrochloride),26,26,12,0.1456271109598859,0.07462686567164178,False,1.0
tier1_seen_conditions,CVCL_1119,plate6,Mitoxantrone (dihydrochloride),14,14,12,0.15860906773587402,0.1044776119402985,False,0.8448275862068966
tier1_seen_conditions,CVCL_1119,plate6,Busulfan,19,19,12,-0.10244094742436083,0.8258706467661692,False,0.4482758620689655
tier1_seen_conditions,CVCL_1119,plate6,Radotinib,13,13,12,0.027613553130052537,0.35323383084577115,False,0.20689655172413793
tier1_seen_conditions,CVCL_1119,plate6,Docetaxel,20,20,12,0.09281741802931265,0.17412935323383086,False,0.8448275862068966
tier1_seen_conditions,CVCL_1119,plate6,Triclosan,19,19,12,-0.06318922404061666,0.6965174129353234,False,0.4482758620689655
tier1_seen_conditions,CVCL_1119,plate6,Tucidinostat,27,27,12,0.19466111052987145,0.014925373134328358,True,1.0
tier1_seen_conditions,CVCL_1119,plate6,Allantoin,26,26,12,0.1630512577077976,0.01990049751243781,True,0.8793103448275862
tier1_seen_conditions,CVCL_1119,plate6,Rimonabant,27,27,12,0.11851875830680925,0.09950248756218906,False,0.7586206896551724
tier1_seen_conditions,CVCL_1119,plate6,Pentagastrin,28,28,12,0.09861074632487465,0.1791044776119403,False,0.7586206896551724
tier1_seen_conditions,CVCL_1119,plate6,Lumateperone (tosylate),26,26,12,-0.005155435172152778,0.4527363184079602,False,0.7413793103448276
tier1_seen_conditions,CVCL_1119,plate6,Hexylresorcinol,28,28,12,0.08338021114759009,0.11442786069651742,False,1.0
tier1_seen_conditions,CVCL_1119,plate6,Berberine (chloride hydrate),29,29,12,0.10119157602467332,0.11940298507462686,False,0.9137931034482759
tier1_seen_conditions,CVCL_1119,plate6,Medroxyprogesterone acetate,26,26,12,-0.030954079994645056,0.527363184079602,False,0.9655172413793104
tier1_seen_conditions,CVCL_1119,plate6,Neratinib (maleate),26,26,12,0.19642731284749892,0.03482587064676617,True,0.9310344827586207
tier1_seen_conditions,CVCL_1119,plate6,Sinomenine,27,27,12,0.1612152956519246,0.06467661691542288,False,0.8448275862068966
tier1_seen_conditions,CVCL_1119,plate6,Goserelin (acetate),27,27,12,0.04737917960291682,0.23880597014925373,False,0.8793103448275862
tier1_seen_conditions,CVCL_1119,plate6,Balsalazide (sodium hydrate),28,28,12,0.1808828570320351,0.07960199004975124,False,0.9827586206896551
tier1_seen_conditions,CVCL_1119,plate6,Cloxacillin (sodium),24,24,12,0.04516377339752964,0.3283582089552239,False,0.6551724137931034
tier1_seen_conditions,CVCL_1119,plate6,Pyridoxine (hydrochloride),27,27,12,0.11121624691391219,0.07960199004975124,False,0.8275862068965517
tier1_seen_conditions,CVCL_1119,plate6,Folic acid,26,26,12,0.24356867798632642,0.03482587064676617,True,0.7068965517241379
tier1_seen_conditions,CVCL_1119,plate6,Selinexor,25,25,12,0.3208503036989292,0.004975124378109453,True,1.0
tier1_seen_conditions,CVCL_1119,plate6,Adenine,27,27,12,0.15712874239398822,0.03980099502487562,True,0.6724137931034483
tier1_seen_conditions,CVCL_1119,plate6,Gallic acid,28,28,12,0.04871007834483976,0.263681592039801,False,0.9482758620689655
tier1_seen_conditions,CVCL_1119,plate6,Amsacrine,29,29,12,0.05077437223799208,0.29850746268656714,False,0.9655172413793104
tier1_seen_conditions,CVCL_1119,plate6,Adagrasib,27,27,12,0.11916212313893482,0.08955223880597014,False,0.5517241379310345
tier1_seen_conditions,CVCL_1119,plate6,8-Hydroxyquinoline,23,23,12,0.012002357147158804,0.4577114427860697,False,0.6551724137931034
tier1_seen_conditions,CVCL_1119,plate6,S-Adenosyl-L-methionine (disulfate tosylate),12,12,12,0.09856608914967069,0.18407960199004975,False,0.41379310344827586
tier1_seen_conditions,CVCL_1119,plate6,Ritonavir,23,23,12,-0.00018429239087147664,0.472636815920398,False,0.9482758620689655
tier1_seen_conditions,CVCL_1119,plate6,Ciclopirox,20,20,12,0.22835865767687302,0.004975124378109453,True,0.7758620689655172
tier1_seen_conditions,CVCL_1119,plate6,Bergenin,29,29,12,-0.04035816214040544,0.6019900497512438,False,0.9827586206896551
tier1_seen_conditions,CVCL_1119,plate6,Relugolix,29,29,12,0.16113389245989396,0.04477611940298507,True,0.9310344827586207
tier1_seen_conditions,CVCL_1119,plate6,Artesunate,27,27,12,-0.07666919424647567,0.7412935323383084,False,0.9137931034482759
tier1_seen_conditions,CVCL_1119,plate6,Olanzapine,26,26,12,0.06563966738686489,0.26865671641791045,False,1.0
tier1_seen_conditions,CVCL_1119,plate6,Homoharringtonine,20,20,12,1.8832468793206232,0.004975124378109453,True,1.0
tier1_seen_conditions,CVCL_1119,plate6,Retinoic acid,12,12,12,0.20123577914865898,0.07462686567164178,False,0.3620689655172414
tier1_seen_conditions,CVCL_1119,plate6,Riluzole hydrochloride,13,13,12,0.29252092983920974,0.029850746268656716,True,0.27586206896551724
tier1_seen_conditions,CVCL_1119,plate6,Isocorydine,12,12,12,0.3268801522216638,0.014925373134328358,True,0.29310344827586204
tier1_seen_conditions,CVCL_1119,plate6,Raltitrexed,17,17,12,0.3946875953376736,0.004975124378109453,True,0.6724137931034483
tier1_seen_conditions,CVCL_1098,plate6,Lenalidomide (hemihydrate),14,14,12,0.09942529591646654,0.17412935323383086,False,0.49019607843137253
tier1_seen_conditions,CVCL_1098,plate6,Ritonavir,22,22,12,0.09487549265227457,0.13930348258706468,False,0.9411764705882353
tier1_seen_conditions,CVCL_1098,plate6,Adenosine,20,20,12,0.11856346824554898,0.11442786069651742,False,0.8823529411764706
tier1_seen_conditions,CVCL_1098,plate6,Norepinephrine (hydrochloride),19,19,12,0.3301980107379041,0.014925373134328358,True,0.6078431372549019
tier1_seen_conditions,CVCL_1098,plate6,Demeclocycline,20,20,12,0.28045591313046003,0.024875621890547265,True,0.6078431372549019
tier1_seen_conditions,CVCL_1098,plate6,Radotinib,14,14,12,0.12042435754359637,0.12437810945273632,False,0.45098039215686275
tier1_seen_conditions,CVCL_1098,plate6,Bergenin,25,25,12,0.11243722233539621,0.09950248756218906,False,0.9803921568627451
tier1_seen_conditions,CVCL_1098,plate6,Allantoin,28,28,12,0.17126973677314972,0.04477611940298507,True,1.0
tier1_seen_conditions,CVCL_1098,plate6,Bimatoprost,14,14,12,0.06814670099523212,0.20398009950248755,False,0.3333333333333333
tier1_seen_conditions,CVCL_1098,plate6,Triamcinolone,25,25,12,-0.05850262386618965,0.7412935323383084,False,0.9215686274509803
tier1_seen_conditions,CVCL_1098,plate6,Olanzapine,27,27,12,0.014998644999449695,0.39303482587064675,False,0.7058823529411765
tier1_seen_conditions,CVCL_1098,plate6,Lumateperone (tosylate),24,24,12,0.320447236533008,0.004975124378109453,True,0.9019607843137255
tier1_seen_conditions,CVCL_1098,plate6,Relugolix,26,26,12,0.4599783597110072,0.009950248756218905,True,0.8431372549019608
tier1_seen_conditions,CVCL_1098,plate6,Homoharringtonine,28,28,12,0.915751722378376,0.004975124378109453,True,1.0
tier1_seen_conditions,CVCL_1098,plate6,Hexylresorcinol,28,28,12,0.5486693778309686,0.004975124378109453,True,0.9607843137254902
tier1_seen_conditions,CVCL_1098,plate6,Berberine (chloride hydrate),29,29,12,0.24748821217426098,0.009950248756218905,True,0.9607843137254902
tier1_seen_conditions,CVCL_1098,plate6,Neratinib (maleate),26,26,12,0.18485587533822034,0.03980099502487562,True,0.8235294117647058
tier1_seen_conditions,CVCL_1098,plate6,Sinomenine,25,25,12,0.17494498615333498,0.07462686567164178,False,0.9019607843137255
tier1_seen_conditions,CVCL_1098,plate6,Goserelin (acetate),25,25,12,0.4401077054205693,0.009950248756218905,True,0.803921568627451
tier1_seen_conditions,CVCL_1098,plate6,Fusidic acid,27,27,12,0.0489352680599211,0.3034825870646766,False,0.6274509803921569
tier1_seen_conditions,CVCL_1098,plate6,Artesunate,26,26,12,0.0803160922953019,0.15920398009950248,False,1.0
tier1_seen_conditions,CVCL_1098,plate6,Pyridoxine (hydrochloride),28,28,12,0.1670807153417364,0.04975124378109453,True,0.7058823529411765
tier1_seen_conditions,CVCL_1098,plate6,Folic acid,28,28,12,0.08515201865888677,0.16417910447761194,False,0.9803921568627451
tier1_seen_conditions,CVCL_1098,plate6,Selinexor,26,26,12,0.17185648919413232,0.024875621890547265,True,0.8823529411764706
tier1_seen_conditions,CVCL_1098,plate6,Adenine,27,27,12,0.5340462032868043,0.004975124378109453,True,0.7843137254901961
tier1_seen_conditions,CVCL_1098,plate6,Gallic acid,24,24,12,0.28150411509353823,0.014925373134328358,True,0.7450980392156863
tier1_seen_conditions,CVCL_1098,plate6,8-Hydroxyquinoline,28,28,12,-0.07611084723018635,0.8407960199004975,False,0.8431372549019608
tier1_seen_conditions,CVCL_1098,plate6,S-Adenosyl-L-methionine (disulfate tosylate),12,12,12,0.03426392664290745,0.3283582089552239,False,0.2549019607843137
tier1_seen_conditions,CVCL_1098,plate6,Resveratrol,16,16,12,0.2917071395010957,0.03482587064676617,True,0.37254901960784315
tier1_seen_conditions,CVCL_1098,plate6,Rapamycin,15,15,12,0.3543548674823711,0.01990049751243781,True,0.49019607843137253
tier1_seen_conditions,CVCL_1098,plate6,Thymol,16,16,12,0.057538487437064134,0.23880597014925373,False,0.47058823529411764
tier1_seen_conditions,CVCL_1098,plate6,Darinaparsin,14,14,12,-0.04007547811956158,0.6716417910447762,False,0.6862745098039216
tier1_seen_conditions,CVCL_1098,plate6,Docetaxel,22,22,12,0.19553072461603982,0.029850746268656716,True,0.7647058823529411
tier1_seen_conditions,CVCL_1098,plate6,Tucidinostat,15,15,12,0.21054736563740484,0.014925373134328358,True,0.9019607843137255
tier1_seen_conditions,CVCL_1098,plate6,Rimonabant,27,27,12,0.049303411498170746,0.21890547263681592,False,0.9411764705882353
tier1_seen_conditions,CVCL_1098,plate6,Vilanterol,12,12,12,0.06433843082590407,0.22388059701492538,False,0.21568627450980393
tier1_seen_conditions,CVCL_1098,plate6,Busulfan,17,17,12,0.22851386109602778,0.03482587064676617,True,0.39215686274509803
tier1_seen_conditions,CVCL_1098,plate6,Triclosan,27,27,12,0.11622663204389738,0.13930348258706468,False,0.9607843137254902
tier1_seen_conditions,CVCL_1098,plate6,Amsacrine,17,17,12,-0.02351374084825153,0.5373134328358209,False,0.5882352941176471
tier1_seen_conditions,CVCL_1098,plate6,Chlorhexidine (diacetate),12,12,12,-0.0330644148536674,0.6467661691542289,False,0.19607843137254902
tier1_seen_conditions,CVCL_1098,plate6,Retinoic acid,19,19,12,0.7668641717093934,0.004975124378109453,True,0.7843137254901961
tier1_seen_conditions,CVCL_1098,plate6,Cysteamine (hydrochloride),17,17,12,0.6296592406858981,0.009950248756218905,True,0.7058823529411765
tier1_seen_conditions,CVCL_1098,plate6,Isocorydine,14,14,12,0.7822613309309236,0.004975124378109453,True,0.5294117647058824
tier1_seen_conditions,CVCL_1098,plate6,Raltitrexed,22,22,12,0.42197720372142555,0.014925373134328358,True,0.7843137254901961
tier1_seen_conditions,CVCL_0480,plate6,Tofacitinib (citrate),22,22,12,0.3463734016542368,0.029850746268656716,True,0.8166666666666667
tier1_seen_conditions,CVCL_0480,plate6,Thymol,20,20,12,0.21810279586125603,0.01990049751243781,True,0.65
tier1_seen_conditions,CVCL_0480,plate6,Darinaparsin,23,23,12,0.5140235953824153,0.004975124378109453,True,0.6666666666666666
tier1_seen_conditions,CVCL_0480,plate6,Lenalidomide (hemihydrate),28,28,12,0.08780517857589842,0.15422885572139303,False,0.9833333333333333
tier1_seen_conditions,CVCL_0480,plate6,Ritonavir,27,27,12,0.06480626183178018,0.24378109452736318,False,0.9833333333333333
tier1_seen_conditions,CVCL_0480,plate6,Pentamidine (isethionate),27,27,12,0.33652133678316254,0.004975124378109453,True,1.0
tier1_seen_conditions,CVCL_0480,plate6,Adenosine,17,17,12,0.25765840542538854,0.024875621890547265,True,0.26666666666666666
tier1_seen_conditions,CVCL_0480,plate6,Sulfisoxazole,26,26,12,0.17073801912176378,0.0845771144278607,False,0.6166666666666667
tier1_seen_conditions,CVCL_0480,plate6,Norepinephrine (hydrochloride),27,27,12,0.03548419935486535,0.3681592039800995,False,0.7666666666666667
tier1_seen_conditions,CVCL_0480,plate6,Ciclopirox,28,28,12,0.13013156289704497,0.05970149253731343,False,0.9666666666666667
tier1_seen_conditions,CVCL_0480,plate6,Lidocaine (hydrochloride),23,23,12,0.13648434923130637,0.10945273631840796,False,0.8833333333333333
tier1_seen_conditions,CVCL_0480,plate6,Busulfan,27,27,12,0.13482444587046416,0.1044776119402985,False,0.9166666666666666
tier1_seen_conditions,CVCL_0480,plate6,Radotinib,26,26,12,0.18372039973485066,0.04477611940298507,True,0.9666666666666667
tier1_seen_conditions,CVCL_0480,plate6,Triclosan,27,27,12,0.2780927437607623,0.004975124378109453,True,0.95
tier1_seen_conditions,CVCL_0480,plate6,Tucidinostat,24,24,12,0.19363036972919545,0.03482587064676617,True,0.7333333333333333
tier1_seen_conditions,CVCL_0480,plate6,Bergenin,25,25,12,0.06917826689720741,0.27860696517412936,False,0.55
tier1_seen_conditions,CVCL_0480,plate6,Bimatoprost,25,25,12,0.37349503499507897,0.004975124378109453,True,0.8
tier1_seen_conditions,CVCL_0480,plate6,Triamcinolone,26,26,12,0.39720437314942814,0.004975124378109453,True,0.8333333333333334
tier1_seen_conditions,CVCL_0480,plate6,Olanzapine,27,27,12,0.27546060747195433,0.014925373134328358,True,0.8333333333333334
tier1_seen_conditions,CVCL_0480,plate6,Pentagastrin,27,27,12,0.6374217553529284,0.004975124378109453,True,0.7833333333333333
tier1_seen_conditions,CVCL_0480,plate6,Lumateperone (tosylate),28,28,12,0.35046154894923554,0.004975124378109453,True,0.9833333333333333
tier1_seen_conditions,CVCL_0480,plate6,Relugolix,23,23,12,0.665354805004597,0.004975124378109453,True,1.0
tier1_seen_conditions,CVCL_0480,plate6,Homoharringtonine,20,20,12,1.579663005091902,0.004975124378109453,True,1.0
tier1_seen_conditions,CVCL_0480,plate6,Hexylresorcinol,28,28,12,0.17412465084417583,0.05472636815920398,False,1.0
tier1_seen_conditions,CVCL_0480,plate6,Berberine (chloride hydrate),28,28,12,0.24387479032975534,0.009950248756218905,True,0.8666666666666667
tier1_seen_conditions,CVCL_0480,plate6,Medroxyprogesterone acetate,28,28,12,0.17719367152864152,0.03482587064676617,True,0.85
tier1_seen_conditions,CVCL_0480,plate6,Neratinib (maleate),29,29,12,0.1818531513611621,0.024875621890547265,True,0.9833333333333333
tier1_seen_conditions,CVCL_0480,plate6,Sinomenine,26,26,12,0.2013388995777703,0.04975124378109453,True,0.6166666666666667
tier1_seen_conditions,CVCL_0480,plate6,Goserelin (acetate),25,25,12,0.4813480046831149,0.004975124378109453,True,0.8166666666666667
tier1_seen_conditions,CVCL_0480,plate6,Fusidic acid,27,27,12,0.6099293205558638,0.004975124378109453,True,0.95
tier1_seen_conditions,CVCL_0480,plate6,Balsalazide (sodium hydrate),27,27,12,0.616368037534679,0.004975124378109453,True,0.7333333333333333
tier1_seen_conditions,CVCL_0480,plate6,Artesunate,22,22,12,0.19213839848494452,0.03482587064676617,True,0.7
tier1_seen_conditions,CVCL_0480,plate6,Pyridoxine (hydrochloride),26,26,12,0.510441230498504,0.004975124378109453,True,0.8833333333333333
tier1_seen_conditions,CVCL_0480,plate6,Folic acid,25,25,12,0.6930618816734544,0.004975124378109453,True,0.6666666666666666
tier1_seen_conditions,CVCL_0480,plate6,Selinexor,26,26,12,0.23156274962840584,0.03980099502487562,True,1.0
tier1_seen_conditions,CVCL_0480,plate6,Adenine,26,26,12,0.3948165716338803,0.004975124378109453,True,0.9
tier1_seen_conditions,CVCL_0480,plate6,Gallic acid,29,29,12,0.43213360157955805,0.009950248756218905,True,1.0
tier1_seen_conditions,CVCL_0480,plate6,Adagrasib,25,25,12,0.29682777788669057,0.03980099502487562,True,0.8
tier1_seen_conditions,CVCL_0480,plate6,8-Hydroxyquinoline,26,26,12,0.3448986924513555,0.004975124378109453,True,0.9
tier1_seen_conditions,CVCL_0480,plate6,Idarubicin (hydrochloride),17,17,12,0.4982707313202308,0.004975124378109453,True,0.45
tier1_seen_conditions,CVCL_0480,plate6,Resveratrol,16,16,12,0.12742409245122133,0.08955223880597014,False,0.55
tier1_seen_conditions,CVCL_0480,plate6,Rapamycin,15,15,12,0.3083049136898772,0.009950248756218905,True,0.31666666666666665
tier1_seen_conditions,CVCL_0480,plate6,Vilanterol,27,27,12,0.1632046337133648,0.08955223880597014,False,0.6666666666666666
tier1_seen_conditions,CVCL_0480,plate6,Mitoxantrone (dihydrochloride),12,12,12,0.3192658307841789,0.03980099502487562,True,0.7166666666666667
tier1_seen_conditions,CVCL_0480,plate6,Allantoin,28,28,12,0.07239112555472715,0.19402985074626866,False,0.9833333333333333
tier1_seen_conditions,CVCL_0480,plate6,Rimonabant,28,28,12,0.49339148843358416,0.004975124378109453,True,0.8833333333333333
tier1_seen_conditions,CVCL_0480,plate6,Cloxacillin (sodium),29,29,12,0.17902235452810444,0.04975124378109453,True,1.0
tier1_seen_conditions,CVCL_0480,plate6,Demeclocycline,25,25,12,0.030834330009414046,0.29850746268656714,False,0.8666666666666667
tier1_seen_conditions,CVCL_0480,plate6,Docetaxel,16,16,12,0.25112374855244823,0.03482587064676617,True,0.6666666666666666
tier1_seen_conditions,CVCL_0480,plate6,Amsacrine,24,24,12,0.2800472646670098,0.014925373134328358,True,0.9333333333333333
tier1_seen_conditions,CVCL_0480,plate6,Chlorhexidine (diacetate),14,14,12,0.31204493068333683,0.009950248756218905,True,0.3
tier1_seen_conditions,CVCL_0480,plate6,Trifluridine,14,14,12,0.14572602785627176,0.07462686567164178,False,0.16666666666666666
tier1_seen_conditions,CVCL_0480,plate6,Retinoic acid,14,14,12,0.2222881976792479,0.03482587064676617,True,0.21666666666666667
tier1_seen_conditions,CVCL_0480,plate6,Riluzole hydrochloride,18,18,12,0.22972550788332669,0.029850746268656716,True,0.48333333333333334
tier1_seen_conditions,CVCL_0023,plate6,Tofacitinib (citrate),18,18,12,0.23909858529216343,0.004975124378109453,True,0.5
tier1_seen_conditions,CVCL_0023,plate6,Vilanterol,25,25,12,0.09742152616334465,0.12935323383084577,False,0.9333333333333333
tier1_seen_conditions,CVCL_0023,plate6,Ritonavir,27,27,12,0.00943608642664806,0.4527363184079602,False,1.0
tier1_seen_conditions,CVCL_0023,plate6,Norepinephrine (hydrochloride),26,26,12,0.17912949175162396,0.029850746268656716,True,0.9333333333333333
tier1_seen_conditions,CVCL_0023,plate6,Ciclopirox,26,26,12,0.40026857293972995,0.004975124378109453,True,0.8666666666666667
tier1_seen_conditions,CVCL_0023,plate6,Busulfan,25,25,12,0.2883395499713508,0.004975124378109453,True,0.8333333333333334
tier1_seen_conditions,CVCL_0023,plate6,Cepharanthine,14,14,12,0.4957245108330426,0.004975124378109453,True,0.2
tier1_seen_conditions,CVCL_0023,plate6,Radotinib,25,25,12,0.3944497372880065,0.004975124378109453,True,0.95
tier1_seen_conditions,CVCL_0023,plate6,Docetaxel,23,23,12,0.8215132626563229,0.004975124378109453,True,0.7833333333333333
tier1_seen_conditions,CVCL_0023,plate6,Triclosan,26,26,12,0.34794480042721965,0.014925373134328358,True,0.8
tier1_seen_conditions,CVCL_0023,plate6,Tucidinostat,27,27,12,0.3278778733829384,0.004975124378109453,True,1.0
tier1_seen_conditions,CVCL_0023,plate6,Bergenin,25,25,12,0.18862801841777177,0.024875621890547265,True,0.8666666666666667
tier1_seen_conditions,CVCL_0023,plate6,Bimatoprost,25,25,12,0.37088601102979446,0.004975124378109453,True,0.7
tier1_seen_conditions,CVCL_0023,plate6,Olanzapine,23,23,12,0.4345377866452633,0.004975124378109453,True,0.4666666666666667
tier1_seen_conditions,CVCL_0023,plate6,Rimonabant,25,25,12,0.5720821996672409,0.004975124378109453,True,0.43333333333333335
tier1_seen_conditions,CVCL_0023,plate6,Pentagastrin,27,27,12,0.8604811232404508,0.004975124378109453,True,0.9333333333333333
tier1_seen_conditions,CVCL_0023,plate6,Lumateperone (tosylate),28,28,12,0.46376324941327596,0.004975124378109453,True,0.75
tier1_seen_conditions,CVCL_0023,plate6,Relugolix,28,28,12,0.7329454398235473,0.004975124378109453,True,0.8833333333333333
tier1_seen_conditions,CVCL_0023,plate6,Homoharringtonine,28,28,12,1.9943526502860731,0.004975124378109453,True,1.0
tier1_seen_conditions,CVCL_0023,plate6,Hexylresorcinol,26,26,12,0.531934877549384,0.004975124378109453,True,0.95
tier1_seen_conditions,CVCL_0023,plate6,Berberine (chloride hydrate),24,24,12,0.42768638764465017,0.004975124378109453,True,0.7166666666666667
tier1_seen_conditions,CVCL_0023,plate6,Neratinib (maleate),29,29,12,0.8714654526200203,0.004975124378109453,True,1.0
tier1_seen_conditions,CVCL_0023,plate6,Goserelin (acetate),27,27,12,0.7268011408838682,0.004975124378109453,True,0.7166666666666667
tier1_seen_conditions,CVCL_0023,plate6,Fusidic acid,29,29,12,0.6634597758763103,0.004975124378109453,True,0.9
tier1_seen_conditions,CVCL_0023,plate6,Balsalazide (sodium hydrate),27,27,12,1.005732985384821,0.004975124378109453,True,0.9666666666666667
tier1_seen_conditions,CVCL_0023,plate6,Cloxacillin (sodium),26,26,12,0.6597172410290923,0.004975124378109453,True,0.95
tier1_seen_conditions,CVCL_0023,plate6,Artesunate,27,27,12,0.6865592598401253,0.004975124378109453,True,0.95
tier1_seen_conditions,CVCL_0023,plate6,Pyridoxine (hydrochloride),26,26,12,0.5353827371099715,0.004975124378109453,True,0.9166666666666666
tier1_seen_conditions,CVCL_0023,plate6,Folic acid,29,29,12,0.8775242761669286,0.004975124378109453,True,0.8833333333333333
tier1_seen_conditions,CVCL_0023,plate6,Selinexor,28,28,12,0.21791969910925424,0.009950248756218905,True,1.0
tier1_seen_conditions,CVCL_0023,plate6,Adenine,29,29,12,0.9509471878988105,0.004975124378109453,True,0.75
tier1_seen_conditions,CVCL_0023,plate6,Gallic acid,28,28,12,0.6120593237464806,0.004975124378109453,True,0.8833333333333333
tier1_seen_conditions,CVCL_0023,plate6,Adagrasib,27,27,12,0.16104405681772604,0.08955223880597014,False,0.9166666666666666
tier1_seen_conditions,CVCL_0023,plate6,8-Hydroxyquinoline,27,27,12,0.6589830871285525,0.004975124378109453,True,0.8833333333333333
tier1_seen_conditions,CVCL_0023,plate6,Terfenadine,14,14,12,0.30798172940466984,0.004975124378109453,True,0.38333333333333336
tier1_seen_conditions,CVCL_0023,plate6,Elagolix sodium,14,14,12,0.26167924503931417,0.004975124378109453,True,0.7333333333333333
tier1_seen_conditions,CVCL_0023,plate6,Resveratrol,17,17,12,0.46925155845921473,0.004975124378109453,True,0.4166666666666667
tier1_seen_conditions,CVCL_0023,plate6,Rapamycin,17,17,12,0.4722427731124146,0.004975124378109453,True,0.38333333333333336
tier1_seen_conditions,CVCL_0023,plate6,Thymol,20,20,12,0.279199147525409,0.004975124378109453,True,0.7166666666666667
tier1_seen_conditions,CVCL_0023,plate6,Darinaparsin,15,15,12,0.5277008600779212,0.004975124378109453,True,0.45
tier1_seen_conditions,CVCL_0023,plate6,Adenosine,19,19,12,0.3669490668763391,0.004975124378109453,True,0.4666666666666667
tier1_seen_conditions,CVCL_0023,plate6,Sulfisoxazole,28,28,12,0.48520849642296326,0.004975124378109453,True,0.9
tier1_seen_conditions,CVCL_0023,plate6,Triamcinolone,27,27,12,0.566014873389797,0.004975124378109453,True,1.0
tier1_seen_conditions,CVCL_0023,plate6,Sinomenine,27,27,12,0.6695113014857945,0.004975124378109453,True,0.6333333333333333
tier1_seen_conditions,CVCL_0023,plate6,Lenalidomide (hemihydrate),28,28,12,0.23945331920338297,0.024875621890547265,True,0.8666666666666667
tier1_seen_conditions,CVCL_0023,plate6,Pentamidine (isethionate),28,28,12,0.275928198765234,0.009950248756218905,True,1.0
tier1_seen_conditions,CVCL_0023,plate6,Lidocaine (hydrochloride),23,23,12,0.09464231162973924,0.13432835820895522,False,1.0
tier1_seen_conditions,CVCL_0023,plate6,Amsacrine,17,17,12,0.6765487173897142,0.004975124378109453,True,0.45
tier1_seen_conditions,CVCL_0023,plate6,Chlorhexidine (diacetate),15,15,12,0.8874590713485375,0.004975124378109453,True,0.3
tier1_seen_conditions,CVCL_0023,plate6,Cysteamine (hydrochloride),20,20,12,0.6626093152459855,0.004975124378109453,True,0.95
tier1_seen_conditions,CVCL_0023,plate6,Pasireotide (acetate),14,14,12,0.867572998184782,0.004975124378109453,True,0.38333333333333336
tier1_seen_conditions,CVCL_0023,plate6,Riluzole hydrochloride,18,18,12,0.8910583892721231,0.004975124378109453,True,0.4666666666666667
tier1_seen_conditions,CVCL_0023,plate6,Raltitrexed,24,24,12,0.7275965545911696,0.004975124378109453,True,0.6666666666666666
tier1_seen_conditions,CVCL_0504,plate6,Tofacitinib (citrate),12,12,12,0.0998617049839936,0.14427860696517414,False,0.2
tier1_seen_conditions,CVCL_0504,plate6,Thymol,23,23,12,0.10413321509130036,0.0845771144278607,False,0.34545454545454546
tier1_seen_conditions,CVCL_0504,plate6,Darinaparsin,16,16,12,0.21927202408392432,0.009950248756218905,True,0.32727272727272727
tier1_seen_conditions,CVCL_0504,plate6,Lenalidomide (hemihydrate),27,27,12,-0.06082588563577396,0.8059701492537313,False,0.8545454545454545
tier1_seen_conditions,CVCL_0504,plate6,Ritonavir,28,28,12,0.009044793053618605,0.472636815920398,False,0.7454545454545455
tier1_seen_conditions,CVCL_0504,plate6,Adenosine,27,27,12,0.288623409626501,0.014925373134328358,True,0.8545454545454545
tier1_seen_conditions,CVCL_0504,plate6,Sulfisoxazole,26,26,12,-0.11789080786217632,0.9253731343283582,False,0.9636363636363636
tier1_seen_conditions,CVCL_0504,plate6,Norepinephrine (hydrochloride),27,27,12,0.017254462054777875,0.39800995024875624,False,1.0
tier1_seen_conditions,CVCL_0504,plate6,Ciclopirox,25,25,12,0.10718240029270554,0.14427860696517414,False,0.8545454545454545
tier1_seen_conditions,CVCL_0504,plate6,Lidocaine (hydrochloride),28,28,12,0.016234174000409496,0.43781094527363185,False,0.9636363636363636
tier1_seen_conditions,CVCL_0504,plate6,Demeclocycline,20,20,12,0.04739411031258811,0.25870646766169153,False,0.8545454545454545
tier1_seen_conditions,CVCL_0504,plate6,Triclosan,26,26,12,0.003155186260940468,0.46766169154228854,False,0.9818181818181818
tier1_seen_conditions,CVCL_0504,plate6,Bergenin,24,24,12,0.19424833684958287,0.024875621890547265,True,0.7454545454545455
tier1_seen_conditions,CVCL_0504,plate6,Allantoin,26,26,12,0.11187299404556761,0.09950248756218906,False,0.8181818181818182
tier1_seen_conditions,CVCL_0504,plate6,Rimonabant,27,27,12,0.24010599645333564,0.014925373134328358,True,0.9272727272727272
tier1_seen_conditions,CVCL_0504,plate6,Pentagastrin,29,29,12,0.3067471061768714,0.004975124378109453,True,1.0
tier1_seen_conditions,CVCL_0504,plate6,Lumateperone (tosylate),28,28,12,0.22807619737024432,0.004975124378109453,True,0.8545454545454545
tier1_seen_conditions,CVCL_0504,plate6,Relugolix,24,24,12,0.23594450867218697,0.01990049751243781,True,0.7636363636363637
tier1_seen_conditions,CVCL_0504,plate6,Hexylresorcinol,26,26,12,0.1091217763287915,0.06467661691542288,False,0.8
tier1_seen_conditions,CVCL_0504,plate6,Berberine (chloride hydrate),27,27,12,-0.0006897735202446853,0.46766169154228854,False,0.8181818181818182
tier1_seen_conditions,CVCL_0504,plate6,Medroxyprogesterone acetate,29,29,12,0.0415511456639468,0.3034825870646766,False,0.9272727272727272
tier1_seen_conditions,CVCL_0504,plate6,Neratinib (maleate),25,25,12,0.2889168535270574,0.009950248756218905,True,0.8909090909090909
tier1_seen_conditions,CVCL_0504,plate6,Goserelin (acetate),29,29,12,0.17968797712642726,0.04477611940298507,True,0.7090909090909091
tier1_seen_conditions,CVCL_0504,plate6,Fusidic acid,24,24,12,-0.03556500357921877,0.6218905472636815,False,0.7636363636363637
tier1_seen_conditions,CVCL_0504,plate6,Cloxacillin (sodium),28,28,12,0.0582912762512553,0.23880597014925373,False,0.8909090909090909
tier1_seen_conditions,CVCL_0504,plate6,Artesunate,25,25,12,-0.018029785332945636,0.6019900497512438,False,0.5636363636363636
tier1_seen_conditions,CVCL_0504,plate6,Pyridoxine (hydrochloride),26,26,12,0.301421303528004,0.004975124378109453,True,1.0
tier1_seen_conditions,CVCL_0504,plate6,Selinexor,24,24,12,0.36093710004787916,0.004975124378109453,True,0.8363636363636363
tier1_seen_conditions,CVCL_0504,plate6,Adenine,29,29,12,0.2576791997113883,0.014925373134328358,True,0.6727272727272727
tier1_seen_conditions,CVCL_0504,plate6,Gallic acid,28,28,12,0.11830812984994488,0.0945273631840796,False,0.9090909090909091
tier1_seen_conditions,CVCL_0504,plate6,Amsacrine,15,15,12,0.3192283320802627,0.009950248756218905,True,0.18181818181818182
tier1_seen_conditions,CVCL_0504,plate6,Adagrasib,27,27,12,0.07434642324293783,0.24378109452736318,False,0.9454545454545454
tier1_seen_conditions,CVCL_0504,plate6,8-Hydroxyquinoline,27,27,12,0.22387340733682848,0.029850746268656716,True,0.7272727272727273
tier1_seen_conditions,CVCL_0504,plate6,S-Adenosyl-L-methionine (disulfate tosylate),20,20,12,0.054387700020043894,0.31343283582089554,False,0.43636363636363634
tier1_seen_conditions,CVCL_0504,plate6,Elagolix sodium,22,22,12,0.06184515098164489,0.22388059701492538,False,0.7090909090909091
tier1_seen_conditions,CVCL_0504,plate6,Vilanterol,21,21,12,0.11189036698922905,0.08955223880597014,False,0.8
tier1_seen_conditions,CVCL_0504,plate6,Radotinib,25,25,12,0.08347127488660355,0.12935323383084577,False,1.0
tier1_seen_conditions,CVCL_0504,plate6,Tucidinostat,25,25,12,0.21651922845827087,0.009950248756218905,True,1.0
tier1_seen_conditions,CVCL_0504,plate6,Olanzapine,29,29,12,0.06163376645271157,0.17412935323383086,False,0.8727272727272727
tier1_seen_conditions,CVCL_0504,plate6,Sinomenine,28,28,12,0.04089532976057164,0.25870646766169153,False,0.9272727272727272
tier1_seen_conditions,CVCL_0504,plate6,Balsalazide (sodium hydrate),29,29,12,0.4515852056498577,0.004975124378109453,True,0.9454545454545454
tier1_seen_conditions,CVCL_0504,plate6,Pentamidine (isethionate),29,29,12,-0.06744229149410508,0.7910447761194029,False,0.9454545454545454
tier1_seen_conditions,CVCL_0504,plate6,Busulfan,28,28,12,0.1403089440317622,0.0945273631840796,False,0.9636363636363636
tier1_seen_conditions,CVCL_0504,plate6,Bimatoprost,29,29,12,0.024934595972167628,0.42786069651741293,False,0.9454545454545454
tier1_seen_conditions,CVCL_0504,plate6,Chlorhexidine (diacetate),18,18,12,0.14229789083128175,0.04975124378109453,True,0.8
tier1_seen_conditions,CVCL_0504,plate6,Cysteamine (hydrochloride),16,16,12,0.26658806757567177,0.004975124378109453,True,0.2727272727272727
tier1_seen_conditions,CVCL_0504,plate6,Pasireotide (acetate),14,14,12,0.14652095603245385,0.05472636815920398,False,0.2
tier1_seen_conditions,CVCL_0504,plate6,Raltitrexed,17,17,12,0.3965284325605136,0.009950248756218905,True,0.4
tier1_seen_conditions,CVCL_1717,plate6,Tofacitinib (citrate),17,17,12,0.07762596623842377,0.19900497512437812,False,0.4716981132075472
tier1_seen_conditions,CVCL_1717,plate6,Darinaparsin,15,15,12,0.0802354865314463,0.21393034825870647,False,0.2641509433962264
tier1_seen_conditions,CVCL_1717,plate6,Vilanterol,21,21,12,0.4066711023610825,0.03482587064676617,True,0.5094339622641509
tier1_seen_conditions,CVCL_1717,plate6,Lenalidomide (hemihydrate),25,25,12,0.326849273533826,0.01990049751243781,True,0.9433962264150944
tier1_seen_conditions,CVCL_1717,plate6,Ritonavir,18,18,12,0.15197752713282675,0.0845771144278607,False,0.8490566037735849
tier1_seen_conditions,CVCL_1717,plate6,Pentamidine (isethionate),17,17,12,0.14278624639744564,0.11940298507462686,False,0.5283018867924528
tier1_seen_conditions,CVCL_1717,plate6,Adenosine,20,20,12,0.11374569084851416,0.14427860696517414,False,0.6037735849056604
tier1_seen_conditions,CVCL_1717,plate6,Norepinephrine (hydrochloride),19,19,12,0.028079334874053785,0.40298507462686567,False,0.6226415094339622
tier1_seen_conditions,CVCL_1717,plate6,Ciclopirox,22,22,12,0.05963716439493183,0.23880597014925373,False,0.7169811320754716
tier1_seen_conditions,CVCL_1717,plate6,Lidocaine (hydrochloride),16,16,12,-0.0005693786142444424,0.4577114427860697,False,0.6037735849056604
tier1_seen_conditions,CVCL_1717,plate6,Radotinib,14,14,12,0.03336545618593334,0.2835820895522388,False,0.24528301886792453
tier1_seen_conditions,CVCL_1717,plate6,Docetaxel,12,12,12,0.1098680419418212,0.11940298507462686,False,0.4716981132075472
tier1_seen_conditions,CVCL_1717,plate6,Triclosan,25,25,12,-0.006616918448736797,0.4577114427860697,False,0.9245283018867925
tier1_seen_conditions,CVCL_1717,plate6,Bergenin,24,24,12,0.12008755360436751,0.1791044776119403,False,0.6415094339622641
tier1_seen_conditions,CVCL_1717,plate6,Allantoin,28,28,12,0.14479086966664667,0.12935323383084577,False,0.9811320754716981
tier1_seen_conditions,CVCL_1717,plate6,Triamcinolone,27,27,12,0.531331619951283,0.009950248756218905,True,0.9811320754716981
tier1_seen_conditions,CVCL_1717,plate6,Olanzapine,23,23,12,0.2287549042842354,0.06467661691542288,False,0.6037735849056604
tier1_seen_conditions,CVCL_1717,plate6,Rimonabant,27,27,12,0.1875863968079976,0.07462686567164178,False,0.5094339622641509
tier1_seen_conditions,CVCL_1717,plate6,Pentagastrin,26,26,12,0.7137109328027904,0.004975124378109453,True,0.9245283018867925
tier1_seen_conditions,CVCL_1717,plate6,Lumateperone (tosylate),25,25,12,0.5475896835462208,0.004975124378109453,True,0.8867924528301887
tier1_seen_conditions,CVCL_1717,plate6,Relugolix,24,24,12,0.13392298793245772,0.1044776119402985,False,0.7735849056603774
tier1_seen_conditions,CVCL_1717,plate6,Homoharringtonine,28,28,12,0.9820525720972721,0.004975124378109453,True,1.0
tier1_seen_conditions,CVCL_1717,plate6,Berberine (chloride hydrate),28,28,12,0.24149850787698135,0.04975124378109453,True,0.9811320754716981
tier1_seen_conditions,CVCL_1717,plate6,Neratinib (maleate),28,28,12,0.06098330978558053,0.3034825870646766,False,0.9622641509433962
tier1_seen_conditions,CVCL_1717,plate6,Sinomenine,26,26,12,0.12540227261457915,0.14427860696517414,False,1.0
tier1_seen_conditions,CVCL_1717,plate6,Fusidic acid,27,27,12,0.3769816620347015,0.029850746268656716,True,0.7924528301886793
tier1_seen_conditions,CVCL_1717,plate6,Cloxacillin (sodium),22,22,12,0.2625154198869648,0.029850746268656716,True,0.660377358490566
tier1_seen_conditions,CVCL_1717,plate6,Artesunate,27,27,12,0.30406308527692083,0.024875621890547265,True,0.9811320754716981
tier1_seen_conditions,CVCL_1717,plate6,Folic acid,26,26,12,0.6056164504957131,0.014925373134328358,True,0.660377358490566
tier1_seen_conditions,CVCL_1717,plate6,Selinexor,22,22,12,0.17022735031808267,0.06467661691542288,False,0.7547169811320755
tier1_seen_conditions,CVCL_1717,plate6,Adenine,27,27,12,0.04423915758740016,0.31840796019900497,False,0.660377358490566
tier1_seen_conditions,CVCL_1717,plate6,Gallic acid,25,25,12,0.35798033354641134,0.014925373134328358,True,0.8113207547169812
tier1_seen_conditions,CVCL_1717,plate6,Adagrasib,24,24,12,0.1792063707284104,0.10945273631840796,False,0.7169811320754716
tier1_seen_conditions,CVCL_1717,plate6,8-Hydroxyquinoline,22,22,12,0.21712422297993506,0.05472636815920398,False,0.22641509433962265
tier1_seen_conditions,CVCL_1717,plate6,S-Adenosyl-L-methionine (disulfate tosylate),12,12,12,0.1357403184863788,0.11442786069651742,False,0.32075471698113206
tier1_seen_conditions,CVCL_1717,plate6,Elagolix sodium,12,12,12,0.1179809727913721,0.0945273631840796,False,0.3018867924528302
tier1_seen_conditions,CVCL_1717,plate6,Sulfisoxazole,28,28,12,0.15521116402695867,0.1044776119402985,False,0.9811320754716981
tier1_seen_conditions,CVCL_1717,plate6,Busulfan,22,22,12,0.19202820684512112,0.12935323383084577,False,0.6792452830188679
tier1_seen_conditions,CVCL_1717,plate6,Tucidinostat,20,20,12,0.2922954483054401,0.009950248756218905,True,0.9811320754716981
tier1_seen_conditions,CVCL_1717,plate6,Hexylresorcinol,27,27,12,0.20904714062125151,0.07462686567164178,False,0.8490566037735849
tier1_seen_conditions,CVCL_1717,plate6,Pyridoxine (hydrochloride),29,29,12,0.505237231355764,0.004975124378109453,True,0.9811320754716981
tier1_seen_conditions,CVCL_1717,plate6,Demeclocycline,15,15,12,0.6674678074404881,0.009950248756218905,True,0.41509433962264153
tier1_seen_conditions,CVCL_1717,plate6,Medroxyprogesterone acetate,28,28,12,0.025193750679962434,0.31840796019900497,False,0.9622641509433962
tier1_seen_conditions,CVCL_1717,plate6,Amsacrine,23,23,12,0.4270562916743348,0.014925373134328358,True,0.6226415094339622
tier1_seen_conditions,CVCL_1547,plate6,Tofacitinib (citrate),14,14,12,0.21475259871673913,0.04975124378109453,True,0.5576923076923077
tier1_seen_conditions,CVCL_1547,plate6,Thymol,12,12,12,0.24018533244880302,0.03980099502487562,True,0.1346153846153846
tier1_seen_conditions,CVCL_1547,plate6,Pentamidine (isethionate),22,22,12,0.08828916644042906,0.14427860696517414,False,0.9423076923076923
tier1_seen_conditions,CVCL_1547,plate6,Adenosine,15,15,12,0.33036766164019404,0.03980099502487562,True,0.36538461538461536
tier1_seen_conditions,CVCL_1547,plate6,Sulfisoxazole,22,22,12,0.16056811628856593,0.05970149253731343,False,0.9423076923076923
tier1_seen_conditions,CVCL_1547,plate6,Demeclocycline,14,14,12,0.5490636937785034,0.004975124378109453,True,0.3269230769230769
tier1_seen_conditions,CVCL_1547,plate6,Busulfan,20,20,12,0.04236088818862349,0.208955223880597,False,0.8269230769230769
tier1_seen_conditions,CVCL_1547,plate6,Radotinib,12,12,12,0.1282833994775867,0.08955223880597014,False,0.46153846153846156
tier1_seen_conditions,CVCL_1547,plate6,Bergenin,29,29,12,0.20317358785453266,0.05970149253731343,False,0.8653846153846154
tier1_seen_conditions,CVCL_1547,plate6,Allantoin,24,24,12,0.013511011644656179,0.42786069651741293,False,0.9615384615384616
tier1_seen_conditions,CVCL_1547,plate6,Triamcinolone,25,25,12,0.3163274140603498,0.004975124378109453,True,0.8846153846153846
tier1_seen_conditions,CVCL_1547,plate6,Rimonabant,23,23,12,0.6076654853185897,0.004975124378109453,True,0.9807692307692307
tier1_seen_conditions,CVCL_1547,plate6,Pentagastrin,28,28,12,0.5352874652738713,0.004975124378109453,True,0.8846153846153846
tier1_seen_conditions,CVCL_1547,plate6,Relugolix,27,27,12,0.4879781761215245,0.01990049751243781,True,0.9615384615384616
tier1_seen_conditions,CVCL_1547,plate6,Hexylresorcinol,25,25,12,0.6616970888194942,0.004975124378109453,True,0.9038461538461539
tier1_seen_conditions,CVCL_1547,plate6,Berberine (chloride hydrate),26,26,12,0.1835810177327133,0.024875621890547265,True,0.7307692307692307
tier1_seen_conditions,CVCL_1547,plate6,Medroxyprogesterone acetate,26,26,12,0.053162462580537806,0.3034825870646766,False,0.9423076923076923
tier1_seen_conditions,CVCL_1547,plate6,Neratinib (maleate),27,27,12,0.48032343321567517,0.004975124378109453,True,0.9615384615384616
tier1_seen_conditions,CVCL_1547,plate6,Sinomenine,26,26,12,0.5745076651499463,0.004975124378109453,True,0.8076923076923077
tier1_seen_conditions,CVCL_1547,plate6,Goserelin (acetate),26,26,12,0.9120662574740166,0.009950248756218905,True,0.8076923076923077
tier1_seen_conditions,CVCL_1547,plate6,Fusidic acid,27,27,12,0.4717881708935394,0.004975124378109453,True,0.8269230769230769
tier1_seen_conditions,CVCL_1547,plate6,Balsalazide (sodium hydrate),27,27,12,0.3979874291328578,0.004975124378109453,True,0.8653846153846154
tier1_seen_conditions,CVCL_1547,plate6,Cloxacillin (sodium),26,26,12,0.4620864610727171,0.009950248756218905,True,0.8269230769230769
tier1_seen_conditions,CVCL_1547,plate6,Artesunate,26,26,12,0.3325953525291716,0.014925373134328358,True,0.9423076923076923
tier1_seen_conditions,CVCL_1547,plate6,Selinexor,29,29,12,0.37886282822657513,0.004975124378109453,True,1.0
tier1_seen_conditions,CVCL_1547,plate6,Adenine,26,26,12,0.7623843342654766,0.004975124378109453,True,0.8461538461538461
tier1_seen_conditions,CVCL_1547,plate6,Gallic acid,28,28,12,0.5523533570256838,0.009950248756218905,True,1.0
tier1_seen_conditions,CVCL_1547,plate6,Adagrasib,27,27,12,0.4331106498013604,0.004975124378109453,True,1.0
tier1_seen_conditions,CVCL_1547,plate6,8-Hydroxyquinoline,22,22,12,0.31102454819352765,0.014925373134328358,True,0.5576923076923077
tier1_seen_conditions,CVCL_1547,plate6,Resveratrol,15,15,12,0.2114846197556428,0.029850746268656716,True,0.4807692307692308
tier1_seen_conditions,CVCL_1547,plate6,Rapamycin,15,15,12,0.36342967691798833,0.009950248756218905,True,0.38461538461538464
tier1_seen_conditions,CVCL_1547,plate6,Ritonavir,17,17,12,0.04438420343695171,0.31840796019900497,False,0.7884615384615384
tier1_seen_conditions,CVCL_1547,plate6,Triclosan,29,29,12,0.11314562969550401,0.13930348258706468,False,1.0
tier1_seen_conditions,CVCL_1547,plate6,Tucidinostat,16,16,12,0.30267015576091083,0.004975124378109453,True,0.9423076923076923
tier1_seen_conditions,CVCL_1547,plate6,Bimatoprost,26,26,12,0.3543578486888226,0.004975124378109453,True,0.9038461538461539
tier1_seen_conditions,CVCL_1547,plate6,Lumateperone (tosylate),29,29,12,0.5903937187195627,0.004975124378109453,True,0.9807692307692307
tier1_seen_conditions,CVCL_1547,plate6,Pyridoxine (hydrochloride),29,29,12,0.503568896223328,0.004975124378109453,True,0.8846153846153846
tier1_seen_conditions,CVCL_1547,plate6,Lenalidomide (hemihydrate),29,29,12,-0.04249898934906682,0.6268656716417911,False,1.0
tier1_seen_conditions,CVCL_1547,plate6,Norepinephrine (hydrochloride),22,22,12,0.1614791516045635,0.06965174129353234,False,0.5961538461538461
tier1_seen_conditions,CVCL_1547,plate6,Ciclopirox,24,24,12,0.043198015211252994,0.26865671641791045,False,0.9807692307692307
tier1_seen_conditions,CVCL_1547,plate6,Mitoxantrone (dihydrochloride),16,16,12,0.4224105330681702,0.014925373134328358,True,0.5384615384615384
tier1_seen_conditions,CVCL_1547,plate6,Olanzapine,29,29,12,0.18810559400645488,0.029850746268656716,True,0.6730769230769231
tier1_seen_conditions,CVCL_1547,plate6,Amsacrine,22,22,12,0.7905835393197798,0.004975124378109453,True,0.6730769230769231
tier1_seen_conditions,CVCL_1547,plate6,Cysteamine (hydrochloride),14,14,12,0.4046979865093032,0.009950248756218905,True,0.28846153846153844
tier1_seen_conditions,CVCL_1547,plate6,Riluzole hydrochloride,14,14,12,0.38959154560286713,0.004975124378109453,True,0.3269230769230769
tier1_seen_conditions,CVCL_0397,plate6,Adenosine,14,14,12,0.03529322132252233,0.2935323383084577,False,0.3076923076923077
tier1_seen_conditions,CVCL_0397,plate6,Radotinib,15,15,12,-0.10072522850009769,0.7064676616915423,False,0.4807692307692308
tier1_seen_conditions,CVCL_0397,plate6,Bergenin,25,25,12,-0.056207715490995014,0.6069651741293532,False,1.0
tier1_seen_conditions,CVCL_0397,plate6,Rimonabant,26,26,12,-0.037580026381576204,0.4626865671641791,False,0.9807692307692307
tier1_seen_conditions,CVCL_0397,plate6,Lumateperone (tosylate),28,28,12,0.03286988703349891,0.29850746268656714,False,0.9423076923076923
tier1_seen_conditions,CVCL_0397,plate6,Hexylresorcinol,24,24,12,0.1531422304658765,0.09950248756218906,False,0.7115384615384616
tier1_seen_conditions,CVCL_0397,plate6,Berberine (chloride hydrate),27,27,12,0.10161230132233179,0.22388059701492538,False,0.6346153846153846
tier1_seen_conditions,CVCL_0397,plate6,Neratinib (maleate),26,26,12,-0.06053495617670279,0.7213930348258707,False,0.9615384615384616
tier1_seen_conditions,CVCL_0397,plate6,Sinomenine,22,22,12,-0.14183852075528414,0.945273631840796,False,0.8653846153846154
tier1_seen_conditions,CVCL_0397,plate6,Goserelin (acetate),27,27,12,-0.10301363636455285,0.7960199004975125,False,0.9807692307692307
tier1_seen_conditions,CVCL_0397,plate6,Balsalazide (sodium hydrate),26,26,12,0.12489983003572824,0.14925373134328357,False,0.5576923076923077
tier1_seen_conditions,CVCL_0397,plate6,Cloxacillin (sodium),26,26,12,0.03021956493576816,0.31840796019900497,False,0.9038461538461539
tier1_seen_conditions,CVCL_0397,plate6,Artesunate,25,25,12,0.07345519221516028,0.16417910447761194,False,1.0
tier1_seen_conditions,CVCL_0397,plate6,Pyridoxine (hydrochloride),25,25,12,0.11386607234266322,0.1691542288557214,False,0.8269230769230769
tier1_seen_conditions,CVCL_0397,plate6,Folic acid,23,23,12,-0.0038661654809786228,0.417910447761194,False,0.8461538461538461
tier1_seen_conditions,CVCL_0397,plate6,Selinexor,25,25,12,0.11703801694296878,0.18407960199004975,False,0.9807692307692307
tier1_seen_conditions,CVCL_0397,plate6,Adenine,26,26,12,0.20738513275877324,0.13432835820895522,False,1.0
tier1_seen_conditions,CVCL_0397,plate6,Gallic acid,27,27,12,0.18769540736220947,0.1044776119402985,False,0.5384615384615384
tier1_seen_conditions,CVCL_0397,plate6,Amsacrine,18,18,12,0.15144285345163944,0.14427860696517414,False,0.9615384615384616
tier1_seen_conditions,CVCL_0397,plate6,Adagrasib,21,21,12,-0.11684550293530371,0.8656716417910447,False,0.3269230769230769
tier1_seen_conditions,CVCL_0397,plate6,Terfenadine,14,14,12,0.07305889273899346,0.21393034825870647,False,0.3076923076923077
tier1_seen_conditions,CVCL_0397,plate6,S-Adenosyl-L-methionine (disulfate tosylate),16,16,12,-0.09167034976207944,0.7213930348258707,False,0.6153846153846154
tier1_seen_conditions,CVCL_0397,plate6,Resveratrol,14,14,12,0.011951158347827118,0.417910447761194,False,0.4423076923076923
tier1_seen_conditions,CVCL_0397,plate6,Vilanterol,26,26,12,0.023697402773926513,0.3034825870646766,False,1.0
tier1_seen_conditions,CVCL_0397,plate6,Demeclocycline,13,13,12,0.02280890216686693,0.40298507462686567,False,0.5192307692307693
tier1_seen_conditions,CVCL_0397,plate6,Triclosan,13,13,12,0.01912267649652577,0.3582089552238806,False,0.28846153846153844
tier1_seen_conditions,CVCL_0397,plate6,Tucidinostat,25,25,12,0.14688264653034722,0.1044776119402985,False,1.0
tier1_seen_conditions,CVCL_0397,plate6,Olanzapine,20,20,12,-0.06436200323097374,0.6218905472636815,False,0.6730769230769231
tier1_seen_conditions,CVCL_0397,plate6,Pentagastrin,28,28,12,0.1832703794114181,0.10945273631840796,False,0.9807692307692307
tier1_seen_conditions,CVCL_0397,plate6,Relugolix,27,27,12,0.08387899141781041,0.1890547263681592,False,0.5769230769230769
tier1_seen_conditions,CVCL_0397,plate6,Medroxyprogesterone acetate,27,27,12,0.03749698633593468,0.2885572139303483,False,0.5576923076923077
tier1_seen_conditions,CVCL_0397,plate6,Fusidic acid,27,27,12,-0.05978830059175344,0.6865671641791045,False,0.6923076923076923
tier1_seen_conditions,CVCL_0397,plate6,Allantoin,29,29,12,-0.026984415453867427,0.44776119402985076,False,1.0
tier1_seen_conditions,CVCL_0397,plate6,Homoharringtonine,28,28,12,1.036081663780834,0.004975124378109453,True,1.0
tier1_seen_conditions,CVCL_0397,plate6,Bimatoprost,20,20,12,0.1087041456334017,0.1890547263681592,False,0.75
tier1_seen_conditions,CVCL_0397,plate6,8-Hydroxyquinoline,27,27,12,0.07185307315273981,0.21890547263681592,False,0.8846153846153846
tier1_seen_conditions,CVCL_0397,plate6,Chlorhexidine (diacetate),20,20,12,0.01562696302906552,0.3383084577114428,False,1.0
tier1_seen_conditions,CVCL_0397,plate6,Trifluridine,15,15,12,-0.07796346050851355,0.7114427860696517,False,0.5
tier1_seen_conditions,CVCL_0397,plate6,Raltitrexed,12,12,12,0.095293185618889,0.208955223880597,False,0.40384615384615385
tier1_seen_conditions,CVCL_1731,plate6,Thymol,13,13,12,-0.06986683494875301,0.7860696517412935,False,0.3829787234042553
tier1_seen_conditions,CVCL_1731,plate6,Lenalidomide (hemihydrate),19,19,12,-0.06351000257934736,0.8208955223880597,False,0.9361702127659575
tier1_seen_conditions,CVCL_1731,plate6,Ritonavir,13,13,12,0.0874125802207395,0.22388059701492538,False,0.23404255319148937
tier1_seen_conditions,CVCL_1731,plate6,Pentamidine (isethionate),12,12,12,-0.17451087523082265,0.9950248756218906,False,0.3829787234042553
tier1_seen_conditions,CVCL_1731,plate6,Adenosine,12,12,12,-0.03426400868452184,0.6069651741293532,False,0.2127659574468085
tier1_seen_conditions,CVCL_1731,plate6,Demeclocycline,18,18,12,0.30982408419401786,0.024875621890547265,True,0.7021276595744681
tier1_seen_conditions,CVCL_1731,plate6,Mitoxantrone (dihydrochloride),20,20,12,0.2416517410855228,0.01990049751243781,True,1.0
tier1_seen_conditions,CVCL_1731,plate6,Triamcinolone,15,15,12,0.18693275551163602,0.04975124378109453,True,0.7872340425531915
tier1_seen_conditions,CVCL_1731,plate6,Rimonabant,19,19,12,0.24112065493859092,0.004975124378109453,True,0.6170212765957447
tier1_seen_conditions,CVCL_1731,plate6,Pentagastrin,25,25,12,0.2558231447336503,0.024875621890547265,True,0.7659574468085106
tier1_seen_conditions,CVCL_1731,plate6,Lumateperone (tosylate),26,26,12,0.11508903801268211,0.12437810945273632,False,0.7446808510638298
tier1_seen_conditions,CVCL_1731,plate6,Relugolix,25,25,12,0.06835997473979027,0.1890547263681592,False,0.7446808510638298
tier1_seen_conditions,CVCL_1731,plate6,Homoharringtonine,14,14,12,0.8656558559103118,0.004975124378109453,True,1.0
tier1_seen_conditions,CVCL_1731,plate6,Berberine (chloride hydrate),28,28,12,-0.009746420144722379,0.4427860696517413,False,0.8723404255319149
tier1_seen_conditions,CVCL_1731,plate6,Medroxyprogesterone acetate,23,23,12,0.08872376133358983,0.1691542288557214,False,0.9787234042553191
tier1_seen_conditions,CVCL_1731,plate6,Neratinib (maleate),27,27,12,0.057339682137405035,0.27860696517412936,False,0.7659574468085106
tier1_seen_conditions,CVCL_1731,plate6,Sinomenine,24,24,12,0.07073138868866913,0.18407960199004975,False,0.7659574468085106
tier1_seen_conditions,CVCL_1731,plate6,Goserelin (acetate),25,25,12,0.31018316548007796,0.004975124378109453,True,0.7446808510638298
tier1_seen_conditions,CVCL_1731,plate6,Fusidic acid,27,27,12,-0.02225205644308481,0.48258706467661694,False,0.9148936170212766
tier1_seen_conditions,CVCL_1731,plate6,Artesunate,27,27,12,0.07135691861685878,0.19402985074626866,False,0.851063829787234
tier1_seen_conditions,CVCL_1731,plate6,Pyridoxine (hydrochloride),26,26,12,0.36377036720037026,0.014925373134328358,True,0.851063829787234
tier1_seen_conditions,CVCL_1731,plate6,Selinexor,27,27,12,0.17850013645995055,0.04975124378109453,True,0.9361702127659575
tier1_seen_conditions,CVCL_1731,plate6,Adenine,26,26,12,0.18027426903629973,0.04477611940298507,True,0.9148936170212766
tier1_seen_conditions,CVCL_1731,plate6,Gallic acid,27,27,12,0.025263329024932446,0.34328358208955223,False,0.9574468085106383
tier1_seen_conditions,CVCL_1731,plate6,Adagrasib,23,23,12,0.13791919380446238,0.04975124378109453,True,0.7021276595744681
tier1_seen_conditions,CVCL_1731,plate6,8-Hydroxyquinoline,22,22,12,0.10660356433582052,0.0945273631840796,False,0.5957446808510638
tier1_seen_conditions,CVCL_1731,plate6,Resveratrol,18,18,12,-0.0433343332036884,0.681592039800995,False,0.7021276595744681
tier1_seen_conditions,CVCL_1731,plate6,Vilanterol,15,15,12,0.06677525060315759,0.1890547263681592,False,0.6170212765957447
tier1_seen_conditions,CVCL_1731,plate6,Busulfan,17,17,12,-0.048995627110285156,0.6218905472636815,False,0.6382978723404256
tier1_seen_conditions,CVCL_1731,plate6,Docetaxel,13,13,12,0.05794190425098478,0.1691542288557214,False,0.3191489361702128
tier1_seen_conditions,CVCL_1731,plate6,Triclosan,15,15,12,-0.06711628643048151,0.7711442786069652,False,0.425531914893617
tier1_seen_conditions,CVCL_1731,plate6,Tucidinostat,20,20,12,0.15590592963343575,0.07462686567164178,False,1.0
tier1_seen_conditions,CVCL_1731,plate6,Bergenin,28,28,12,-0.06598322349422503,0.7810945273631841,False,1.0
tier1_seen_conditions,CVCL_1731,plate6,Bimatoprost,24,24,12,-0.10813874507756971,0.900497512437811,False,0.8936170212765957
tier1_seen_conditions,CVCL_1731,plate6,Olanzapine,29,29,12,0.12118959405871976,0.0945273631840796,False,0.9148936170212766
tier1_seen_conditions,CVCL_1731,plate6,Hexylresorcinol,25,25,12,0.04494971581644158,0.30845771144278605,False,0.7659574468085106
tier1_seen_conditions,CVCL_1731,plate6,Folic acid,28,28,12,0.35620716970397126,0.03482587064676617,True,1.0
tier1_seen_conditions,CVCL_1731,plate6,Sulfisoxazole,17,17,12,-0.006389117526607535,0.5472636815920398,False,0.7446808510638298
tier1_seen_conditions,CVCL_1731,plate6,Allantoin,29,29,12,-0.03668198521337551,0.6517412935323383,False,0.9787234042553191
tier1_seen_conditions,CVCL_1731,plate6,Balsalazide (sodium hydrate),29,29,12,0.18606116031755882,0.04975124378109453,True,0.9787234042553191
tier1_seen_conditions,CVCL_1731,plate6,Retinoic acid,15,15,12,0.09607048160297893,0.13930348258706468,False,0.425531914893617
tier1_seen_conditions,CVCL_1731,plate6,Raltitrexed,13,13,12,0.05523044313817849,0.21890547263681592,False,0.3617021276595745
tier1_seen_conditions,CVCL_0293,plate6,Thymol,20,20,12,-0.20716674440513394,0.9900497512437811,False,0.6440677966101694
tier1_seen_conditions,CVCL_0293,plate6,Vilanterol,26,26,12,-0.11797084250643408,0.845771144278607,False,0.6101694915254238
tier1_seen_conditions,CVCL_0293,plate6,Lenalidomide (hemihydrate),21,21,12,-0.06374633108493732,0.6965174129353234,False,0.3559322033898305
tier1_seen_conditions,CVCL_0293,plate6,Sulfisoxazole,28,28,12,0.056950702418699706,0.31840796019900497,False,0.864406779661017
tier1_seen_conditions,CVCL_0293,plate6,Norepinephrine (hydrochloride),26,26,12,0.03633858386560718,0.25870646766169153,False,0.9322033898305084
tier1_seen_conditions,CVCL_0293,plate6,Ciclopirox,15,15,12,0.058322512642032365,0.26865671641791045,False,0.2033898305084746
tier1_seen_conditions,CVCL_0293,plate6,Mitoxantrone (dihydrochloride),16,16,12,0.38274663286336974,0.014925373134328358,True,0.711864406779661
tier1_seen_conditions,CVCL_0293,plate6,Busulfan,23,23,12,-0.05313745070932718,0.6318407960199005,False,0.3050847457627119
tier1_seen_conditions,CVCL_0293,plate6,Cepharanthine,14,14,12,-0.01060993935385568,0.43781094527363185,False,0.23728813559322035
tier1_seen_conditions,CVCL_0293,plate6,Radotinib,20,20,12,0.1164280428891118,0.12935323383084577,False,0.4406779661016949
tier1_seen_conditions,CVCL_0293,plate6,Triclosan,24,24,12,0.021179400238287016,0.3333333333333333,False,0.8983050847457628
tier1_seen_conditions,CVCL_0293,plate6,Tucidinostat,26,26,12,0.13164379515706948,0.06467661691542288,False,1.0
tier1_seen_conditions,CVCL_0293,plate6,Bergenin,27,27,12,-0.1332700018533579,0.9154228855721394,False,0.7457627118644068
tier1_seen_conditions,CVCL_0293,plate6,Triamcinolone,27,27,12,-0.09482842312728401,0.8159203980099502,False,0.7457627118644068
tier1_seen_conditions,CVCL_0293,plate6,Olanzapine,26,26,12,0.025064861073762046,0.3283582089552239,False,0.2542372881355932
tier1_seen_conditions,CVCL_0293,plate6,Rimonabant,26,26,12,-0.10387773474976925,0.7910447761194029,False,0.7796610169491526
tier1_seen_conditions,CVCL_0293,plate6,Pentagastrin,25,25,12,0.11397943707089375,0.1691542288557214,False,0.9491525423728814
tier1_seen_conditions,CVCL_0293,plate6,Lumateperone (tosylate),26,26,12,0.05018244449243525,0.2835820895522388,False,0.6949152542372882
tier1_seen_conditions,CVCL_0293,plate6,Relugolix,26,26,12,0.03407960706678459,0.2835820895522388,False,0.8813559322033898
tier1_seen_conditions,CVCL_0293,plate6,Hexylresorcinol,28,28,12,0.09859688512695364,0.19900497512437812,False,0.7966101694915254
tier1_seen_conditions,CVCL_0293,plate6,Berberine (chloride hydrate),26,26,12,0.058943049861145624,0.2537313432835821,False,0.7457627118644068
tier1_seen_conditions,CVCL_0293,plate6,Medroxyprogesterone acetate,26,26,12,-0.12182127458234682,0.8706467661691543,False,0.864406779661017
tier1_seen_conditions,CVCL_0293,plate6,Neratinib (maleate),28,28,12,0.03928815217086168,0.31343283582089554,False,1.0
tier1_seen_conditions,CVCL_0293,plate6,Goserelin (acetate),27,27,12,0.041402269602548,0.29850746268656714,False,0.9661016949152542
tier1_seen_conditions,CVCL_0293,plate6,Fusidic acid,26,26,12,0.05285430208170183,0.31840796019900497,False,0.576271186440678
tier1_seen_conditions,CVCL_0293,plate6,Balsalazide (sodium hydrate),27,27,12,0.1377618953345916,0.0945273631840796,False,0.8983050847457628
tier1_seen_conditions,CVCL_0293,plate6,Artesunate,24,24,12,0.06570497541778941,0.25870646766169153,False,0.8305084745762712
tier1_seen_conditions,CVCL_0293,plate6,Pyridoxine (hydrochloride),26,26,12,0.07596841505738539,0.20398009950248755,False,0.864406779661017
tier1_seen_conditions,CVCL_0293,plate6,Selinexor,28,28,12,0.025980594831585435,0.36318407960199006,False,1.0
tier1_seen_conditions,CVCL_0293,plate6,Adenine,25,25,12,0.022600436856253125,0.3383084577114428,False,0.6779661016949152
tier1_seen_conditions,CVCL_0293,plate6,Gallic acid,28,28,12,0.10055713854302972,0.19900497512437812,False,0.9830508474576272
tier1_seen_conditions,CVCL_0293,plate6,Amsacrine,26,26,12,-0.04053051820365283,0.6467661691542289,False,0.9152542372881356
tier1_seen_conditions,CVCL_0293,plate6,Adagrasib,28,28,12,0.2002481624594381,0.06467661691542288,False,0.9152542372881356
tier1_seen_conditions,CVCL_0293,plate6,8-Hydroxyquinoline,27,27,12,0.015406132118567228,0.417910447761194,False,0.7288135593220338
tier1_seen_conditions,CVCL_0293,plate6,Fluvoxamine (maleate),12,12,12,0.08592943681149556,0.19402985074626866,False,0.3559322033898305
tier1_seen_conditions,CVCL_0293,plate6,Elagolix sodium,15,15,12,0.06541647443681065,0.208955223880597,False,0.22033898305084745
tier1_seen_conditions,CVCL_0293,plate6,Rapamycin,14,14,12,0.36234869234987777,0.014925373134328358,True,0.5932203389830508
tier1_seen_conditions,CVCL_0293,plate6,Darinaparsin,24,24,12,-0.0446740678264117,0.5671641791044776,False,0.3728813559322034
tier1_seen_conditions,CVCL_0293,plate6,Ritonavir,26,26,12,0.17818946890367116,0.0845771144278607,False,0.8983050847457628
tier1_seen_conditions,CVCL_0293,plate6,Pentamidine (isethionate),28,28,12,0.06691113678531124,0.19900497512437812,False,0.864406779661017
tier1_seen_conditions,CVCL_0293,plate6,Docetaxel,27,27,12,0.20425661036051324,0.029850746268656716,True,0.9661016949152542
tier1_seen_conditions,CVCL_0293,plate6,Allantoin,27,27,12,-0.15921011001558583,0.900497512437811,False,0.9322033898305084
tier1_seen_conditions,CVCL_0293,plate6,Bimatoprost,27,27,12,-0.10724432875921153,0.8407960199004975,False,0.8813559322033898
tier1_seen_conditions,CVCL_0293,plate6,Homoharringtonine,29,29,12,1.1815135760711364,0.004975124378109453,True,1.0
tier1_seen_conditions,CVCL_0293,plate6,Cloxacillin (sodium),27,27,12,0.04498295035769573,0.27860696517412936,False,0.711864406779661
tier1_seen_conditions,CVCL_0293,plate6,Adenosine,26,26,12,0.0853912515755777,0.18407960199004975,False,0.9661016949152542
tier1_seen_conditions,CVCL_0293,plate6,Lidocaine (hydrochloride),19,19,12,0.11413352259946663,0.0945273631840796,False,0.711864406779661
tier1_seen_conditions,CVCL_0293,plate6,Larotrectinib,14,14,12,-0.0060586120575649716,0.35323383084577115,False,0.3559322033898305
tier1_seen_conditions,CVCL_0293,plate6,Chlorhexidine (diacetate),24,24,12,0.11055862420267992,0.15422885572139303,False,0.8983050847457628
tier1_seen_conditions,CVCL_0293,plate6,Trifluridine,16,16,12,-0.1483324872274263,0.9253731343283582,False,0.288135593220339
tier1_seen_conditions,CVCL_0293,plate6,Cysteamine (hydrochloride),18,18,12,-0.040533726420898475,0.6666666666666666,False,0.3559322033898305
tier1_seen_conditions,CVCL_0293,plate6,Pasireotide (acetate),13,13,12,0.15030524776382315,0.1044776119402985,False,0.2542372881355932
tier1_seen_conditions,CVCL_0293,plate6,Riluzole hydrochloride,12,12,12,0.14717271274468402,0.15422885572139303,False,0.3389830508474576
tier1_seen_conditions,CVCL_0293,plate6,Palmatine (chloride),12,12,12,0.013866279991962216,0.3383084577114428,False,0.2033898305084746
tier1_seen_conditions,CVCL_0293,plate6,Isocorydine,15,15,12,-0.04577722883604807,0.6268656716417911,False,0.23728813559322035
tier1_seen_conditions,CVCL_0293,plate6,Raltitrexed,20,20,12,0.06674313966989232,0.19900497512437812,False,0.7796610169491526
tier1_seen_conditions,CVCL_0152,plate6,Thymol,18,18,12,-0.07760032680864803,0.7711442786069652,False,0.26666666666666666
tier1_seen_conditions,CVCL_0152,plate6,Vilanterol,25,25,12,0.1505100295277142,0.12935323383084577,False,0.8333333333333334
tier1_seen_conditions,CVCL_0152,plate6,Ritonavir,25,25,12,0.1039636224948346,0.12935323383084577,False,0.5
tier1_seen_conditions,CVCL_0152,plate6,Pentamidine (isethionate),28,28,12,0.08564516879996198,0.12935323383084577,False,0.8166666666666667
tier1_seen_conditions,CVCL_0152,plate6,Adenosine,28,28,12,0.10152556200562479,0.17412935323383086,False,0.7
tier1_seen_conditions,CVCL_0152,plate6,Norepinephrine (hydrochloride),27,27,12,0.03048113681401965,0.3283582089552239,False,0.7166666666666667
tier1_seen_conditions,CVCL_0152,plate6,Ciclopirox,28,28,12,-0.0037500459542538778,0.4577114427860697,False,0.6166666666666667
tier1_seen_conditions,CVCL_0152,plate6,Demeclocycline,19,19,12,0.07181548519119296,0.17412935323383086,False,0.45
tier1_seen_conditions,CVCL_0152,plate6,Larotrectinib,13,13,12,0.07203023641611495,0.20398009950248755,False,0.18333333333333332
tier1_seen_conditions,CVCL_0152,plate6,Busulfan,27,27,12,0.11550286897841566,0.1044776119402985,False,1.0
tier1_seen_conditions,CVCL_0152,plate6,Radotinib,27,27,12,0.24375371970573667,0.014925373134328358,True,0.9
tier1_seen_conditions,CVCL_0152,plate6,Triclosan,25,25,12,-0.08314667133765319,0.7562189054726368,False,0.6333333333333333
tier1_seen_conditions,CVCL_0152,plate6,Tucidinostat,23,23,12,0.18921810121636362,0.07960199004975124,False,0.5833333333333334
tier1_seen_conditions,CVCL_0152,plate6,Allantoin,27,27,12,0.10558062144700386,0.10945273631840796,False,0.9666666666666667
tier1_seen_conditions,CVCL_0152,plate6,Bimatoprost,28,28,12,0.08292166309825788,0.18407960199004975,False,0.9
tier1_seen_conditions,CVCL_0152,plate6,Olanzapine,29,29,12,0.19384099677837519,0.029850746268656716,True,0.95
tier1_seen_conditions,CVCL_0152,plate6,Rimonabant,29,29,12,0.20692434244141467,0.0845771144278607,False,0.8333333333333334
tier1_seen_conditions,CVCL_0152,plate6,Pentagastrin,27,27,12,-0.08106818571208052,0.7860696517412935,False,0.7
tier1_seen_conditions,CVCL_0152,plate6,Lumateperone (tosylate),27,27,12,0.2051753780494323,0.03482587064676617,True,0.38333333333333336
tier1_seen_conditions,CVCL_0152,plate6,Homoharringtonine,26,26,12,1.3877736665539366,0.004975124378109453,True,1.0
tier1_seen_conditions,CVCL_0152,plate6,Hexylresorcinol,28,28,12,0.1260861611309938,0.0945273631840796,False,0.6333333333333333
tier1_seen_conditions,CVCL_0152,plate6,Berberine (chloride hydrate),26,26,12,0.30748910667228024,0.04477611940298507,True,0.6166666666666667
tier1_seen_conditions,CVCL_0152,plate6,Medroxyprogesterone acetate,27,27,12,0.08308818885804214,0.19900497512437812,False,0.9666666666666667
tier1_seen_conditions,CVCL_0152,plate6,Neratinib (maleate),27,27,12,0.3913467667901287,0.004975124378109453,True,0.8333333333333334
tier1_seen_conditions,CVCL_0152,plate6,Sinomenine,24,24,12,0.13106636109236547,0.13930348258706468,False,0.6166666666666667
tier1_seen_conditions,CVCL_0152,plate6,Goserelin (acetate),29,29,12,0.06851506482871272,0.22388059701492538,False,0.95
tier1_seen_conditions,CVCL_0152,plate6,Fusidic acid,28,28,12,0.3071282350037059,0.014925373134328358,True,0.7666666666666667
tier1_seen_conditions,CVCL_0152,plate6,Balsalazide (sodium hydrate),29,29,12,0.1768981776481109,0.03980099502487562,True,0.8
tier1_seen_conditions,CVCL_0152,plate6,Cloxacillin (sodium),29,29,12,0.30791129916823756,0.05970149253731343,False,0.55
tier1_seen_conditions,CVCL_0152,plate6,Artesunate,28,28,12,0.17350522672166058,0.04975124378109453,True,0.7
tier1_seen_conditions,CVCL_0152,plate6,Pyridoxine (hydrochloride),27,27,12,0.10547673332917995,0.12437810945273632,False,0.9333333333333333
tier1_seen_conditions,CVCL_0152,plate6,Folic acid,27,27,12,0.17979627929149444,0.07960199004975124,False,0.7666666666666667
tier1_seen_conditions,CVCL_0152,plate6,Adenine,28,28,12,0.12700100402940784,0.13930348258706468,False,0.85
tier1_seen_conditions,CVCL_0152,plate6,Gallic acid,29,29,12,0.027565998167107253,0.3283582089552239,False,1.0
tier1_seen_conditions,CVCL_0152,plate6,Amsacrine,25,25,12,0.01776890337693615,0.39800995024875624,False,0.4
tier1_seen_conditions,CVCL_0152,plate6,Adagrasib,26,26,12,-0.015816152075009526,0.5074626865671642,False,0.8166666666666667
tier1_seen_conditions,CVCL_0152,plate6,8-Hydroxyquinoline,27,27,12,0.13698735747568236,0.06467661691542288,False,0.95
tier1_seen_conditions,CVCL_0152,plate6,Fluvoxamine (maleate),19,19,12,0.006263760131089313,0.39800995024875624,False,0.4666666666666667
tier1_seen_conditions,CVCL_0152,plate6,Elagolix sodium,15,15,12,0.14068409195079923,0.09950248756218906,False,0.25
tier1_seen_conditions,CVCL_0152,plate6,Tofacitinib (citrate),14,14,12,0.056887493824776314,0.2835820895522388,False,0.43333333333333335
tier1_seen_conditions,CVCL_0152,plate6,Mitoxantrone (dihydrochloride),29,29,12,0.037817863927624984,0.31343283582089554,False,1.0
tier1_seen_conditions,CVCL_0152,plate6,Docetaxel,24,24,12,-0.08362009021264782,0.7313432835820896,False,0.35
tier1_seen_conditions,CVCL_0152,plate6,Bergenin,26,26,12,-0.07995609645114676,0.7810945273631841,False,1.0
tier1_seen_conditions,CVCL_0152,plate6,Relugolix,28,28,12,0.1703451199181103,0.03980099502487562,True,0.7833333333333333
tier1_seen_conditions,CVCL_0152,plate6,Selinexor,29,29,12,0.17249089375243898,0.03980099502487562,True,0.8666666666666667
tier1_seen_conditions,CVCL_0152,plate6,Darinaparsin,23,23,12,0.28340511961747517,0.03482587064676617,True,0.9333333333333333
tier1_seen_conditions,CVCL_0152,plate6,Lenalidomide (hemihydrate),26,26,12,-0.11488114527072568,0.9104477611940298,False,0.5333333333333333
tier1_seen_conditions,CVCL_0152,plate6,Sulfisoxazole,28,28,12,-0.01366214944839328,0.4925373134328358,False,0.9
tier1_seen_conditions,CVCL_0152,plate6,Lidocaine (hydrochloride),16,16,12,0.15727971944765073,0.04975124378109453,True,0.43333333333333335
tier1_seen_conditions,CVCL_0152,plate6,Trifluridine,13,13,12,-0.047016550549482616,0.6766169154228856,False,0.26666666666666666
tier1_seen_conditions,CVCL_0152,plate6,Retinoic acid,13,13,12,0.22775334759064414,0.024875621890547265,True,0.18333333333333332
tier1_seen_conditions,CVCL_0152,plate6,Cysteamine (hydrochloride),15,15,12,0.06785990255343854,0.23383084577114427,False,0.16666666666666666
tier1_seen_conditions,CVCL_0152,plate6,Riluzole hydrochloride,13,13,12,0.28256599323616705,0.03980099502487562,True,0.15
tier1_seen_conditions,CVCL_0152,plate6,Palmatine (chloride),15,15,12,0.09278773710691013,0.24378109452736318,False,0.16666666666666666
tier1_seen_conditions,CVCL_0152,plate6,Isocorydine,14,14,12,0.2658817721458373,0.06965174129353234,False,0.21666666666666667
tier1_seen_conditions,CVCL_1055,plate6,Vilanterol,17,17,12,-0.06723865476873137,0.6865671641791045,False,0.5957446808510638
tier1_seen_conditions,CVCL_1055,plate6,Lenalidomide (hemihydrate),18,18,12,0.031076434119574614,0.36318407960199006,False,0.851063829787234
tier1_seen_conditions,CVCL_1055,plate6,Ciclopirox,26,26,12,0.1437849867396448,0.14925373134328357,False,1.0
tier1_seen_conditions,CVCL_1055,plate6,Lidocaine (hydrochloride),16,16,12,0.15309440927205742,0.04975124378109453,True,0.851063829787234
tier1_seen_conditions,CVCL_1055,plate6,Demeclocycline,15,15,12,0.46054066468636634,0.009950248756218905,True,0.40425531914893614
tier1_seen_conditions,CVCL_1055,plate6,Bergenin,22,22,12,0.006082496298152051,0.46766169154228854,False,0.9574468085106383
tier1_seen_conditions,CVCL_1055,plate6,Bimatoprost,22,22,12,0.21342200314749604,0.07462686567164178,False,0.6382978723404256
tier1_seen_conditions,CVCL_1055,plate6,Olanzapine,27,27,12,-0.004199932883993895,0.5522388059701493,False,0.7872340425531915
tier1_seen_conditions,CVCL_1055,plate6,Rimonabant,28,28,12,0.13668439827440615,0.06965174129353234,False,0.9574468085106383
tier1_seen_conditions,CVCL_1055,plate6,Relugolix,26,26,12,0.5649149394212412,0.009950248756218905,True,0.9574468085106383
tier1_seen_conditions,CVCL_1055,plate6,Berberine (chloride hydrate),28,28,12,0.08225716159271457,0.1691542288557214,False,1.0
tier1_seen_conditions,CVCL_1055,plate6,Medroxyprogesterone acetate,25,25,12,0.04521192397146656,0.27860696517412936,False,0.9574468085106383
tier1_seen_conditions,CVCL_1055,plate6,Neratinib (maleate),28,28,12,-0.05997821209930976,0.7064676616915423,False,0.9361702127659575
tier1_seen_conditions,CVCL_1055,plate6,Sinomenine,28,28,12,0.03861294354553024,0.3333333333333333,False,1.0
tier1_seen_conditions,CVCL_1055,plate6,Fusidic acid,27,27,12,0.3374595128037594,0.024875621890547265,True,0.851063829787234
tier1_seen_conditions,CVCL_1055,plate6,Artesunate,28,28,12,0.10176513666093001,0.17412935323383086,False,1.0
tier1_seen_conditions,CVCL_1055,plate6,Folic acid,28,28,12,0.42870474321345853,0.01990049751243781,True,0.9574468085106383
tier1_seen_conditions,CVCL_1055,plate6,Adenine,26,26,12,0.43194530362050365,0.009950248756218905,True,0.7872340425531915
tier1_seen_conditions,CVCL_1055,plate6,Amsacrine,15,15,12,0.3394312888304203,0.04477611940298507,True,0.425531914893617
tier1_seen_conditions,CVCL_1055,plate6,Adagrasib,25,25,12,0.2289281189438892,0.04477611940298507,True,1.0
tier1_seen_conditions,CVCL_1055,plate6,Resveratrol,13,13,12,0.058121927924869254,0.2835820895522388,False,0.3191489361702128
tier1_seen_conditions,CVCL_1055,plate6,Rapamycin,13,13,12,0.08634719444582473,0.22388059701492538,False,0.23404255319148937
tier1_seen_conditions,CVCL_1055,plate6,Sulfisoxazole,20,20,12,0.11986067626119912,0.12935323383084577,False,0.48936170212765956
tier1_seen_conditions,CVCL_1055,plate6,Triclosan,22,22,12,-0.05631264513069745,0.6417910447761194,False,0.6382978723404256
tier1_seen_conditions,CVCL_1055,plate6,Allantoin,27,27,12,-0.06427395657589763,0.7263681592039801,False,1.0
tier1_seen_conditions,CVCL_1055,plate6,Triamcinolone,24,24,12,-0.020468691763337432,0.5174129353233831,False,0.46808510638297873
tier1_seen_conditions,CVCL_1055,plate6,Pentagastrin,29,29,12,0.7819178772575697,0.004975124378109453,True,1.0
tier1_seen_conditions,CVCL_1055,plate6,Lumateperone (tosylate),28,28,12,0.5271192320206328,0.014925373134328358,True,1.0
tier1_seen_conditions,CVCL_1055,plate6,Balsalazide (sodium hydrate),26,26,12,0.17435034894197798,0.07960199004975124,False,0.8936170212765957
tier1_seen_conditions,CVCL_1055,plate6,Pyridoxine (hydrochloride),29,29,12,0.18289403325322162,0.08955223880597014,False,1.0
tier1_seen_conditions,CVCL_1055,plate6,Selinexor,16,16,12,0.06189334940147617,0.29850746268656714,False,0.9574468085106383
tier1_seen_conditions,CVCL_1055,plate6,Busulfan,22,22,12,0.0339863600682051,0.3482587064676617,False,0.8085106382978723
tier1_seen_conditions,CVCL_1055,plate6,Goserelin (acetate),29,29,12,0.6611167432397629,0.004975124378109453,True,0.5957446808510638
tier1_seen_conditions,CVCL_1055,plate6,Gallic acid,26,26,12,0.5461161399920442,0.009950248756218905,True,0.7446808510638298
tier1_seen_conditions,CVCL_1055,plate6,8-Hydroxyquinoline,16,16,12,0.03452460290222881,0.3681592039800995,False,0.3404255319148936
tier1_seen_conditions,CVCL_1055,plate6,Cysteamine (hydrochloride),12,12,12,0.3225884174559752,0.024875621890547265,True,0.3829787234042553
tier1_seen_conditions,CVCL_0371,plate6,Thymol,18,18,12,-0.1041678322450803,0.7810945273631841,False,0.5084745762711864
tier1_seen_conditions,CVCL_0371,plate6,Darinaparsin,17,17,12,-0.010132361646256527,0.4527363184079602,False,0.3050847457627119
tier1_seen_conditions,CVCL_0371,plate6,Ritonavir,12,12,12,-0.07518490846609183,0.7313432835820896,False,0.2033898305084746
tier1_seen_conditions,CVCL_0371,plate6,Adenosine,20,20,12,-0.027822278120236632,0.5472636815920398,False,0.847457627118644
tier1_seen_conditions,CVCL_0371,plate6,Norepinephrine (hydrochloride),15,15,12,-0.04840960712507503,0.6318407960199005,False,0.3898305084745763
tier1_seen_conditions,CVCL_0371,plate6,Demeclocycline,17,17,12,-0.0753902229714285,0.7064676616915423,False,0.3898305084745763
tier1_seen_conditions,CVCL_0371,plate6,Cepharanthine,12,12,12,-0.0523099919654868,0.6666666666666666,False,0.2542372881355932
tier1_seen_conditions,CVCL_0371,plate6,Tucidinostat,17,17,12,0.5038992222033212,0.004975124378109453,True,0.8813559322033898
tier1_seen_conditions,CVCL_0371,plate6,Allantoin,26,26,12,0.10201467739710957,0.12935323383084577,False,1.0
tier1_seen_conditions,CVCL_0371,plate6,Bimatoprost,26,26,12,-0.09222285673213726,0.7761194029850746,False,0.6949152542372882
tier1_seen_conditions,CVCL_0371,plate6,Rimonabant,29,29,12,-0.016069120754796273,0.47761194029850745,False,1.0
tier1_seen_conditions,CVCL_0371,plate6,Pentagastrin,28,28,12,0.044932878019857014,0.34328358208955223,False,1.0
tier1_seen_conditions,CVCL_0371,plate6,Lumateperone (tosylate),27,27,12,0.006810178681057266,0.5124378109452736,False,0.847457627118644
tier1_seen_conditions,CVCL_0371,plate6,Relugolix,25,25,12,-0.0025311055286039164,0.46766169154228854,False,0.9322033898305084
tier1_seen_conditions,CVCL_0371,plate6,Hexylresorcinol,28,28,12,0.07244230406329244,0.23880597014925373,False,0.864406779661017
tier1_seen_conditions,CVCL_0371,plate6,Berberine (chloride hydrate),26,26,12,0.07006293742768577,0.19900497512437812,False,0.8305084745762712
tier1_seen_conditions,CVCL_0371,plate6,Medroxyprogesterone acetate,24,24,12,0.07210789060488132,0.23383084577114427,False,0.864406779661017
tier1_seen_conditions,CVCL_0371,plate6,Neratinib (maleate),26,26,12,-0.00030996683767270383,0.43283582089552236,False,0.9491525423728814
tier1_seen_conditions,CVCL_0371,plate6,Balsalazide (sodium hydrate),27,27,12,0.027176185886041537,0.4228855721393035,False,0.8813559322033898
tier1_seen_conditions,CVCL_0371,plate6,Cloxacillin (sodium),25,25,12,-0.002881091703931915,0.4626865671641791,False,0.6271186440677966
tier1_seen_conditions,CVCL_0371,plate6,Artesunate,27,27,12,0.09667842284193284,0.16417910447761194,False,1.0
tier1_seen_conditions,CVCL_0371,plate6,Pyridoxine (hydrochloride),27,27,12,0.11332297410937286,0.12935323383084577,False,0.847457627118644
tier1_seen_conditions,CVCL_0371,plate6,Folic acid,25,25,12,0.020143850780476313,0.3582089552238806,False,0.7457627118644068
tier1_seen_conditions,CVCL_0371,plate6,Adenine,24,24,12,-0.03381869302426388,0.6069651741293532,False,0.559322033898305
tier1_seen_conditions,CVCL_0371,plate6,Gallic acid,26,26,12,-0.039579742476876234,0.5373134328358209,False,0.4915254237288136
tier1_seen_conditions,CVCL_0371,plate6,Amsacrine,28,28,12,0.11966495840643177,0.13432835820895522,False,0.8983050847457628
tier1_seen_conditions,CVCL_0371,plate6,8-Hydroxyquinoline,26,26,12,-0.10475399878709446,0.8905472636815921,False,0.9152542372881356
tier1_seen_conditions,CVCL_0371,plate6,S-Adenosyl-L-methionine (disulfate tosylate),14,14,12,0.028566568213994614,0.3582089552238806,False,0.4406779661016949
tier1_seen_conditions,CVCL_0371,plate6,Resveratrol,16,16,12,0.08777051399154523,0.1791044776119403,False,0.5423728813559322
tier1_seen_conditions,CVCL_0371,plate6,Vilanterol,23,23,12,-0.09257448900530285,0.8009950248756219,False,0.4406779661016949
tier1_seen_conditions,CVCL_0371,plate6,Lenalidomide (hemihydrate),27,27,12,-0.003576467304213793,0.472636815920398,False,1.0
tier1_seen_conditions,CVCL_0371,plate6,Sulfisoxazole,21,21,12,0.153801986003419,0.0945273631840796,False,0.8305084745762712
tier1_seen_conditions,CVCL_0371,plate6,Lidocaine (hydrochloride),12,12,12,0.11285277571999508,0.14427860696517414,False,0.2711864406779661
tier1_seen_conditions,CVCL_0371,plate6,Mitoxantrone (dihydrochloride),13,13,12,0.06449545536514911,0.23383084577114427,False,0.3389830508474576
tier1_seen_conditions,CVCL_0371,plate6,Busulfan,24,24,12,-0.04709473584509816,0.6218905472636815,False,0.847457627118644
tier1_seen_conditions,CVCL_0371,plate6,Triclosan,28,28,12,0.12995406046375457,0.07462686567164178,False,0.9322033898305084
tier1_seen_conditions,CVCL_0371,plate6,Olanzapine,28,28,12,-0.03180618191779239,0.6218905472636815,False,0.9830508474576272
tier1_seen_conditions,CVCL_0371,plate6,Sinomenine,28,28,12,-0.06856653857641604,0.736318407960199,False,0.8983050847457628
tier1_seen_conditions,CVCL_0371,plate6,Goserelin (acetate),26,26,12,-0.14159584686022875,0.9253731343283582,False,0.6101694915254238
tier1_seen_conditions,CVCL_0371,plate6,Fusidic acid,28,28,12,-0.04571380496174271,0.6467661691542289,False,1.0
tier1_seen_conditions,CVCL_0371,plate6,Selinexor,27,27,12,0.1414835349759649,0.05970149253731343,False,1.0
tier1_seen_conditions,CVCL_0371,plate6,Radotinib,21,21,12,0.07308551495845528,0.21393034825870647,False,0.7627118644067796
tier1_seen_conditions,CVCL_0371,plate6,Triamcinolone,29,29,12,0.1273334395992638,0.11442786069651742,False,0.9830508474576272
tier1_seen_conditions,CVCL_0371,plate6,Homoharringtonine,15,15,12,1.117661686936259,0.004975124378109453,True,1.0
tier1_seen_conditions,CVCL_0371,plate6,Adagrasib,28,28,12,-0.031860714914556,0.5870646766169154,False,1.0
tier1_seen_conditions,CVCL_0371,plate6,Retinoic acid,16,16,12,-0.012150481742557062,0.46766169154228854,False,0.3898305084745763
tier1_seen_conditions,CVCL_0371,plate6,Pasireotide (acetate),13,13,12,-0.06643772290011896,0.7611940298507462,False,0.2033898305084746
tier1_seen_conditions,CVCL_0371,plate6,Riluzole hydrochloride,14,14,12,-0.021169268756418447,0.48756218905472637,False,0.423728813559322
tier1_seen_conditions,CVCL_0371,plate6,Raltitrexed,21,21,12,0.054926975411675016,0.25870646766169153,False,0.8305084745762712
tier1_seen_conditions,CVCL_0371,plate6,Furosemide,16,16,12,-0.05853602360337895,0.7164179104477612,False,0.3389830508474576
tier1_seen_conditions,CVCL_0428,plate6,Thymol,14,14,12,0.07700126018578679,0.19900497512437812,False,0.3191489361702128
tier1_seen_conditions,CVCL_0428,plate6,Vilanterol,12,12,12,0.025849289114594498,0.38308457711442784,False,0.3617021276595745
tier1_seen_conditions,CVCL_0428,plate6,Lenalidomide (hemihydrate),19,19,12,0.08254547780787114,0.1691542288557214,False,0.9787234042553191
tier1_seen_conditions,CVCL_0428,plate6,Sulfisoxazole,14,14,12,-0.05864428227157248,0.6417910447761194,False,0.48936170212765956
tier1_seen_conditions,CVCL_0428,plate6,Busulfan,21,21,12,-0.01897664819625966,0.4577114427860697,False,0.8085106382978723
tier1_seen_conditions,CVCL_0428,plate6,Radotinib,16,16,12,-0.05740774406273097,0.6915422885572139,False,0.5531914893617021
tier1_seen_conditions,CVCL_0428,plate6,Triclosan,24,24,12,-0.023113302657387536,0.5373134328358209,False,0.8723404255319149
tier1_seen_conditions,CVCL_0428,plate6,Tucidinostat,17,17,12,0.2328490331477937,0.03482587064676617,True,0.9787234042553191
tier1_seen_conditions,CVCL_0428,plate6,Bergenin,18,18,12,-0.026284422583241707,0.5671641791044776,False,0.574468085106383
tier1_seen_conditions,CVCL_0428,plate6,Allantoin,24,24,12,-0.028428984962070913,0.5771144278606966,False,0.9787234042553191
tier1_seen_conditions,CVCL_0428,plate6,Rimonabant,28,28,12,0.15184281853642467,0.10945273631840796,False,0.9148936170212766
tier1_seen_conditions,CVCL_0428,plate6,Pentagastrin,23,23,12,0.46035253007734767,0.009950248756218905,True,0.9148936170212766
tier1_seen_conditions,CVCL_0428,plate6,Lumateperone (tosylate),27,27,12,0.10720760331204993,0.12437810945273632,False,1.0
tier1_seen_conditions,CVCL_0428,plate6,Relugolix,28,28,12,0.09177396808383698,0.1791044776119403,False,0.851063829787234
tier1_seen_conditions,CVCL_0428,plate6,Hexylresorcinol,26,26,12,0.0975660120396995,0.13432835820895522,False,1.0
tier1_seen_conditions,CVCL_0428,plate6,Berberine (chloride hydrate),28,28,12,0.435725580230649,0.009950248756218905,True,1.0
tier1_seen_conditions,CVCL_0428,plate6,Sinomenine,23,23,12,0.01942482332532336,0.39800995024875624,False,1.0
tier1_seen_conditions,CVCL_0428,plate6,Fusidic acid,17,17,12,0.15627975747788803,0.05970149253731343,False,0.5319148936170213
tier1_seen_conditions,CVCL_0428,plate6,Balsalazide (sodium hydrate),26,26,12,0.3450298887451808,0.03482587064676617,True,0.9787234042553191
tier1_seen_conditions,CVCL_0428,plate6,Cloxacillin (sodium),28,28,12,0.056911507823357965,0.19900497512437812,False,0.7659574468085106
tier1_seen_conditions,CVCL_0428,plate6,Artesunate,27,27,12,0.14973351322173123,0.05970149253731343,False,1.0
tier1_seen_conditions,CVCL_0428,plate6,Pyridoxine (hydrochloride),24,24,12,0.5492028031430447,0.004975124378109453,True,0.9361702127659575
tier1_seen_conditions,CVCL_0428,plate6,Adagrasib,27,27,12,0.16896935505310395,0.06965174129353234,False,1.0
tier1_seen_conditions,CVCL_0428,plate6,Pentamidine (isethionate),15,15,12,0.043530883718073454,0.24378109452736318,False,0.3191489361702128
tier1_seen_conditions,CVCL_0428,plate6,Bimatoprost,14,14,12,0.13370084316520092,0.15422885572139303,False,0.44680851063829785
tier1_seen_conditions,CVCL_0428,plate6,Triamcinolone,15,15,12,0.08889155476022026,0.19900497512437812,False,0.2127659574468085
tier1_seen_conditions,CVCL_0428,plate6,Neratinib (maleate),28,28,12,0.17171524935493032,0.07462686567164178,False,1.0
tier1_seen_conditions,CVCL_0428,plate6,Goserelin (acetate),28,28,12,0.24763573137617456,0.05472636815920398,False,1.0
tier1_seen_conditions,CVCL_0428,plate6,Folic acid,26,26,12,0.2523934417035445,0.024875621890547265,True,0.851063829787234
tier1_seen_conditions,CVCL_0428,plate6,Adenine,27,27,12,0.08463258593011247,0.1691542288557214,False,0.9787234042553191
tier1_seen_conditions,CVCL_0428,plate6,Gallic acid,26,26,12,0.26462623015256526,0.024875621890547265,True,0.8085106382978723
tier1_seen_conditions,CVCL_0428,plate6,Demeclocycline,13,13,12,0.06332569466082738,0.24378109452736318,False,0.3404255319148936
tier1_seen_conditions,CVCL_0428,plate6,Medroxyprogesterone acetate,27,27,12,-0.030203974976638293,0.5621890547263682,False,1.0
tier1_seen_conditions,CVCL_0428,plate6,Selinexor,28,28,12,0.1334791839106817,0.0945273631840796,False,1.0
tier1_seen_conditions,CVCL_0428,plate6,8-Hydroxyquinoline,21,21,12,0.06063114619106891,0.21890547263681592,False,0.5319148936170213
tier1_seen_conditions,CVCL_0428,plate6,Raltitrexed,15,15,12,0.5172752583647799,0.009950248756218905,True,0.46808510638297873
tier1_seen_conditions,CVCL_0292,plate6,Thymol,15,15,12,0.07964304916211162,0.1890547263681592,False,0.39215686274509803
tier1_seen_conditions,CVCL_0292,plate6,Busulfan,20,20,12,0.02128080292027512,0.36318407960199006,False,0.7450980392156863
tier1_seen_conditions,CVCL_0292,plate6,Tucidinostat,20,20,12,0.13659604628031907,0.06467661691542288,False,0.9019607843137255
tier1_seen_conditions,CVCL_0292,plate6,Allantoin,20,20,12,0.030680946488985228,0.3880597014925373,False,0.6274509803921569
tier1_seen_conditions,CVCL_0292,plate6,Bimatoprost,21,21,12,-0.00947459797057526,0.5870646766169154,False,0.6862745098039216
tier1_seen_conditions,CVCL_0292,plate6,Olanzapine,28,28,12,0.016971704302376267,0.3582089552238806,False,0.9019607843137255
tier1_seen_conditions,CVCL_0292,plate6,Pentagastrin,25,25,12,0.2777327280075035,0.014925373134328358,True,0.8431372549019608
tier1_seen_conditions,CVCL_0292,plate6,Hexylresorcinol,27,27,12,-0.045498242640864106,0.7164179104477612,False,1.0
tier1_seen_conditions,CVCL_0292,plate6,Berberine (chloride hydrate),28,28,12,-0.06965991397133209,0.835820895522388,False,0.9803921568627451
tier1_seen_conditions,CVCL_0292,plate6,Neratinib (maleate),27,27,12,-0.022309040774649347,0.6517412935323383,False,1.0
tier1_seen_conditions,CVCL_0292,plate6,Goserelin (acetate),26,26,12,0.027391769683212885,0.3781094527363184,False,0.9607843137254902
tier1_seen_conditions,CVCL_0292,plate6,Fusidic acid,25,25,12,0.03252559055240489,0.3034825870646766,False,0.9019607843137255
tier1_seen_conditions,CVCL_0292,plate6,Balsalazide (sodium hydrate),27,27,12,0.19774888375912525,0.03482587064676617,True,0.7254901960784313
tier1_seen_conditions,CVCL_0292,plate6,Cloxacillin (sodium),24,24,12,-0.012049301875011409,0.5472636815920398,False,0.6666666666666666
tier1_seen_conditions,CVCL_0292,plate6,Artesunate,26,26,12,-0.004974800667971735,0.5074626865671642,False,0.8627450980392157
tier1_seen_conditions,CVCL_0292,plate6,Pyridoxine (hydrochloride),24,24,12,0.1716169587006604,0.05970149253731343,False,0.9803921568627451
tier1_seen_conditions,CVCL_0292,plate6,Folic acid,28,28,12,0.2504783844699041,0.03980099502487562,True,0.7647058823529411
tier1_seen_conditions,CVCL_0292,plate6,Adenine,26,26,12,-0.028600272750063382,0.582089552238806,False,0.7058823529411765
tier1_seen_conditions,CVCL_0292,plate6,Amsacrine,16,16,12,0.03356943269540835,0.31343283582089554,False,0.47058823529411764
tier1_seen_conditions,CVCL_0292,plate6,Adagrasib,26,26,12,0.003673773185392193,0.4626865671641791,False,0.9411764705882353
tier1_seen_conditions,CVCL_0292,plate6,Darinaparsin,14,14,12,0.14899465921387112,0.07960199004975124,False,0.5098039215686274
tier1_seen_conditions,CVCL_0292,plate6,Adenosine,14,14,12,-0.04372270900894648,0.6318407960199005,False,0.47058823529411764
tier1_seen_conditions,CVCL_0292,plate6,Mitoxantrone (dihydrochloride),14,14,12,0.3413555352616644,0.009950248756218905,True,0.49019607843137253
tier1_seen_conditions,CVCL_0292,plate6,Docetaxel,14,14,12,0.028322115567220862,0.3681592039800995,False,0.4117647058823529
tier1_seen_conditions,CVCL_0292,plate6,Triclosan,17,17,12,0.05781659888301505,0.19402985074626866,False,0.5490196078431373
tier1_seen_conditions,CVCL_0292,plate6,Triamcinolone,28,28,12,0.07958865021796058,0.208955223880597,False,0.9803921568627451
tier1_seen_conditions,CVCL_0292,plate6,Lumateperone (tosylate),29,29,12,0.18042564578462006,0.04975124378109453,True,0.9803921568627451
tier1_seen_conditions,CVCL_0292,plate6,Relugolix,29,29,12,0.026175077782733425,0.3681592039800995,False,0.8431372549019608
tier1_seen_conditions,CVCL_0292,plate6,Sinomenine,27,27,12,0.0843661907272164,0.18407960199004975,False,0.7058823529411765
tier1_seen_conditions,CVCL_0292,plate6,Selinexor,29,29,12,0.11394268394512252,0.09950248756218906,False,1.0
tier1_seen_conditions,CVCL_0292,plate6,8-Hydroxyquinoline,24,24,12,0.06562395585841152,0.208955223880597,False,0.7843137254901961
tier1_seen_conditions,CVCL_0292,plate6,Chlorhexidine (diacetate),16,16,12,0.20058315123723247,0.03482587064676617,True,0.49019607843137253
tier1_seen_conditions,CVCL_0292,plate6,Cysteamine (hydrochloride),15,15,12,0.04964152250806464,0.2935323383084577,False,0.43137254901960786
tier1_seen_conditions,CVCL_0292,plate6,Raltitrexed,15,15,12,0.09002073990583881,0.18407960199004975,False,0.5490196078431373
tier1_seen_conditions,CVCL_0028,plate6,Rimonabant,19,19,12,0.1353486486416564,0.0845771144278607,False,0.7142857142857143
tier1_seen_conditions,CVCL_0028,plate6,Pentagastrin,23,23,12,0.66131996089916,0.004975124378109453,True,0.8
tier1_seen_conditions,CVCL_0028,plate6,Lumateperone (tosylate),21,21,12,0.3114042918548048,0.009950248756218905,True,0.6285714285714286
tier1_seen_conditions,CVCL_0028,plate6,Hexylresorcinol,14,14,12,0.14765416495911765,0.03980099502487562,True,0.5714285714285714
tier1_seen_conditions,CVCL_0028,plate6,Cloxacillin (sodium),23,23,12,0.19888247548161608,0.03980099502487562,True,0.7428571428571429
tier1_seen_conditions,CVCL_0028,plate6,Pyridoxine (hydrochloride),25,25,12,0.21002716469951288,0.01990049751243781,True,0.9142857142857143
tier1_seen_conditions,CVCL_0028,plate6,Folic acid,27,27,12,0.4847220998334425,0.004975124378109453,True,0.8285714285714286
tier1_seen_conditions,CVCL_0028,plate6,8-Hydroxyquinoline,12,12,12,0.12543133846428312,0.11940298507462686,False,0.4
tier1_seen_conditions,CVCL_0028,plate6,Medroxyprogesterone acetate,15,15,12,0.11856111977046879,0.10945273631840796,False,0.6857142857142857
tier1_seen_conditions,CVCL_0028,plate6,Neratinib (maleate),29,29,12,0.21603527605720885,0.01990049751243781,True,0.9714285714285714
tier1_seen_conditions,CVCL_0028,plate6,Adenine,27,27,12,0.14345914317659947,0.05472636815920398,False,0.9428571428571428
tier1_seen_conditions,CVCL_0028,plate6,Triclosan,12,12,12,0.1808378237441115,0.06467661691542288,False,0.5428571428571428
tier1_seen_conditions,CVCL_0028,plate6,Bimatoprost,13,13,12,0.11450465052207548,0.06467661691542288,False,0.4
tier1_seen_conditions,CVCL_0028,plate6,Relugolix,29,29,12,0.20016740388139986,0.029850746268656716,True,0.9428571428571428
tier1_seen_conditions,CVCL_0028,plate6,Sinomenine,15,15,12,0.19509240353332657,0.024875621890547265,True,0.4857142857142857
tier1_seen_conditions,CVCL_0028,plate6,Balsalazide (sodium hydrate),26,26,12,0.40030496479875666,0.004975124378109453,True,0.6857142857142857
tier1_seen_conditions,CVCL_0028,plate6,Artesunate,24,24,12,0.23636245393455546,0.014925373134328358,True,0.8
tier1_seen_conditions,CVCL_0028,plate6,Gallic acid,28,28,12,0.2106754253659826,0.009950248756218905,True,0.9428571428571428
tier1_seen_conditions,CVCL_0028,plate6,Adagrasib,21,21,12,0.17804643117162477,0.014925373134328358,True,0.8857142857142857
tier1_seen_conditions,CVCL_0028,plate6,Berberine (chloride hydrate),29,29,12,0.10193809809403476,0.1044776119402985,False,1.0
tier1_seen_conditions,CVCL_0028,plate6,Fusidic acid,24,24,12,0.08612183954351593,0.13432835820895522,False,0.8857142857142857
tier1_seen_conditions,CVCL_0332,plate6,Lenalidomide (hemihydrate),22,22,12,0.0922870598302783,0.13930348258706468,False,0.9259259259259259
tier1_seen_conditions,CVCL_0332,plate6,Pentamidine (isethionate),12,12,12,0.043135464513488486,0.35323383084577115,False,0.35185185185185186
tier1_seen_conditions,CVCL_0332,plate6,Sulfisoxazole,23,23,12,0.003975439845296691,0.4527363184079602,False,0.9074074074074074
tier1_seen_conditions,CVCL_0332,plate6,Norepinephrine (hydrochloride),13,13,12,-0.005948856148963344,0.4975124378109453,False,0.5740740740740741
tier1_seen_conditions,CVCL_0332,plate6,Ciclopirox,16,16,12,0.15028577908057805,0.10945273631840796,False,0.7962962962962963
tier1_seen_conditions,CVCL_0332,plate6,Triclosan,15,15,12,-0.005625278545071666,0.4079601990049751,False,0.6296296296296297
tier1_seen_conditions,CVCL_0332,plate6,Bergenin,25,25,12,0.054662165578832855,0.3482587064676617,False,0.7407407407407407
tier1_seen_conditions,CVCL_0332,plate6,Allantoin,17,17,12,-0.006026230726712711,0.5124378109452736,False,0.5185185185185185
tier1_seen_conditions,CVCL_0332,plate6,Bimatoprost,22,22,12,0.20884956236566943,0.024875621890547265,True,0.6851851851851852
tier1_seen_conditions,CVCL_0332,plate6,Pentagastrin,25,25,12,0.31531974120611395,0.004975124378109453,True,0.7592592592592593
tier1_seen_conditions,CVCL_0332,plate6,Lumateperone (tosylate),29,29,12,0.164918501533597,0.03980099502487562,True,1.0
tier1_seen_conditions,CVCL_0332,plate6,Relugolix,26,26,12,0.10688768697916196,0.14925373134328357,False,0.7962962962962963
tier1_seen_conditions,CVCL_0332,plate6,Berberine (chloride hydrate),27,27,12,0.11201779957545277,0.11442786069651742,False,0.8518518518518519
tier1_seen_conditions,CVCL_0332,plate6,Neratinib (maleate),23,23,12,0.0407476074338593,0.2935323383084577,False,0.9074074074074074
tier1_seen_conditions,CVCL_0332,plate6,Balsalazide (sodium hydrate),27,27,12,0.31711227529183184,0.004975124378109453,True,1.0
tier1_seen_conditions,CVCL_0332,plate6,Cloxacillin (sodium),29,29,12,0.11565407841073672,0.15920398009950248,False,0.8888888888888888
tier1_seen_conditions,CVCL_0332,plate6,Artesunate,27,27,12,0.05024692572273359,0.27860696517412936,False,0.9074074074074074
tier1_seen_conditions,CVCL_0332,plate6,Pyridoxine (hydrochloride),21,21,12,0.10108877768712787,0.1890547263681592,False,0.7222222222222222
tier1_seen_conditions,CVCL_0332,plate6,Selinexor,27,27,12,-0.06133105821811036,0.7412935323383084,False,1.0
tier1_seen_conditions,CVCL_0332,plate6,Adenine,26,26,12,0.2514275860338788,0.01990049751243781,True,0.8518518518518519
tier1_seen_conditions,CVCL_0332,plate6,Gallic acid,25,25,12,0.10926022912294009,0.11442786069651742,False,0.8888888888888888
tier1_seen_conditions,CVCL_0332,plate6,Amsacrine,15,15,12,0.059265394462482135,0.25870646766169153,False,0.42592592592592593
tier1_seen_conditions,CVCL_0332,plate6,Darinaparsin,12,12,12,0.07358127549960614,0.23880597014925373,False,0.37037037037037035
tier1_seen_conditions,CVCL_0332,plate6,Ritonavir,22,22,12,0.07658489187202555,0.1791044776119403,False,1.0
tier1_seen_conditions,CVCL_0332,plate6,Lidocaine (hydrochloride),13,13,12,0.15776718411389723,0.06965174129353234,False,0.8148148148148148
tier1_seen_conditions,CVCL_0332,plate6,Radotinib,14,14,12,0.07908814367056038,0.19900497512437812,False,0.3333333333333333
tier1_seen_conditions,CVCL_0332,plate6,Docetaxel,15,15,12,0.09099608478520693,0.1890547263681592,False,0.5370370370370371
tier1_seen_conditions,CVCL_0332,plate6,Rimonabant,22,22,12,0.006901046613318584,0.4577114427860697,False,0.7037037037037037
tier1_seen_conditions,CVCL_0332,plate6,Hexylresorcinol,27,27,12,0.2478350864291592,0.009950248756218905,True,0.7037037037037037
tier1_seen_conditions,CVCL_0332,plate6,Medroxyprogesterone acetate,27,27,12,-0.009204135554876203,0.47761194029850745,False,1.0
tier1_seen_conditions,CVCL_0332,plate6,Fusidic acid,28,28,12,0.08811604333738998,0.13432835820895522,False,0.9259259259259259
tier1_seen_conditions,CVCL_0332,plate6,Folic acid,27,27,12,0.11534099567252376,0.1044776119402985,False,0.9444444444444444
tier1_seen_conditions,CVCL_0332,plate6,Busulfan,17,17,12,0.01741748015918354,0.3482587064676617,False,0.3888888888888889
tier1_seen_conditions,CVCL_0332,plate6,Sinomenine,26,26,12,0.08922669448318743,0.19402985074626866,False,0.9444444444444444
tier1_seen_conditions,CVCL_0332,plate6,Goserelin (acetate),29,29,12,0.23223743968416777,0.06965174129353234,False,0.9444444444444444
tier1_seen_conditions,CVCL_0332,plate6,Adagrasib,29,29,12,0.11814256471403617,0.1044776119402985,False,0.9259259259259259
tier1_seen_conditions,CVCL_0332,plate6,Olanzapine,29,29,12,0.19278172127824256,0.06467661691542288,False,0.9259259259259259
tier1_seen_conditions,CVCL_1517,plate6,Vilanterol,20,20,12,0.03869848573661905,0.3333333333333333,False,0.6721311475409836
tier1_seen_conditions,CVCL_1517,plate6,Lenalidomide (hemihydrate),27,27,12,-0.0393548075410024,0.5422885572139303,False,0.9672131147540983
tier1_seen_conditions,CVCL_1517,plate6,Pentamidine (isethionate),18,18,12,0.1617706086906079,0.0945273631840796,False,0.9180327868852459
tier1_seen_conditions,CVCL_1517,plate6,Adenosine,24,24,12,0.053011154211871414,0.29850746268656714,False,0.9836065573770492
tier1_seen_conditions,CVCL_1517,plate6,Ciclopirox,20,20,12,0.08054925385569689,0.1890547263681592,False,0.6065573770491803
tier1_seen_conditions,CVCL_1517,plate6,Radotinib,22,22,12,0.19544332346301907,0.06467661691542288,False,0.7704918032786885
tier1_seen_conditions,CVCL_1517,plate6,Tucidinostat,26,26,12,0.009480802251323084,0.39800995024875624,False,0.9508196721311475
tier1_seen_conditions,CVCL_1517,plate6,Allantoin,26,26,12,0.08609984807710447,0.23383084577114427,False,0.9508196721311475
tier1_seen_conditions,CVCL_1517,plate6,Bimatoprost,25,25,12,0.23516757897308516,0.029850746268656716,True,0.6557377049180327
tier1_seen_conditions,CVCL_1517,plate6,Pentagastrin,25,25,12,0.49468193343450295,0.004975124378109453,True,0.8688524590163934
tier1_seen_conditions,CVCL_1517,plate6,Lumateperone (tosylate),29,29,12,0.1266532609139368,0.1044776119402985,False,0.9344262295081968
tier1_seen_conditions,CVCL_1517,plate6,Relugolix,27,27,12,0.42104033805595975,0.014925373134328358,True,0.6557377049180327
tier1_seen_conditions,CVCL_1517,plate6,Homoharringtonine,18,18,12,1.4501452698694806,0.004975124378109453,True,1.0
tier1_seen_conditions,CVCL_1517,plate6,Hexylresorcinol,27,27,12,0.1013686354682708,0.13930348258706468,False,0.9836065573770492
tier1_seen_conditions,CVCL_1517,plate6,Berberine (chloride hydrate),29,29,12,0.15934812660083075,0.06467661691542288,False,0.9344262295081968
tier1_seen_conditions,CVCL_1517,plate6,Medroxyprogesterone acetate,27,27,12,0.27699729558232455,0.014925373134328358,True,0.9508196721311475
tier1_seen_conditions,CVCL_1517,plate6,Sinomenine,26,26,12,-0.028940025173726625,0.5771144278606966,False,0.9508196721311475
tier1_seen_conditions,CVCL_1517,plate6,Goserelin (acetate),27,27,12,0.11474096486090346,0.15920398009950248,False,0.9016393442622951
tier1_seen_conditions,CVCL_1517,plate6,Cloxacillin (sodium),24,24,12,0.16255401030121597,0.09950248756218906,False,0.7704918032786885
tier1_seen_conditions,CVCL_1517,plate6,Artesunate,28,28,12,0.015934576241200205,0.3880597014925373,False,0.9836065573770492
tier1_seen_conditions,CVCL_1517,plate6,Pyridoxine (hydrochloride),29,29,12,0.4345730136746173,0.009950248756218905,True,0.9672131147540983
tier1_seen_conditions,CVCL_1517,plate6,Folic acid,27,27,12,0.03812622760433193,0.31343283582089554,False,0.9508196721311475
tier1_seen_conditions,CVCL_1517,plate6,Selinexor,26,26,12,0.16741576624448662,0.07960199004975124,False,0.9836065573770492
tier1_seen_conditions,CVCL_1517,plate6,Gallic acid,28,28,12,0.20600463065699337,0.029850746268656716,True,0.8852459016393442
tier1_seen_conditions,CVCL_1517,plate6,Amsacrine,15,15,12,0.13902291345772966,0.12935323383084577,False,0.29508196721311475
tier1_seen_conditions,CVCL_1517,plate6,Adagrasib,29,29,12,0.18962646193513066,0.06467661691542288,False,1.0
tier1_seen_conditions,CVCL_1517,plate6,8-Hydroxyquinoline,28,28,12,0.16185742446813833,0.09950248756218906,False,0.9672131147540983
tier1_seen_conditions,CVCL_1517,plate6,Terfenadine,16,16,12,0.0025620207623937574,0.417910447761194,False,0.5901639344262295
tier1_seen_conditions,CVCL_1517,plate6,Fluvoxamine (maleate),14,14,12,0.03252720041010626,0.417910447761194,False,0.36065573770491804
tier1_seen_conditions,CVCL_1517,plate6,S-Adenosyl-L-methionine (disulfate tosylate),18,18,12,-0.0468623775785133,0.7064676616915423,False,0.4262295081967213
tier1_seen_conditions,CVCL_1517,plate6,Elagolix sodium,14,14,12,0.09683159917972439,0.14427860696517414,False,0.3770491803278688
tier1_seen_conditions,CVCL_1517,plate6,Resveratrol,17,17,12,0.025640706588404782,0.39303482587064675,False,0.3442622950819672
tier1_seen_conditions,CVCL_1517,plate6,Thymol,14,14,12,0.014569351438852962,0.3681592039800995,False,0.47540983606557374
tier1_seen_conditions,CVCL_1517,plate6,Ritonavir,23,23,12,0.03926890016967555,0.2935323383084577,False,0.639344262295082
tier1_seen_conditions,CVCL_1517,plate6,Norepinephrine (hydrochloride),28,28,12,0.13984229501198087,0.1044776119402985,False,1.0
tier1_seen_conditions,CVCL_1517,plate6,Busulfan,24,24,12,0.11362429807108576,0.20398009950248755,False,0.8852459016393442
tier1_seen_conditions,CVCL_1517,plate6,Triclosan,24,24,12,0.04996560597205324,0.2736318407960199,False,0.819672131147541
tier1_seen_conditions,CVCL_1517,plate6,Olanzapine,27,27,12,-0.0015420565602841663,0.4079601990049751,False,0.7377049180327869
tier1_seen_conditions,CVCL_1517,plate6,Rimonabant,28,28,12,0.34443586248219304,0.029850746268656716,True,0.9672131147540983
tier1_seen_conditions,CVCL_1517,plate6,Fusidic acid,29,29,12,0.20085361989878692,0.1044776119402985,False,0.7704918032786885
tier1_seen_conditions,CVCL_1517,plate6,Balsalazide (sodium hydrate),29,29,12,0.049751585920239094,0.2537313432835821,False,0.9344262295081968
tier1_seen_conditions,CVCL_1517,plate6,Adenine,26,26,12,0.3956474028108712,0.014925373134328358,True,0.8852459016393442
tier1_seen_conditions,CVCL_1517,plate6,Sulfisoxazole,29,29,12,0.10063087127191928,0.13930348258706468,False,1.0
tier1_seen_conditions,CVCL_1517,plate6,Triamcinolone,15,15,12,0.2043071226796389,0.029850746268656716,True,0.39344262295081966
tier1_seen_conditions,CVCL_1517,plate6,Cysteamine (hydrochloride),19,19,12,0.3145569195929845,0.03482587064676617,True,0.6065573770491803
tier1_seen_conditions,CVCL_1517,plate6,Riluzole hydrochloride,17,17,12,0.09787097933363853,0.14925373134328357,False,0.4918032786885246
tier1_seen_conditions,CVCL_1517,plate6,Raltitrexed,18,18,12,0.10561522183035876,0.16417910447761194,False,0.7049180327868853
tier1_seen_conditions,CVCL_0218,plate6,Adenosine,18,18,12,0.13400329224047702,0.05970149253731343,False,0.58
tier1_seen_conditions,CVCL_0218,plate6,Sulfisoxazole,17,17,12,0.08614101855818035,0.11442786069651742,False,0.66
tier1_seen_conditions,CVCL_0218,plate6,Norepinephrine (hydrochloride),12,12,12,0.1034622329899122,0.15920398009950248,False,0.36
tier1_seen_conditions,CVCL_0218,plate6,Docetaxel,15,15,12,0.08947616796819524,0.15422885572139303,False,0.4
tier1_seen_conditions,CVCL_0218,plate6,Allantoin,21,21,12,0.17406848270904263,0.03482587064676617,True,0.7
tier1_seen_conditions,CVCL_0218,plate6,Triamcinolone,19,19,12,0.11322031555919487,0.07960199004975124,False,0.54
tier1_seen_conditions,CVCL_0218,plate6,Pentagastrin,28,28,12,0.3503489448810342,0.004975124378109453,True,1.0
tier1_seen_conditions,CVCL_0218,plate6,Relugolix,27,27,12,0.1330647369111002,0.07960199004975124,False,0.76
tier1_seen_conditions,CVCL_0218,plate6,Berberine (chloride hydrate),28,28,12,0.1446808899478551,0.029850746268656716,True,0.98
tier1_seen_conditions,CVCL_0218,plate6,Medroxyprogesterone acetate,25,25,12,0.09074818533168383,0.1890547263681592,False,0.92
tier1_seen_conditions,CVCL_0218,plate6,Sinomenine,28,28,12,0.09074614314283735,0.15422885572139303,False,0.92
tier1_seen_conditions,CVCL_0218,plate6,Balsalazide (sodium hydrate),28,28,12,0.35839089177065553,0.004975124378109453,True,0.9
tier1_seen_conditions,CVCL_0218,plate6,Folic acid,26,26,12,0.48661712061300655,0.004975124378109453,True,0.94
tier1_seen_conditions,CVCL_0218,plate6,Selinexor,18,18,12,0.27709987008006287,0.004975124378109453,True,0.88
tier1_seen_conditions,CVCL_0218,plate6,Adenine,26,26,12,0.24238008624738328,0.004975124378109453,True,0.94
tier1_seen_conditions,CVCL_0218,plate6,Gallic acid,26,26,12,0.15911761541417135,0.03980099502487562,True,0.94
tier1_seen_conditions,CVCL_0218,plate6,8-Hydroxyquinoline,20,20,12,0.09551139755597404,0.15920398009950248,False,0.6
tier1_seen_conditions,CVCL_0218,plate6,S-Adenosyl-L-methionine (disulfate tosylate),13,13,12,0.2564471348579378,0.004975124378109453,True,0.46
tier1_seen_conditions,CVCL_0218,plate6,Vilanterol,14,14,12,-0.03789057395782258,0.6268656716417911,False,0.38
tier1_seen_conditions,CVCL_0218,plate6,Ritonavir,21,21,12,-0.002847341901976108,0.5124378109452736,False,0.74
tier1_seen_conditions,CVCL_0218,plate6,Bergenin,24,24,12,0.1537858894665387,0.04477611940298507,True,0.92
tier1_seen_conditions,CVCL_0218,plate6,Olanzapine,23,23,12,0.0014240111733965222,0.5174129353233831,False,0.56
tier1_seen_conditions,CVCL_0218,plate6,Lumateperone (tosylate),27,27,12,0.01875817299991489,0.4129353233830846,False,0.88
tier1_seen_conditions,CVCL_0218,plate6,Hexylresorcinol,28,28,12,0.1920798124027634,0.03482587064676617,True,0.76
tier1_seen_conditions,CVCL_0218,plate6,Neratinib (maleate),29,29,12,0.07178626260017751,0.17412935323383086,False,0.96
tier1_seen_conditions,CVCL_0218,plate6,Goserelin (acetate),28,28,12,0.3196397380685898,0.004975124378109453,True,1.0
tier1_seen_conditions,CVCL_0218,plate6,Fusidic acid,28,28,12,0.15843308121452004,0.10945273631840796,False,0.94
tier1_seen_conditions,CVCL_0218,plate6,Cloxacillin (sodium),27,27,12,0.2079710138436841,0.014925373134328358,True,0.96
tier1_seen_conditions,CVCL_0218,plate6,Pyridoxine (hydrochloride),26,26,12,0.34093915732650437,0.004975124378109453,True,0.66
tier1_seen_conditions,CVCL_0218,plate6,Ciclopirox,14,14,12,0.1833821765574548,0.04975124378109453,True,0.62
tier1_seen_conditions,CVCL_0218,plate6,Triclosan,22,22,12,0.13060798952313135,0.0845771144278607,False,0.8
tier1_seen_conditions,CVCL_0218,plate6,Adagrasib,29,29,12,0.2291941317724966,0.014925373134328358,True,1.0
tier1_seen_conditions,CVCL_0218,plate6,Artesunate,29,29,12,0.10276803148451563,0.1691542288557214,False,0.88
tier1_seen_conditions,CVCL_0218,plate6,Amsacrine,19,19,12,0.03386002476399064,0.3283582089552239,False,0.5
tier1_seen_conditions,CVCL_0218,plate6,Retinoic acid,12,12,12,0.3668152694490381,0.004975124378109453,True,0.42
tier1_seen_conditions,CVCL_0218,plate6,Raltitrexed,17,17,12,0.37567117571152764,0.004975124378109453,True,0.58
tier1_seen_conditions,CVCL_1495,plate6,Darinaparsin,15,15,12,0.11434981600586447,0.10945273631840796,False,0.47058823529411764
tier1_seen_conditions,CVCL_1495,plate6,Ritonavir,23,23,12,0.06649304238699472,0.21890547263681592,False,0.8627450980392157
tier1_seen_conditions,CVCL_1495,plate6,Radotinib,16,16,12,-0.08797472733628453,0.835820895522388,False,0.6666666666666666
tier1_seen_conditions,CVCL_1495,plate6,Docetaxel,17,17,12,0.005618118425747554,0.4228855721393035,False,0.5294117647058824
tier1_seen_conditions,CVCL_1495,plate6,Bergenin,20,20,12,0.024055609196615535,0.32338308457711445,False,0.5294117647058824
tier1_seen_conditions,CVCL_1495,plate6,Allantoin,23,23,12,0.10179833974618013,0.11940298507462686,False,1.0
tier1_seen_conditions,CVCL_1495,plate6,Triamcinolone,17,17,12,0.12318419233684352,0.09950248756218906,False,0.6862745098039216
tier1_seen_conditions,CVCL_1495,plate6,Rimonabant,26,26,12,0.07908493200382516,0.19900497512437812,False,0.9411764705882353
tier1_seen_conditions,CVCL_1495,plate6,Pentagastrin,27,27,12,0.23379065728772197,0.014925373134328358,True,0.8823529411764706
tier1_seen_conditions,CVCL_1495,plate6,Relugolix,28,28,12,0.20491278484036535,0.014925373134328358,True,1.0
tier1_seen_conditions,CVCL_1495,plate6,Hexylresorcinol,24,24,12,-0.0710275174539543,0.7860696517412935,False,0.7450980392156863
tier1_seen_conditions,CVCL_1495,plate6,Berberine (chloride hydrate),22,22,12,0.03769284595188793,0.2935323383084577,False,0.9411764705882353
tier1_seen_conditions,CVCL_1495,plate6,Medroxyprogesterone acetate,28,28,12,0.2642858857176549,0.004975124378109453,True,1.0
tier1_seen_conditions,CVCL_1495,plate6,Neratinib (maleate),25,25,12,0.10562858215249094,0.15422885572139303,False,0.8235294117647058
tier1_seen_conditions,CVCL_1495,plate6,Goserelin (acetate),28,28,12,0.11267895506815684,0.0845771144278607,False,0.7450980392156863
tier1_seen_conditions,CVCL_1495,plate6,Balsalazide (sodium hydrate),24,24,12,0.08309246952089389,0.208955223880597,False,0.5294117647058824
tier1_seen_conditions,CVCL_1495,plate6,Artesunate,27,27,12,0.0629771250467126,0.22388059701492538,False,0.7450980392156863
tier1_seen_conditions,CVCL_1495,plate6,Pyridoxine (hydrochloride),24,24,12,0.02053054623444872,0.40298507462686567,False,0.9411764705882353
tier1_seen_conditions,CVCL_1495,plate6,Adenine,27,27,12,0.1110852180003743,0.11442786069651742,False,0.8235294117647058
tier1_seen_conditions,CVCL_1495,plate6,Gallic acid,28,28,12,0.16371004982361548,0.05472636815920398,False,0.9019607843137255
tier1_seen_conditions,CVCL_1495,plate6,Adagrasib,27,27,12,0.053406766259374905,0.21890547263681592,False,1.0
tier1_seen_conditions,CVCL_1495,plate6,8-Hydroxyquinoline,26,26,12,-0.14111830181117746,0.9651741293532339,False,0.8235294117647058
tier1_seen_conditions,CVCL_1495,plate6,Resveratrol,13,13,12,-0.04317161768214639,0.6915422885572139,False,0.3333333333333333
tier1_seen_conditions,CVCL_1495,plate6,Thymol,14,14,12,0.007516826448236813,0.39303482587064675,False,0.39215686274509803
tier1_seen_conditions,CVCL_1495,plate6,Norepinephrine (hydrochloride),17,17,12,0.14150368477269915,0.04975124378109453,True,0.6666666666666666
tier1_seen_conditions,CVCL_1495,plate6,Ciclopirox,12,12,12,0.02299567610986486,0.39800995024875624,False,0.35294117647058826
tier1_seen_conditions,CVCL_1495,plate6,Demeclocycline,15,15,12,-0.003761912472382889,0.5074626865671642,False,0.45098039215686275
tier1_seen_conditions,CVCL_1495,plate6,Triclosan,26,26,12,-0.06002517853552902,0.7213930348258707,False,0.9607843137254902
tier1_seen_conditions,CVCL_1495,plate6,Tucidinostat,28,28,12,0.23964486274495123,0.01990049751243781,True,1.0
tier1_seen_conditions,CVCL_1495,plate6,Olanzapine,26,26,12,0.0596495306259488,0.18407960199004975,False,0.7843137254901961
tier1_seen_conditions,CVCL_1495,plate6,Sinomenine,27,27,12,0.05444816842267919,0.23383084577114427,False,0.8431372549019608
tier1_seen_conditions,CVCL_1495,plate6,Fusidic acid,28,28,12,-0.009733194145983504,0.5124378109452736,False,0.9803921568627451
tier1_seen_conditions,CVCL_1495,plate6,Cloxacillin (sodium),29,29,12,-0.008089478724947696,0.572139303482587,False,1.0
tier1_seen_conditions,CVCL_1495,plate6,Folic acid,29,29,12,0.23590152988441915,0.01990049751243781,True,1.0
tier1_seen_conditions,CVCL_1495,plate6,Vilanterol,18,18,12,-0.06322024132936477,0.7810945273631841,False,0.7058823529411765
tier1_seen_conditions,CVCL_1495,plate6,Sulfisoxazole,22,22,12,-0.018336788361093426,0.5621890547263682,False,0.8431372549019608
tier1_seen_conditions,CVCL_1495,plate6,Busulfan,13,13,12,-0.04709925596737641,0.7164179104477612,False,0.3137254901960784
tier1_seen_conditions,CVCL_1495,plate6,Bimatoprost,19,19,12,0.011268693105574101,0.42786069651741293,False,0.6862745098039216
tier1_seen_conditions,CVCL_1495,plate6,Amsacrine,12,12,12,0.06157348934228857,0.22388059701492538,False,0.19607843137254902
tier1_seen_conditions,CVCL_1495,plate6,Retinoic acid,15,15,12,0.20641066656459017,0.029850746268656716,True,0.6470588235294118
tier1_seen_conditions,CVCL_1495,plate6,Cysteamine (hydrochloride),15,15,12,0.20223022944347768,0.03980099502487562,True,0.5294117647058824
tier1_seen_conditions,CVCL_1495,plate6,Raltitrexed,15,15,12,0.5620469718245076,0.004975124378109453,True,0.8627450980392157
tier1_seen_conditions,CVCL_0459,plate6,Darinaparsin,28,28,12,-0.04472470853055377,0.7661691542288557,False,1.0
tier1_seen_conditions,CVCL_0459,plate6,Vilanterol,26,26,12,-0.0406624492830705,0.5870646766169154,False,0.359375
tier1_seen_conditions,CVCL_0459,plate6,Lenalidomide (hemihydrate),29,29,12,0.0065888366683264366,0.48258706467661694,False,0.984375
tier1_seen_conditions,CVCL_0459,plate6,Ritonavir,27,27,12,-0.13185305602335973,0.9253731343283582,False,0.90625
tier1_seen_conditions,CVCL_0459,plate6,Pentamidine (isethionate),27,27,12,0.049912551604677446,0.26865671641791045,False,0.984375
tier1_seen_conditions,CVCL_0459,plate6,Adenosine,26,26,12,0.020623960229206872,0.3582089552238806,False,0.8125
tier1_seen_conditions,CVCL_0459,plate6,Sulfisoxazole,26,26,12,0.006582846199593817,0.472636815920398,False,1.0
tier1_seen_conditions,CVCL_0459,plate6,Norepinephrine (hydrochloride),26,26,12,-0.18624604330991446,0.9900497512437811,False,0.8125
tier1_seen_conditions,CVCL_0459,plate6,Demeclocycline,26,26,12,-0.011990891773296042,0.5522388059701493,False,0.984375
tier1_seen_conditions,CVCL_0459,plate6,Mitoxantrone (dihydrochloride),27,27,12,0.05300622452662118,0.21890547263681592,False,1.0
tier1_seen_conditions,CVCL_0459,plate6,Larotrectinib,25,25,12,-0.01271995250828084,0.572139303482587,False,0.6875
tier1_seen_conditions,CVCL_0459,plate6,Busulfan,24,24,12,-0.05988301724130629,0.6666666666666666,False,0.171875
tier1_seen_conditions,CVCL_0459,plate6,Cepharanthine,19,19,12,-0.13166254847054937,0.9253731343283582,False,0.15625
tier1_seen_conditions,CVCL_0459,plate6,Radotinib,27,27,12,-0.013148145048305082,0.5223880597014925,False,0.703125
tier1_seen_conditions,CVCL_0459,plate6,Tucidinostat,28,28,12,0.12887291836583614,0.09950248756218906,False,1.0
tier1_seen_conditions,CVCL_0459,plate6,Bergenin,26,26,12,-0.0014401847149958513,0.5074626865671642,False,0.84375
tier1_seen_conditions,CVCL_0459,plate6,Olanzapine,29,29,12,0.021522349057262247,0.3781094527363184,False,0.96875
tier1_seen_conditions,CVCL_0459,plate6,Rimonabant,27,27,12,-0.12088041610410549,0.9402985074626866,False,0.546875
tier1_seen_conditions,CVCL_0459,plate6,Pentagastrin,27,27,12,0.13262186533248688,0.08955223880597014,False,0.96875
tier1_seen_conditions,CVCL_0459,plate6,Lumateperone (tosylate),29,29,12,-0.15072360870215284,0.9651741293532339,False,1.0
tier1_seen_conditions,CVCL_0459,plate6,Relugolix,24,24,12,-0.12012873937507074,0.9303482587064676,False,0.625
tier1_seen_conditions,CVCL_0459,plate6,Homoharringtonine,26,26,12,1.1602801692668585,0.004975124378109453,True,1.0
tier1_seen_conditions,CVCL_0459,plate6,Hexylresorcinol,26,26,12,-0.06064787599852295,0.8109452736318408,False,0.890625
tier1_seen_conditions,CVCL_0459,plate6,Berberine (chloride hydrate),28,28,12,-0.10263558792479444,0.8955223880597015,False,0.59375
tier1_seen_conditions,CVCL_0459,plate6,Medroxyprogesterone acetate,26,26,12,-0.0966601641072824,0.8905472636815921,False,0.984375
tier1_seen_conditions,CVCL_0459,plate6,Neratinib (maleate),28,28,12,-0.05040830047106759,0.7412935323383084,False,0.953125
tier1_seen_conditions,CVCL_0459,plate6,Sinomenine,27,27,12,-0.08003427008535802,0.8507462686567164,False,0.765625
tier1_seen_conditions,CVCL_0459,plate6,Goserelin (acetate),26,26,12,0.2636611145367205,0.009950248756218905,True,0.484375
tier1_seen_conditions,CVCL_0459,plate6,Fusidic acid,26,26,12,-0.01681952947535237,0.5323383084577115,False,0.75
tier1_seen_conditions,CVCL_0459,plate6,Balsalazide (sodium hydrate),26,26,12,-0.009657238826024539,0.5024875621890548,False,0.96875
tier1_seen_conditions,CVCL_0459,plate6,Cloxacillin (sodium),25,25,12,0.033327651525210555,0.3383084577114428,False,0.78125
tier1_seen_conditions,CVCL_0459,plate6,Artesunate,28,28,12,0.017813063364870985,0.44776119402985076,False,1.0
tier1_seen_conditions,CVCL_0459,plate6,Pyridoxine (hydrochloride),29,29,12,-0.08186475892915546,0.7810945273631841,False,0.953125
tier1_seen_conditions,CVCL_0459,plate6,Folic acid,27,27,12,0.16706683373677755,0.04477611940298507,True,0.890625
tier1_seen_conditions,CVCL_0459,plate6,Selinexor,27,27,12,-0.0409974542335636,0.6716417910447762,False,0.859375
tier1_seen_conditions,CVCL_0459,plate6,Adenine,26,26,12,-0.0317612156161573,0.6169154228855721,False,0.96875
tier1_seen_conditions,CVCL_0459,plate6,Gallic acid,26,26,12,0.09600759821834437,0.09950248756218906,False,0.5
tier1_seen_conditions,CVCL_0459,plate6,Adagrasib,27,27,12,-0.0824086139352449,0.8308457711442786,False,0.984375
tier1_seen_conditions,CVCL_0459,plate6,8-Hydroxyquinoline,28,28,12,-0.08164140062291914,0.8208955223880597,False,1.0
tier1_seen_conditions,CVCL_0459,plate6,Terfenadine,14,14,12,-0.1307128747551829,0.945273631840796,False,0.078125
tier1_seen_conditions,CVCL_0459,plate6,Fluvoxamine (maleate),26,26,12,-0.11239423831252893,0.900497512437811,False,0.84375
tier1_seen_conditions,CVCL_0459,plate6,S-Adenosyl-L-methionine (disulfate tosylate),26,26,12,-0.0723183904064797,0.8159203980099502,False,1.0
tier1_seen_conditions,CVCL_0459,plate6,Resveratrol,25,25,12,-0.15737765589417663,0.9850746268656716,False,0.390625
tier1_seen_conditions,CVCL_0459,plate6,Rapamycin,27,27,12,-0.0014277706481493624,0.4577114427860697,False,0.65625
tier1_seen_conditions,CVCL_0459,plate6,Tofacitinib (citrate),29,29,12,0.059591027273977915,0.2537313432835821,False,0.984375
tier1_seen_conditions,CVCL_0459,plate6,Ciclopirox,26,26,12,-0.12570931303983102,0.9601990049751243,False,0.8125
tier1_seen_conditions,CVCL_0459,plate6,Lidocaine (hydrochloride),20,20,12,-0.07576983776643331,0.8109452736318408,False,0.4375
tier1_seen_conditions,CVCL_0459,plate6,Docetaxel,29,29,12,-0.16264349334041128,0.9402985074626866,False,0.8125
tier1_seen_conditions,CVCL_0459,plate6,Bimatoprost,27,27,12,-0.145791192113931,0.9552238805970149,False,0.6875
tier1_seen_conditions,CVCL_0459,plate6,Triamcinolone,28,28,12,0.16246209177308302,0.1044776119402985,False,1.0
tier1_seen_conditions,CVCL_0459,plate6,Thymol,23,23,12,-0.2150120068503334,0.9950248756218906,False,0.3125
tier1_seen_conditions,CVCL_0459,plate6,Amsacrine,29,29,12,-0.02406990819950039,0.5771144278606966,False,0.484375
tier1_seen_conditions,CVCL_0459,plate6,Chlorhexidine (diacetate),23,23,12,0.10797137229594611,0.13930348258706468,False,0.859375
tier1_seen_conditions,CVCL_0459,plate6,Trifluridine,16,16,12,-0.04441169470673323,0.6716417910447762,False,0.40625
tier1_seen_conditions,CVCL_0459,plate6,Retinoic acid,28,28,12,0.03287169690903369,0.373134328358209,False,0.984375
tier1_seen_conditions,CVCL_0459,plate6,Vinblastine (sulfate),12,12,12,-0.027477666558121783,0.582089552238806,False,0.0625
tier1_seen_conditions,CVCL_0459,plate6,Pasireotide (acetate),25,25,12,0.0565350974918708,0.2935323383084577,False,0.84375
tier1_seen_conditions,CVCL_0459,plate6,Riluzole hydrochloride,22,22,12,-0.02686176461320322,0.5970149253731343,False,0.234375
tier1_seen_conditions,CVCL_0459,plate6,Palmatine (chloride),20,20,12,-0.08773843991409791,0.8706467661691543,False,0.296875
tier1_seen_conditions,CVCL_0459,plate6,Isocorydine,28,28,12,-0.025763649417053003,0.5621890547263682,False,1.0
tier1_seen_conditions,CVCL_0459,plate6,Raltitrexed,29,29,12,-0.0029584689896537952,0.4925373134328358,False,0.578125
tier1_seen_conditions,CVCL_0459,plate6,Furosemide,23,23,12,0.06114587325771659,0.26865671641791045,False,0.09375
tier1_seen_conditions,CVCL_0320,plate6,Pentamidine (isethionate),19,19,12,0.186438741359769,0.06467661691542288,False,0.3728813559322034
tier1_seen_conditions,CVCL_0320,plate6,Adenosine,26,26,12,0.01979967201678079,0.43283582089552236,False,0.7966101694915254
tier1_seen_conditions,CVCL_0320,plate6,Mitoxantrone (dihydrochloride),16,16,12,0.22714943694696466,0.024875621890547265,True,0.3898305084745763
tier1_seen_conditions,CVCL_0320,plate6,Busulfan,27,27,12,-0.10394386179044446,0.8706467661691543,False,0.8305084745762712
tier1_seen_conditions,CVCL_0320,plate6,Radotinib,19,19,12,0.18101466240744557,0.03482587064676617,True,0.576271186440678
tier1_seen_conditions,CVCL_0320,plate6,Triclosan,25,25,12,-0.10158440249872314,0.8208955223880597,False,0.7457627118644068
tier1_seen_conditions,CVCL_0320,plate6,Tucidinostat,27,27,12,0.19827426321053743,0.01990049751243781,True,1.0
tier1_seen_conditions,CVCL_0320,plate6,Bergenin,26,26,12,0.37084755224729626,0.009950248756218905,True,0.7796610169491526
tier1_seen_conditions,CVCL_0320,plate6,Triamcinolone,28,28,12,-0.004197473247881334,0.4626865671641791,False,0.847457627118644
tier1_seen_conditions,CVCL_0320,plate6,Olanzapine,24,24,12,0.0821703517476493,0.21890547263681592,False,0.7457627118644068
tier1_seen_conditions,CVCL_0320,plate6,Pentagastrin,27,27,12,0.7049198523817228,0.004975124378109453,True,0.8813559322033898
tier1_seen_conditions,CVCL_0320,plate6,Lumateperone (tosylate),27,27,12,0.40832580304694943,0.004975124378109453,True,0.9661016949152542
tier1_seen_conditions,CVCL_0320,plate6,Relugolix,23,23,12,0.3427580849206837,0.004975124378109453,True,0.6779661016949152
tier1_seen_conditions,CVCL_0320,plate6,Berberine (chloride hydrate),27,27,12,0.5259862814321288,0.004975124378109453,True,0.9830508474576272
tier1_seen_conditions,CVCL_0320,plate6,Medroxyprogesterone acetate,26,26,12,0.01076493433371084,0.39303482587064675,False,0.9661016949152542
tier1_seen_conditions,CVCL_0320,plate6,Sinomenine,25,25,12,0.19693255365372586,0.04975124378109453,True,0.7457627118644068
tier1_seen_conditions,CVCL_0320,plate6,Goserelin (acetate),24,24,12,0.18931873151917422,0.06467661691542288,False,0.7796610169491526
tier1_seen_conditions,CVCL_0320,plate6,Cloxacillin (sodium),26,26,12,0.2186657435940802,0.01990049751243781,True,0.9491525423728814
tier1_seen_conditions,CVCL_0320,plate6,Artesunate,27,27,12,0.14401930842859656,0.1044776119402985,False,1.0
tier1_seen_conditions,CVCL_0320,plate6,Pyridoxine (hydrochloride),26,26,12,0.3368425516313369,0.009950248756218905,True,0.8983050847457628
tier1_seen_conditions,CVCL_0320,plate6,Folic acid,29,29,12,0.3100734721826477,0.004975124378109453,True,1.0
tier1_seen_conditions,CVCL_0320,plate6,Selinexor,28,28,12,0.21086970685038509,0.01990049751243781,True,1.0
tier1_seen_conditions,CVCL_0320,plate6,Adenine,27,27,12,0.3650765628147461,0.004975124378109453,True,0.8135593220338984
tier1_seen_conditions,CVCL_0320,plate6,Gallic acid,26,26,12,0.4864574139157476,0.004975124378109453,True,0.9830508474576272
tier1_seen_conditions,CVCL_0320,plate6,Amsacrine,21,21,12,0.3639252978484162,0.024875621890547265,True,0.7457627118644068
tier1_seen_conditions,CVCL_0320,plate6,Adagrasib,27,27,12,0.045928849237530045,0.21393034825870647,False,0.7796610169491526
tier1_seen_conditions,CVCL_0320,plate6,8-Hydroxyquinoline,23,23,12,0.20832041556788994,0.07462686567164178,False,0.7966101694915254
tier1_seen_conditions,CVCL_0320,plate6,Terfenadine,13,13,12,0.10274073328107214,0.08955223880597014,False,0.3728813559322034
tier1_seen_conditions,CVCL_0320,plate6,Fluvoxamine (maleate),14,14,12,-0.04068010809536737,0.6616915422885572,False,0.5084745762711864
tier1_seen_conditions,CVCL_0320,plate6,S-Adenosyl-L-methionine (disulfate tosylate),18,18,12,0.2289829965009087,0.029850746268656716,True,0.5423728813559322
tier1_seen_conditions,CVCL_0320,plate6,Idarubicin (hydrochloride),14,14,12,0.1612852219219434,0.024875621890547265,True,0.9322033898305084
tier1_seen_conditions,CVCL_0320,plate6,Resveratrol,16,16,12,-0.049772566964675136,0.6766169154228856,False,0.5254237288135594
tier1_seen_conditions,CVCL_0320,plate6,Thymol,19,19,12,0.19613462849787133,0.03980099502487562,True,0.3220338983050847
tier1_seen_conditions,CVCL_0320,plate6,Ciclopirox,25,25,12,0.11827444846193735,0.15422885572139303,False,0.9322033898305084
tier1_seen_conditions,CVCL_0320,plate6,Demeclocycline,20,20,12,0.2589703364706928,0.024875621890547265,True,0.3559322033898305
tier1_seen_conditions,CVCL_0320,plate6,Docetaxel,21,21,12,0.0457342923710371,0.29850746268656714,False,0.4576271186440678
tier1_seen_conditions,CVCL_0320,plate6,Homoharringtonine,26,26,12,0.8729005508633669,0.004975124378109453,True,1.0
tier1_seen_conditions,CVCL_0320,plate6,Neratinib (maleate),28,28,12,0.08115990290691855,0.17412935323383086,False,1.0
tier1_seen_conditions,CVCL_0320,plate6,Fusidic acid,27,27,12,0.29405614129239943,0.004975124378109453,True,0.8813559322033898
tier1_seen_conditions,CVCL_0320,plate6,Balsalazide (sodium hydrate),26,26,12,0.6265214623688582,0.004975124378109453,True,0.9322033898305084
tier1_seen_conditions,CVCL_0320,plate6,Vilanterol,24,24,12,-0.05854065348140125,0.7910447761194029,False,0.9322033898305084
tier1_seen_conditions,CVCL_0320,plate6,Lenalidomide (hemihydrate),25,25,12,-0.06912576806916881,0.7910447761194029,False,0.3898305084745763
tier1_seen_conditions,CVCL_0320,plate6,Sulfisoxazole,22,22,12,-0.02574709379232054,0.6467661691542289,False,0.6440677966101694
tier1_seen_conditions,CVCL_0320,plate6,Norepinephrine (hydrochloride),20,20,12,-0.010113911882619675,0.4577114427860697,False,0.576271186440678
tier1_seen_conditions,CVCL_0320,plate6,Allantoin,29,29,12,0.2603091600781333,0.024875621890547265,True,0.9491525423728814
tier1_seen_conditions,CVCL_0320,plate6,Rimonabant,25,25,12,0.44058182855423134,0.024875621890547265,True,0.8135593220338984
tier1_seen_conditions,CVCL_0320,plate6,Cysteamine (hydrochloride),22,22,12,0.7002588782820904,0.004975124378109453,True,0.8135593220338984
tier1_seen_conditions,CVCL_0320,plate6,Palmatine (chloride),14,14,12,0.0386819661110156,0.3034825870646766,False,0.3559322033898305
tier1_seen_conditions,CVCL_0320,plate6,Isocorydine,12,12,12,0.9775732678089906,0.004975124378109453,True,0.6440677966101694
tier1_seen_conditions,CVCL_0320,plate6,Raltitrexed,19,19,12,0.6617747108677605,0.009950248756218905,True,0.7457627118644068
tier1_seen_conditions,CVCL_C466,plate6,Darinaparsin,12,12,12,0.061384881512354994,0.22388059701492538,False,0.36363636363636365
tier1_seen_conditions,CVCL_C466,plate6,Lenalidomide (hemihydrate),22,22,12,0.09447852811266877,0.12437810945273632,False,0.7818181818181819
tier1_seen_conditions,CVCL_C466,plate6,Ritonavir,16,16,12,0.06266994896318678,0.19900497512437812,False,0.6909090909090909
tier1_seen_conditions,CVCL_C466,plate6,Sulfisoxazole,19,19,12,0.051087015847567585,0.27860696517412936,False,0.36363636363636365
tier1_seen_conditions,CVCL_C466,plate6,Busulfan,18,18,12,-0.004150360251594876,0.4975124378109453,False,0.43636363636363634
tier1_seen_conditions,CVCL_C466,plate6,Docetaxel,17,17,12,0.17155472898045154,0.024875621890547265,True,0.2545454545454545
tier1_seen_conditions,CVCL_C466,plate6,Rimonabant,28,28,12,0.26120038124704337,0.004975124378109453,True,0.8545454545454545
tier1_seen_conditions,CVCL_C466,plate6,Pentagastrin,27,27,12,0.14878098234856196,0.014925373134328358,True,0.9636363636363636
tier1_seen_conditions,CVCL_C466,plate6,Lumateperone (tosylate),26,26,12,0.1429872631635245,0.01990049751243781,True,0.6727272727272727
tier1_seen_conditions,CVCL_C466,plate6,Relugolix,27,27,12,0.23443007898456258,0.014925373134328358,True,0.7454545454545455
tier1_seen_conditions,CVCL_C466,plate6,Hexylresorcinol,24,24,12,0.2998538767603858,0.004975124378109453,True,0.9818181818181818
tier1_seen_conditions,CVCL_C466,plate6,Berberine (chloride hydrate),26,26,12,0.16438872538279092,0.01990049751243781,True,0.8545454545454545
tier1_seen_conditions,CVCL_C466,plate6,Medroxyprogesterone acetate,25,25,12,0.1420440323171963,0.024875621890547265,True,0.9818181818181818
tier1_seen_conditions,CVCL_C466,plate6,Neratinib (maleate),26,26,12,0.16234795314092665,0.05472636815920398,False,0.8909090909090909
tier1_seen_conditions,CVCL_C466,plate6,Sinomenine,24,24,12,0.02345858378651222,0.3582089552238806,False,0.8181818181818182
tier1_seen_conditions,CVCL_C466,plate6,Goserelin (acetate),29,29,12,0.25700752002052596,0.014925373134328358,True,0.9818181818181818
tier1_seen_conditions,CVCL_C466,plate6,Fusidic acid,26,26,12,0.24492639454757104,0.004975124378109453,True,0.7272727272727273
tier1_seen_conditions,CVCL_C466,plate6,Balsalazide (sodium hydrate),29,29,12,0.22622291013998286,0.029850746268656716,True,0.8727272727272727
tier1_seen_conditions,CVCL_C466,plate6,Artesunate,27,27,12,0.03868654603602906,0.3283582089552239,False,0.9090909090909091
tier1_seen_conditions,CVCL_C466,plate6,Pyridoxine (hydrochloride),27,27,12,0.3020736531108099,0.004975124378109453,True,0.9454545454545454
tier1_seen_conditions,CVCL_C466,plate6,Folic acid,27,27,12,0.13542656233528483,0.06467661691542288,False,0.9272727272727272
tier1_seen_conditions,CVCL_C466,plate6,Selinexor,25,25,12,0.021138357312693756,0.417910447761194,False,0.9090909090909091
tier1_seen_conditions,CVCL_C466,plate6,Adenine,26,26,12,0.1759700133633597,0.03482587064676617,True,0.7272727272727273
tier1_seen_conditions,CVCL_C466,plate6,Gallic acid,28,28,12,0.2891755992422258,0.014925373134328358,True,0.6727272727272727
tier1_seen_conditions,CVCL_C466,plate6,Adagrasib,28,28,12,0.0984521027790386,0.07960199004975124,False,0.8181818181818182
tier1_seen_conditions,CVCL_C466,plate6,8-Hydroxyquinoline,26,26,12,0.03865301297206791,0.30845771144278605,False,0.7818181818181819
tier1_seen_conditions,CVCL_C466,plate6,S-Adenosyl-L-methionine (disulfate tosylate),14,14,12,0.12199649108327293,0.1044776119402985,False,0.2909090909090909
tier1_seen_conditions,CVCL_C466,plate6,Vilanterol,20,20,12,0.19615677057288217,0.03482587064676617,True,0.8363636363636363
tier1_seen_conditions,CVCL_C466,plate6,Adenosine,17,17,12,0.2156809779364277,0.014925373134328358,True,0.45454545454545453
tier1_seen_conditions,CVCL_C466,plate6,Demeclocycline,23,23,12,0.38730604847886063,0.004975124378109453,True,0.6909090909090909
tier1_seen_conditions,CVCL_C466,plate6,Tucidinostat,23,23,12,0.31037786697825176,0.004975124378109453,True,0.9454545454545454
tier1_seen_conditions,CVCL_C466,plate6,Bergenin,28,28,12,0.06821541946247933,0.19900497512437812,False,0.9090909090909091
tier1_seen_conditions,CVCL_C466,plate6,Allantoin,28,28,12,0.12934393396853316,0.07462686567164178,False,0.9272727272727272
tier1_seen_conditions,CVCL_C466,plate6,Triamcinolone,29,29,12,0.24505336154945745,0.004975124378109453,True,0.9818181818181818
tier1_seen_conditions,CVCL_C466,plate6,Homoharringtonine,14,14,12,1.6149913178637831,0.004975124378109453,True,1.0
tier1_seen_conditions,CVCL_C466,plate6,Cloxacillin (sodium),27,27,12,0.15316166856444546,0.03482587064676617,True,0.8545454545454545
tier1_seen_conditions,CVCL_C466,plate6,Ciclopirox,12,12,12,0.05595687560527196,0.26865671641791045,False,0.23636363636363636
tier1_seen_conditions,CVCL_C466,plate6,Triclosan,29,29,12,0.21677653003275132,0.01990049751243781,True,1.0
tier1_seen_conditions,CVCL_C466,plate6,Bimatoprost,27,27,12,0.15977500049961435,0.04477611940298507,True,0.8
tier1_seen_conditions,CVCL_C466,plate6,Olanzapine,28,28,12,0.10197670135066161,0.1044776119402985,False,0.9454545454545454
tier1_seen_conditions,CVCL_C466,plate6,Amsacrine,25,25,12,-0.02079887564342897,0.5621890547263682,False,0.7818181818181819
tier1_seen_conditions,CVCL_C466,plate6,Retinoic acid,12,12,12,0.14202481901621233,0.08955223880597014,False,0.16363636363636364
tier1_seen_conditions,CVCL_C466,plate6,Isocorydine,19,19,12,0.1919053371327024,0.029850746268656716,True,0.5818181818181818
tier1_seen_conditions,CVCL_C466,plate6,Furosemide,14,14,12,0.10942703558185762,0.11940298507462686,False,0.4909090909090909
tier1_seen_conditions,CVCL_1693,plate6,Darinaparsin,15,15,12,0.0539204517935552,0.2885572139303483,False,0.42857142857142855
tier1_seen_conditions,CVCL_1693,plate6,Sulfisoxazole,25,25,12,-0.015564540346293398,0.5472636815920398,False,0.5510204081632653
tier1_seen_conditions,CVCL_1693,plate6,Ciclopirox,15,15,12,0.11235434345849526,0.12935323383084577,False,0.22448979591836735
tier1_seen_conditions,CVCL_1693,plate6,Mitoxantrone (dihydrochloride),29,29,12,0.2926922076245049,0.009950248756218905,True,1.0
tier1_seen_conditions,CVCL_1693,plate6,Radotinib,12,12,12,-0.010396589414677138,0.572139303482587,False,0.1836734693877551
tier1_seen_conditions,CVCL_1693,plate6,Triclosan,17,17,12,0.055694506148562084,0.2835820895522388,False,0.46938775510204084
tier1_seen_conditions,CVCL_1693,plate6,Bergenin,18,18,12,0.09654335476483666,0.13930348258706468,False,0.46938775510204084
tier1_seen_conditions,CVCL_1693,plate6,Pentagastrin,26,26,12,0.5625779842614964,0.009950248756218905,True,0.8775510204081632
tier1_seen_conditions,CVCL_1693,plate6,Lumateperone (tosylate),27,27,12,0.07194521405665633,0.16417910447761194,False,0.8775510204081632
tier1_seen_conditions,CVCL_1693,plate6,Relugolix,29,29,12,0.1543373616456858,0.0945273631840796,False,1.0
tier1_seen_conditions,CVCL_1693,plate6,Homoharringtonine,20,20,12,0.353319724574229,0.004975124378109453,True,1.0
tier1_seen_conditions,CVCL_1693,plate6,Hexylresorcinol,26,26,12,0.3033939614564254,0.01990049751243781,True,0.8367346938775511
tier1_seen_conditions,CVCL_1693,plate6,Berberine (chloride hydrate),26,26,12,0.13846009808384707,0.11442786069651742,False,0.8571428571428571
tier1_seen_conditions,CVCL_1693,plate6,Neratinib (maleate),27,27,12,0.14183790519225958,0.0845771144278607,False,0.673469387755102
tier1_seen_conditions,CVCL_1693,plate6,Sinomenine,25,25,12,0.16493695510601825,0.06965174129353234,False,0.5510204081632653
tier1_seen_conditions,CVCL_1693,plate6,Fusidic acid,26,26,12,0.20111708418815866,0.024875621890547265,True,0.5306122448979592
tier1_seen_conditions,CVCL_1693,plate6,Balsalazide (sodium hydrate),27,27,12,0.12675463478283255,0.0945273631840796,False,0.7346938775510204
tier1_seen_conditions,CVCL_1693,plate6,Cloxacillin (sodium),28,28,12,0.2224487072025383,0.014925373134328358,True,0.9591836734693877
tier1_seen_conditions,CVCL_1693,plate6,Pyridoxine (hydrochloride),26,26,12,0.3299720109054771,0.024875621890547265,True,0.5306122448979592
tier1_seen_conditions,CVCL_1693,plate6,Adenine,25,25,12,0.34149321060484006,0.004975124378109453,True,0.673469387755102
tier1_seen_conditions,CVCL_1693,plate6,Vilanterol,12,12,12,0.05592120370125997,0.19402985074626866,False,0.30612244897959184
tier1_seen_conditions,CVCL_1693,plate6,Busulfan,22,22,12,0.19156379946460333,0.01990049751243781,True,0.5714285714285714
tier1_seen_conditions,CVCL_1693,plate6,Allantoin,13,13,12,0.05843271364061309,0.2736318407960199,False,0.2653061224489796
tier1_seen_conditions,CVCL_1693,plate6,Triamcinolone,23,23,12,0.2135733636801742,0.024875621890547265,True,0.9591836734693877
tier1_seen_conditions,CVCL_1693,plate6,Rimonabant,27,27,12,0.34218183126911583,0.004975124378109453,True,0.9183673469387755
tier1_seen_conditions,CVCL_1693,plate6,Goserelin (acetate),28,28,12,0.12381115678219423,0.08955223880597014,False,0.8775510204081632
tier1_seen_conditions,CVCL_1693,plate6,Artesunate,26,26,12,0.0847391257636616,0.1791044776119403,False,0.9591836734693877
tier1_seen_conditions,CVCL_1693,plate6,Folic acid,28,28,12,0.3243564513065582,0.009950248756218905,True,0.8163265306122449
tier1_seen_conditions,CVCL_1693,plate6,Selinexor,29,29,12,0.25150340649399183,0.014925373134328358,True,0.7755102040816326
tier1_seen_conditions,CVCL_1693,plate6,Gallic acid,29,29,12,0.174169267521032,0.05970149253731343,False,0.9795918367346939
tier1_seen_conditions,CVCL_1693,plate6,Amsacrine,24,24,12,0.20142442839634178,0.029850746268656716,True,0.7755102040816326
tier1_seen_conditions,CVCL_1693,plate6,Adagrasib,29,29,12,0.17028830528744798,0.04975124378109453,True,0.9183673469387755
tier1_seen_conditions,CVCL_1693,plate6,Olanzapine,23,23,12,-0.016629502706487997,0.572139303482587,False,0.7551020408163265
tier1_seen_conditions,CVCL_1693,plate6,Medroxyprogesterone acetate,24,24,12,0.03261301309106379,0.3034825870646766,False,0.8979591836734694
tier1_seen_conditions,CVCL_1693,plate6,8-Hydroxyquinoline,18,18,12,0.13777647356095457,0.0945273631840796,False,0.4489795918367347
tier1_seen_conditions,CVCL_1693,plate6,Chlorhexidine (diacetate),14,14,12,0.19803825304266098,0.03482587064676617,True,0.3469387755102041
tier1_seen_conditions,CVCL_1693,plate6,Trifluridine,13,13,12,-0.01625034505944889,0.5920398009950248,False,0.3673469387755102
tier1_seen_conditions,CVCL_1693,plate6,Isocorydine,16,16,12,0.46655771125295153,0.004975124378109453,True,0.3673469387755102
tier1_seen_conditions,CVCL_1693,plate6,Raltitrexed,22,22,12,0.533930541914085,0.004975124378109453,True,0.5306122448979592
tier1_seen_conditions,CVCL_1097,plate6,Darinaparsin,19,19,12,0.027343755955381965,0.3283582089552239,False,0.5087719298245614
tier1_seen_conditions,CVCL_1097,plate6,Lenalidomide (hemihydrate),16,16,12,-0.02808681694971149,0.6666666666666666,False,0.42105263157894735
tier1_seen_conditions,CVCL_1097,plate6,Pentamidine (isethionate),18,18,12,0.024031353440543413,0.3880597014925373,False,0.5087719298245614
tier1_seen_conditions,CVCL_1097,plate6,Sulfisoxazole,27,27,12,-0.02741951897681716,0.5323383084577115,False,0.9473684210526315
tier1_seen_conditions,CVCL_1097,plate6,Norepinephrine (hydrochloride),15,15,12,-0.03823331843929445,0.582089552238806,False,0.2982456140350877
tier1_seen_conditions,CVCL_1097,plate6,Demeclocycline,17,17,12,-0.12978254396503708,0.9054726368159204,False,0.43859649122807015
tier1_seen_conditions,CVCL_1097,plate6,Docetaxel,17,17,12,0.15307480239065896,0.14427860696517414,False,0.15789473684210525
tier1_seen_conditions,CVCL_1097,plate6,Triclosan,19,19,12,-0.07341705442632573,0.7213930348258707,False,0.5087719298245614
tier1_seen_conditions,CVCL_1097,plate6,Tucidinostat,24,24,12,0.23665967164068213,0.01990049751243781,True,1.0
tier1_seen_conditions,CVCL_1097,plate6,Bergenin,27,27,12,-0.21300700447995524,0.9950248756218906,False,1.0
tier1_seen_conditions,CVCL_1097,plate6,Olanzapine,25,25,12,0.059751327605036764,0.21393034825870647,False,0.8947368421052632
tier1_seen_conditions,CVCL_1097,plate6,Rimonabant,27,27,12,0.09737133914881468,0.13930348258706468,False,0.8947368421052632
tier1_seen_conditions,CVCL_1097,plate6,Pentagastrin,23,23,12,0.19375642972877927,0.08955223880597014,False,0.6666666666666666
tier1_seen_conditions,CVCL_1097,plate6,Lumateperone (tosylate),25,25,12,0.05367010538701322,0.23383084577114427,False,0.631578947368421
tier1_seen_conditions,CVCL_1097,plate6,Relugolix,28,28,12,0.11732928701595036,0.10945273631840796,False,0.8771929824561403
tier1_seen_conditions,CVCL_1097,plate6,Hexylresorcinol,28,28,12,0.05630110297802915,0.20398009950248755,False,0.8596491228070176
tier1_seen_conditions,CVCL_1097,plate6,Berberine (chloride hydrate),26,26,12,0.001174711320958366,0.3781094527363184,False,0.9649122807017544
tier1_seen_conditions,CVCL_1097,plate6,Medroxyprogesterone acetate,28,28,12,0.009365659559803063,0.417910447761194,False,1.0
tier1_seen_conditions,CVCL_1097,plate6,Sinomenine,29,29,12,0.12704415695431948,0.09950248756218906,False,0.9473684210526315
tier1_seen_conditions,CVCL_1097,plate6,Goserelin (acetate),29,29,12,0.06002547642400913,0.263681592039801,False,0.7017543859649122
tier1_seen_conditions,CVCL_1097,plate6,Fusidic acid,26,26,12,-0.028356238041084225,0.5373134328358209,False,0.7719298245614035
tier1_seen_conditions,CVCL_1097,plate6,Balsalazide (sodium hydrate),26,26,12,0.031263230001737696,0.31840796019900497,False,1.0
tier1_seen_conditions,CVCL_1097,plate6,Cloxacillin (sodium),27,27,12,0.04235659909159928,0.30845771144278605,False,0.9122807017543859
tier1_seen_conditions,CVCL_1097,plate6,Artesunate,26,26,12,-0.10229905329056699,0.8407960199004975,False,0.9473684210526315
tier1_seen_conditions,CVCL_1097,plate6,Pyridoxine (hydrochloride),26,26,12,0.03839384139623547,0.36318407960199006,False,0.8771929824561403
tier1_seen_conditions,CVCL_1097,plate6,Folic acid,27,27,12,0.33265404224951034,0.01990049751243781,True,0.8771929824561403
tier1_seen_conditions,CVCL_1097,plate6,Adenine,26,26,12,0.1491794898701002,0.0845771144278607,False,0.9824561403508771
tier1_seen_conditions,CVCL_1097,plate6,Gallic acid,28,28,12,0.059157418443248844,0.263681592039801,False,0.8421052631578947
tier1_seen_conditions,CVCL_1097,plate6,Amsacrine,13,13,12,0.08387040963213543,0.12935323383084577,False,0.19298245614035087
tier1_seen_conditions,CVCL_1097,plate6,Adagrasib,27,27,12,-0.043724713141875426,0.7412935323383084,False,0.9122807017543859
tier1_seen_conditions,CVCL_1097,plate6,8-Hydroxyquinoline,26,26,12,0.03659476313232268,0.373134328358209,False,0.7894736842105263
tier1_seen_conditions,CVCL_1097,plate6,S-Adenosyl-L-methionine (disulfate tosylate),23,23,12,-0.009135939818124328,0.44776119402985076,False,0.8421052631578947
tier1_seen_conditions,CVCL_1097,plate6,Resveratrol,12,12,12,-0.08070490299155075,0.8407960199004975,False,0.42105263157894735
tier1_seen_conditions,CVCL_1097,plate6,Thymol,14,14,12,-0.0008455930693411773,0.4079601990049751,False,0.2982456140350877
tier1_seen_conditions,CVCL_1097,plate6,Ciclopirox,18,18,12,0.06208907517605233,0.23383084577114427,False,0.43859649122807015
tier1_seen_conditions,CVCL_1097,plate6,Radotinib,16,16,12,-0.028827026894484575,0.5522388059701493,False,0.3684210526315789
tier1_seen_conditions,CVCL_1097,plate6,Allantoin,28,28,12,0.14500416288444562,0.06467661691542288,False,1.0
tier1_seen_conditions,CVCL_1097,plate6,Homoharringtonine,26,26,12,1.580471165373325,0.004975124378109453,True,1.0
tier1_seen_conditions,CVCL_1097,plate6,Selinexor,26,26,12,0.37164643415116494,0.004975124378109453,True,1.0
tier1_seen_conditions,CVCL_1097,plate6,Vilanterol,29,29,12,0.03504942279261769,0.32338308457711445,False,1.0
tier1_seen_conditions,CVCL_1097,plate6,Ritonavir,18,18,12,0.061934323610131514,0.19402985074626866,False,0.631578947368421
tier1_seen_conditions,CVCL_1097,plate6,Adenosine,21,21,12,0.21327789867490843,0.03482587064676617,True,0.543859649122807
tier1_seen_conditions,CVCL_1097,plate6,Busulfan,22,22,12,-0.009118744528072042,0.5024875621890548,False,0.7017543859649122
tier1_seen_conditions,CVCL_1097,plate6,Bimatoprost,15,15,12,0.017572508430037104,0.3781094527363184,False,0.3508771929824561
tier1_seen_conditions,CVCL_1097,plate6,Chlorhexidine (diacetate),14,14,12,0.02578942733127043,0.373134328358209,False,0.3157894736842105
tier1_seen_conditions,CVCL_1097,plate6,Pasireotide (acetate),12,12,12,0.14114952149020077,0.12437810945273632,False,0.3684210526315789
tier1_seen_conditions,CVCL_1097,plate6,Riluzole hydrochloride,12,12,12,0.05427984021190113,0.22388059701492538,False,0.3684210526315789
tier1_seen_conditions,CVCL_1097,plate6,Raltitrexed,27,27,12,0.2518195356904851,0.03980099502487562,True,0.9298245614035088
tier1_seen_conditions,CVCL_1381,plate6,Darinaparsin,18,18,12,0.09870342220014017,0.13930348258706468,False,0.43859649122807015
tier1_seen_conditions,CVCL_1381,plate6,Lenalidomide (hemihydrate),21,21,12,0.02157135272600641,0.417910447761194,False,0.5964912280701754
tier1_seen_conditions,CVCL_1381,plate6,Ritonavir,27,27,12,0.010926208532236359,0.3880597014925373,False,0.8070175438596491
tier1_seen_conditions,CVCL_1381,plate6,Pentamidine (isethionate),24,24,12,-0.0166294171902166,0.5323383084577115,False,0.9473684210526315
tier1_seen_conditions,CVCL_1381,plate6,Sulfisoxazole,19,19,12,0.06233439880850078,0.263681592039801,False,0.5263157894736842
tier1_seen_conditions,CVCL_1381,plate6,Norepinephrine (hydrochloride),26,26,12,0.13818642611753873,0.0845771144278607,False,0.8596491228070176
tier1_seen_conditions,CVCL_1381,plate6,Ciclopirox,28,28,12,0.12365881257403366,0.12935323383084577,False,0.9649122807017544
tier1_seen_conditions,CVCL_1381,plate6,Busulfan,28,28,12,0.0006787577431346392,0.4975124378109453,False,0.8596491228070176
tier1_seen_conditions,CVCL_1381,plate6,Cepharanthine,14,14,12,0.1852180888242394,0.024875621890547265,True,0.2631578947368421
tier1_seen_conditions,CVCL_1381,plate6,Radotinib,26,26,12,0.08325900192329705,0.20398009950248755,False,0.9649122807017544
tier1_seen_conditions,CVCL_1381,plate6,Triclosan,27,27,12,0.02236202249829944,0.38308457711442784,False,0.9122807017543859
tier1_seen_conditions,CVCL_1381,plate6,Tucidinostat,25,25,12,0.31080327226096394,0.04477611940298507,True,1.0
tier1_seen_conditions,CVCL_1381,plate6,Bergenin,28,28,12,0.030639818884059977,0.3383084577114428,False,0.9824561403508771
tier1_seen_conditions,CVCL_1381,plate6,Bimatoprost,24,24,12,0.12011678989285457,0.12935323383084577,False,0.9824561403508771
tier1_seen_conditions,CVCL_1381,plate6,Rimonabant,24,24,12,0.14720455537239197,0.029850746268656716,True,1.0
tier1_seen_conditions,CVCL_1381,plate6,Pentagastrin,26,26,12,0.18048421069984144,0.0845771144278607,False,0.9473684210526315
tier1_seen_conditions,CVCL_1381,plate6,Lumateperone (tosylate),28,28,12,0.09012614732298552,0.14925373134328357,False,0.6842105263157895
tier1_seen_conditions,CVCL_1381,plate6,Hexylresorcinol,25,25,12,0.4248584216650215,0.004975124378109453,True,0.9473684210526315
tier1_seen_conditions,CVCL_1381,plate6,Berberine (chloride hydrate),28,28,12,0.10568050779661675,0.1044776119402985,False,0.7719298245614035
tier1_seen_conditions,CVCL_1381,plate6,Medroxyprogesterone acetate,27,27,12,-0.041622754422869335,0.7263681592039801,False,1.0
tier1_seen_conditions,CVCL_1381,plate6,Sinomenine,28,28,12,0.23413686813231926,0.029850746268656716,True,0.7543859649122807
tier1_seen_conditions,CVCL_1381,plate6,Balsalazide (sodium hydrate),25,25,12,0.47672628680423657,0.004975124378109453,True,0.8245614035087719
tier1_seen_conditions,CVCL_1381,plate6,Cloxacillin (sodium),25,25,12,0.1834632491120214,0.04477611940298507,True,0.9122807017543859
tier1_seen_conditions,CVCL_1381,plate6,Artesunate,27,27,12,0.08655366967602873,0.19402985074626866,False,0.8596491228070176
tier1_seen_conditions,CVCL_1381,plate6,Folic acid,28,28,12,0.43154231759871564,0.004975124378109453,True,0.9824561403508771
tier1_seen_conditions,CVCL_1381,plate6,Selinexor,26,26,12,0.1315491197305736,0.10945273631840796,False,1.0
tier1_seen_conditions,CVCL_1381,plate6,Adenine,27,27,12,0.2378241106830039,0.01990049751243781,True,0.8596491228070176
tier1_seen_conditions,CVCL_1381,plate6,Gallic acid,28,28,12,0.36694700266182956,0.004975124378109453,True,0.9298245614035088
tier1_seen_conditions,CVCL_1381,plate6,Adagrasib,27,27,12,0.12240524436657552,0.14427860696517414,False,0.9824561403508771
tier1_seen_conditions,CVCL_1381,plate6,Elagolix sodium,17,17,12,0.008128387138725657,0.31343283582089554,False,0.24561403508771928
tier1_seen_conditions,CVCL_1381,plate6,Rapamycin,18,18,12,0.27599027930918396,0.024875621890547265,True,0.43859649122807015
tier1_seen_conditions,CVCL_1381,plate6,Tofacitinib (citrate),17,17,12,0.03353844405124562,0.2835820895522388,False,0.2631578947368421
tier1_seen_conditions,CVCL_1381,plate6,Thymol,20,20,12,0.08540929388030705,0.16417910447761194,False,0.631578947368421
tier1_seen_conditions,CVCL_1381,plate6,Adenosine,15,15,12,0.008253525432557751,0.4925373134328358,False,0.24561403508771928
tier1_seen_conditions,CVCL_1381,plate6,Lidocaine (hydrochloride),19,19,12,0.018811481863025392,0.373134328358209,False,0.7543859649122807
tier1_seen_conditions,CVCL_1381,plate6,Demeclocycline,27,27,12,0.2066127177631003,0.05970149253731343,False,0.9824561403508771
tier1_seen_conditions,CVCL_1381,plate6,Triamcinolone,22,22,12,0.3140399581157034,0.004975124378109453,True,0.7543859649122807
tier1_seen_conditions,CVCL_1381,plate6,Olanzapine,28,28,12,0.20834145625771683,0.029850746268656716,True,0.8771929824561403
tier1_seen_conditions,CVCL_1381,plate6,Relugolix,29,29,12,0.4043067238403655,0.009950248756218905,True,0.9122807017543859
tier1_seen_conditions,CVCL_1381,plate6,Neratinib (maleate),28,28,12,0.13206792025260583,0.07960199004975124,False,0.7719298245614035
tier1_seen_conditions,CVCL_1381,plate6,Goserelin (acetate),29,29,12,0.3440127576655563,0.024875621890547265,True,1.0
tier1_seen_conditions,CVCL_1381,plate6,Fusidic acid,26,26,12,0.18521426993314272,0.03980099502487562,True,0.9649122807017544
tier1_seen_conditions,CVCL_1381,plate6,Pyridoxine (hydrochloride),27,27,12,0.18909866669962838,0.03980099502487562,True,0.8771929824561403
tier1_seen_conditions,CVCL_1381,plate6,Vilanterol,25,25,12,-0.07987195658191837,0.7960199004975125,False,0.5614035087719298
tier1_seen_conditions,CVCL_1381,plate6,Allantoin,27,27,12,0.10762214890099386,0.11442786069651742,False,0.9824561403508771
tier1_seen_conditions,CVCL_1381,plate6,Amsacrine,16,16,12,0.18535744116302233,0.06467661691542288,False,0.21052631578947367
tier1_seen_conditions,CVCL_1381,plate6,8-Hydroxyquinoline,24,24,12,0.32199934216377635,0.004975124378109453,True,0.8947368421052632
tier1_seen_conditions,CVCL_1381,plate6,Palmatine (chloride),12,12,12,0.03372750653930723,0.3582089552238806,False,0.14035087719298245
tier1_seen_conditions,CVCL_1381,plate6,Raltitrexed,15,15,12,0.4358914948000301,0.009950248756218905,True,0.2982456140350877
tier1_seen_conditions,CVCL_0399,plate6,Vilanterol,28,28,12,0.0434343429923878,0.27860696517412936,False,0.9152542372881356
tier1_seen_conditions,CVCL_0399,plate6,Lenalidomide (hemihydrate),27,27,12,-0.10559000577793753,0.7661691542288557,False,0.9830508474576272
tier1_seen_conditions,CVCL_0399,plate6,Ritonavir,28,28,12,-0.06913736501547696,0.6666666666666666,False,0.9152542372881356
tier1_seen_conditions,CVCL_0399,plate6,Pentamidine (isethionate),23,23,12,-0.020114374499899057,0.5223880597014925,False,0.559322033898305
tier1_seen_conditions,CVCL_0399,plate6,Adenosine,27,27,12,0.10910191353872634,0.18407960199004975,False,0.847457627118644
tier1_seen_conditions,CVCL_0399,plate6,Norepinephrine (hydrochloride),25,25,12,-0.1826550101061013,0.9552238805970149,False,0.9830508474576272
tier1_seen_conditions,CVCL_0399,plate6,Lidocaine (hydrochloride),29,29,12,-0.03314835731704591,0.5124378109452736,False,0.9322033898305084
tier1_seen_conditions,CVCL_0399,plate6,Mitoxantrone (dihydrochloride),26,26,12,0.08785901590400691,0.21393034825870647,False,0.9322033898305084
tier1_seen_conditions,CVCL_0399,plate6,Radotinib,29,29,12,-0.039695645401687685,0.6169154228855721,False,1.0
tier1_seen_conditions,CVCL_0399,plate6,Tucidinostat,26,26,12,0.09435830074208873,0.21393034825870647,False,0.9830508474576272
tier1_seen_conditions,CVCL_0399,plate6,Bergenin,27,27,12,-0.011105035319943113,0.44776119402985076,False,0.864406779661017
tier1_seen_conditions,CVCL_0399,plate6,Allantoin,28,28,12,-0.014946549001999543,0.5174129353233831,False,1.0
tier1_seen_conditions,CVCL_0399,plate6,Olanzapine,28,28,12,0.18704427531557855,0.12935323383084577,False,0.9830508474576272
tier1_seen_conditions,CVCL_0399,plate6,Rimonabant,29,29,12,-0.04546418601688096,0.6368159203980099,False,1.0
tier1_seen_conditions,CVCL_0399,plate6,Pentagastrin,25,25,12,0.1596602299323706,0.13432835820895522,False,0.8305084745762712
tier1_seen_conditions,CVCL_0399,plate6,Relugolix,26,26,12,0.5664087531976616,0.029850746268656716,True,0.9491525423728814
tier1_seen_conditions,CVCL_0399,plate6,Homoharringtonine,21,21,12,0.7702939047367696,0.004975124378109453,True,1.0
tier1_seen_conditions,CVCL_0399,plate6,Hexylresorcinol,25,25,12,0.14258604029733313,0.13930348258706468,False,0.3728813559322034
tier1_seen_conditions,CVCL_0399,plate6,Berberine (chloride hydrate),25,25,12,-0.04803555120687619,0.6218905472636815,False,0.6779661016949152
tier1_seen_conditions,CVCL_0399,plate6,Medroxyprogesterone acetate,25,25,12,0.03329354050993594,0.35323383084577115,False,0.4915254237288136
tier1_seen_conditions,CVCL_0399,plate6,Neratinib (maleate),29,29,12,0.13099819795809786,0.1691542288557214,False,0.9152542372881356
tier1_seen_conditions,CVCL_0399,plate6,Sinomenine,27,27,12,-0.024756163544759957,0.5174129353233831,False,0.864406779661017
tier1_seen_conditions,CVCL_0399,plate6,Goserelin (acetate),27,27,12,0.17146837910259727,0.12437810945273632,False,0.7966101694915254
tier1_seen_conditions,CVCL_0399,plate6,Balsalazide (sodium hydrate),25,25,12,0.25092551534008933,0.05472636815920398,False,0.7796610169491526
tier1_seen_conditions,CVCL_0399,plate6,Cloxacillin (sodium),29,29,12,0.07900635414648782,0.22388059701492538,False,0.3898305084745763
tier1_seen_conditions,CVCL_0399,plate6,Pyridoxine (hydrochloride),26,26,12,-0.01825170586978686,0.4527363184079602,False,1.0
tier1_seen_conditions,CVCL_0399,plate6,Selinexor,23,23,12,0.027114935681941787,0.3582089552238806,False,1.0
tier1_seen_conditions,CVCL_0399,plate6,Adenine,28,28,12,0.1942384838589195,0.07960199004975124,False,0.8813559322033898
tier1_seen_conditions,CVCL_0399,plate6,Amsacrine,26,26,12,-0.03666770312146994,0.5024875621890548,False,0.8983050847457628
tier1_seen_conditions,CVCL_0399,plate6,Adagrasib,25,25,12,0.04458662617457598,0.24875621890547264,False,0.9491525423728814
tier1_seen_conditions,CVCL_0399,plate6,8-Hydroxyquinoline,29,29,12,0.4253292867325058,0.03482587064676617,True,0.8135593220338984
tier1_seen_conditions,CVCL_0399,plate6,Terfenadine,14,14,12,0.019203041013254207,0.39800995024875624,False,0.3050847457627119
tier1_seen_conditions,CVCL_0399,plate6,Fluvoxamine (maleate),17,17,12,0.0001236557503183633,0.4228855721393035,False,0.3050847457627119
tier1_seen_conditions,CVCL_0399,plate6,Idarubicin (hydrochloride),14,14,12,0.29469090089147976,0.029850746268656716,True,0.9830508474576272
tier1_seen_conditions,CVCL_0399,plate6,Elagolix sodium,22,22,12,-0.03346671583691929,0.5572139303482587,False,0.4915254237288136
tier1_seen_conditions,CVCL_0399,plate6,Rapamycin,15,15,12,0.20009022270838273,0.1044776119402985,False,0.22033898305084745
tier1_seen_conditions,CVCL_0399,plate6,Tofacitinib (citrate),12,12,12,0.08550905091991012,0.24875621890547264,False,0.03389830508474576
tier1_seen_conditions,CVCL_0399,plate6,Thymol,25,25,12,0.0010268185776372007,0.4079601990049751,False,0.9152542372881356
tier1_seen_conditions,CVCL_0399,plate6,Sulfisoxazole,27,27,12,-0.060281867937820977,0.6517412935323383,False,0.2033898305084746
tier1_seen_conditions,CVCL_0399,plate6,Ciclopirox,29,29,12,-0.08426886177159254,0.7164179104477612,False,0.576271186440678
tier1_seen_conditions,CVCL_0399,plate6,Demeclocycline,27,27,12,0.19152590260480906,0.11940298507462686,False,0.9830508474576272
tier1_seen_conditions,CVCL_0399,plate6,Larotrectinib,14,14,12,0.12278243175858705,0.19402985074626866,False,0.4915254237288136
tier1_seen_conditions,CVCL_0399,plate6,Busulfan,29,29,12,0.2373397178525405,0.07462686567164178,False,0.9661016949152542
tier1_seen_conditions,CVCL_0399,plate6,Fusidic acid,28,28,12,0.011354350590096374,0.39800995024875624,False,0.9661016949152542
tier1_seen_conditions,CVCL_0399,plate6,Artesunate,28,28,12,0.4528509951762505,0.06965174129353234,False,0.9152542372881356
tier1_seen_conditions,CVCL_0399,plate6,Folic acid,28,28,12,0.16132387790367986,0.13930348258706468,False,0.4576271186440678
tier1_seen_conditions,CVCL_0399,plate6,Darinaparsin,27,27,12,0.20530693321691196,0.11442786069651742,False,0.847457627118644
tier1_seen_conditions,CVCL_0399,plate6,Docetaxel,13,13,12,-0.015722802732241803,0.373134328358209,False,0.0847457627118644
tier1_seen_conditions,CVCL_0399,plate6,Bimatoprost,29,29,12,0.06262000714712102,0.18407960199004975,False,0.7796610169491526
tier1_seen_conditions,CVCL_0399,plate6,Triamcinolone,28,28,12,0.04036162905382845,0.3034825870646766,False,0.6440677966101694
tier1_seen_conditions,CVCL_0399,plate6,Chlorhexidine (diacetate),26,26,12,-0.1400313496021539,0.9154228855721394,False,0.3559322033898305
tier1_seen_conditions,CVCL_0399,plate6,Cysteamine (hydrochloride),19,19,12,0.5776151173306499,0.01990049751243781,True,0.6610169491525424
tier1_seen_conditions,CVCL_0399,plate6,Pasireotide (acetate),19,19,12,0.4869511497083163,0.03980099502487562,True,0.7966101694915254
tier1_seen_conditions,CVCL_0399,plate6,Riluzole hydrochloride,18,18,12,0.23441638574912105,0.029850746268656716,True,0.4915254237288136
tier1_seen_conditions,CVCL_0399,plate6,Isocorydine,17,17,12,0.14526790541927426,0.09950248756218906,False,0.22033898305084745
tier1_seen_conditions,CVCL_0399,plate6,Raltitrexed,27,27,12,0.4955826089937112,0.024875621890547265,True,0.9830508474576272
tier1_seen_conditions,CVCL_1724,plate6,Adenosine,16,16,12,-0.1544068294813794,0.9651741293532339,False,0.4883720930232558
tier1_seen_conditions,CVCL_1724,plate6,Radotinib,12,12,12,-0.07421770000307326,0.7562189054726368,False,0.32558139534883723
tier1_seen_conditions,CVCL_1724,plate6,Docetaxel,17,17,12,-0.004039369486539712,0.5373134328358209,False,0.8604651162790697
tier1_seen_conditions,CVCL_1724,plate6,Bergenin,17,17,12,-0.09409599702988913,0.835820895522388,False,0.6744186046511628
tier1_seen_conditions,CVCL_1724,plate6,Rimonabant,17,17,12,-0.06333730606459476,0.6915422885572139,False,0.5813953488372093
tier1_seen_conditions,CVCL_1724,plate6,Pentagastrin,28,28,12,0.29235555434334515,0.009950248756218905,True,0.9069767441860465
tier1_seen_conditions,CVCL_1724,plate6,Lumateperone (tosylate),18,18,12,0.1505303587145903,0.06467661691542288,False,0.5348837209302325
tier1_seen_conditions,CVCL_1724,plate6,Relugolix,29,29,12,0.028766140380479754,0.35323383084577115,False,0.9767441860465116
tier1_seen_conditions,CVCL_1724,plate6,Homoharringtonine,20,20,12,0.8540978119103375,0.004975124378109453,True,1.0
tier1_seen_conditions,CVCL_1724,plate6,Neratinib (maleate),25,25,12,0.45655336720509077,0.03482587064676617,True,0.9767441860465116
tier1_seen_conditions,CVCL_1724,plate6,Goserelin (acetate),24,24,12,-0.06439845350606177,0.736318407960199,False,0.7674418604651163
tier1_seen_conditions,CVCL_1724,plate6,Fusidic acid,26,26,12,0.07404800646777687,0.21393034825870647,False,0.9767441860465116
tier1_seen_conditions,CVCL_1724,plate6,Balsalazide (sodium hydrate),23,23,12,0.3625788952744138,0.05472636815920398,False,0.9069767441860465
tier1_seen_conditions,CVCL_1724,plate6,Cloxacillin (sodium),29,29,12,0.09199132565804824,0.15920398009950248,False,0.813953488372093
tier1_seen_conditions,CVCL_1724,plate6,Artesunate,26,26,12,0.04899482734296079,0.2935323383084577,False,0.9767441860465116
tier1_seen_conditions,CVCL_1724,plate6,Folic acid,28,28,12,0.16822974176840688,0.04477611940298507,True,0.9534883720930233
tier1_seen_conditions,CVCL_1724,plate6,Selinexor,21,21,12,0.021115149074983464,0.4079601990049751,False,0.9767441860465116
tier1_seen_conditions,CVCL_1724,plate6,Gallic acid,27,27,12,0.15243725755853,0.0845771144278607,False,0.8604651162790697
tier1_seen_conditions,CVCL_1724,plate6,Adagrasib,18,18,12,-0.1325596147315249,0.9552238805970149,False,0.5581395348837209
tier1_seen_conditions,CVCL_1724,plate6,8-Hydroxyquinoline,19,19,12,-0.12625184318044802,0.900497512437811,False,0.7209302325581395
tier1_seen_conditions,CVCL_1724,plate6,Lenalidomide (hemihydrate),12,12,12,-0.12722330211540545,0.945273631840796,False,0.32558139534883723
tier1_seen_conditions,CVCL_1724,plate6,Pentamidine (isethionate),12,12,12,0.006311570585305404,0.417910447761194,False,0.3488372093023256
tier1_seen_conditions,CVCL_1724,plate6,Allantoin,18,18,12,0.05634339601314409,0.19900497512437812,False,0.5813953488372093
tier1_seen_conditions,CVCL_1724,plate6,Hexylresorcinol,26,26,12,-0.12360691226389164,0.8905472636815921,False,0.7674418604651163
tier1_seen_conditions,CVCL_1724,plate6,Berberine (chloride hydrate),28,28,12,-0.03973443105888563,0.6368159203980099,False,0.9069767441860465
tier1_seen_conditions,CVCL_1724,plate6,Medroxyprogesterone acetate,21,21,12,0.01762818364889185,0.3880597014925373,False,0.8372093023255814
tier1_seen_conditions,CVCL_1724,plate6,Pyridoxine (hydrochloride),28,28,12,-0.01160440418837716,0.4975124378109453,False,0.9767441860465116
tier1_seen_conditions,CVCL_1724,plate6,Triclosan,13,13,12,-0.05697399760103927,0.7213930348258707,False,0.6744186046511628
tier1_seen_conditions,CVCL_1724,plate6,Olanzapine,15,15,12,0.10310953369045883,0.1691542288557214,False,0.4883720930232558
tier1_seen_conditions,CVCL_1724,plate6,Adenine,29,29,12,0.2506142393657953,0.05472636815920398,False,0.8837209302325582
tier1_seen_conditions,CVCL_1724,plate6,Sinomenine,18,18,12,-0.01011218322148899,0.4228855721393035,False,0.6511627906976745
tier1_seen_conditions,CVCL_0099,plate6,Tucidinostat,13,13,12,0.04600929343737015,0.3333333333333333,False,0.5319148936170213
tier1_seen_conditions,CVCL_0099,plate6,Bergenin,22,22,12,0.018729992137245688,0.3681592039800995,False,0.8723404255319149
tier1_seen_conditions,CVCL_0099,plate6,Allantoin,16,16,12,0.15170208216192727,0.11940298507462686,False,0.723404255319149
tier1_seen_conditions,CVCL_0099,plate6,Rimonabant,16,16,12,0.0037262976536087677,0.4427860696517413,False,0.5531914893617021
tier1_seen_conditions,CVCL_0099,plate6,Lumateperone (tosylate),20,20,12,0.06992294158068013,0.23383084577114427,False,0.6382978723404256
tier1_seen_conditions,CVCL_0099,plate6,Relugolix,27,27,12,0.33000912926974735,0.014925373134328358,True,0.8723404255319149
tier1_seen_conditions,CVCL_0099,plate6,Berberine (chloride hydrate),27,27,12,0.08688418001733567,0.16417910447761194,False,1.0
tier1_seen_conditions,CVCL_0099,plate6,Medroxyprogesterone acetate,13,13,12,-0.029386623161688163,0.6069651741293532,False,0.5531914893617021
tier1_seen_conditions,CVCL_0099,plate6,Neratinib (maleate),24,24,12,0.10198851610271298,0.13930348258706468,False,0.8936170212765957
tier1_seen_conditions,CVCL_0099,plate6,Sinomenine,19,19,12,0.02544341244994186,0.3283582089552239,False,0.6808510638297872
tier1_seen_conditions,CVCL_0099,plate6,Balsalazide (sodium hydrate),26,26,12,0.29325519088804164,0.06467661691542288,False,0.851063829787234
tier1_seen_conditions,CVCL_0099,plate6,Artesunate,28,28,12,0.0854369922496705,0.1890547263681592,False,1.0
tier1_seen_conditions,CVCL_0099,plate6,Folic acid,28,28,12,0.39599712975831736,0.004975124378109453,True,0.851063829787234
tier1_seen_conditions,CVCL_0099,plate6,Gallic acid,24,24,12,0.2048026633280955,0.04975124378109453,True,0.9787234042553191
tier1_seen_conditions,CVCL_0099,plate6,Triclosan,18,18,12,0.016890288513680574,0.4079601990049751,False,0.6382978723404256
tier1_seen_conditions,CVCL_0099,plate6,Pentagastrin,28,28,12,0.2159692330209566,0.04477611940298507,True,1.0
tier1_seen_conditions,CVCL_0099,plate6,Hexylresorcinol,24,24,12,0.10793840684015343,0.13432835820895522,False,0.8723404255319149
tier1_seen_conditions,CVCL_0099,plate6,Goserelin (acetate),25,25,12,0.19730349743053388,0.06965174129353234,False,0.8723404255319149
tier1_seen_conditions,CVCL_0099,plate6,Fusidic acid,19,19,12,-0.04245344110126403,0.5621890547263682,False,0.5531914893617021
tier1_seen_conditions,CVCL_0099,plate6,Cloxacillin (sodium),23,23,12,-0.05980476690401204,0.7263681592039801,False,0.9574468085106383
tier1_seen_conditions,CVCL_0099,plate6,Pyridoxine (hydrochloride),28,28,12,-0.03744365767533786,0.6616915422885572,False,1.0
tier1_seen_conditions,CVCL_0099,plate6,Adenine,27,27,12,0.05939497137737426,0.2736318407960199,False,0.7872340425531915
tier1_seen_conditions,CVCL_0099,plate6,Olanzapine,21,21,12,0.017181517057217377,0.39303482587064675,False,0.7659574468085106
tier1_seen_conditions,CVCL_0099,plate6,Adagrasib,18,18,12,-0.08465186057998864,0.8905472636815921,False,0.7872340425531915
tier1_seen_conditions,CVCL_0099,plate6,8-Hydroxyquinoline,13,13,12,0.14661683810114745,0.08955223880597014,False,0.5319148936170213
tier1_seen_conditions,CVCL_1478,plate6,Lenalidomide (hemihydrate),23,23,12,-0.0009557512334001927,0.38308457711442784,False,0.896551724137931
tier1_seen_conditions,CVCL_1478,plate6,Adenosine,18,18,12,-0.13880440268998662,0.8855721393034826,False,0.5172413793103449
tier1_seen_conditions,CVCL_1478,plate6,Sulfisoxazole,17,17,12,0.06711321666245063,0.263681592039801,False,0.25862068965517243
tier1_seen_conditions,CVCL_1478,plate6,Lidocaine (hydrochloride),18,18,12,-0.03053402660892246,0.6019900497512438,False,0.6551724137931034
tier1_seen_conditions,CVCL_1478,plate6,Mitoxantrone (dihydrochloride),20,20,12,-0.013607369061254815,0.48258706467661694,False,0.6379310344827587
tier1_seen_conditions,CVCL_1478,plate6,Larotrectinib,14,14,12,0.07037724637963372,0.25870646766169153,False,0.13793103448275862
tier1_seen_conditions,CVCL_1478,plate6,Radotinib,18,18,12,-0.09359243034515075,0.7910447761194029,False,0.46551724137931033
tier1_seen_conditions,CVCL_1478,plate6,Docetaxel,15,15,12,0.06104311238569693,0.25870646766169153,False,0.20689655172413793
tier1_seen_conditions,CVCL_1478,plate6,Triclosan,14,14,12,-0.08805134998861952,0.8507462686567164,False,0.3620689655172414
tier1_seen_conditions,CVCL_1478,plate6,Bergenin,27,27,12,-0.022522512550581908,0.48756218905472637,False,0.7931034482758621
tier1_seen_conditions,CVCL_1478,plate6,Bimatoprost,22,22,12,0.5774972845874355,0.029850746268656716,True,0.6206896551724138
tier1_seen_conditions,CVCL_1478,plate6,Olanzapine,28,28,12,-0.008621749778306764,0.48258706467661694,False,1.0
tier1_seen_conditions,CVCL_1478,plate6,Rimonabant,24,24,12,-0.05377052904239932,0.6666666666666666,False,0.8620689655172413
tier1_seen_conditions,CVCL_1478,plate6,Lumateperone (tosylate),28,28,12,0.15665001347240448,0.0945273631840796,False,0.8793103448275862
tier1_seen_conditions,CVCL_1478,plate6,Hexylresorcinol,28,28,12,0.007851325333648518,0.4228855721393035,False,1.0
tier1_seen_conditions,CVCL_1478,plate6,Berberine (chloride hydrate),26,26,12,0.03316204925920374,0.2835820895522388,False,0.8448275862068966
tier1_seen_conditions,CVCL_1478,plate6,Medroxyprogesterone acetate,26,26,12,0.08762986958867991,0.22885572139303484,False,0.8103448275862069
tier1_seen_conditions,CVCL_1478,plate6,Sinomenine,28,28,12,0.010473667857684887,0.4527363184079602,False,0.896551724137931
tier1_seen_conditions,CVCL_1478,plate6,Goserelin (acetate),28,28,12,0.06197244013122116,0.21890547263681592,False,0.8275862068965517
tier1_seen_conditions,CVCL_1478,plate6,Pyridoxine (hydrochloride),26,26,12,-0.08191136872786764,0.681592039800995,False,0.8448275862068966
tier1_seen_conditions,CVCL_1478,plate6,Selinexor,25,25,12,-0.0422848482675402,0.7014925373134329,False,1.0
tier1_seen_conditions,CVCL_1478,plate6,Adenine,27,27,12,0.07630045127294416,0.19900497512437812,False,0.7413793103448276
tier1_seen_conditions,CVCL_1478,plate6,Gallic acid,24,24,12,0.19368191665672896,0.11940298507462686,False,0.5862068965517241
tier1_seen_conditions,CVCL_1478,plate6,Amsacrine,26,26,12,-0.021856375342681034,0.572139303482587,False,0.7068965517241379
tier1_seen_conditions,CVCL_1478,plate6,Adagrasib,27,27,12,0.35562220026135805,0.06467661691542288,False,1.0
tier1_seen_conditions,CVCL_1478,plate6,8-Hydroxyquinoline,22,22,12,-0.0001432200426165764,0.3781094527363184,False,0.6896551724137931
tier1_seen_conditions,CVCL_1478,plate6,S-Adenosyl-L-methionine (disulfate tosylate),19,19,12,0.04891664314633459,0.23880597014925373,False,0.6551724137931034
tier1_seen_conditions,CVCL_1478,plate6,Idarubicin (hydrochloride),13,13,12,0.08245471991067888,0.2736318407960199,False,0.7586206896551724
tier1_seen_conditions,CVCL_1478,plate6,Resveratrol,17,17,12,-0.0791723385749954,0.7860696517412935,False,0.5172413793103449
tier1_seen_conditions,CVCL_1478,plate6,Rapamycin,13,13,12,0.08486952490438604,0.21890547263681592,False,0.29310344827586204
tier1_seen_conditions,CVCL_1478,plate6,Darinaparsin,12,12,12,-0.03295256183377049,0.5174129353233831,False,0.2413793103448276
tier1_seen_conditions,CVCL_1478,plate6,Vilanterol,28,28,12,-0.13935691920574556,0.9253731343283582,False,0.5862068965517241
tier1_seen_conditions,CVCL_1478,plate6,Ritonavir,17,17,12,-0.05869956286621125,0.5671641791044776,False,0.3448275862068966
tier1_seen_conditions,CVCL_1478,plate6,Pentamidine (isethionate),14,14,12,-0.1409969052031581,0.9552238805970149,False,0.22413793103448276
tier1_seen_conditions,CVCL_1478,plate6,Allantoin,28,28,12,-0.09437893963219679,0.7661691542288557,False,0.6724137931034483
tier1_seen_conditions,CVCL_1478,plate6,Pentagastrin,29,29,12,0.6077206766358394,0.01990049751243781,True,1.0
tier1_seen_conditions,CVCL_1478,plate6,Relugolix,29,29,12,-0.05625036285346674,0.6865671641791045,False,0.9655172413793104
tier1_seen_conditions,CVCL_1478,plate6,Fusidic acid,28,28,12,-0.1632786881235493,0.9552238805970149,False,0.7068965517241379
tier1_seen_conditions,CVCL_1478,plate6,Cloxacillin (sodium),29,29,12,-0.1899797686096356,0.9751243781094527,False,0.9827586206896551
tier1_seen_conditions,CVCL_1478,plate6,Artesunate,28,28,12,-0.11337005146154233,0.8606965174129353,False,0.896551724137931
tier1_seen_conditions,CVCL_1478,plate6,Folic acid,28,28,12,0.11470187513984342,0.20398009950248755,False,0.9482758620689655
tier1_seen_conditions,CVCL_1478,plate6,Norepinephrine (hydrochloride),28,28,12,-0.15482325333195668,0.9701492537313433,False,0.9827586206896551
tier1_seen_conditions,CVCL_1478,plate6,Busulfan,25,25,12,0.05520395246730736,0.31343283582089554,False,0.9137931034482759
tier1_seen_conditions,CVCL_1478,plate6,Tucidinostat,14,14,12,0.051306540534488576,0.2935323383084577,False,0.7241379310344828
tier1_seen_conditions,CVCL_1478,plate6,Triamcinolone,21,21,12,0.3880153677807989,0.01990049751243781,True,0.9482758620689655
tier1_seen_conditions,CVCL_1478,plate6,Homoharringtonine,17,17,12,1.7489127206050288,0.004975124378109453,True,1.0
tier1_seen_conditions,CVCL_1478,plate6,Cysteamine (hydrochloride),15,15,12,-0.11474084899510117,0.8606965174129353,False,0.3275862068965517
tier1_seen_conditions,CVCL_1478,plate6,Pasireotide (acetate),19,19,12,0.23612467631923018,0.01990049751243781,True,0.4482758620689655
tier1_seen_conditions,CVCL_1478,plate6,Riluzole hydrochloride,13,13,12,0.19687501983167444,0.09950248756218906,False,0.41379310344827586
tier1_seen_conditions,CVCL_1478,plate6,Palmatine (chloride),12,12,12,-4.2044046711708916e-05,0.43283582089552236,False,0.25862068965517243
tier1_seen_conditions,CVCL_1478,plate6,Raltitrexed,21,21,12,0.0003691487178958397,0.4228855721393035,False,0.6551724137931034
tier1_seen_conditions,CVCL_0334,plate6,Lenalidomide (hemihydrate),15,15,12,0.01389226900373508,0.4129353233830846,False,0.7380952380952381
tier1_seen_conditions,CVCL_0334,plate6,Pentamidine (isethionate),15,15,12,0.08520312020304033,0.20398009950248755,False,0.6428571428571429
tier1_seen_conditions,CVCL_0334,plate6,Demeclocycline,13,13,12,-0.0475374414929739,0.6666666666666666,False,0.5476190476190477
tier1_seen_conditions,CVCL_0334,plate6,Tucidinostat,15,15,12,0.245329572318294,0.004975124378109453,True,0.9523809523809523
tier1_seen_conditions,CVCL_0334,plate6,Pentagastrin,23,23,12,0.3367514917677905,0.004975124378109453,True,0.8571428571428571
tier1_seen_conditions,CVCL_0334,plate6,Relugolix,23,23,12,0.15012027126275207,0.14925373134328357,False,0.6428571428571429
tier1_seen_conditions,CVCL_0334,plate6,Hexylresorcinol,27,27,12,0.218827275231396,0.03980099502487562,True,0.9047619047619048
tier1_seen_conditions,CVCL_0334,plate6,Sinomenine,25,25,12,-0.0663876881011447,0.7711442786069652,False,0.8333333333333334
tier1_seen_conditions,CVCL_0334,plate6,Fusidic acid,26,26,12,-0.051938329079160184,0.746268656716418,False,0.5952380952380952
tier1_seen_conditions,CVCL_0334,plate6,Balsalazide (sodium hydrate),27,27,12,0.16890665098497593,0.04477611940298507,True,0.9761904761904762
tier1_seen_conditions,CVCL_0334,plate6,Cloxacillin (sodium),27,27,12,-0.011296443788502586,0.47761194029850745,False,0.9523809523809523
tier1_seen_conditions,CVCL_0334,plate6,Folic acid,28,28,12,0.05927992940531901,0.24875621890547264,False,0.9761904761904762
tier1_seen_conditions,CVCL_0334,plate6,Adenine,27,27,12,0.061200391227176354,0.19900497512437812,False,0.8333333333333334
tier1_seen_conditions,CVCL_0334,plate6,Gallic acid,28,28,12,0.26599636209599,0.024875621890547265,True,0.9761904761904762
tier1_seen_conditions,CVCL_0334,plate6,Vilanterol,12,12,12,-0.0901104698554267,0.8407960199004975,False,0.2857142857142857
tier1_seen_conditions,CVCL_0334,plate6,Ritonavir,13,13,12,-0.04059606813032346,0.6417910447761194,False,0.3333333333333333
tier1_seen_conditions,CVCL_0334,plate6,Busulfan,18,18,12,-0.014397624738503367,0.5522388059701493,False,0.5714285714285714
tier1_seen_conditions,CVCL_0334,plate6,Docetaxel,13,13,12,-0.02770374955297683,0.527363184079602,False,0.5714285714285714
tier1_seen_conditions,CVCL_0334,plate6,Bimatoprost,14,14,12,0.03612504175974429,0.2935323383084577,False,0.35714285714285715
tier1_seen_conditions,CVCL_0334,plate6,Lumateperone (tosylate),25,25,12,0.07925631003459621,0.263681592039801,False,0.8095238095238095
tier1_seen_conditions,CVCL_0334,plate6,Medroxyprogesterone acetate,25,25,12,0.10328550316044449,0.12437810945273632,False,1.0
tier1_seen_conditions,CVCL_0334,plate6,Neratinib (maleate),28,28,12,0.07442192554234595,0.15920398009950248,False,0.9047619047619048
tier1_seen_conditions,CVCL_0334,plate6,Goserelin (acetate),27,27,12,0.17974852046832623,0.04477611940298507,True,0.7857142857142857
tier1_seen_conditions,CVCL_0334,plate6,Pyridoxine (hydrochloride),28,28,12,0.14391942465696062,0.09950248756218906,False,1.0
tier1_seen_conditions,CVCL_0334,plate6,Selinexor,26,26,12,-0.05437050987090686,0.681592039800995,False,0.9523809523809523
tier1_seen_conditions,CVCL_0334,plate6,Rimonabant,25,25,12,0.041451713062230056,0.2736318407960199,False,0.7619047619047619
tier1_seen_conditions,CVCL_0334,plate6,Artesunate,28,28,12,0.15140979351562756,0.0945273631840796,False,1.0
tier1_seen_conditions,CVCL_0334,plate6,Adagrasib,23,23,12,-0.13559343591855288,0.9303482587064676,False,0.8095238095238095
tier1_seen_conditions,CVCL_0334,plate6,Triamcinolone,15,15,12,0.18752275689265652,0.04477611940298507,True,0.6904761904761905
tier1_seen_conditions,CVCL_0334,plate6,Raltitrexed,16,16,12,0.24936692819169792,0.03980099502487562,True,0.6190476190476191
tier1_seen_conditions,CVCL_1094,plate6,Lenalidomide (hemihydrate),19,19,12,-0.009860846209683416,0.5671641791044776,False,0.3958333333333333
tier1_seen_conditions,CVCL_1094,plate6,Adenosine,13,13,12,0.1918233652740149,0.024875621890547265,True,0.20833333333333334
tier1_seen_conditions,CVCL_1094,plate6,Sulfisoxazole,23,23,12,0.1286713432994535,0.04975124378109453,True,0.7708333333333334
tier1_seen_conditions,CVCL_1094,plate6,Ciclopirox,17,17,12,0.14074999138801125,0.05472636815920398,False,0.5
tier1_seen_conditions,CVCL_1094,plate6,Busulfan,14,14,12,0.2516135541725504,0.024875621890547265,True,0.375
tier1_seen_conditions,CVCL_1094,plate6,Radotinib,19,19,12,0.13481406607674806,0.03980099502487562,True,0.5833333333333334
tier1_seen_conditions,CVCL_1094,plate6,Triclosan,23,23,12,0.07262164821441353,0.19402985074626866,False,0.5208333333333334
tier1_seen_conditions,CVCL_1094,plate6,Tucidinostat,15,15,12,0.3126809898470668,0.004975124378109453,True,0.3958333333333333
tier1_seen_conditions,CVCL_1094,plate6,Bergenin,27,27,12,0.2103854974035535,0.009950248756218905,True,0.75
tier1_seen_conditions,CVCL_1094,plate6,Allantoin,22,22,12,0.09614667431410417,0.15920398009950248,False,0.6666666666666666
tier1_seen_conditions,CVCL_1094,plate6,Bimatoprost,26,26,12,0.2072091457248515,0.05970149253731343,False,1.0
tier1_seen_conditions,CVCL_1094,plate6,Triamcinolone,23,23,12,0.1595731293164988,0.05970149253731343,False,0.75
tier1_seen_conditions,CVCL_1094,plate6,Rimonabant,25,25,12,0.2269985861136643,0.009950248756218905,True,0.5833333333333334
tier1_seen_conditions,CVCL_1094,plate6,Relugolix,24,24,12,0.31362832226089665,0.01990049751243781,True,0.9375
tier1_seen_conditions,CVCL_1094,plate6,Berberine (chloride hydrate),28,28,12,0.3468276862836994,0.004975124378109453,True,0.8541666666666666
tier1_seen_conditions,CVCL_1094,plate6,Neratinib (maleate),25,25,12,0.1751936167019199,0.014925373134328358,True,0.9166666666666666
tier1_seen_conditions,CVCL_1094,plate6,Cloxacillin (sodium),26,26,12,0.08865695399121165,0.13930348258706468,False,0.9375
tier1_seen_conditions,CVCL_1094,plate6,Artesunate,28,28,12,0.1792258214432021,0.014925373134328358,True,0.8958333333333334
tier1_seen_conditions,CVCL_1094,plate6,Pyridoxine (hydrochloride),29,29,12,0.2284184567989822,0.004975124378109453,True,0.8958333333333334
tier1_seen_conditions,CVCL_1094,plate6,Selinexor,27,27,12,0.1859711722943196,0.01990049751243781,True,0.9791666666666666
tier1_seen_conditions,CVCL_1094,plate6,Adenine,27,27,12,0.17468489332164516,0.09950248756218906,False,0.5416666666666666
tier1_seen_conditions,CVCL_1094,plate6,Gallic acid,28,28,12,0.15483135055238506,0.03482587064676617,True,0.8333333333333334
tier1_seen_conditions,CVCL_1094,plate6,Adagrasib,26,26,12,0.13994553039317914,0.07462686567164178,False,0.8541666666666666
tier1_seen_conditions,CVCL_1094,plate6,Fluvoxamine (maleate),16,16,12,0.042240737964661434,0.29850746268656714,False,0.3958333333333333
tier1_seen_conditions,CVCL_1094,plate6,Darinaparsin,20,20,12,0.10635675558263635,0.07462686567164178,False,0.5833333333333334
tier1_seen_conditions,CVCL_1094,plate6,Vilanterol,15,15,12,0.1091918806801555,0.07960199004975124,False,0.3541666666666667
tier1_seen_conditions,CVCL_1094,plate6,Pentamidine (isethionate),21,21,12,0.22917735008046414,0.024875621890547265,True,0.625
tier1_seen_conditions,CVCL_1094,plate6,Olanzapine,29,29,12,0.2591330107904284,0.014925373134328358,True,0.9583333333333334
tier1_seen_conditions,CVCL_1094,plate6,Pentagastrin,27,27,12,0.43833689044328317,0.004975124378109453,True,0.875
tier1_seen_conditions,CVCL_1094,plate6,Lumateperone (tosylate),27,27,12,0.15514217838723532,0.08955223880597014,False,0.9166666666666666
tier1_seen_conditions,CVCL_1094,plate6,Medroxyprogesterone acetate,29,29,12,0.0016082683584262014,0.43283582089552236,False,0.9791666666666666
tier1_seen_conditions,CVCL_1094,plate6,Sinomenine,28,28,12,0.2002594236663029,0.05970149253731343,False,0.7291666666666666
tier1_seen_conditions,CVCL_1094,plate6,Goserelin (acetate),29,29,12,0.22284456704261935,0.004975124378109453,True,0.8333333333333334
tier1_seen_conditions,CVCL_1094,plate6,Fusidic acid,27,27,12,0.262811728719786,0.04477611940298507,True,0.8333333333333334
tier1_seen_conditions,CVCL_1094,plate6,Balsalazide (sodium hydrate),28,28,12,0.455135428794188,0.004975124378109453,True,0.7291666666666666
tier1_seen_conditions,CVCL_1094,plate6,Folic acid,26,26,12,0.3912605622797649,0.004975124378109453,True,0.7708333333333334
tier1_seen_conditions,CVCL_1094,plate6,Norepinephrine (hydrochloride),15,15,12,-0.01734567834464329,0.5920398009950248,False,0.3541666666666667
tier1_seen_conditions,CVCL_1094,plate6,Amsacrine,17,17,12,0.22852011860858035,0.024875621890547265,True,0.3125
tier1_seen_conditions,CVCL_1094,plate6,8-Hydroxyquinoline,26,26,12,0.1622466373143947,0.03980099502487562,True,0.9375
tier1_seen_conditions,CVCL_1094,plate6,Isocorydine,13,13,12,0.370620143163654,0.004975124378109453,True,0.16666666666666666
tier1_seen_conditions,CVCL_1666,plate6,Lenalidomide (hemihydrate),14,14,12,0.12474181899176706,0.08955223880597014,False,0.44
tier1_seen_conditions,CVCL_1666,plate6,Adenosine,21,21,12,0.14210331637012175,0.07462686567164178,False,0.78
tier1_seen_conditions,CVCL_1666,plate6,Sulfisoxazole,17,17,12,0.19766627699779882,0.05472636815920398,False,0.46
tier1_seen_conditions,CVCL_1666,plate6,Norepinephrine (hydrochloride),24,24,12,0.08944213628714515,0.14925373134328357,False,0.74
tier1_seen_conditions,CVCL_1666,plate6,Triclosan,21,21,12,0.21920433429442454,0.014925373134328358,True,0.86
tier1_seen_conditions,CVCL_1666,plate6,Tucidinostat,21,21,12,0.2558922807049484,0.009950248756218905,True,0.94
tier1_seen_conditions,CVCL_1666,plate6,Bimatoprost,14,14,12,0.23249282678816918,0.014925373134328358,True,0.44
tier1_seen_conditions,CVCL_1666,plate6,Lumateperone (tosylate),24,24,12,0.04010795833552372,0.26865671641791045,False,0.78
tier1_seen_conditions,CVCL_1666,plate6,Relugolix,27,27,12,0.20721106112879006,0.024875621890547265,True,0.96
tier1_seen_conditions,CVCL_1666,plate6,Hexylresorcinol,28,28,12,0.14665155605082525,0.07462686567164178,False,0.84
tier1_seen_conditions,CVCL_1666,plate6,Neratinib (maleate),28,28,12,0.34649535539036336,0.004975124378109453,True,1.0
tier1_seen_conditions,CVCL_1666,plate6,Goserelin (acetate),28,28,12,0.3281749101447282,0.009950248756218905,True,1.0
tier1_seen_conditions,CVCL_1666,plate6,Fusidic acid,28,28,12,0.21877107105361304,0.014925373134328358,True,0.98
tier1_seen_conditions,CVCL_1666,plate6,Balsalazide (sodium hydrate),27,27,12,0.4008136580215016,0.009950248756218905,True,0.96
tier1_seen_conditions,CVCL_1666,plate6,Cloxacillin (sodium),26,26,12,0.20429908021159449,0.024875621890547265,True,0.8
tier1_seen_conditions,CVCL_1666,plate6,Artesunate,26,26,12,0.22980529460457433,0.01990049751243781,True,1.0
tier1_seen_conditions,CVCL_1666,plate6,Pyridoxine (hydrochloride),25,25,12,0.31821052464488275,0.01990049751243781,True,0.86
tier1_seen_conditions,CVCL_1666,plate6,Selinexor,26,26,12,0.4692629204982737,0.004975124378109453,True,0.84
tier1_seen_conditions,CVCL_1666,plate6,Adenine,25,25,12,0.4478497331848281,0.004975124378109453,True,0.96
tier1_seen_conditions,CVCL_1666,plate6,Gallic acid,29,29,12,0.30451080987567103,0.004975124378109453,True,0.66
tier1_seen_conditions,CVCL_1666,plate6,Amsacrine,18,18,12,0.31721169226582013,0.009950248756218905,True,0.56
tier1_seen_conditions,CVCL_1666,plate6,Resveratrol,14,14,12,0.22191711539904624,0.03980099502487562,True,0.54
tier1_seen_conditions,CVCL_1666,plate6,Busulfan,21,21,12,0.16393982392607676,0.05472636815920398,False,0.52
tier1_seen_conditions,CVCL_1666,plate6,Radotinib,13,13,12,0.2025349091785298,0.004975124378109453,True,0.26
tier1_seen_conditions,CVCL_1666,plate6,Docetaxel,13,13,12,0.296990547384997,0.01990049751243781,True,0.38
tier1_seen_conditions,CVCL_1666,plate6,Allantoin,18,18,12,0.14765247392866243,0.0845771144278607,False,0.86
tier1_seen_conditions,CVCL_1666,plate6,Triamcinolone,28,28,12,0.35652500669263354,0.009950248756218905,True,1.0
tier1_seen_conditions,CVCL_1666,plate6,Olanzapine,24,24,12,0.13007717424889087,0.05970149253731343,False,0.76
tier1_seen_conditions,CVCL_1666,plate6,Rimonabant,19,19,12,0.2861017003414563,0.01990049751243781,True,0.54
tier1_seen_conditions,CVCL_1666,plate6,Pentagastrin,28,28,12,0.3416969137030801,0.004975124378109453,True,0.76
tier1_seen_conditions,CVCL_1666,plate6,Berberine (chloride hydrate),26,26,12,0.21910862388385866,0.014925373134328358,True,0.84
tier1_seen_conditions,CVCL_1666,plate6,Bergenin,27,27,12,0.19074236981382597,0.029850746268656716,True,1.0
tier1_seen_conditions,CVCL_1666,plate6,Medroxyprogesterone acetate,20,20,12,0.18876378680485928,0.024875621890547265,True,0.98
tier1_seen_conditions,CVCL_1666,plate6,Sinomenine,14,14,12,0.1627401824836312,0.024875621890547265,True,0.34
tier1_seen_conditions,CVCL_1666,plate6,Folic acid,29,29,12,0.3336871697511601,0.004975124378109453,True,0.98
tier1_seen_conditions,CVCL_1666,plate6,Adagrasib,28,28,12,0.0945805569878928,0.15920398009950248,False,0.94
tier1_seen_conditions,CVCL_1666,plate6,Cysteamine (hydrochloride),12,12,12,0.07109853016396528,0.15920398009950248,False,0.4
tier1_seen_conditions,CVCL_1666,plate6,Riluzole hydrochloride,16,16,12,0.19825944850096633,0.05970149253731343,False,0.3
tier1_seen_conditions,CVCL_0366,plate6,Ritonavir,17,17,12,-0.050351844094638665,0.6716417910447762,False,0.3333333333333333
tier1_seen_conditions,CVCL_0366,plate6,Sulfisoxazole,19,19,12,0.0567460945892897,0.21393034825870647,False,0.4791666666666667
tier1_seen_conditions,CVCL_0366,plate6,Norepinephrine (hydrochloride),15,15,12,0.157672449789791,0.07462686567164178,False,0.625
tier1_seen_conditions,CVCL_0366,plate6,Busulfan,27,27,12,-0.024663884618309595,0.5870646766169154,False,0.9583333333333334
tier1_seen_conditions,CVCL_0366,plate6,Radotinib,12,12,12,-0.08796617978664045,0.8507462686567164,False,0.3333333333333333
tier1_seen_conditions,CVCL_0366,plate6,Triclosan,24,24,12,-0.04910542800102213,0.6915422885572139,False,0.8125
tier1_seen_conditions,CVCL_0366,plate6,Bergenin,27,27,12,-0.005894729787716102,0.5522388059701493,False,0.7083333333333334
tier1_seen_conditions,CVCL_0366,plate6,Allantoin,27,27,12,-0.011777273684083767,0.48756218905472637,False,1.0
tier1_seen_conditions,CVCL_0366,plate6,Rimonabant,25,25,12,0.13204232897222035,0.14925373134328357,False,0.9375
tier1_seen_conditions,CVCL_0366,plate6,Lumateperone (tosylate),25,25,12,0.38802405352564406,0.004975124378109453,True,0.9583333333333334
tier1_seen_conditions,CVCL_0366,plate6,Hexylresorcinol,26,26,12,0.17446826003057403,0.05970149253731343,False,0.7291666666666666
tier1_seen_conditions,CVCL_0366,plate6,Berberine (chloride hydrate),26,26,12,0.34408282291808945,0.014925373134328358,True,0.9791666666666666
tier1_seen_conditions,CVCL_0366,plate6,Medroxyprogesterone acetate,24,24,12,0.016617218889521723,0.43781094527363185,False,0.9791666666666666
tier1_seen_conditions,CVCL_0366,plate6,Neratinib (maleate),27,27,12,0.20148953880078224,0.04975124378109453,True,0.9583333333333334
tier1_seen_conditions,CVCL_0366,plate6,Sinomenine,20,20,12,0.08941315242261894,0.16417910447761194,False,0.9375
tier1_seen_conditions,CVCL_0366,plate6,Goserelin (acetate),25,25,12,0.19546019493871647,0.03482587064676617,True,0.7708333333333334
tier1_seen_conditions,CVCL_0366,plate6,Fusidic acid,24,24,12,-0.005352901003433885,0.5373134328358209,False,0.9375
tier1_seen_conditions,CVCL_0366,plate6,Balsalazide (sodium hydrate),27,27,12,0.266026486183808,0.01990049751243781,True,0.8958333333333334
tier1_seen_conditions,CVCL_0366,plate6,Pyridoxine (hydrochloride),27,27,12,0.15937104754982379,0.07960199004975124,False,0.9375
tier1_seen_conditions,CVCL_0366,plate6,Folic acid,27,27,12,0.5764267200110105,0.004975124378109453,True,0.9791666666666666
tier1_seen_conditions,CVCL_0366,plate6,Selinexor,28,28,12,0.19442702051015992,0.04975124378109453,True,1.0
tier1_seen_conditions,CVCL_0366,plate6,Adenine,26,26,12,0.2100285398887145,0.05472636815920398,False,0.9583333333333334
tier1_seen_conditions,CVCL_0366,plate6,Gallic acid,26,26,12,0.4247844533145013,0.004975124378109453,True,0.9166666666666666
tier1_seen_conditions,CVCL_0366,plate6,Adagrasib,26,26,12,0.39361407344454236,0.009950248756218905,True,0.6458333333333334
tier1_seen_conditions,CVCL_0366,plate6,8-Hydroxyquinoline,17,17,12,0.13548487757860528,0.14427860696517414,False,0.4791666666666667
tier1_seen_conditions,CVCL_0366,plate6,Resveratrol,13,13,12,0.04490854131018018,0.2935323383084577,False,0.3541666666666667
tier1_seen_conditions,CVCL_0366,plate6,Tucidinostat,18,18,12,0.19603521886462794,0.03980099502487562,True,1.0
tier1_seen_conditions,CVCL_0366,plate6,Pentagastrin,27,27,12,0.5143339126948021,0.004975124378109453,True,0.8125
tier1_seen_conditions,CVCL_0366,plate6,Relugolix,29,29,12,0.5416267030430273,0.004975124378109453,True,0.875
tier1_seen_conditions,CVCL_0366,plate6,Cloxacillin (sodium),26,26,12,0.0029748207971298513,0.4577114427860697,False,0.6666666666666666
tier1_seen_conditions,CVCL_0366,plate6,Artesunate,29,29,12,0.2029957342436024,0.029850746268656716,True,0.9583333333333334
tier1_seen_conditions,CVCL_0366,plate6,Lenalidomide (hemihydrate),18,18,12,-0.07280188579363056,0.7661691542288557,False,0.8333333333333334
tier1_seen_conditions,CVCL_0366,plate6,Bimatoprost,14,14,12,0.24416509342716708,0.024875621890547265,True,0.3958333333333333
tier1_seen_conditions,CVCL_0366,plate6,Triamcinolone,15,15,12,0.15007672598827604,0.06965174129353234,False,0.5
tier1_seen_conditions,CVCL_0366,plate6,Olanzapine,26,26,12,0.2204787756875053,0.04477611940298507,True,0.9375
tier1_seen_conditions,CVCL_0366,plate6,Chlorhexidine (diacetate),12,12,12,0.19873721352021256,0.03482587064676617,True,0.125
tier1_seen_conditions,CVCL_0366,plate6,Raltitrexed,20,20,12,0.7463506959752113,0.004975124378109453,True,0.625
tier1_seen_conditions,CVCL_1125,plate6,Rimonabant,12,12,12,-0.056685821488937194,0.736318407960199,False,0.6190476190476191
tier1_seen_conditions,CVCL_1125,plate6,Berberine (chloride hydrate),16,16,12,0.1389189179552872,0.04975124378109453,True,0.9523809523809523
tier1_seen_conditions,CVCL_1125,plate6,Pyridoxine (hydrochloride),19,19,12,0.16617858493934,0.06467661691542288,False,1.0
tier1_seen_conditions,CVCL_1125,plate6,Adenine,13,13,12,0.20374082101115043,0.04477611940298507,True,0.7619047619047619
tier1_seen_conditions,CVCL_1125,plate6,Relugolix,13,13,12,0.24032789670369326,0.009950248756218905,True,0.7142857142857143
tier1_seen_conditions,CVCL_1125,plate6,Pentagastrin,15,15,12,0.3717239853790151,0.004975124378109453,True,0.8095238095238095
tier1_seen_conditions,CVCL_1125,plate6,Folic acid,16,16,12,0.32895874233371813,0.014925373134328358,True,0.7619047619047619
tier1_seen_conditions,CVCL_1125,plate6,Olanzapine,12,12,12,0.024903886739913617,0.3383084577114428,False,1.0
tier1_seen_conditions,CVCL_1125,plate6,Balsalazide (sodium hydrate),15,15,12,0.05669041668163466,0.2736318407960199,False,0.9523809523809523
tier1_seen_conditions,CVCL_1239,plate6,Allantoin,16,16,12,-0.00657356541136167,0.48258706467661694,False,0.8717948717948718
tier1_seen_conditions,CVCL_1239,plate6,Lumateperone (tosylate),15,15,12,0.053736933791364905,0.26865671641791045,False,0.6666666666666666
tier1_seen_conditions,CVCL_1239,plate6,Relugolix,26,26,12,0.09734216884856295,0.14925373134328357,False,1.0
tier1_seen_conditions,CVCL_1239,plate6,Hexylresorcinol,26,26,12,0.11624674249993738,0.15920398009950248,False,0.7692307692307693
tier1_seen_conditions,CVCL_1239,plate6,Berberine (chloride hydrate),28,28,12,-0.04454368665421704,0.6915422885572139,False,0.8974358974358975
tier1_seen_conditions,CVCL_1239,plate6,Medroxyprogesterone acetate,17,17,12,0.1494493390429703,0.06965174129353234,False,0.9743589743589743
tier1_seen_conditions,CVCL_1239,plate6,Neratinib (maleate),22,22,12,0.1127061178519071,0.11940298507462686,False,0.8461538461538461
tier1_seen_conditions,CVCL_1239,plate6,Goserelin (acetate),24,24,12,-0.02030880779810751,0.5621890547263682,False,0.8461538461538461
tier1_seen_conditions,CVCL_1239,plate6,Fusidic acid,15,15,12,0.04037095870898533,0.3333333333333333,False,0.8205128205128205
tier1_seen_conditions,CVCL_1239,plate6,Balsalazide (sodium hydrate),27,27,12,0.22847186268697328,0.04975124378109453,True,1.0
tier1_seen_conditions,CVCL_1239,plate6,Cloxacillin (sodium),25,25,12,-0.14069213022593985,0.945273631840796,False,0.9487179487179487
tier1_seen_conditions,CVCL_1239,plate6,Artesunate,28,28,12,-0.004161955623859015,0.5124378109452736,False,1.0
tier1_seen_conditions,CVCL_1239,plate6,Pyridoxine (hydrochloride),15,15,12,-0.014901432333880749,0.527363184079602,False,0.717948717948718
tier1_seen_conditions,CVCL_1239,plate6,Gallic acid,18,18,12,0.11778528518228448,0.1044776119402985,False,0.6923076923076923
tier1_seen_conditions,CVCL_1239,plate6,Adagrasib,19,19,12,0.054625271912794204,0.3034825870646766,False,0.7948717948717948
tier1_seen_conditions,CVCL_1239,plate6,Sulfisoxazole,12,12,12,0.0699288062611938,0.1890547263681592,False,0.9230769230769231
tier1_seen_conditions,CVCL_1239,plate6,Triamcinolone,16,16,12,0.2737065257757543,0.01990049751243781,True,0.8717948717948718
tier1_seen_conditions,CVCL_1239,plate6,Sinomenine,15,15,12,0.04143414131590539,0.3333333333333333,False,0.6153846153846154
tier1_seen_conditions,CVCL_1239,plate6,Folic acid,27,27,12,0.09581876766742603,0.13432835820895522,False,1.0
tier1_seen_conditions,CVCL_1239,plate6,Adenine,28,28,12,0.04565905173989471,0.23383084577114427,False,0.8717948717948718
tier1_seen_conditions,CVCL_1239,plate6,Adenosine,12,12,12,-0.0865351066413691,0.8009950248756219,False,0.5897435897435898
tier1_seen_conditions,CVCL_0459,plate7,crizotinib,29,29,12,0.19404393358845518,0.029850746268656716,True,0.9384615384615385
tier1_seen_conditions,CVCL_0459,plate7,Bestatin,28,28,12,-0.040099240542344816,0.6417910447761194,False,0.7230769230769231
tier1_seen_conditions,CVCL_0459,plate7,Tadalafil,27,27,12,0.06663332116336917,0.1890547263681592,False,0.8
tier1_seen_conditions,CVCL_0459,plate7,Belumosudil,29,29,12,0.06959119105659717,0.1791044776119403,False,0.8153846153846154
tier1_seen_conditions,CVCL_0459,plate7,Flumatinib (mesylate),29,29,12,-0.02598395662334063,0.6666666666666666,False,0.9846153846153847
tier1_seen_conditions,CVCL_0459,plate7,Cytarabine,26,26,12,0.20733483601442693,0.024875621890547265,True,0.676923076923077
tier1_seen_conditions,CVCL_0459,plate7,Afatinib,26,26,12,0.1579654083302291,0.024875621890547265,True,0.9538461538461539
tier1_seen_conditions,CVCL_0459,plate7,Lucanthone,25,25,12,0.23424722256543085,0.009950248756218905,True,0.8153846153846154
tier1_seen_conditions,CVCL_0459,plate7,Trametinib (DMSO_TF solvate),29,29,12,0.37394042273640515,0.009950248756218905,True,1.0
tier1_seen_conditions,CVCL_0459,plate7,Benproperine (phosphate),28,28,12,0.17839392120414566,0.01990049751243781,True,0.8307692307692308
tier1_seen_conditions,CVCL_0459,plate7,Erlotinib,29,29,12,0.11651949254160066,0.04477611940298507,True,0.4307692307692308
tier1_seen_conditions,CVCL_0459,plate7,(S)-Crizotinib,28,28,12,0.22322049898878227,0.004975124378109453,True,0.7230769230769231
tier1_seen_conditions,CVCL_0459,plate7,Rutin (trihydrate),28,28,12,0.35272312967714825,0.004975124378109453,True,0.9846153846153847
tier1_seen_conditions,CVCL_0459,plate7,Pexidartinib (hydrochloride),26,26,12,0.15873026200454987,0.024875621890547265,True,0.8615384615384616
tier1_seen_conditions,CVCL_0459,plate7,Tirabrutinib,29,29,12,0.6621875249005367,0.004975124378109453,True,0.8307692307692308
tier1_seen_conditions,CVCL_0459,plate7,Diphenhydramine,26,26,12,0.16787977686373345,0.04975124378109453,True,0.6307692307692307
tier1_seen_conditions,CVCL_0459,plate7,Phenytoin (sodium),26,26,12,0.1294040810478343,0.05970149253731343,False,0.7384615384615385
tier1_seen_conditions,CVCL_0459,plate7,Sacubitril/Valsartan,23,23,12,0.16163625384490032,0.014925373134328358,True,0.2153846153846154
tier1_seen_conditions,CVCL_0459,plate7,Finasteride,15,15,12,-0.022889070660147226,0.6467661691542289,False,0.06153846153846154
tier1_seen_conditions,CVCL_0459,plate7,Doxycycline (monohydrate),14,14,12,0.10767551308341616,0.08955223880597014,False,0.03076923076923077
tier1_seen_conditions,CVCL_0459,plate7,Simotinib,22,22,12,0.027671523992767177,0.3333333333333333,False,0.5384615384615384
tier1_seen_conditions,CVCL_0459,plate7,Procainamide (hydrochloride),28,28,12,0.025483258067009018,0.373134328358209,False,0.7846153846153846
tier1_seen_conditions,CVCL_0459,plate7,Silodosin,27,27,12,0.012285724210988391,0.44776119402985076,False,0.7846153846153846
tier1_seen_conditions,CVCL_0459,plate7,Nevirapine,26,26,12,0.14687474313045001,0.03980099502487562,True,0.8153846153846154
tier1_seen_conditions,CVCL_0459,plate7,Cilostazol,27,27,12,0.031255302415718944,0.29850746268656714,False,0.676923076923077
tier1_seen_conditions,CVCL_0459,plate7,Roxadustat,21,21,12,0.005374255666550809,0.4427860696517413,False,0.36923076923076925
tier1_seen_conditions,CVCL_0459,plate7,Ligustrazine,29,29,12,0.032095582715355064,0.2885572139303483,False,0.7230769230769231
tier1_seen_conditions,CVCL_0459,plate7,Thymopentin,29,29,12,-0.012538967631160247,0.46766169154228854,False,0.9384615384615385
tier1_seen_conditions,CVCL_0459,plate7,Hesperidin,27,27,12,0.06216292573569149,0.24875621890547264,False,0.9538461538461539
tier1_seen_conditions,CVCL_0459,plate7,Mebendazole,23,23,12,-0.0008437344477112418,0.4975124378109453,False,0.5230769230769231
tier1_seen_conditions,CVCL_0459,plate7,Betamethasone dipropionate,18,18,12,0.07215063478126282,0.1791044776119403,False,0.24615384615384617
tier1_seen_conditions,CVCL_0459,plate7,Levobupivacaine (hydrochloride),27,27,12,0.052104856059136395,0.2835820895522388,False,0.3230769230769231
tier1_seen_conditions,CVCL_0459,plate7,Rosiglitazone,28,28,12,0.05759286145454112,0.21890547263681592,False,1.0
tier1_seen_conditions,CVCL_0459,plate7,Quinidine (15% dihydroquinidine),26,26,12,0.06777152903641692,0.24875621890547264,False,0.35384615384615387
tier1_seen_conditions,CVCL_0459,plate7,Verapamil,26,26,12,0.043179626484592504,0.2935323383084577,False,0.5538461538461539
tier1_seen_conditions,CVCL_0459,plate7,Bisoprolol (hemifumarate),27,27,12,-0.11211923240142951,0.9651741293532339,False,0.7692307692307693
tier1_seen_conditions,CVCL_0459,plate7,Penfluridol,26,26,12,0.2165802983428904,0.009950248756218905,True,0.4153846153846154
tier1_seen_conditions,CVCL_0459,plate7,Ferulic acid,28,28,12,0.12442082814414945,0.0845771144278607,False,0.3384615384615385
tier1_seen_conditions,CVCL_0459,plate7,Pemetrexed,27,27,12,0.02130968102705033,0.40298507462686567,False,0.3230769230769231
tier1_seen_conditions,CVCL_0459,plate7,Fluvoxamine,25,25,12,0.19262205882412786,0.05472636815920398,False,0.8769230769230769
tier1_seen_conditions,CVCL_0459,plate7,Cytarabine (hydrochloride),25,25,12,0.08205411860878975,0.1044776119402985,False,0.5384615384615384
tier1_seen_conditions,CVCL_0459,plate7,Bendamustine,28,28,12,0.023013998600307062,0.36318407960199006,False,0.5230769230769231
tier1_seen_conditions,CVCL_0459,plate7,Altretamine,27,27,12,0.07102608547462808,0.15920398009950248,False,0.4
tier1_seen_conditions,CVCL_0459,plate7,Rifaximin,29,29,12,0.08355810336860969,0.12935323383084577,False,0.8
tier1_seen_conditions,CVCL_0459,plate7,Doxorubicin (hydrochloride),28,28,12,0.04798334050690478,0.34328358208955223,False,0.9230769230769231
tier1_seen_conditions,CVCL_0459,plate7,Menadione,27,27,12,0.05111990544316214,0.31840796019900497,False,0.6461538461538462
tier1_seen_conditions,CVCL_0459,plate7,Glycyrrhizic acid,15,15,12,0.1069717618801711,0.07462686567164178,False,0.07692307692307693
tier1_seen_conditions,CVCL_0459,plate7,Imiquimod (maleate),28,28,12,-0.026440441405448212,0.5870646766169154,False,0.9692307692307692
tier1_seen_conditions,CVCL_0459,plate7,Clofarabine,28,28,12,0.1611331438031982,0.029850746268656716,True,0.9230769230769231
tier1_seen_conditions,CVCL_0459,plate7,Adagrasib,27,27,12,-0.028122815923433464,0.6119402985074627,False,0.4461538461538462
tier1_seen_conditions,CVCL_0459,plate7,Sulfatinib,25,25,12,0.021065484699924752,0.42786069651741293,False,0.12307692307692308
tier1_seen_conditions,CVCL_0459,plate7,Arbutin,29,29,12,-0.025944259916379053,0.5472636815920398,False,0.9692307692307692
tier1_seen_conditions,CVCL_0459,plate7,Tranilast,28,28,12,-0.040969665315765624,0.6716417910447762,False,0.7076923076923077
tier1_seen_conditions,CVCL_0459,plate7,Macitentan,28,28,12,0.14491578299482555,0.07462686567164178,False,0.6153846153846154
tier1_seen_conditions,CVCL_0459,plate7,Mifepristone,21,21,12,0.11780260895676697,0.13432835820895522,False,0.676923076923077
tier1_seen_conditions,CVCL_0459,plate7,Niclosamide (olamine),27,27,12,0.003727861768298979,0.5024875621890548,False,0.5076923076923077
tier1_seen_conditions,CVCL_0459,plate7,Peretinoin,28,28,12,-0.007291577261193893,0.5522388059701493,False,0.9846153846153847
tier1_seen_conditions,CVCL_0459,plate7,Tolmetin,29,29,12,0.09838494241412299,0.11940298507462686,False,0.9384615384615385
tier1_seen_conditions,CVCL_0459,plate7,Posaconazole,28,28,12,0.14561834571363974,0.04975124378109453,True,0.8923076923076924
tier1_seen_conditions,CVCL_0459,plate7,Entecavir (monohydrate),29,29,12,0.11816655291072031,0.1044776119402985,False,0.7692307692307693
tier1_seen_conditions,CVCL_0459,plate7,Sildenafil,29,29,12,0.22839106707609425,0.009950248756218905,True,0.9846153846153847
tier1_seen_conditions,CVCL_0459,plate7,Dimethyl fumarate,28,28,12,0.020253641711690307,0.4079601990049751,False,0.47692307692307695
tier1_seen_conditions,CVCL_0459,plate7,Daidzin,26,26,12,0.2073205378531977,0.004975124378109453,True,0.9538461538461539
tier1_seen_conditions,CVCL_0459,plate7,Fumaric acid,29,29,12,-0.003240445706254036,0.5323383084577115,False,0.8461538461538461
tier1_seen_conditions,CVCL_1097,plate7,Bosentan (hydrate),15,15,12,0.15478632458774833,0.05472636815920398,False,0.6585365853658537
tier1_seen_conditions,CVCL_1097,plate7,Bestatin,15,15,12,0.24554587184374022,0.014925373134328358,True,0.6585365853658537
tier1_seen_conditions,CVCL_1097,plate7,Tadalafil,12,12,12,0.037243876374949636,0.2736318407960199,False,0.4634146341463415
tier1_seen_conditions,CVCL_1097,plate7,Belumosudil,28,28,12,0.13007206744786615,0.08955223880597014,False,0.975609756097561
tier1_seen_conditions,CVCL_1097,plate7,Cytarabine,28,28,12,0.14161148250558675,0.04975124378109453,True,1.0
tier1_seen_conditions,CVCL_1097,plate7,Lucanthone,28,28,12,0.4058911154804239,0.004975124378109453,True,1.0
tier1_seen_conditions,CVCL_1097,plate7,Trametinib (DMSO_TF solvate),22,22,12,0.21235781859170544,0.004975124378109453,True,1.0
tier1_seen_conditions,CVCL_1097,plate7,Erlotinib,18,18,12,0.4833962908505125,0.004975124378109453,True,0.8780487804878049
tier1_seen_conditions,CVCL_1097,plate7,(S)-Crizotinib,25,25,12,0.14082277591946557,0.0845771144278607,False,0.975609756097561
tier1_seen_conditions,CVCL_1097,plate7,Rutin (trihydrate),26,26,12,0.39209366996871253,0.004975124378109453,True,1.0
tier1_seen_conditions,CVCL_1097,plate7,Tirabrutinib,21,21,12,0.28202726747653095,0.009950248756218905,True,0.9024390243902439
tier1_seen_conditions,CVCL_1097,plate7,Diphenhydramine,13,13,12,0.19478991217915897,0.014925373134328358,True,0.5609756097560976
tier1_seen_conditions,CVCL_1097,plate7,Simotinib,13,13,12,0.04892856574019078,0.32338308457711445,False,0.7317073170731707
tier1_seen_conditions,CVCL_1097,plate7,Silodosin,15,15,12,0.18360098054807317,0.01990049751243781,True,0.7073170731707317
tier1_seen_conditions,CVCL_1097,plate7,Cilostazol,15,15,12,0.15796152766058036,0.06467661691542288,False,0.4634146341463415
tier1_seen_conditions,CVCL_1097,plate7,Ligustrazine,16,16,12,0.18028086048244418,0.004975124378109453,True,0.6585365853658537
tier1_seen_conditions,CVCL_1097,plate7,Mebendazole,17,17,12,0.1997800847942237,0.009950248756218905,True,0.7804878048780488
tier1_seen_conditions,CVCL_1097,plate7,Quinidine (15% dihydroquinidine),16,16,12,0.0983311433527696,0.17412935323383086,False,0.8780487804878049
tier1_seen_conditions,CVCL_1097,plate7,Penfluridol,23,23,12,0.15398003477668176,0.024875621890547265,True,0.8048780487804879
tier1_seen_conditions,CVCL_1097,plate7,Cytarabine (hydrochloride),17,17,12,0.21402374297588445,0.03980099502487562,True,0.7073170731707317
tier1_seen_conditions,CVCL_1097,plate7,Altretamine,16,16,12,0.2469574900897289,0.03482587064676617,True,0.7560975609756098
tier1_seen_conditions,CVCL_1097,plate7,Doxorubicin (hydrochloride),16,16,12,0.04108837598539772,0.30845771144278605,False,0.7317073170731707
tier1_seen_conditions,CVCL_1097,plate7,Clofarabine,14,14,12,0.2914551944434276,0.004975124378109453,True,0.7560975609756098
tier1_seen_conditions,CVCL_1097,plate7,Sildenafil,13,13,12,0.22796763854558577,0.009950248756218905,True,0.3902439024390244
tier1_seen_conditions,CVCL_1097,plate7,Fumaric acid,12,12,12,0.2816596477657072,0.004975124378109453,True,0.5365853658536586
tier1_seen_conditions,CVCL_0371,plate7,crizotinib,15,15,12,0.050155252242930715,0.2736318407960199,False,0.7111111111111111
tier1_seen_conditions,CVCL_0371,plate7,Bestatin,17,17,12,0.08079593466937496,0.21890547263681592,False,0.4666666666666667
tier1_seen_conditions,CVCL_0371,plate7,Tadalafil,25,25,12,0.09036906725671301,0.13930348258706468,False,0.9777777777777777
tier1_seen_conditions,CVCL_0371,plate7,Afatinib,25,25,12,0.07121611138660455,0.25870646766169153,False,0.7111111111111111
tier1_seen_conditions,CVCL_0371,plate7,Benproperine (phosphate),21,21,12,0.04227659980275966,0.2885572139303483,False,0.5333333333333333
tier1_seen_conditions,CVCL_0371,plate7,Erlotinib,29,29,12,-0.07097287759056314,0.681592039800995,False,0.7555555555555555
tier1_seen_conditions,CVCL_0371,plate7,(S)-Crizotinib,29,29,12,0.032962594545601576,0.3034825870646766,False,0.9555555555555556
tier1_seen_conditions,CVCL_0371,plate7,Rutin (trihydrate),29,29,12,-0.017721343231393405,0.5572139303482587,False,0.9777777777777777
tier1_seen_conditions,CVCL_0371,plate7,Pexidartinib (hydrochloride),19,19,12,-0.015331827443928248,0.5422885572139303,False,0.6222222222222222
tier1_seen_conditions,CVCL_0371,plate7,Tirabrutinib,16,16,12,0.16203890817706146,0.06965174129353234,False,0.7777777777777778
tier1_seen_conditions,CVCL_0371,plate7,Simotinib,17,17,12,0.0003050415342027435,0.5174129353233831,False,0.3333333333333333
tier1_seen_conditions,CVCL_0371,plate7,Procainamide (hydrochloride),13,13,12,-0.1118526838027023,0.845771144278607,False,0.2
tier1_seen_conditions,CVCL_0371,plate7,Roxadustat,12,12,12,0.11274808078560739,0.12935323383084577,False,0.15555555555555556
tier1_seen_conditions,CVCL_0371,plate7,Ligustrazine,17,17,12,-0.07221148051759307,0.6915422885572139,False,0.3111111111111111
tier1_seen_conditions,CVCL_0371,plate7,Hesperidin,20,20,12,0.029322243377055912,0.4129353233830846,False,0.7333333333333333
tier1_seen_conditions,CVCL_0371,plate7,Quinidine (15% dihydroquinidine),17,17,12,-0.12583564536935476,0.8159203980099502,False,0.28888888888888886
tier1_seen_conditions,CVCL_0371,plate7,Verapamil,13,13,12,0.07486708549612686,0.19402985074626866,False,0.17777777777777778
tier1_seen_conditions,CVCL_0371,plate7,Bisoprolol (hemifumarate),24,24,12,0.05988746609951612,0.23880597014925373,False,0.8666666666666667
tier1_seen_conditions,CVCL_0371,plate7,Ferulic acid,23,23,12,0.05835994215652818,0.2537313432835821,False,0.7111111111111111
tier1_seen_conditions,CVCL_0371,plate7,Fluvoxamine,26,26,12,0.14739921423136693,0.06965174129353234,False,0.8444444444444444
tier1_seen_conditions,CVCL_0371,plate7,Cytarabine (hydrochloride),26,26,12,0.008126147339734047,0.42786069651741293,False,0.8666666666666667
tier1_seen_conditions,CVCL_0371,plate7,Rifaximin,29,29,12,-0.12489968251641237,0.8855721393034826,False,0.8888888888888888
tier1_seen_conditions,CVCL_0371,plate7,Doxorubicin (hydrochloride),26,26,12,0.16946889614315808,0.03980099502487562,True,0.9333333333333333
tier1_seen_conditions,CVCL_0371,plate7,Glycyrrhizic acid,18,18,12,-0.049632440756004925,0.6915422885572139,False,0.7333333333333333
tier1_seen_conditions,CVCL_0371,plate7,Clofarabine,15,15,12,0.06474761007065588,0.24378109452736318,False,0.4666666666666667
tier1_seen_conditions,CVCL_0371,plate7,Arbutin,28,28,12,-0.06659685299909945,0.6368159203980099,False,0.8888888888888888
tier1_seen_conditions,CVCL_0371,plate7,Penfluridol,28,28,12,0.032859339111382724,0.3582089552238806,False,0.9555555555555556
tier1_seen_conditions,CVCL_0371,plate7,Imiquimod (maleate),22,22,12,-0.07950272519772206,0.835820895522388,False,0.7777777777777778
tier1_seen_conditions,CVCL_0371,plate7,Sulfatinib,19,19,12,-0.09400953566172632,0.8557213930348259,False,0.6222222222222222
tier1_seen_conditions,CVCL_0371,plate7,Tranilast,16,16,12,-0.008960439161400657,0.5621890547263682,False,0.7333333333333333
tier1_seen_conditions,CVCL_0371,plate7,Macitentan,16,16,12,0.07145393849409132,0.2736318407960199,False,0.3111111111111111
tier1_seen_conditions,CVCL_0371,plate7,Mifepristone,18,18,12,0.09567963769608845,0.15920398009950248,False,0.4444444444444444
tier1_seen_conditions,CVCL_0371,plate7,Niclosamide (olamine),14,14,12,0.05028213037832252,0.27860696517412936,False,0.35555555555555557
tier1_seen_conditions,CVCL_0371,plate7,Peretinoin,25,25,12,0.0009327171684212487,0.4228855721393035,False,0.8444444444444444
tier1_seen_conditions,CVCL_0371,plate7,Adagrasib,29,29,12,0.07727519862500642,0.21393034825870647,False,0.9333333333333333
tier1_seen_conditions,CVCL_0371,plate7,Posaconazole,13,13,12,-0.011655925594000749,0.4626865671641791,False,0.17777777777777778
tier1_seen_conditions,CVCL_0371,plate7,Entecavir (monohydrate),14,14,12,-0.10378471819018387,0.8407960199004975,False,0.28888888888888886
tier1_seen_conditions,CVCL_0371,plate7,Dimethyl fumarate,18,18,12,0.09535721433430489,0.13930348258706468,False,0.8
tier1_seen_conditions,CVCL_0371,plate7,Fumaric acid,22,22,12,-0.03012134663022792,0.5970149253731343,False,0.5555555555555556
tier1_seen_conditions,CVCL_C466,plate7,Cytarabine,22,22,12,0.1605938628251824,0.05472636815920398,False,1.0
tier1_seen_conditions,CVCL_C466,plate7,Benproperine (phosphate),15,15,12,0.012063474043333855,0.39303482587064675,False,0.6896551724137931
tier1_seen_conditions,CVCL_C466,plate7,Erlotinib,18,18,12,-0.008644537809772146,0.5074626865671642,False,0.8275862068965517
tier1_seen_conditions,CVCL_C466,plate7,Rutin (trihydrate),26,26,12,0.11121250300672081,0.13930348258706468,False,0.9655172413793104
tier1_seen_conditions,CVCL_C466,plate7,Diphenhydramine,13,13,12,0.009399018060502584,0.38308457711442784,False,0.41379310344827586
tier1_seen_conditions,CVCL_C466,plate7,Nevirapine,13,13,12,-0.07533412090185188,0.8009950248756219,False,0.6896551724137931
tier1_seen_conditions,CVCL_C466,plate7,Levobupivacaine (hydrochloride),14,14,12,0.13309532895638654,0.11940298507462686,False,0.4827586206896552
tier1_seen_conditions,CVCL_C466,plate7,Quinidine (15% dihydroquinidine),13,13,12,0.03570819728679453,0.31343283582089554,False,0.6551724137931034
tier1_seen_conditions,CVCL_C466,plate7,Ferulic acid,13,13,12,0.12943691095831866,0.0945273631840796,False,0.6896551724137931
tier1_seen_conditions,CVCL_C466,plate7,Fluvoxamine,22,22,12,-0.062493637299128935,0.7562189054726368,False,0.8620689655172413
tier1_seen_conditions,CVCL_C466,plate7,Clofarabine,17,17,12,-0.019833869183919717,0.6119402985074627,False,0.896551724137931
tier1_seen_conditions,CVCL_C466,plate7,Adagrasib,22,22,12,0.03707238502450494,0.3681592039800995,False,0.9655172413793104
tier1_seen_conditions,CVCL_C466,plate7,Penfluridol,18,18,12,0.07576943391308433,0.21393034825870647,False,0.9655172413793104
tier1_seen_conditions,CVCL_C466,plate7,Bendamustine,14,14,12,-0.05514127933190949,0.7213930348258707,False,0.7586206896551724
tier1_seen_conditions,CVCL_C466,plate7,Altretamine,13,13,12,0.12766061113348748,0.06467661691542288,False,0.6206896551724138
tier1_seen_conditions,CVCL_C466,plate7,Entecavir (monohydrate),16,16,12,0.05465509541463298,0.2537313432835821,False,0.896551724137931
tier1_seen_conditions,CVCL_1056,plate7,crizotinib,18,18,12,0.19769164319748178,0.05970149253731343,False,0.25
tier1_seen_conditions,CVCL_1056,plate7,Belumosudil,28,28,12,0.06311306503541303,0.34328358208955223,False,0.9642857142857143
tier1_seen_conditions,CVCL_1056,plate7,Flumatinib (mesylate),29,29,12,0.17466136372673624,0.03482587064676617,True,0.9642857142857143
tier1_seen_conditions,CVCL_1056,plate7,Cytarabine,28,28,12,0.00021749518669267331,0.5024875621890548,False,0.7142857142857143
tier1_seen_conditions,CVCL_1056,plate7,Afatinib,27,27,12,0.011511551595919656,0.4577114427860697,False,0.8571428571428571
tier1_seen_conditions,CVCL_1056,plate7,Lucanthone,27,27,12,0.26216736738409985,0.014925373134328358,True,0.9821428571428571
tier1_seen_conditions,CVCL_1056,plate7,Trametinib (DMSO_TF solvate),26,26,12,0.2184687797741276,0.014925373134328358,True,0.9821428571428571
tier1_seen_conditions,CVCL_1056,plate7,Erlotinib,29,29,12,0.05514705808520581,0.2885572139303483,False,0.5
tier1_seen_conditions,CVCL_1056,plate7,(S)-Crizotinib,28,28,12,0.08621770060203282,0.14427860696517414,False,0.7142857142857143
tier1_seen_conditions,CVCL_1056,plate7,Rutin (trihydrate),29,29,12,0.13836289069895003,0.06467661691542288,False,0.9285714285714286
tier1_seen_conditions,CVCL_1056,plate7,Pexidartinib (hydrochloride),25,25,12,0.04891133361059907,0.2736318407960199,False,0.9464285714285714
tier1_seen_conditions,CVCL_1056,plate7,Tirabrutinib,28,28,12,0.37113158774711685,0.01990049751243781,True,1.0
tier1_seen_conditions,CVCL_1056,plate7,Sacubitril/Valsartan,15,15,12,0.16354255580106702,0.0845771144278607,False,0.25
tier1_seen_conditions,CVCL_1056,plate7,Pitavastatin (Calcium),13,13,12,0.1476935389340479,0.04477611940298507,True,0.08928571428571429
tier1_seen_conditions,CVCL_1056,plate7,Cobimetinib,16,16,12,0.007877902056870667,0.4527363184079602,False,0.16071428571428573
tier1_seen_conditions,CVCL_1056,plate7,Simotinib,23,23,12,0.03423773945033304,0.3482587064676617,False,0.8571428571428571
tier1_seen_conditions,CVCL_1056,plate7,Procainamide (hydrochloride),21,21,12,-0.035222732997256756,0.6368159203980099,False,0.21428571428571427
tier1_seen_conditions,CVCL_1056,plate7,Silodosin,28,28,12,0.059872836163853194,0.26865671641791045,False,0.9464285714285714
tier1_seen_conditions,CVCL_1056,plate7,Nevirapine,21,21,12,-0.061081594501073866,0.6965174129353234,False,0.35714285714285715
tier1_seen_conditions,CVCL_1056,plate7,Cilostazol,14,14,12,-0.025472609506868693,0.5920398009950248,False,0.26785714285714285
tier1_seen_conditions,CVCL_1056,plate7,Dorzolamide (hydrochloride),21,21,12,0.04600705024411589,0.3333333333333333,False,0.32142857142857145
tier1_seen_conditions,CVCL_1056,plate7,Roxadustat,26,26,12,0.18515487933160912,0.01990049751243781,True,0.875
tier1_seen_conditions,CVCL_1056,plate7,Decitabine,29,29,12,0.24846720344565654,0.009950248756218905,True,1.0
tier1_seen_conditions,CVCL_1056,plate7,Ligustrazine,27,27,12,-0.07150558702402066,0.8159203980099502,False,0.5178571428571429
tier1_seen_conditions,CVCL_1056,plate7,Hesperidin,26,26,12,0.1530356174558989,0.0845771144278607,False,0.8571428571428571
tier1_seen_conditions,CVCL_1056,plate7,Mebendazole,26,26,12,0.1312341203776839,0.06965174129353234,False,0.6964285714285714
tier1_seen_conditions,CVCL_1056,plate7,Levobupivacaine (hydrochloride),27,27,12,0.003561556147305467,0.46766169154228854,False,0.6964285714285714
tier1_seen_conditions,CVCL_1056,plate7,Bisoprolol (hemifumarate),26,26,12,0.11198301966253332,0.1044776119402985,False,0.7678571428571429
tier1_seen_conditions,CVCL_1056,plate7,Penfluridol,27,27,12,0.11285968045092254,0.1044776119402985,False,0.8392857142857143
tier1_seen_conditions,CVCL_1056,plate7,Ferulic acid,28,28,12,-0.10580391889243401,0.900497512437811,False,0.875
tier1_seen_conditions,CVCL_1056,plate7,Pemetrexed,27,27,12,0.01860903553486537,0.3880597014925373,False,0.8035714285714286
tier1_seen_conditions,CVCL_1056,plate7,Fluvoxamine,27,27,12,-0.023153438906232893,0.5572139303482587,False,0.9464285714285714
tier1_seen_conditions,CVCL_1056,plate7,Cytarabine (hydrochloride),24,24,12,0.03234609188096016,0.3582089552238806,False,0.9821428571428571
tier1_seen_conditions,CVCL_1056,plate7,Bendamustine,28,28,12,0.0978918021188182,0.15422885572139303,False,1.0
tier1_seen_conditions,CVCL_1056,plate7,Altretamine,29,29,12,0.02435023391404556,0.3681592039800995,False,0.9464285714285714
tier1_seen_conditions,CVCL_1056,plate7,Doxorubicin (hydrochloride),28,28,12,0.05096429494208543,0.263681592039801,False,0.8392857142857143
tier1_seen_conditions,CVCL_1056,plate7,Menadione,23,23,12,-0.028547684477539192,0.5621890547263682,False,0.5178571428571429
tier1_seen_conditions,CVCL_1056,plate7,Glycyrrhizic acid,21,21,12,0.05763029047330548,0.29850746268656714,False,0.6785714285714286
tier1_seen_conditions,CVCL_1056,plate7,Imiquimod (maleate),24,24,12,-0.01224548355044952,0.5671641791044776,False,0.7142857142857143
tier1_seen_conditions,CVCL_1056,plate7,Adagrasib,28,28,12,-0.06296328508557814,0.7761194029850746,False,0.9285714285714286
tier1_seen_conditions,CVCL_1056,plate7,Sulfatinib,28,28,12,-0.007222109338128391,0.5422885572139303,False,1.0
tier1_seen_conditions,CVCL_1056,plate7,Arbutin,28,28,12,0.019240604622222435,0.373134328358209,False,0.75
tier1_seen_conditions,CVCL_1056,plate7,Rifaximin,29,29,12,0.03250972869628299,0.4129353233830846,False,0.875
tier1_seen_conditions,CVCL_1056,plate7,Tranilast,29,29,12,0.03723907669998994,0.3034825870646766,False,0.8392857142857143
tier1_seen_conditions,CVCL_1056,plate7,Mifepristone,22,22,12,0.009743006612570326,0.4129353233830846,False,0.4107142857142857
tier1_seen_conditions,CVCL_1056,plate7,Apalutamide,17,17,12,0.12630035158978004,0.1044776119402985,False,0.4642857142857143
tier1_seen_conditions,CVCL_1056,plate7,Niclosamide (olamine),29,29,12,0.027113318659443664,0.38308457711442784,False,0.6785714285714286
tier1_seen_conditions,CVCL_1056,plate7,Tolmetin,27,27,12,-0.01023928829017784,0.4975124378109453,False,0.875
tier1_seen_conditions,CVCL_1056,plate7,Posaconazole,19,19,12,0.09162514063408089,0.1791044776119403,False,0.4107142857142857
tier1_seen_conditions,CVCL_1056,plate7,Entecavir (monohydrate),28,28,12,0.06177942208276832,0.263681592039801,False,0.9285714285714286
tier1_seen_conditions,CVCL_1056,plate7,Dimethyl fumarate,19,19,12,0.06797650224095442,0.22885572139303484,False,0.5357142857142857
tier1_seen_conditions,CVCL_1056,plate7,Daidzin,24,24,12,0.40901449697438785,0.009950248756218905,True,0.7321428571428571
tier1_seen_conditions,CVCL_1119,plate7,crizotinib,20,20,12,0.20416400155770198,0.04477611940298507,True,0.07272727272727272
tier1_seen_conditions,CVCL_1119,plate7,Bosentan (hydrate),29,29,12,0.13926539010216743,0.06965174129353234,False,0.9454545454545454
tier1_seen_conditions,CVCL_1119,plate7,Bestatin,26,26,12,0.31760814697553386,0.009950248756218905,True,0.8727272727272727
tier1_seen_conditions,CVCL_1119,plate7,Tadalafil,29,29,12,0.09373671067891287,0.16417910447761194,False,0.8545454545454545
tier1_seen_conditions,CVCL_1119,plate7,Belumosudil,28,28,12,0.22538299005954343,0.014925373134328358,True,1.0
tier1_seen_conditions,CVCL_1119,plate7,Flumatinib (mesylate),29,29,12,-0.00835696818428211,0.4975124378109453,False,0.9818181818181818
tier1_seen_conditions,CVCL_1119,plate7,Cytarabine,28,28,12,0.20854336209821867,0.009950248756218905,True,0.8727272727272727
tier1_seen_conditions,CVCL_1119,plate7,Afatinib,28,28,12,-0.06286006118968857,0.7761194029850746,False,0.9818181818181818
tier1_seen_conditions,CVCL_1119,plate7,Lucanthone,28,28,12,0.3521154182735984,0.004975124378109453,True,1.0
tier1_seen_conditions,CVCL_1119,plate7,Benproperine (phosphate),25,25,12,0.16623925697372144,0.05472636815920398,False,0.9454545454545454
tier1_seen_conditions,CVCL_1119,plate7,Erlotinib,29,29,12,0.21564844977586084,0.01990049751243781,True,0.9454545454545454
tier1_seen_conditions,CVCL_1119,plate7,(S)-Crizotinib,26,26,12,0.024184938945357004,0.39800995024875624,False,0.38181818181818183
tier1_seen_conditions,CVCL_1119,plate7,Rutin (trihydrate),23,23,12,0.3315588243525234,0.01990049751243781,True,0.7636363636363637
tier1_seen_conditions,CVCL_1119,plate7,Pexidartinib (hydrochloride),28,28,12,0.057190903961775064,0.20398009950248755,False,0.9636363636363636
tier1_seen_conditions,CVCL_1119,plate7,Diphenhydramine,17,17,12,0.34753415608924065,0.009950248756218905,True,0.2727272727272727
tier1_seen_conditions,CVCL_1119,plate7,Phenytoin (sodium),15,15,12,0.1675992191222324,0.03980099502487562,True,0.09090909090909091
tier1_seen_conditions,CVCL_1119,plate7,Sacubitril/Valsartan,12,12,12,0.23748168155784377,0.01990049751243781,True,0.09090909090909091
tier1_seen_conditions,CVCL_1119,plate7,Cobimetinib,15,15,12,-0.010600954843715371,0.5223880597014925,False,0.14545454545454545
tier1_seen_conditions,CVCL_1119,plate7,Simotinib,20,20,12,0.08955917853970163,0.15422885572139303,False,0.6
tier1_seen_conditions,CVCL_1119,plate7,Dorzolamide (hydrochloride),29,29,12,0.05332863595189963,0.25870646766169153,False,0.8181818181818182
tier1_seen_conditions,CVCL_1119,plate7,Roxadustat,21,21,12,0.10436784258948606,0.13432835820895522,False,0.7454545454545455
tier1_seen_conditions,CVCL_1119,plate7,Decitabine,20,20,12,0.2151617291513741,0.014925373134328358,True,0.2727272727272727
tier1_seen_conditions,CVCL_1119,plate7,Ligustrazine,25,25,12,0.05345631399159778,0.2885572139303483,False,0.6545454545454545
tier1_seen_conditions,CVCL_1119,plate7,Hesperidin,29,29,12,0.07875907755933298,0.14427860696517414,False,0.6909090909090909
tier1_seen_conditions,CVCL_1119,plate7,Mebendazole,23,23,12,0.21414466840718838,0.009950248756218905,True,0.6909090909090909
tier1_seen_conditions,CVCL_1119,plate7,Betamethasone dipropionate,22,22,12,0.2169878800517644,0.009950248756218905,True,0.45454545454545453
tier1_seen_conditions,CVCL_1119,plate7,Levobupivacaine (hydrochloride),26,26,12,0.029265486828478515,0.29850746268656714,False,0.9272727272727272
tier1_seen_conditions,CVCL_1119,plate7,Rosiglitazone,29,29,12,0.2677992697584948,0.009950248756218905,True,0.9636363636363636
tier1_seen_conditions,CVCL_1119,plate7,Quinidine (15% dihydroquinidine),29,29,12,0.13519903800610855,0.06965174129353234,False,0.9090909090909091
tier1_seen_conditions,CVCL_1119,plate7,Bisoprolol (hemifumarate),29,29,12,0.2795453238552952,0.004975124378109453,True,0.9272727272727272
tier1_seen_conditions,CVCL_1119,plate7,Penfluridol,27,27,12,0.16350649862824262,0.03980099502487562,True,0.6181818181818182
tier1_seen_conditions,CVCL_1119,plate7,Ferulic acid,27,27,12,0.12595342482895155,0.09950248756218906,False,0.9818181818181818
tier1_seen_conditions,CVCL_1119,plate7,Pemetrexed,25,25,12,0.08037736899736281,0.19402985074626866,False,0.4727272727272727
tier1_seen_conditions,CVCL_1119,plate7,Cytarabine (hydrochloride),25,25,12,0.07839397763311595,0.15920398009950248,False,0.8727272727272727
tier1_seen_conditions,CVCL_1119,plate7,Bendamustine,27,27,12,0.10321328578851663,0.1691542288557214,False,0.9454545454545454
tier1_seen_conditions,CVCL_1119,plate7,Altretamine,27,27,12,0.29838867472505903,0.01990049751243781,True,0.7272727272727273
tier1_seen_conditions,CVCL_1119,plate7,Doxorubicin (hydrochloride),26,26,12,0.16310716307930662,0.05472636815920398,False,0.9272727272727272
tier1_seen_conditions,CVCL_1119,plate7,Menadione,23,23,12,0.07307370869963137,0.22388059701492538,False,0.23636363636363636
tier1_seen_conditions,CVCL_1119,plate7,Glycyrrhizic acid,20,20,12,0.17718978220680626,0.024875621890547265,True,0.21818181818181817
tier1_seen_conditions,CVCL_1119,plate7,Clofarabine,27,27,12,0.13995903672157617,0.03980099502487562,True,0.9636363636363636
tier1_seen_conditions,CVCL_1119,plate7,Arbutin,27,27,12,0.0960351705445106,0.21393034825870647,False,0.9636363636363636
tier1_seen_conditions,CVCL_1119,plate7,Fluvoxamine,28,28,12,0.20478238035614815,0.024875621890547265,True,0.9454545454545454
tier1_seen_conditions,CVCL_1119,plate7,Rifaximin,29,29,12,0.06526790079737665,0.20398009950248755,False,0.7818181818181819
tier1_seen_conditions,CVCL_1119,plate7,Imiquimod (maleate),26,26,12,0.012821180213201444,0.38308457711442784,False,0.9818181818181818
tier1_seen_conditions,CVCL_1119,plate7,Adagrasib,27,27,12,0.06563435049507405,0.21393034825870647,False,0.6
tier1_seen_conditions,CVCL_1119,plate7,Sulfatinib,23,23,12,-0.022037239757048965,0.6069651741293532,False,0.43636363636363634
tier1_seen_conditions,CVCL_1119,plate7,Tranilast,25,25,12,0.21393239890563365,0.01990049751243781,True,0.509090909090909
tier1_seen_conditions,CVCL_1119,plate7,Macitentan,29,29,12,0.11631845607479718,0.08955223880597014,False,0.9454545454545454
tier1_seen_conditions,CVCL_1119,plate7,Niclosamide (olamine),29,29,12,0.12179282106748879,0.13930348258706468,False,0.8181818181818182
tier1_seen_conditions,CVCL_1119,plate7,Peretinoin,25,25,12,-0.005013377952661102,0.5174129353233831,False,0.509090909090909
tier1_seen_conditions,CVCL_1119,plate7,Tolmetin,28,28,12,0.209807196090825,0.04477611940298507,True,0.6545454545454545
tier1_seen_conditions,CVCL_1119,plate7,Entecavir (monohydrate),21,21,12,0.11965938952813637,0.11940298507462686,False,0.7272727272727273
tier1_seen_conditions,CVCL_1119,plate7,Sildenafil,24,24,12,0.14854925157150767,0.06467661691542288,False,0.6363636363636364
tier1_seen_conditions,CVCL_1119,plate7,Daidzin,23,23,12,0.13504404625411404,0.07960199004975124,False,0.12727272727272726
tier1_seen_conditions,CVCL_0546,plate7,crizotinib,29,29,12,0.0776396374038324,0.19402985074626866,False,0.7619047619047619
tier1_seen_conditions,CVCL_0546,plate7,Bosentan (hydrate),27,27,12,0.023939284080071843,0.3383084577114428,False,0.873015873015873
tier1_seen_conditions,CVCL_0546,plate7,Bestatin,29,29,12,0.09924648139521963,0.14925373134328357,False,0.8253968253968254
tier1_seen_conditions,CVCL_0546,plate7,Tadalafil,29,29,12,-0.02223522095395758,0.5373134328358209,False,0.9206349206349206
tier1_seen_conditions,CVCL_0546,plate7,Belumosudil,23,23,12,0.11173930930347353,0.11940298507462686,False,0.38095238095238093
tier1_seen_conditions,CVCL_0546,plate7,Flumatinib (mesylate),24,24,12,0.14483312933628945,0.06965174129353234,False,0.5555555555555556
tier1_seen_conditions,CVCL_0546,plate7,Cytarabine,28,28,12,0.12063695890551429,0.1044776119402985,False,0.9206349206349206
tier1_seen_conditions,CVCL_0546,plate7,Topotecan (hydrochloride),29,29,12,0.14119723352241387,0.11940298507462686,False,0.9523809523809523
tier1_seen_conditions,CVCL_0546,plate7,Lucanthone,28,28,12,0.20582239253973356,0.04975124378109453,True,1.0
tier1_seen_conditions,CVCL_0546,plate7,Trametinib (DMSO_TF solvate),27,27,12,0.2733963975810667,0.014925373134328358,True,0.6825396825396826
tier1_seen_conditions,CVCL_0546,plate7,Benproperine (phosphate),27,27,12,0.2631978585840695,0.014925373134328358,True,0.9523809523809523
tier1_seen_conditions,CVCL_0546,plate7,Erlotinib,28,28,12,0.1273520475981922,0.06965174129353234,False,0.7936507936507936
tier1_seen_conditions,CVCL_0546,plate7,(S)-Crizotinib,28,28,12,0.060259658223472456,0.19900497512437812,False,0.9523809523809523
tier1_seen_conditions,CVCL_0546,plate7,Rutin (trihydrate),26,26,12,0.06834899096858393,0.21890547263681592,False,0.25396825396825395
tier1_seen_conditions,CVCL_0546,plate7,Tirabrutinib,27,27,12,0.12566186069756213,0.13432835820895522,False,0.7142857142857143
tier1_seen_conditions,CVCL_0546,plate7,Diphenhydramine,28,28,12,0.07529763129880784,0.16417910447761194,False,1.0
tier1_seen_conditions,CVCL_0546,plate7,Harringtonine,14,14,12,0.1425753269093022,0.06965174129353234,False,0.07936507936507936
tier1_seen_conditions,CVCL_0546,plate7,Phenytoin (sodium),15,15,12,0.1533479335213208,0.06467661691542288,False,0.031746031746031744
tier1_seen_conditions,CVCL_0546,plate7,Orlistat,15,15,12,0.12200437418357701,0.11940298507462686,False,0.09523809523809523
tier1_seen_conditions,CVCL_0546,plate7,Sacubitril/Valsartan,16,16,12,0.10005907311475859,0.15422885572139303,False,0.14285714285714285
tier1_seen_conditions,CVCL_0546,plate7,Monocrotaline,18,18,12,0.1168946598409164,0.0945273631840796,False,0.2222222222222222
tier1_seen_conditions,CVCL_0546,plate7,Finasteride,18,18,12,-0.006023091630604327,0.5074626865671642,False,0.23809523809523808
tier1_seen_conditions,CVCL_0546,plate7,Hydroxyurea,12,12,12,0.02100757034073908,0.3582089552238806,False,0.09523809523809523
tier1_seen_conditions,CVCL_0546,plate7,Doxycycline (monohydrate),13,13,12,0.13867649079434052,0.05472636815920398,False,0.047619047619047616
tier1_seen_conditions,CVCL_0546,plate7,Cobimetinib,21,21,12,0.12067261283356423,0.1044776119402985,False,0.49206349206349204
tier1_seen_conditions,CVCL_0546,plate7,Simotinib,28,28,12,-0.023594060474810163,0.6169154228855721,False,0.873015873015873
tier1_seen_conditions,CVCL_0546,plate7,Cilostazol,29,29,12,0.049362905130136525,0.22388059701492538,False,0.5396825396825397
tier1_seen_conditions,CVCL_0546,plate7,Roxadustat,12,12,12,0.06762762019729074,0.22388059701492538,False,0.1111111111111111
tier1_seen_conditions,CVCL_0546,plate7,Ligustrazine,29,29,12,0.13818935982844138,0.12935323383084577,False,0.8888888888888888
tier1_seen_conditions,CVCL_0546,plate7,Thymopentin,27,27,12,0.029002916145522306,0.31343283582089554,False,0.8412698412698413
tier1_seen_conditions,CVCL_0546,plate7,Hesperidin,29,29,12,0.10511339499333516,0.1691542288557214,False,0.49206349206349204
tier1_seen_conditions,CVCL_0546,plate7,Mebendazole,28,28,12,0.04019640462152907,0.29850746268656714,False,0.3968253968253968
tier1_seen_conditions,CVCL_0546,plate7,Betamethasone dipropionate,24,24,12,0.011192070018603673,0.46766169154228854,False,0.9523809523809523
tier1_seen_conditions,CVCL_0546,plate7,Rosiglitazone,26,26,12,0.09743291707278523,0.0845771144278607,False,0.8095238095238095
tier1_seen_conditions,CVCL_0546,plate7,Quinidine (15% dihydroquinidine),26,26,12,0.16982055531998697,0.04975124378109453,True,0.5079365079365079
tier1_seen_conditions,CVCL_0546,plate7,Verapamil,29,29,12,0.08444310209130101,0.16417910447761194,False,0.746031746031746
tier1_seen_conditions,CVCL_0546,plate7,Bisoprolol (hemifumarate),26,26,12,-0.0100766658897804,0.5522388059701493,False,0.9206349206349206
tier1_seen_conditions,CVCL_0546,plate7,Penfluridol,26,26,12,0.2792422938053516,0.014925373134328358,True,0.9047619047619048
tier1_seen_conditions,CVCL_0546,plate7,Ferulic acid,27,27,12,0.14584418299364899,0.0845771144278607,False,1.0
tier1_seen_conditions,CVCL_0546,plate7,Fluvoxamine,27,27,12,0.05471821422946377,0.24378109452736318,False,0.49206349206349204
tier1_seen_conditions,CVCL_0546,plate7,Cytarabine (hydrochloride),27,27,12,0.2164639918364344,0.009950248756218905,True,0.7619047619047619
tier1_seen_conditions,CVCL_0546,plate7,Bendamustine,27,27,12,0.08514298264177711,0.1691542288557214,False,0.9206349206349206
tier1_seen_conditions,CVCL_0546,plate7,Altretamine,26,26,12,0.017734164030775545,0.4228855721393035,False,0.6349206349206349
tier1_seen_conditions,CVCL_0546,plate7,Rifaximin,26,26,12,0.10054335506121603,0.10945273631840796,False,0.9365079365079365
tier1_seen_conditions,CVCL_0546,plate7,Doxorubicin (hydrochloride),27,27,12,0.16659075690072989,0.029850746268656716,True,0.6825396825396826
tier1_seen_conditions,CVCL_0546,plate7,Menadione,25,25,12,0.04292911473912042,0.22388059701492538,False,0.8412698412698413
tier1_seen_conditions,CVCL_0546,plate7,Glycyrrhizic acid,18,18,12,-0.030900442728638566,0.6218905472636815,False,0.2222222222222222
tier1_seen_conditions,CVCL_0546,plate7,Imiquimod (maleate),25,25,12,0.05349726410737432,0.2537313432835821,False,0.6984126984126984
tier1_seen_conditions,CVCL_0546,plate7,Clofarabine,27,27,12,0.14022422653429167,0.06467661691542288,False,0.8253968253968254
tier1_seen_conditions,CVCL_0546,plate7,Adagrasib,27,27,12,0.06658390636832578,0.23383084577114427,False,0.7142857142857143
tier1_seen_conditions,CVCL_0546,plate7,Sulfatinib,28,28,12,-0.001383750108082893,0.4427860696517413,False,0.9682539682539683
tier1_seen_conditions,CVCL_0546,plate7,Arbutin,28,28,12,0.10991871475960124,0.09950248756218906,False,0.9682539682539683
tier1_seen_conditions,CVCL_0546,plate7,Tranilast,28,28,12,0.08151987706084718,0.14925373134328357,False,0.8571428571428571
tier1_seen_conditions,CVCL_0546,plate7,Macitentan,25,25,12,0.059041354187584716,0.29850746268656714,False,0.4444444444444444
tier1_seen_conditions,CVCL_0546,plate7,Mifepristone,26,26,12,-0.03485569486571549,0.6218905472636815,False,0.9365079365079365
tier1_seen_conditions,CVCL_0546,plate7,Apalutamide,27,27,12,0.06200491348604942,0.263681592039801,False,0.7777777777777778
tier1_seen_conditions,CVCL_0546,plate7,Niclosamide (olamine),26,26,12,0.033179027575755526,0.31343283582089554,False,0.6507936507936508
tier1_seen_conditions,CVCL_0546,plate7,Peretinoin,25,25,12,0.1868093864814231,0.07462686567164178,False,0.5555555555555556
tier1_seen_conditions,CVCL_0546,plate7,Tolmetin,29,29,12,0.1804511765938024,0.029850746268656716,True,0.5079365079365079
tier1_seen_conditions,CVCL_0546,plate7,Posaconazole,27,27,12,0.15531312188218394,0.04477611940298507,True,0.49206349206349204
tier1_seen_conditions,CVCL_0546,plate7,Sildenafil,26,26,12,0.14610240360898707,0.029850746268656716,True,0.23809523809523808
tier1_seen_conditions,CVCL_0546,plate7,Dimethyl fumarate,27,27,12,0.29105194420462865,0.009950248756218905,True,0.47619047619047616
tier1_seen_conditions,CVCL_0546,plate7,Daidzin,28,28,12,0.10944153417002767,0.13930348258706468,False,0.3968253968253968
tier1_seen_conditions,CVCL_0480,plate7,Dinaciclib,22,22,12,0.40098170063277827,0.004975124378109453,True,1.0
tier1_seen_conditions,CVCL_0480,plate7,Bosentan (hydrate),26,26,12,0.13003781666093062,0.0845771144278607,False,0.5692307692307692
tier1_seen_conditions,CVCL_0480,plate7,Bestatin,28,28,12,0.002013536759545076,0.4228855721393035,False,0.8
tier1_seen_conditions,CVCL_0480,plate7,Tadalafil,27,27,12,0.07291084636701939,0.2537313432835821,False,0.9692307692307692
tier1_seen_conditions,CVCL_0480,plate7,Belumosudil,25,25,12,0.03101490325094325,0.3880597014925373,False,0.8307692307692308
tier1_seen_conditions,CVCL_0480,plate7,Flumatinib (mesylate),27,27,12,0.11682758581014419,0.10945273631840796,False,0.5538461538461539
tier1_seen_conditions,CVCL_0480,plate7,Cytarabine,29,29,12,0.3820743464317715,0.004975124378109453,True,1.0
tier1_seen_conditions,CVCL_0480,plate7,Afatinib,28,28,12,0.011646795703253332,0.5074626865671642,False,0.8153846153846154
tier1_seen_conditions,CVCL_0480,plate7,Lucanthone,26,26,12,0.899470105377512,0.004975124378109453,True,0.9076923076923077
tier1_seen_conditions,CVCL_0480,plate7,Trametinib (DMSO_TF solvate),28,28,12,0.35720210662292295,0.03482587064676617,True,0.1076923076923077
tier1_seen_conditions,CVCL_0480,plate7,Benproperine (phosphate),29,29,12,0.17870365551954137,0.07462686567164178,False,0.9846153846153847
tier1_seen_conditions,CVCL_0480,plate7,Erlotinib,29,29,12,0.08871107577581938,0.14925373134328357,False,0.8461538461538461
tier1_seen_conditions,CVCL_0480,plate7,(S)-Crizotinib,26,26,12,0.22979192286233818,0.024875621890547265,True,0.5076923076923077
tier1_seen_conditions,CVCL_0480,plate7,Rutin (trihydrate),28,28,12,0.4203061936301822,0.004975124378109453,True,0.9230769230769231
tier1_seen_conditions,CVCL_0480,plate7,Pexidartinib (hydrochloride),29,29,12,0.22286014874873494,0.029850746268656716,True,0.8769230769230769
tier1_seen_conditions,CVCL_0480,plate7,Tirabrutinib,28,28,12,0.5712683635662827,0.004975124378109453,True,0.9846153846153847
tier1_seen_conditions,CVCL_0480,plate7,Diphenhydramine,14,14,12,0.5355813589336691,0.004975124378109453,True,0.07692307692307693
tier1_seen_conditions,CVCL_0480,plate7,Phenytoin (sodium),12,12,12,0.2780870914691125,0.024875621890547265,True,0.07692307692307693
tier1_seen_conditions,CVCL_0480,plate7,Sacubitril/Valsartan,19,19,12,0.3700719929395291,0.014925373134328358,True,0.13846153846153847
tier1_seen_conditions,CVCL_0480,plate7,Hydroxyurea,14,14,12,-0.026037884091270058,0.6467661691542289,False,0.15384615384615385
tier1_seen_conditions,CVCL_0480,plate7,Doxycycline (monohydrate),16,16,12,0.30741956517037394,0.03482587064676617,True,0.12307692307692308
tier1_seen_conditions,CVCL_0480,plate7,Pitavastatin (Calcium),20,20,12,0.19194773112726438,0.029850746268656716,True,0.5384615384615384
tier1_seen_conditions,CVCL_0480,plate7,Simotinib,28,28,12,-0.02494145070229159,0.5771144278606966,False,1.0
tier1_seen_conditions,CVCL_0480,plate7,Silodosin,26,26,12,0.051880111084923186,0.27860696517412936,False,0.8153846153846154
tier1_seen_conditions,CVCL_0480,plate7,Nevirapine,29,29,12,0.06482608034604453,0.24875621890547264,False,0.49230769230769234
tier1_seen_conditions,CVCL_0480,plate7,Dorzolamide (hydrochloride),28,28,12,0.005184605193795377,0.43283582089552236,False,1.0
tier1_seen_conditions,CVCL_0480,plate7,Roxadustat,24,24,12,-0.04650887174602936,0.7164179104477612,False,0.5692307692307692
tier1_seen_conditions,CVCL_0480,plate7,Decitabine,28,28,12,0.04308495794631639,0.3681592039800995,False,0.5076923076923077
tier1_seen_conditions,CVCL_0480,plate7,Ligustrazine,29,29,12,0.10788075731046476,0.15920398009950248,False,0.9538461538461539
tier1_seen_conditions,CVCL_0480,plate7,Hesperidin,26,26,12,0.1531338903537005,0.06965174129353234,False,0.5692307692307692
tier1_seen_conditions,CVCL_0480,plate7,Mebendazole,26,26,12,-0.046513797358157305,0.681592039800995,False,0.7230769230769231
tier1_seen_conditions,CVCL_0480,plate7,Betamethasone dipropionate,22,22,12,0.254549093123666,0.05472636815920398,False,0.4307692307692308
tier1_seen_conditions,CVCL_0480,plate7,Levobupivacaine (hydrochloride),28,28,12,0.1927714840602377,0.06467661691542288,False,0.8769230769230769
tier1_seen_conditions,CVCL_0480,plate7,Rosiglitazone,27,27,12,0.06770132254662897,0.24875621890547264,False,0.3384615384615385
tier1_seen_conditions,CVCL_0480,plate7,Quinidine (15% dihydroquinidine),29,29,12,0.15397079236961808,0.0845771144278607,False,0.3230769230769231
tier1_seen_conditions,CVCL_0480,plate7,Verapamil,28,28,12,0.014859472257413131,0.4228855721393035,False,1.0
tier1_seen_conditions,CVCL_0480,plate7,Bisoprolol (hemifumarate),27,27,12,0.05983099528939739,0.2537313432835821,False,0.9692307692307692
tier1_seen_conditions,CVCL_0480,plate7,Penfluridol,29,29,12,0.3469743984512039,0.014925373134328358,True,0.2923076923076923
tier1_seen_conditions,CVCL_0480,plate7,Ferulic acid,25,25,12,0.10308911467217285,0.15920398009950248,False,0.5692307692307692
tier1_seen_conditions,CVCL_0480,plate7,Pemetrexed,25,25,12,0.14331497087939304,0.0845771144278607,False,0.7692307692307693
tier1_seen_conditions,CVCL_0480,plate7,Fluvoxamine,28,28,12,0.35142112089900834,0.009950248756218905,True,0.8153846153846154
tier1_seen_conditions,CVCL_0480,plate7,Cytarabine (hydrochloride),26,26,12,0.14451621099591883,0.07960199004975124,False,0.46153846153846156
tier1_seen_conditions,CVCL_0480,plate7,Bendamustine,24,24,12,0.03131769179674038,0.34328358208955223,False,0.5538461538461539
tier1_seen_conditions,CVCL_0480,plate7,Altretamine,28,28,12,-0.033578769495155925,0.5472636815920398,False,0.7538461538461538
tier1_seen_conditions,CVCL_0480,plate7,Rifaximin,24,24,12,0.009726920909404413,0.43781094527363185,False,0.36923076923076925
tier1_seen_conditions,CVCL_0480,plate7,Doxorubicin (hydrochloride),27,27,12,-0.03552213889246758,0.5920398009950248,False,0.9538461538461539
tier1_seen_conditions,CVCL_0480,plate7,Menadione,27,27,12,-7.59359362465517e-05,0.48258706467661694,False,0.9846153846153847
tier1_seen_conditions,CVCL_0480,plate7,Glycyrrhizic acid,29,29,12,-0.004012774084820592,0.5472636815920398,False,0.8923076923076924
tier1_seen_conditions,CVCL_0480,plate7,Imiquimod (maleate),28,28,12,0.09927224804004808,0.19900497512437812,False,0.5692307692307692
tier1_seen_conditions,CVCL_0480,plate7,Clofarabine,28,28,12,0.09824041193799182,0.15920398009950248,False,0.9692307692307692
tier1_seen_conditions,CVCL_0480,plate7,Adagrasib,26,26,12,0.05044015389596268,0.2537313432835821,False,0.5692307692307692
tier1_seen_conditions,CVCL_0480,plate7,Sulfatinib,27,27,12,0.21517840752864004,0.014925373134328358,True,0.676923076923077
tier1_seen_conditions,CVCL_0480,plate7,Arbutin,28,28,12,0.05171821379033581,0.31343283582089554,False,0.8923076923076924
tier1_seen_conditions,CVCL_0480,plate7,Tranilast,26,26,12,0.0071485405456890305,0.4975124378109453,False,0.8769230769230769
tier1_seen_conditions,CVCL_0480,plate7,Macitentan,28,28,12,0.021268644210390875,0.373134328358209,False,0.8
tier1_seen_conditions,CVCL_0480,plate7,Apalutamide,26,26,12,0.00010059519906313596,0.4925373134328358,False,0.5692307692307692
tier1_seen_conditions,CVCL_0480,plate7,Niclosamide (olamine),25,25,12,0.08096160175283273,0.13930348258706468,False,0.676923076923077
tier1_seen_conditions,CVCL_0480,plate7,Peretinoin,25,25,12,0.3339851965713301,0.009950248756218905,True,0.5846153846153846
tier1_seen_conditions,CVCL_0480,plate7,Tolmetin,28,28,12,0.06548957504103647,0.263681592039801,False,0.6461538461538462
tier1_seen_conditions,CVCL_0480,plate7,Entecavir (monohydrate),28,28,12,0.19041368941368653,0.03482587064676617,True,0.8
tier1_seen_conditions,CVCL_0480,plate7,Sildenafil,29,29,12,0.21280108171792023,0.01990049751243781,True,0.8
tier1_seen_conditions,CVCL_0480,plate7,Dimethyl fumarate,27,27,12,0.2591710225301558,0.014925373134328358,True,0.6923076923076923
tier1_seen_conditions,CVCL_0480,plate7,Daidzin,28,28,12,0.7128135037247354,0.004975124378109453,True,1.0
tier1_seen_conditions,CVCL_0480,plate7,Fumaric acid,29,29,12,0.167716072816809,0.07462686567164178,False,0.6615384615384615
tier1_seen_conditions,CVCL_1724,plate7,Lucanthone,18,18,12,,,False,1.0
tier1_seen_conditions,CVCL_1724,plate7,Trametinib (DMSO_TF solvate),12,12,12,,,False,0.7857142857142857
tier1_seen_conditions,CVCL_1724,plate7,Erlotinib,15,15,12,,,False,1.0
tier1_seen_conditions,CVCL_1724,plate7,Adagrasib,13,13,12,,,False,0.8571428571428571
tier1_seen_conditions,CVCL_1285,plate7,Dinaciclib,17,17,12,0.5486980241884734,0.004975124378109453,True,1.0
tier1_seen_conditions,CVCL_1285,plate7,Bosentan (hydrate),28,28,12,-0.03551575654454808,0.6865671641791045,False,0.9672131147540983
tier1_seen_conditions,CVCL_1285,plate7,Bestatin,27,27,12,-0.006923295511040095,0.48756218905472637,False,0.6229508196721312
tier1_seen_conditions,CVCL_1285,plate7,Belumosudil,29,29,12,0.1394592250679132,0.0845771144278607,False,0.8852459016393442
tier1_seen_conditions,CVCL_1285,plate7,Flumatinib (mesylate),29,29,12,-0.08913734001546203,0.8308457711442786,False,0.9672131147540983
tier1_seen_conditions,CVCL_1285,plate7,Cytarabine,28,28,12,0.09315681300085998,0.1791044776119403,False,0.9508196721311475
tier1_seen_conditions,CVCL_1285,plate7,Afatinib,28,28,12,0.03367318914489381,0.2835820895522388,False,0.7540983606557377
tier1_seen_conditions,CVCL_1285,plate7,Lucanthone,27,27,12,0.12782926506793757,0.11940298507462686,False,0.8032786885245902
tier1_seen_conditions,CVCL_1285,plate7,Trametinib (DMSO_TF solvate),26,26,12,0.3769683575653904,0.004975124378109453,True,1.0
tier1_seen_conditions,CVCL_1285,plate7,Benproperine (phosphate),26,26,12,0.0597378875290584,0.25870646766169153,False,0.7377049180327869
tier1_seen_conditions,CVCL_1285,plate7,Erlotinib,28,28,12,0.05408948393445101,0.31343283582089554,False,1.0
tier1_seen_conditions,CVCL_1285,plate7,(S)-Crizotinib,28,28,12,0.08191222805505305,0.1890547263681592,False,0.9836065573770492
tier1_seen_conditions,CVCL_1285,plate7,Rutin (trihydrate),26,26,12,0.16615355014341482,0.04477611940298507,True,0.9836065573770492
tier1_seen_conditions,CVCL_1285,plate7,Pexidartinib (hydrochloride),26,26,12,-0.007910161732619159,0.5174129353233831,False,0.6229508196721312
tier1_seen_conditions,CVCL_1285,plate7,Tirabrutinib,26,26,12,0.20989012643341098,0.03980099502487562,True,0.9508196721311475
tier1_seen_conditions,CVCL_1285,plate7,Doxycycline (monohydrate),14,14,12,-0.07579783303084753,0.7711442786069652,False,0.08196721311475409
tier1_seen_conditions,CVCL_1285,plate7,Cobimetinib,15,15,12,0.02146229229215635,0.39303482587064675,False,0.21311475409836064
tier1_seen_conditions,CVCL_1285,plate7,Procainamide (hydrochloride),20,20,12,-0.08995165391477755,0.8606965174129353,False,0.32786885245901637
tier1_seen_conditions,CVCL_1285,plate7,Silodosin,21,21,12,-0.09543031720185446,0.8407960199004975,False,0.18032786885245902
tier1_seen_conditions,CVCL_1285,plate7,Nevirapine,28,28,12,0.12636033698318805,0.08955223880597014,False,0.3442622950819672
tier1_seen_conditions,CVCL_1285,plate7,Dorzolamide (hydrochloride),25,25,12,0.05932140005469222,0.23880597014925373,False,0.8032786885245902
tier1_seen_conditions,CVCL_1285,plate7,Roxadustat,25,25,12,0.06115268361652504,0.26865671641791045,False,0.7213114754098361
tier1_seen_conditions,CVCL_1285,plate7,Ligustrazine,27,27,12,-0.022557913818600284,0.6019900497512438,False,0.36065573770491804
tier1_seen_conditions,CVCL_1285,plate7,Thymopentin,28,28,12,-0.0799295289911175,0.8308457711442786,False,0.47540983606557374
tier1_seen_conditions,CVCL_1285,plate7,Hesperidin,27,27,12,0.023231360182734306,0.3333333333333333,False,0.9672131147540983
tier1_seen_conditions,CVCL_1285,plate7,Mebendazole,25,25,12,0.05873312438306577,0.23383084577114427,False,0.7049180327868853
tier1_seen_conditions,CVCL_1285,plate7,Betamethasone dipropionate,28,28,12,0.20227858193987025,0.014925373134328358,True,0.9836065573770492
tier1_seen_conditions,CVCL_1285,plate7,Levobupivacaine (hydrochloride),24,24,12,0.09106527158351874,0.18407960199004975,False,0.6885245901639344
tier1_seen_conditions,CVCL_1285,plate7,Rosiglitazone,27,27,12,-0.01078033638611764,0.5522388059701493,False,1.0
tier1_seen_conditions,CVCL_1285,plate7,Quinidine (15% dihydroquinidine),28,28,12,0.15550167266875548,0.09950248756218906,False,0.639344262295082
tier1_seen_conditions,CVCL_1285,plate7,Verapamil,25,25,12,-0.04890757979553939,0.6666666666666666,False,0.3442622950819672
tier1_seen_conditions,CVCL_1285,plate7,Bisoprolol (hemifumarate),28,28,12,0.04935601878445439,0.2835820895522388,False,0.9836065573770492
tier1_seen_conditions,CVCL_1285,plate7,Ferulic acid,24,24,12,-0.0580435782765516,0.6666666666666666,False,0.6065573770491803
tier1_seen_conditions,CVCL_1285,plate7,Pemetrexed,27,27,12,-0.061121804989081596,0.7213930348258707,False,0.7868852459016393
tier1_seen_conditions,CVCL_1285,plate7,Fluvoxamine,28,28,12,-0.05552760796672018,0.7512437810945274,False,1.0
tier1_seen_conditions,CVCL_1285,plate7,Cytarabine (hydrochloride),26,26,12,0.05398818630517077,0.23880597014925373,False,0.6557377049180327
tier1_seen_conditions,CVCL_1285,plate7,Rifaximin,23,23,12,0.04099458679196921,0.34328358208955223,False,0.5245901639344263
tier1_seen_conditions,CVCL_1285,plate7,Doxorubicin (hydrochloride),27,27,12,0.021437201602312328,0.43283582089552236,False,0.7868852459016393
tier1_seen_conditions,CVCL_1285,plate7,Glycyrrhizic acid,27,27,12,0.04205269517457744,0.31343283582089554,False,0.9180327868852459
tier1_seen_conditions,CVCL_1285,plate7,Imiquimod (maleate),23,23,12,0.026631879762129884,0.30845771144278605,False,0.7704918032786885
tier1_seen_conditions,CVCL_1285,plate7,Clofarabine,28,28,12,0.06040400401103341,0.23383084577114427,False,0.9836065573770492
tier1_seen_conditions,CVCL_1285,plate7,Arbutin,28,28,12,0.008019172190843804,0.46766169154228854,False,0.6721311475409836
tier1_seen_conditions,CVCL_1285,plate7,Penfluridol,28,28,12,0.04890877626285928,0.24875621890547264,False,0.7049180327868853
tier1_seen_conditions,CVCL_1285,plate7,Bendamustine,29,29,12,-0.0587551318356212,0.7512437810945274,False,0.8032786885245902
tier1_seen_conditions,CVCL_1285,plate7,Menadione,29,29,12,0.15232899393122956,0.03980099502487562,True,0.9672131147540983
tier1_seen_conditions,CVCL_1285,plate7,Adagrasib,26,26,12,0.1147692165994485,0.0945273631840796,False,0.4426229508196721
tier1_seen_conditions,CVCL_1285,plate7,Sulfatinib,27,27,12,0.042041894631212884,0.3034825870646766,False,0.6065573770491803
tier1_seen_conditions,CVCL_1285,plate7,Macitentan,24,24,12,0.00486321382134669,0.43781094527363185,False,0.5081967213114754
tier1_seen_conditions,CVCL_1285,plate7,Mifepristone,29,29,12,0.22924850231718708,0.009950248756218905,True,0.9016393442622951
tier1_seen_conditions,CVCL_1285,plate7,Apalutamide,17,17,12,0.13961956853386326,0.09950248756218906,False,0.18032786885245902
tier1_seen_conditions,CVCL_1285,plate7,Niclosamide (olamine),28,28,12,-0.053868539846277486,0.7064676616915423,False,0.9836065573770492
tier1_seen_conditions,CVCL_1285,plate7,Tolmetin,28,28,12,-0.035183696421052346,0.6616915422885572,False,0.7213114754098361
tier1_seen_conditions,CVCL_1285,plate7,Posaconazole,25,25,12,-0.04258907409487733,0.7313432835820896,False,0.7540983606557377
tier1_seen_conditions,CVCL_1285,plate7,Entecavir (monohydrate),18,18,12,-0.029215413684090308,0.582089552238806,False,0.19672131147540983
tier1_seen_conditions,CVCL_1285,plate7,Sildenafil,19,19,12,0.415125695197359,0.014925373134328358,True,0.7540983606557377
tier1_seen_conditions,CVCL_1285,plate7,Dimethyl fumarate,23,23,12,0.05927276856311181,0.17412935323383086,False,0.39344262295081966
tier1_seen_conditions,CVCL_1285,plate7,Daidzin,28,28,12,0.188568849124076,0.04477611940298507,True,1.0
tier1_seen_conditions,CVCL_1285,plate7,Fumaric acid,22,22,12,0.09914555053017082,0.15422885572139303,False,0.45901639344262296
tier1_seen_conditions,CVCL_1550,plate7,Bosentan (hydrate),29,29,12,-0.030410642404607557,0.5771144278606966,False,0.9298245614035088
tier1_seen_conditions,CVCL_1550,plate7,Belumosudil,21,21,12,0.028470997285426236,0.3582089552238806,False,0.8771929824561403
tier1_seen_conditions,CVCL_1550,plate7,Flumatinib (mesylate),29,29,12,0.059297878041762786,0.27860696517412936,False,0.9649122807017544
tier1_seen_conditions,CVCL_1550,plate7,Cytarabine,28,28,12,-0.005144002056516328,0.48258706467661694,False,0.7368421052631579
tier1_seen_conditions,CVCL_1550,plate7,Afatinib,29,29,12,-0.09561781840808337,0.8407960199004975,False,0.9824561403508771
tier1_seen_conditions,CVCL_1550,plate7,Lucanthone,29,29,12,0.1225610234830441,0.0945273631840796,False,1.0
tier1_seen_conditions,CVCL_1550,plate7,Trametinib (DMSO_TF solvate),29,29,12,0.04165670213088468,0.27860696517412936,False,0.9649122807017544
tier1_seen_conditions,CVCL_1550,plate7,Benproperine (phosphate),18,18,12,-0.07962146842734441,0.7860696517412935,False,0.5263157894736842
tier1_seen_conditions,CVCL_1550,plate7,Erlotinib,29,29,12,-0.043813811517493306,0.6019900497512438,False,0.9298245614035088
tier1_seen_conditions,CVCL_1550,plate7,(S)-Crizotinib,28,28,12,-0.11663755938393194,0.900497512437811,False,0.9649122807017544
tier1_seen_conditions,CVCL_1550,plate7,Pexidartinib (hydrochloride),16,16,12,-0.09083560114938294,0.7860696517412935,False,0.3333333333333333
tier1_seen_conditions,CVCL_1550,plate7,Tirabrutinib,16,16,12,-0.039200236609787,0.7164179104477612,False,0.24561403508771928
tier1_seen_conditions,CVCL_1550,plate7,Monocrotaline,12,12,12,-0.00046251449093759334,0.5124378109452736,False,0.12280701754385964
tier1_seen_conditions,CVCL_1550,plate7,Cobimetinib,15,15,12,0.13828134446601759,0.11442786069651742,False,0.3508771929824561
tier1_seen_conditions,CVCL_1550,plate7,Simotinib,12,12,12,-0.10822773025132015,0.845771144278607,False,0.24561403508771928
tier1_seen_conditions,CVCL_1550,plate7,Silodosin,17,17,12,-0.07979983861695139,0.8507462686567164,False,0.2807017543859649
tier1_seen_conditions,CVCL_1550,plate7,Nevirapine,24,24,12,-0.1260878945887942,0.8656716417910447,False,0.6140350877192983
tier1_seen_conditions,CVCL_1550,plate7,Dorzolamide (hydrochloride),19,19,12,0.10331670026047313,0.14925373134328357,False,0.8421052631578947
tier1_seen_conditions,CVCL_1550,plate7,Roxadustat,17,17,12,-0.01563622987467994,0.5024875621890548,False,0.40350877192982454
tier1_seen_conditions,CVCL_1550,plate7,Ligustrazine,27,27,12,0.008849989475258724,0.36318407960199006,False,0.8596491228070176
tier1_seen_conditions,CVCL_1550,plate7,Thymopentin,18,18,12,-0.04393943713678361,0.6318407960199005,False,0.43859649122807015
tier1_seen_conditions,CVCL_1550,plate7,Mebendazole,15,15,12,-0.042869236634484054,0.5870646766169154,False,0.17543859649122806
tier1_seen_conditions,CVCL_1550,plate7,Levobupivacaine (hydrochloride),23,23,12,0.03272166398927645,0.3781094527363184,False,0.8596491228070176
tier1_seen_conditions,CVCL_1550,plate7,Rosiglitazone,29,29,12,-0.06303492047231352,0.7512437810945274,False,0.7894736842105263
tier1_seen_conditions,CVCL_1550,plate7,Quinidine (15% dihydroquinidine),21,21,12,-0.09374558985999393,0.8258706467661692,False,0.5614035087719298
tier1_seen_conditions,CVCL_1550,plate7,Verapamil,27,27,12,-0.10184650194921296,0.8159203980099502,False,0.6666666666666666
tier1_seen_conditions,CVCL_1550,plate7,Penfluridol,28,28,12,0.025234753323600145,0.35323383084577115,False,0.7192982456140351
tier1_seen_conditions,CVCL_1550,plate7,Ferulic acid,28,28,12,-0.09154084297323273,0.8258706467661692,False,0.8596491228070176
tier1_seen_conditions,CVCL_1550,plate7,Pemetrexed,25,25,12,0.022904253400557906,0.3880597014925373,False,0.6666666666666666
tier1_seen_conditions,CVCL_1550,plate7,Altretamine,23,23,12,-0.11892707613202802,0.9552238805970149,False,0.49122807017543857
tier1_seen_conditions,CVCL_1550,plate7,Rifaximin,27,27,12,-0.17014574310025665,0.9601990049751243,False,0.8947368421052632
tier1_seen_conditions,CVCL_1550,plate7,Doxorubicin (hydrochloride),28,28,12,0.060270207657215025,0.23383084577114427,False,0.9649122807017544
tier1_seen_conditions,CVCL_1550,plate7,Menadione,15,15,12,-0.06612610622093129,0.6865671641791045,False,0.2807017543859649
tier1_seen_conditions,CVCL_1550,plate7,Glycyrrhizic acid,28,28,12,-0.1396040298086838,0.9203980099502488,False,0.9298245614035088
tier1_seen_conditions,CVCL_1550,plate7,Imiquimod (maleate),21,21,12,-0.06650997328370956,0.746268656716418,False,0.5614035087719298
tier1_seen_conditions,CVCL_1550,plate7,Clofarabine,26,26,12,-0.08170347639177322,0.7711442786069652,False,0.9824561403508771
tier1_seen_conditions,CVCL_1550,plate7,Adagrasib,26,26,12,-0.0345829352373741,0.6318407960199005,False,0.9649122807017544
tier1_seen_conditions,CVCL_1550,plate7,Sulfatinib,26,26,12,-0.042286218278066556,0.6567164179104478,False,1.0
tier1_seen_conditions,CVCL_1550,plate7,Bisoprolol (hemifumarate),27,27,12,-0.09731495781664101,0.8009950248756219,False,0.9473684210526315
tier1_seen_conditions,CVCL_1550,plate7,Fluvoxamine,28,28,12,-0.07681886470224342,0.7960199004975125,False,0.7192982456140351
tier1_seen_conditions,CVCL_1550,plate7,Cytarabine (hydrochloride),27,27,12,-0.04799367284541489,0.572139303482587,False,0.7017543859649122
tier1_seen_conditions,CVCL_1550,plate7,Arbutin,27,27,12,-0.02119401039223945,0.5323383084577115,False,0.45614035087719296
tier1_seen_conditions,CVCL_1550,plate7,Macitentan,29,29,12,-0.10233728085508176,0.8855721393034826,False,0.9824561403508771
tier1_seen_conditions,CVCL_1550,plate7,Mifepristone,15,15,12,0.0036835372565633406,0.4527363184079602,False,0.17543859649122806
tier1_seen_conditions,CVCL_1550,plate7,Apalutamide,22,22,12,0.027628641588661296,0.3333333333333333,False,0.43859649122807015
tier1_seen_conditions,CVCL_1550,plate7,Niclosamide (olamine),22,22,12,-0.06183643633628755,0.7611940298507462,False,0.631578947368421
tier1_seen_conditions,CVCL_1550,plate7,Peretinoin,25,25,12,0.06334026553160399,0.2736318407960199,False,0.8070175438596491
tier1_seen_conditions,CVCL_1550,plate7,Tolmetin,28,28,12,0.015002462870345568,0.4527363184079602,False,0.9122807017543859
tier1_seen_conditions,CVCL_1550,plate7,Posaconazole,14,14,12,-0.05060808225846891,0.7014925373134329,False,0.2982456140350877
tier1_seen_conditions,CVCL_1550,plate7,Sildenafil,26,26,12,-0.030346216297097328,0.582089552238806,False,0.8771929824561403
tier1_seen_conditions,CVCL_1550,plate7,Daidzin,16,16,12,-0.1237469421512909,0.9203980099502488,False,0.42105263157894735
tier1_seen_conditions,CVCL_1381,plate7,Bosentan (hydrate),28,28,12,-0.03509279545733612,0.5870646766169154,False,0.7894736842105263
tier1_seen_conditions,CVCL_1381,plate7,Bestatin,16,16,12,0.22338789570257944,0.004975124378109453,True,0.15789473684210525
tier1_seen_conditions,CVCL_1381,plate7,Belumosudil,29,29,12,0.24310079035040566,0.029850746268656716,True,0.6842105263157895
tier1_seen_conditions,CVCL_1381,plate7,Flumatinib (mesylate),29,29,12,0.06172785955547866,0.18407960199004975,False,0.9473684210526315
tier1_seen_conditions,CVCL_1381,plate7,Cytarabine,28,28,12,0.22433157016888217,0.009950248756218905,True,0.8947368421052632
tier1_seen_conditions,CVCL_1381,plate7,Afatinib,28,28,12,0.043062083191109934,0.3283582089552239,False,0.9298245614035088
tier1_seen_conditions,CVCL_1381,plate7,Lucanthone,29,29,12,0.24814224089522163,0.009950248756218905,True,1.0
tier1_seen_conditions,CVCL_1381,plate7,Trametinib (DMSO_TF solvate),29,29,12,0.5630368453542243,0.004975124378109453,True,0.9649122807017544
tier1_seen_conditions,CVCL_1381,plate7,Erlotinib,22,22,12,0.06041580754658504,0.23880597014925373,False,0.5263157894736842
tier1_seen_conditions,CVCL_1381,plate7,(S)-Crizotinib,29,29,12,0.08517395832560659,0.208955223880597,False,0.7192982456140351
tier1_seen_conditions,CVCL_1381,plate7,Rutin (trihydrate),25,25,12,0.31809755569030784,0.004975124378109453,True,1.0
tier1_seen_conditions,CVCL_1381,plate7,Pexidartinib (hydrochloride),22,22,12,0.3267264443386093,0.004975124378109453,True,0.5614035087719298
tier1_seen_conditions,CVCL_1381,plate7,Tirabrutinib,15,15,12,0.7717357909057974,0.004975124378109453,True,0.6491228070175439
tier1_seen_conditions,CVCL_1381,plate7,Diphenhydramine,19,19,12,0.19556086865598843,0.03482587064676617,True,0.3684210526315789
tier1_seen_conditions,CVCL_1381,plate7,Simotinib,16,16,12,0.0636718380280108,0.26865671641791045,False,0.19298245614035087
tier1_seen_conditions,CVCL_1381,plate7,Procainamide (hydrochloride),15,15,12,0.2159242168972728,0.009950248756218905,True,0.17543859649122806
tier1_seen_conditions,CVCL_1381,plate7,Silodosin,22,22,12,-0.07879787824508178,0.845771144278607,False,0.5789473684210527
tier1_seen_conditions,CVCL_1381,plate7,Dorzolamide (hydrochloride),22,22,12,0.08582694263254531,0.14427860696517414,False,0.7894736842105263
tier1_seen_conditions,CVCL_1381,plate7,Decitabine,16,16,12,0.045318505012907906,0.24875621890547264,False,0.14035087719298245
tier1_seen_conditions,CVCL_1381,plate7,Ligustrazine,24,24,12,0.1577602786119261,0.014925373134328358,True,0.7368421052631579
tier1_seen_conditions,CVCL_1381,plate7,Thymopentin,19,19,12,0.03762446687937526,0.2935323383084577,False,0.3508771929824561
tier1_seen_conditions,CVCL_1381,plate7,Hesperidin,26,26,12,0.12992891054394207,0.05970149253731343,False,0.8421052631578947
tier1_seen_conditions,CVCL_1381,plate7,Mebendazole,23,23,12,0.011034038640262978,0.4427860696517413,False,0.5964912280701754
tier1_seen_conditions,CVCL_1381,plate7,Betamethasone dipropionate,21,21,12,-0.023586056950703593,0.5920398009950248,False,0.5263157894736842
tier1_seen_conditions,CVCL_1381,plate7,Levobupivacaine (hydrochloride),28,28,12,0.07443632243455589,0.208955223880597,False,0.8245614035087719
tier1_seen_conditions,CVCL_1381,plate7,Quinidine (15% dihydroquinidine),28,28,12,0.07887923572247857,0.17412935323383086,False,0.7543859649122807
tier1_seen_conditions,CVCL_1381,plate7,Verapamil,26,26,12,0.031187985423642317,0.3781094527363184,False,0.9649122807017544
tier1_seen_conditions,CVCL_1381,plate7,Ferulic acid,29,29,12,0.04468576057407958,0.3333333333333333,False,0.6491228070175439
tier1_seen_conditions,CVCL_1381,plate7,Pemetrexed,28,28,12,0.12644602285380024,0.06467661691542288,False,0.6491228070175439
tier1_seen_conditions,CVCL_1381,plate7,Fluvoxamine,27,27,12,0.26065820107984905,0.009950248756218905,True,0.9824561403508771
tier1_seen_conditions,CVCL_1381,plate7,Bendamustine,28,28,12,0.06602886342424696,0.24378109452736318,False,0.8771929824561403
tier1_seen_conditions,CVCL_1381,plate7,Altretamine,28,28,12,-0.0087009115540706,0.527363184079602,False,1.0
tier1_seen_conditions,CVCL_1381,plate7,Rifaximin,26,26,12,0.014813036640054733,0.4129353233830846,False,0.9298245614035088
tier1_seen_conditions,CVCL_1381,plate7,Menadione,18,18,12,-0.02474127099850776,0.5920398009950248,False,0.8070175438596491
tier1_seen_conditions,CVCL_1381,plate7,Glycyrrhizic acid,16,16,12,0.023852322515097057,0.34328358208955223,False,0.5263157894736842
tier1_seen_conditions,CVCL_1381,plate7,Clofarabine,25,25,12,0.15005457453207782,0.07462686567164178,False,1.0
tier1_seen_conditions,CVCL_1381,plate7,Adagrasib,28,28,12,0.10908092683527393,0.0945273631840796,False,0.8947368421052632
tier1_seen_conditions,CVCL_1381,plate7,Sulfatinib,28,28,12,0.13833305567307086,0.1044776119402985,False,0.9298245614035088
tier1_seen_conditions,CVCL_1381,plate7,Arbutin,22,22,12,0.035159617330892345,0.31343283582089554,False,0.7017543859649122
tier1_seen_conditions,CVCL_1381,plate7,Bisoprolol (hemifumarate),29,29,12,-0.013472216449990526,0.4975124378109453,False,1.0
tier1_seen_conditions,CVCL_1381,plate7,Penfluridol,27,27,12,0.06677957001245538,0.22885572139303484,False,0.5964912280701754
tier1_seen_conditions,CVCL_1381,plate7,Cytarabine (hydrochloride),24,24,12,0.12498385376813737,0.06467661691542288,False,0.631578947368421
tier1_seen_conditions,CVCL_1381,plate7,Doxorubicin (hydrochloride),29,29,12,0.08620911916511886,0.19900497512437812,False,0.7894736842105263
tier1_seen_conditions,CVCL_1381,plate7,Imiquimod (maleate),19,19,12,0.027802803550406097,0.3781094527363184,False,0.21052631578947367
tier1_seen_conditions,CVCL_1381,plate7,Tranilast,19,19,12,0.022550908829646943,0.3880597014925373,False,0.22807017543859648
tier1_seen_conditions,CVCL_1381,plate7,Macitentan,24,24,12,-0.03544650288509743,0.6567164179104478,False,0.6491228070175439
tier1_seen_conditions,CVCL_1381,plate7,Apalutamide,19,19,12,0.07251907845243721,0.19900497512437812,False,0.5964912280701754
tier1_seen_conditions,CVCL_1381,plate7,Niclosamide (olamine),28,28,12,-0.04515605721584848,0.7014925373134329,False,0.7894736842105263
tier1_seen_conditions,CVCL_1381,plate7,Tolmetin,25,25,12,0.014030476073379816,0.373134328358209,False,0.9122807017543859
tier1_seen_conditions,CVCL_1381,plate7,Posaconazole,19,19,12,0.06175014336503892,0.17412935323383086,False,0.21052631578947367
tier1_seen_conditions,CVCL_1381,plate7,Entecavir (monohydrate),20,20,12,0.002716215946470868,0.40298507462686567,False,0.49122807017543857
tier1_seen_conditions,CVCL_1381,plate7,Dimethyl fumarate,24,24,12,0.06577868457576841,0.19402985074626866,False,0.6491228070175439
tier1_seen_conditions,CVCL_1381,plate7,Fumaric acid,27,27,12,0.11497182979447729,0.07462686567164178,False,0.9122807017543859
tier1_seen_conditions,CVCL_1693,plate7,Bosentan (hydrate),25,25,12,0.18240166880484843,0.014925373134328358,True,0.7708333333333334
tier1_seen_conditions,CVCL_1693,plate7,Tadalafil,29,29,12,0.1921770910776317,0.009950248756218905,True,0.6458333333333334
tier1_seen_conditions,CVCL_1693,plate7,Belumosudil,25,25,12,0.45828418167377727,0.004975124378109453,True,0.625
tier1_seen_conditions,CVCL_1693,plate7,Flumatinib (mesylate),29,29,12,0.2660652491269939,0.004975124378109453,True,0.875
tier1_seen_conditions,CVCL_1693,plate7,Cytarabine,29,29,12,0.3248132024474373,0.004975124378109453,True,0.75
tier1_seen_conditions,CVCL_1693,plate7,Afatinib,29,29,12,0.19488617649058781,0.009950248756218905,True,0.9791666666666666
tier1_seen_conditions,CVCL_1693,plate7,Topotecan (hydrochloride),18,18,12,0.15851719032048273,0.024875621890547265,True,0.3541666666666667
tier1_seen_conditions,CVCL_1693,plate7,Lucanthone,29,29,12,0.4512624858380221,0.004975124378109453,True,1.0
tier1_seen_conditions,CVCL_1693,plate7,Trametinib (DMSO_TF solvate),27,27,12,0.2901461632817437,0.004975124378109453,True,0.9791666666666666
tier1_seen_conditions,CVCL_1693,plate7,Erlotinib,28,28,12,0.35113177420268826,0.004975124378109453,True,0.7708333333333334
tier1_seen_conditions,CVCL_1693,plate7,(S)-Crizotinib,28,28,12,0.15180724186544126,0.07960199004975124,False,0.8541666666666666
tier1_seen_conditions,CVCL_1693,plate7,Rutin (trihydrate),29,29,12,0.4077957275332249,0.004975124378109453,True,0.6875
tier1_seen_conditions,CVCL_1693,plate7,Tirabrutinib,29,29,12,0.2574726388909525,0.009950248756218905,True,0.7291666666666666
tier1_seen_conditions,CVCL_1693,plate7,Diphenhydramine,13,13,12,0.2038363552460769,0.009950248756218905,True,0.25
tier1_seen_conditions,CVCL_1693,plate7,Procainamide (hydrochloride),15,15,12,0.31522379794079747,0.004975124378109453,True,0.1875
tier1_seen_conditions,CVCL_1693,plate7,Silodosin,24,24,12,0.18686521764934305,0.01990049751243781,True,0.4583333333333333
tier1_seen_conditions,CVCL_1693,plate7,Cilostazol,14,14,12,0.20827345714620726,0.004975124378109453,True,0.25
tier1_seen_conditions,CVCL_1693,plate7,Decitabine,12,12,12,0.13151380994720263,0.07960199004975124,False,0.25
tier1_seen_conditions,CVCL_1693,plate7,Ligustrazine,25,25,12,0.13939810034988476,0.08955223880597014,False,0.5833333333333334
tier1_seen_conditions,CVCL_1693,plate7,Hesperidin,16,16,12,0.2841989596361163,0.004975124378109453,True,0.2708333333333333
tier1_seen_conditions,CVCL_1693,plate7,Levobupivacaine (hydrochloride),28,28,12,0.28813090322369916,0.009950248756218905,True,0.5833333333333334
tier1_seen_conditions,CVCL_1693,plate7,Rosiglitazone,13,13,12,0.27602737440722613,0.004975124378109453,True,0.25
tier1_seen_conditions,CVCL_1693,plate7,Quinidine (15% dihydroquinidine),26,26,12,0.2163774269092844,0.01990049751243781,True,0.9791666666666666
tier1_seen_conditions,CVCL_1693,plate7,Verapamil,18,18,12,0.06873239387079266,0.13930348258706468,False,0.5625
tier1_seen_conditions,CVCL_1693,plate7,Pemetrexed,28,28,12,0.1395573579396423,0.03980099502487562,True,0.9791666666666666
tier1_seen_conditions,CVCL_1693,plate7,Fluvoxamine,26,26,12,0.2966093072017575,0.004975124378109453,True,0.9375
tier1_seen_conditions,CVCL_1693,plate7,Cytarabine (hydrochloride),28,28,12,0.26365654019341456,0.004975124378109453,True,0.6666666666666666
tier1_seen_conditions,CVCL_1693,plate7,Bendamustine,14,14,12,0.2996720049962569,0.004975124378109453,True,0.3125
tier1_seen_conditions,CVCL_1693,plate7,Altretamine,29,29,12,0.08955012437029808,0.15422885572139303,False,0.9375
tier1_seen_conditions,CVCL_1693,plate7,Rifaximin,28,28,12,0.08752677895095928,0.15920398009950248,False,0.9375
tier1_seen_conditions,CVCL_1693,plate7,Doxorubicin (hydrochloride),27,27,12,0.2762845191539487,0.004975124378109453,True,0.8333333333333334
tier1_seen_conditions,CVCL_1693,plate7,Menadione,14,14,12,0.21379025714444921,0.009950248756218905,True,0.16666666666666666
tier1_seen_conditions,CVCL_1693,plate7,Adagrasib,25,25,12,0.2527138226984924,0.009950248756218905,True,0.6458333333333334
tier1_seen_conditions,CVCL_1693,plate7,Sulfatinib,25,25,12,0.2279390158878254,0.004975124378109453,True,0.6458333333333334
tier1_seen_conditions,CVCL_1693,plate7,Arbutin,18,18,12,0.0755524333621782,0.21890547263681592,False,0.3541666666666667
tier1_seen_conditions,CVCL_1693,plate7,Bisoprolol (hemifumarate),12,12,12,0.2517576457872668,0.024875621890547265,True,0.1875
tier1_seen_conditions,CVCL_1693,plate7,Penfluridol,24,24,12,0.2027495960499266,0.04975124378109453,True,0.4791666666666667
tier1_seen_conditions,CVCL_1693,plate7,Ferulic acid,20,20,12,0.2084297247495197,0.009950248756218905,True,0.375
tier1_seen_conditions,CVCL_1693,plate7,Clofarabine,29,29,12,0.16068394730391589,0.04975124378109453,True,1.0
tier1_seen_conditions,CVCL_1693,plate7,Tranilast,12,12,12,0.18326988093756746,0.029850746268656716,True,0.14583333333333334
tier1_seen_conditions,CVCL_1693,plate7,Macitentan,22,22,12,0.21622487711605842,0.01990049751243781,True,0.5
tier1_seen_conditions,CVCL_1693,plate7,Peretinoin,25,25,12,0.22566716252424612,0.004975124378109453,True,0.4583333333333333
tier1_seen_conditions,CVCL_1693,plate7,Entecavir (monohydrate),18,18,12,0.16731676971946996,0.014925373134328358,True,0.4583333333333333
tier1_seen_conditions,CVCL_1693,plate7,Sildenafil,29,29,12,0.16446530526982528,0.05970149253731343,False,0.8958333333333334
tier1_seen_conditions,CVCL_1693,plate7,Dimethyl fumarate,13,13,12,0.19091768546769217,0.014925373134328358,True,0.16666666666666666
tier1_seen_conditions,CVCL_0293,plate7,Bosentan (hydrate),23,23,12,-0.045572551614084134,0.6218905472636815,False,0.7954545454545454
tier1_seen_conditions,CVCL_0293,plate7,Bestatin,14,14,12,-0.014355288804853927,0.46766169154228854,False,0.22727272727272727
tier1_seen_conditions,CVCL_0293,plate7,Tadalafil,21,21,12,0.07252867850394473,0.21890547263681592,False,0.45454545454545453
tier1_seen_conditions,CVCL_0293,plate7,Belumosudil,22,22,12,0.1738984457137711,0.1044776119402985,False,0.9545454545454546
tier1_seen_conditions,CVCL_0293,plate7,Flumatinib (mesylate),20,20,12,-0.040700245293765036,0.6467661691542289,False,0.8409090909090909
tier1_seen_conditions,CVCL_0293,plate7,Afatinib,18,18,12,0.018404753767246262,0.3482587064676617,False,0.8181818181818182
tier1_seen_conditions,CVCL_0293,plate7,Trametinib (DMSO_TF solvate),28,28,12,0.24150016955571196,0.03980099502487562,True,0.9545454545454546
tier1_seen_conditions,CVCL_0293,plate7,Erlotinib,28,28,12,0.034863497437104485,0.32338308457711445,False,1.0
tier1_seen_conditions,CVCL_0293,plate7,(S)-Crizotinib,29,29,12,-0.04686391162505643,0.6019900497512438,False,0.9545454545454546
tier1_seen_conditions,CVCL_0293,plate7,Rutin (trihydrate),29,29,12,0.32245567815093423,0.03980099502487562,True,0.9772727272727273
tier1_seen_conditions,CVCL_0293,plate7,Pexidartinib (hydrochloride),21,21,12,0.11030432270456458,0.19402985074626866,False,0.29545454545454547
tier1_seen_conditions,CVCL_0293,plate7,Tirabrutinib,19,19,12,0.24622615850410945,0.04975124378109453,True,0.5
tier1_seen_conditions,CVCL_0293,plate7,Diphenhydramine,12,12,12,0.16018038111903365,0.06467661691542288,False,0.25
tier1_seen_conditions,CVCL_0293,plate7,Procainamide (hydrochloride),13,13,12,0.08048079729675806,0.18407960199004975,False,0.09090909090909091
tier1_seen_conditions,CVCL_0293,plate7,Cilostazol,19,19,12,0.08916604192361177,0.14427860696517414,False,0.5681818181818182
tier1_seen_conditions,CVCL_0293,plate7,Ligustrazine,21,21,12,0.21030631638676134,0.07960199004975124,False,0.6363636363636364
tier1_seen_conditions,CVCL_0293,plate7,Thymopentin,12,12,12,-0.006834428292641803,0.472636815920398,False,0.25
tier1_seen_conditions,CVCL_0293,plate7,Hesperidin,17,17,12,-0.12136114085394745,0.8855721393034826,False,0.7045454545454546
tier1_seen_conditions,CVCL_0293,plate7,Levobupivacaine (hydrochloride),20,20,12,-0.029440986505539612,0.582089552238806,False,0.8181818181818182
tier1_seen_conditions,CVCL_0293,plate7,Rosiglitazone,19,19,12,0.09609133381764678,0.19900497512437812,False,0.5909090909090909
tier1_seen_conditions,CVCL_0293,plate7,Ferulic acid,23,23,12,0.1804028180222268,0.11442786069651742,False,0.6363636363636364
tier1_seen_conditions,CVCL_0293,plate7,Pemetrexed,19,19,12,0.13947107287653004,0.13432835820895522,False,0.4772727272727273
tier1_seen_conditions,CVCL_0293,plate7,Fluvoxamine,26,26,12,-0.03475014089552886,0.582089552238806,False,0.9318181818181818
tier1_seen_conditions,CVCL_0293,plate7,Cytarabine (hydrochloride),28,28,12,-0.029473787062762824,0.572139303482587,False,0.8636363636363636
tier1_seen_conditions,CVCL_0293,plate7,Bendamustine,19,19,12,0.27566781170935073,0.01990049751243781,True,0.6136363636363636
tier1_seen_conditions,CVCL_0293,plate7,Altretamine,16,16,12,0.009929835344413718,0.4577114427860697,False,0.5909090909090909
tier1_seen_conditions,CVCL_0293,plate7,Doxorubicin (hydrochloride),16,16,12,0.21409643131161005,0.06467661691542288,False,0.4090909090909091
tier1_seen_conditions,CVCL_0293,plate7,Clofarabine,20,20,12,0.002118793926584317,0.43283582089552236,False,0.7954545454545454
tier1_seen_conditions,CVCL_0293,plate7,Sulfatinib,21,21,12,-0.07088952643395352,0.6716417910447762,False,0.5909090909090909
tier1_seen_conditions,CVCL_0293,plate7,Penfluridol,22,22,12,-0.02122536513926221,0.5572139303482587,False,0.9318181818181818
tier1_seen_conditions,CVCL_0293,plate7,Adagrasib,29,29,12,-0.037038997832915754,0.5074626865671642,False,0.9772727272727273
tier1_seen_conditions,CVCL_0293,plate7,Macitentan,24,24,12,-0.1407832926960797,0.9502487562189055,False,0.8863636363636364
tier1_seen_conditions,CVCL_0293,plate7,Apalutamide,14,14,12,0.03820489957867679,0.30845771144278605,False,0.3409090909090909
tier1_seen_conditions,CVCL_0293,plate7,Niclosamide (olamine),22,22,12,-0.10020735017878124,0.7910447761194029,False,0.8181818181818182
tier1_seen_conditions,CVCL_0293,plate7,Peretinoin,17,17,12,0.0364300823235002,0.31840796019900497,False,0.5681818181818182
tier1_seen_conditions,CVCL_0293,plate7,Tolmetin,14,14,12,-0.10653807376870361,0.8805970149253731,False,0.1590909090909091
tier1_seen_conditions,CVCL_0293,plate7,Entecavir (monohydrate),15,15,12,0.0481282079662666,0.2835820895522388,False,0.11363636363636363
tier1_seen_conditions,CVCL_0293,plate7,Dimethyl fumarate,17,17,12,-0.03503285780256604,0.6119402985074627,False,0.4772727272727273
tier1_seen_conditions,CVCL_0320,plate7,Bosentan (hydrate),18,18,12,-0.14151195351123746,0.9552238805970149,False,0.5
tier1_seen_conditions,CVCL_0320,plate7,Bestatin,25,25,12,-0.029190245109822044,0.6119402985074627,False,0.8333333333333334
tier1_seen_conditions,CVCL_0320,plate7,Tadalafil,23,23,12,-0.024358075581359273,0.6467661691542289,False,0.9047619047619048
tier1_seen_conditions,CVCL_0320,plate7,Belumosudil,26,26,12,0.009778255194710539,0.4626865671641791,False,0.7619047619047619
tier1_seen_conditions,CVCL_0320,plate7,Flumatinib (mesylate),29,29,12,-0.038546339682632436,0.6965174129353234,False,1.0
tier1_seen_conditions,CVCL_0320,plate7,Cytarabine,21,21,12,0.014132206925649982,0.34328358208955223,False,0.7857142857142857
tier1_seen_conditions,CVCL_0320,plate7,Lucanthone,24,24,12,0.5580022941829608,0.004975124378109453,True,0.8809523809523809
tier1_seen_conditions,CVCL_0320,plate7,Trametinib (DMSO_TF solvate),27,27,12,0.39225890031245747,0.004975124378109453,True,0.9761904761904762
tier1_seen_conditions,CVCL_0320,plate7,Benproperine (phosphate),25,25,12,0.10645049723469491,0.14427860696517414,False,0.7142857142857143
tier1_seen_conditions,CVCL_0320,plate7,Erlotinib,18,18,12,0.10259528332861478,0.12935323383084577,False,0.2857142857142857
tier1_seen_conditions,CVCL_0320,plate7,(S)-Crizotinib,28,28,12,0.11461898489785938,0.13432835820895522,False,0.9761904761904762
tier1_seen_conditions,CVCL_0320,plate7,Rutin (trihydrate),26,26,12,0.06095415885245359,0.26865671641791045,False,0.6190476190476191
tier1_seen_conditions,CVCL_0320,plate7,Silodosin,16,16,12,0.09409421653483108,0.208955223880597,False,0.5952380952380952
tier1_seen_conditions,CVCL_0320,plate7,Ligustrazine,17,17,12,-0.08049994766266089,0.7910447761194029,False,0.35714285714285715
tier1_seen_conditions,CVCL_0320,plate7,Hesperidin,17,17,12,0.1331999211093713,0.16417910447761194,False,0.8095238095238095
tier1_seen_conditions,CVCL_0320,plate7,Mebendazole,12,12,12,-0.020328871606485777,0.582089552238806,False,0.47619047619047616
tier1_seen_conditions,CVCL_0320,plate7,Levobupivacaine (hydrochloride),16,16,12,0.022126772361218627,0.42786069651741293,False,0.47619047619047616
tier1_seen_conditions,CVCL_0320,plate7,Rosiglitazone,25,25,12,0.07948682447624655,0.20398009950248755,False,0.9761904761904762
tier1_seen_conditions,CVCL_0320,plate7,Quinidine (15% dihydroquinidine),21,21,12,-0.09158067151355986,0.8059701492537313,False,0.5
tier1_seen_conditions,CVCL_0320,plate7,Fluvoxamine,29,29,12,-0.017431077181401022,0.5373134328358209,False,1.0
tier1_seen_conditions,CVCL_0320,plate7,Cytarabine (hydrochloride),29,29,12,-0.09338116918494421,0.835820895522388,False,0.9523809523809523
tier1_seen_conditions,CVCL_0320,plate7,Bendamustine,12,12,12,0.008581477106730517,0.417910447761194,False,0.19047619047619047
tier1_seen_conditions,CVCL_0320,plate7,Doxorubicin (hydrochloride),21,21,12,0.0597239202366282,0.23383084577114427,False,0.6666666666666666
tier1_seen_conditions,CVCL_0320,plate7,Menadione,17,17,12,-0.036198345086150496,0.736318407960199,False,0.30952380952380953
tier1_seen_conditions,CVCL_0320,plate7,Adagrasib,25,25,12,0.08243633365303182,0.17412935323383086,False,0.8571428571428571
tier1_seen_conditions,CVCL_0320,plate7,Arbutin,22,22,12,0.09733965506888609,0.10945273631840796,False,0.7619047619047619
tier1_seen_conditions,CVCL_0320,plate7,Penfluridol,21,21,12,-0.12009047862656708,0.900497512437811,False,0.3333333333333333
tier1_seen_conditions,CVCL_0320,plate7,Ferulic acid,27,27,12,-0.07483873632067706,0.8009950248756219,False,0.8095238095238095
tier1_seen_conditions,CVCL_0320,plate7,Imiquimod (maleate),16,16,12,-0.04309363941042044,0.6965174129353234,False,0.19047619047619047
tier1_seen_conditions,CVCL_0320,plate7,Sulfatinib,24,24,12,0.01131728820640987,0.44776119402985076,False,0.8333333333333334
tier1_seen_conditions,CVCL_0320,plate7,Macitentan,15,15,12,-0.06474235539007545,0.7313432835820896,False,0.35714285714285715
tier1_seen_conditions,CVCL_0320,plate7,Apalutamide,16,16,12,-0.06459361201392788,0.7562189054726368,False,0.2857142857142857
tier1_seen_conditions,CVCL_0320,plate7,Niclosamide (olamine),28,28,12,-0.1035422247055795,0.9054726368159204,False,0.9285714285714286
tier1_seen_conditions,CVCL_0320,plate7,Peretinoin,27,27,12,0.02459210127158329,0.3482587064676617,False,0.9761904761904762
tier1_seen_conditions,CVCL_0320,plate7,Tolmetin,17,17,12,-0.08849483375155387,0.8905472636815921,False,0.8095238095238095
tier1_seen_conditions,CVCL_0320,plate7,Sildenafil,21,21,12,-0.00861603260358379,0.5373134328358209,False,0.7142857142857143
tier1_seen_conditions,CVCL_0320,plate7,Dimethyl fumarate,12,12,12,0.08725974532404202,0.15422885572139303,False,0.30952380952380953
tier1_seen_conditions,CVCL_1239,plate7,Belumosudil,18,18,12,0.05562978450870659,0.22885572139303484,False,0.9230769230769231
tier1_seen_conditions,CVCL_1239,plate7,Cytarabine,19,19,12,0.21845288786754757,0.009950248756218905,True,0.8205128205128205
tier1_seen_conditions,CVCL_1239,plate7,Lucanthone,22,22,12,0.4087114318688947,0.004975124378109453,True,0.9230769230769231
tier1_seen_conditions,CVCL_1239,plate7,Trametinib (DMSO_TF solvate),16,16,12,0.11871071446981496,0.12437810945273632,False,0.8974358974358975
tier1_seen_conditions,CVCL_1239,plate7,(S)-Crizotinib,22,22,12,0.015948524463750502,0.46766169154228854,False,0.9487179487179487
tier1_seen_conditions,CVCL_1239,plate7,Rutin (trihydrate),24,24,12,0.09849702242664549,0.14427860696517414,False,1.0
tier1_seen_conditions,CVCL_1239,plate7,Levobupivacaine (hydrochloride),16,16,12,0.1299223987171434,0.1791044776119403,False,0.8717948717948718
tier1_seen_conditions,CVCL_1239,plate7,Quinidine (15% dihydroquinidine),19,19,12,0.11325509111608767,0.15920398009950248,False,0.7948717948717948
tier1_seen_conditions,CVCL_1239,plate7,Verapamil,13,13,12,0.0615867105039154,0.25870646766169153,False,0.5641025641025641
tier1_seen_conditions,CVCL_1239,plate7,Bisoprolol (hemifumarate),19,19,12,0.14589455930359918,0.05970149253731343,False,1.0
tier1_seen_conditions,CVCL_1239,plate7,Ferulic acid,14,14,12,0.11580296170637716,0.11442786069651742,False,0.6923076923076923
tier1_seen_conditions,CVCL_1239,plate7,Cytarabine (hydrochloride),22,22,12,0.1252038978967196,0.08955223880597014,False,1.0
tier1_seen_conditions,CVCL_1239,plate7,Bendamustine,19,19,12,0.10650718704121509,0.1691542288557214,False,0.9230769230769231
tier1_seen_conditions,CVCL_1239,plate7,Rifaximin,13,13,12,0.06655885835198383,0.208955223880597,False,0.717948717948718
tier1_seen_conditions,CVCL_1239,plate7,Sulfatinib,16,16,12,-0.033654757293060555,0.6169154228855721,False,0.6153846153846154
tier1_seen_conditions,CVCL_1239,plate7,Pemetrexed,12,12,12,0.06074007101861589,0.19402985074626866,False,0.6410256410256411
tier1_seen_conditions,CVCL_1239,plate7,Fluvoxamine,15,15,12,0.07200922187935177,0.17412935323383086,False,0.717948717948718
tier1_seen_conditions,CVCL_1239,plate7,Arbutin,13,13,12,0.003899356014398947,0.5174129353233831,False,0.717948717948718
tier1_seen_conditions,CVCL_1239,plate7,Niclosamide (olamine),17,17,12,0.02240896432695294,0.4527363184079602,False,0.9230769230769231
tier1_seen_conditions,CVCL_1239,plate7,Daidzin,12,12,12,0.13293973356826072,0.11940298507462686,False,0.6666666666666666
tier1_seen_conditions,CVCL_0428,plate7,Bosentan (hydrate),28,28,12,-0.043760220804067274,0.7064676616915423,False,0.9642857142857143
tier1_seen_conditions,CVCL_0428,plate7,Tadalafil,29,29,12,-0.01788362998305182,0.5174129353233831,False,0.5892857142857143
tier1_seen_conditions,CVCL_0428,plate7,Belumosudil,28,28,12,-0.014212753403235467,0.5671641791044776,False,0.26785714285714285
tier1_seen_conditions,CVCL_0428,plate7,Cytarabine,29,29,12,0.046156352550136504,0.2935323383084577,False,0.9107142857142857
tier1_seen_conditions,CVCL_0428,plate7,Topotecan (hydrochloride),21,21,12,-0.15487997849218083,0.9800995024875622,False,0.19642857142857142
tier1_seen_conditions,CVCL_0428,plate7,Lucanthone,28,28,12,0.11083053059576642,0.12935323383084577,False,0.8392857142857143
tier1_seen_conditions,CVCL_0428,plate7,Trametinib (DMSO_TF solvate),29,29,12,0.2570594017211185,0.004975124378109453,True,1.0
tier1_seen_conditions,CVCL_0428,plate7,Erlotinib,28,28,12,0.15512777272327227,0.07462686567164178,False,0.8214285714285714
tier1_seen_conditions,CVCL_0428,plate7,(S)-Crizotinib,29,29,12,-0.07724210863318959,0.8507462686567164,False,0.625
tier1_seen_conditions,CVCL_0428,plate7,Pexidartinib (hydrochloride),28,28,12,0.03454626452915832,0.36318407960199006,False,0.6964285714285714
tier1_seen_conditions,CVCL_0428,plate7,Phenytoin (sodium),18,18,12,-0.12406185033731632,0.8855721393034826,False,0.16071428571428573
tier1_seen_conditions,CVCL_0428,plate7,Sacubitril/Valsartan,20,20,12,-0.09817789001768773,0.8507462686567164,False,0.26785714285714285
tier1_seen_conditions,CVCL_0428,plate7,Pitavastatin (Calcium),15,15,12,-0.17619282422748483,0.9800995024875622,False,0.21428571428571427
tier1_seen_conditions,CVCL_0428,plate7,Simotinib,26,26,12,0.030795003874532156,0.3681592039800995,False,0.9107142857142857
tier1_seen_conditions,CVCL_0428,plate7,Procainamide (hydrochloride),28,28,12,0.12653092112044995,0.05970149253731343,False,0.8571428571428571
tier1_seen_conditions,CVCL_0428,plate7,Silodosin,27,27,12,0.1234531328771169,0.0945273631840796,False,0.7678571428571429
tier1_seen_conditions,CVCL_0428,plate7,Nevirapine,20,20,12,-0.0649760100064789,0.7910447761194029,False,0.17857142857142858
tier1_seen_conditions,CVCL_0428,plate7,Cilostazol,28,28,12,0.03027646379641169,0.35323383084577115,False,0.5892857142857143
tier1_seen_conditions,CVCL_0428,plate7,Dorzolamide (hydrochloride),28,28,12,-0.0171419805179287,0.582089552238806,False,0.8571428571428571
tier1_seen_conditions,CVCL_0428,plate7,Roxadustat,26,26,12,-0.08310389541375507,0.8407960199004975,False,0.9821428571428571
tier1_seen_conditions,CVCL_0428,plate7,Decitabine,24,24,12,-0.0465951826578781,0.6865671641791045,False,0.875
tier1_seen_conditions,CVCL_0428,plate7,Ligustrazine,28,28,12,-0.10873008089670755,0.9502487562189055,False,0.5357142857142857
tier1_seen_conditions,CVCL_0428,plate7,Thymopentin,29,29,12,-0.14281975526771795,0.9552238805970149,False,0.5892857142857143
tier1_seen_conditions,CVCL_0428,plate7,Hesperidin,27,27,12,-0.02612439659180943,0.5870646766169154,False,0.875
tier1_seen_conditions,CVCL_0428,plate7,Mebendazole,28,28,12,-0.05248818969004354,0.6716417910447762,False,0.8214285714285714
tier1_seen_conditions,CVCL_0428,plate7,Betamethasone dipropionate,25,25,12,-0.009717626134575497,0.5024875621890548,False,0.8035714285714286
tier1_seen_conditions,CVCL_0428,plate7,Levobupivacaine (hydrochloride),26,26,12,-0.010938954316912941,0.527363184079602,False,0.8035714285714286
tier1_seen_conditions,CVCL_0428,plate7,Rosiglitazone,29,29,12,-0.01797449736790213,0.5472636815920398,False,0.875
tier1_seen_conditions,CVCL_0428,plate7,Quinidine (15% dihydroquinidine),29,29,12,0.05776073987838437,0.27860696517412936,False,0.7857142857142857
tier1_seen_conditions,CVCL_0428,plate7,Verapamil,27,27,12,-0.010221433172301175,0.5671641791044776,False,0.9821428571428571
tier1_seen_conditions,CVCL_0428,plate7,Bisoprolol (hemifumarate),28,28,12,-0.04290158421160584,0.6766169154228856,False,0.9464285714285714
tier1_seen_conditions,CVCL_0428,plate7,Penfluridol,27,27,12,-0.07443056986509688,0.835820895522388,False,0.7321428571428571
tier1_seen_conditions,CVCL_0428,plate7,Ferulic acid,28,28,12,-0.06272305202592321,0.7661691542288557,False,0.7142857142857143
tier1_seen_conditions,CVCL_0428,plate7,Pemetrexed,27,27,12,-0.08807878954729453,0.900497512437811,False,0.8928571428571429
tier1_seen_conditions,CVCL_0428,plate7,Fluvoxamine,27,27,12,-0.024649316574311797,0.6368159203980099,False,0.875
tier1_seen_conditions,CVCL_0428,plate7,Cytarabine (hydrochloride),28,28,12,-0.07482820798753309,0.7960199004975125,False,0.5535714285714286
tier1_seen_conditions,CVCL_0428,plate7,Rifaximin,26,26,12,0.03119998722158357,0.3681592039800995,False,0.9107142857142857
tier1_seen_conditions,CVCL_0428,plate7,Doxorubicin (hydrochloride),28,28,12,-0.05353851814112254,0.6766169154228856,False,0.42857142857142855
tier1_seen_conditions,CVCL_0428,plate7,Glycyrrhizic acid,26,26,12,-0.11068321298768602,0.9402985074626866,False,0.8392857142857143
tier1_seen_conditions,CVCL_0428,plate7,Imiquimod (maleate),28,28,12,-0.06871975880697079,0.7164179104477612,False,0.8571428571428571
tier1_seen_conditions,CVCL_0428,plate7,Clofarabine,26,26,12,-0.0808837296125624,0.8159203980099502,False,0.7321428571428571
tier1_seen_conditions,CVCL_0428,plate7,Adagrasib,27,27,12,-0.02441540477885873,0.6019900497512438,False,0.8928571428571429
tier1_seen_conditions,CVCL_0428,plate7,Sulfatinib,25,25,12,-0.01298599548421464,0.5771144278606966,False,0.9464285714285714
tier1_seen_conditions,CVCL_0428,plate7,Arbutin,28,28,12,0.013454590774856001,0.4427860696517413,False,0.7142857142857143
tier1_seen_conditions,CVCL_0428,plate7,Bendamustine,28,28,12,-0.1797805388669218,0.9751243781094527,False,0.5892857142857143
tier1_seen_conditions,CVCL_0428,plate7,Menadione,20,20,12,-0.07639431481062253,0.8208955223880597,False,0.30357142857142855
tier1_seen_conditions,CVCL_0428,plate7,Tranilast,26,26,12,0.043760092133501516,0.35323383084577115,False,0.5
tier1_seen_conditions,CVCL_0428,plate7,Niclosamide (olamine),27,27,12,-0.08679426001332047,0.8606965174129353,False,0.75
tier1_seen_conditions,CVCL_0428,plate7,Peretinoin,28,28,12,0.08379844289805582,0.1691542288557214,False,1.0
tier1_seen_conditions,CVCL_0428,plate7,Tolmetin,26,26,12,-0.0823209122177655,0.8557213930348259,False,0.625
tier1_seen_conditions,CVCL_0428,plate7,Posaconazole,28,28,12,-0.04853290289226919,0.6965174129353234,False,1.0
tier1_seen_conditions,CVCL_0428,plate7,Entecavir (monohydrate),19,19,12,0.13088907101464642,0.14925373134328357,False,0.5714285714285714
tier1_seen_conditions,CVCL_0428,plate7,Dimethyl fumarate,29,29,12,0.014731357638494202,0.4925373134328358,False,0.9285714285714286
tier1_seen_conditions,CVCL_1731,plate7,Bosentan (hydrate),16,16,12,-0.058910653940561275,0.7313432835820896,False,0.34146341463414637
tier1_seen_conditions,CVCL_1731,plate7,Tadalafil,20,20,12,-0.0024966496524712056,0.47761194029850745,False,0.9024390243902439
tier1_seen_conditions,CVCL_1731,plate7,Belumosudil,22,22,12,-0.05883425543807519,0.6368159203980099,False,0.7804878048780488
tier1_seen_conditions,CVCL_1731,plate7,Cytarabine,28,28,12,-0.08010634962931107,0.8258706467661692,False,1.0
tier1_seen_conditions,CVCL_1731,plate7,Topotecan (hydrochloride),14,14,12,-0.1601923741240565,0.9402985074626866,False,0.3170731707317073
tier1_seen_conditions,CVCL_1731,plate7,Trametinib (DMSO_TF solvate),22,22,12,-0.049242171141816726,0.6567164179104478,False,0.9024390243902439
tier1_seen_conditions,CVCL_1731,plate7,Erlotinib,16,16,12,-0.08298027462074842,0.8507462686567164,False,0.36585365853658536
tier1_seen_conditions,CVCL_1731,plate7,(S)-Crizotinib,23,23,12,-0.19124942121590216,0.9850746268656716,False,0.8048780487804879
tier1_seen_conditions,CVCL_1731,plate7,Rutin (trihydrate),28,28,12,-0.018300763084390326,0.527363184079602,False,0.975609756097561
tier1_seen_conditions,CVCL_1731,plate7,Pexidartinib (hydrochloride),20,20,12,-0.08500034955144287,0.8009950248756219,False,0.8536585365853658
tier1_seen_conditions,CVCL_1731,plate7,Tirabrutinib,18,18,12,-0.10681224573065684,0.8407960199004975,False,0.9512195121951219
tier1_seen_conditions,CVCL_1731,plate7,Cilostazol,13,13,12,0.035489494877102956,0.31343283582089554,False,0.0975609756097561
tier1_seen_conditions,CVCL_1731,plate7,Ligustrazine,13,13,12,-0.06130474869578251,0.7064676616915423,False,0.17073170731707318
tier1_seen_conditions,CVCL_1731,plate7,Thymopentin,14,14,12,0.019211535111118394,0.39303482587064675,False,0.6097560975609756
tier1_seen_conditions,CVCL_1731,plate7,Hesperidin,21,21,12,0.06850099247803243,0.21393034825870647,False,0.9512195121951219
tier1_seen_conditions,CVCL_1731,plate7,Rosiglitazone,17,17,12,-0.10127614407397623,0.8606965174129353,False,0.4878048780487805
tier1_seen_conditions,CVCL_1731,plate7,Quinidine (15% dihydroquinidine),21,21,12,-0.027283274983417982,0.5870646766169154,False,0.7560975609756098
tier1_seen_conditions,CVCL_1731,plate7,Penfluridol,19,19,12,-0.028481211090719327,0.582089552238806,False,0.975609756097561
tier1_seen_conditions,CVCL_1731,plate7,Ferulic acid,21,21,12,-0.15377951223066688,0.9402985074626866,False,0.8780487804878049
tier1_seen_conditions,CVCL_1731,plate7,Pemetrexed,23,23,12,-0.050107854283858444,0.6716417910447762,False,0.6097560975609756
tier1_seen_conditions,CVCL_1731,plate7,Fluvoxamine,24,24,12,-0.07124630393075115,0.7910447761194029,False,0.8292682926829268
tier1_seen_conditions,CVCL_1731,plate7,Cytarabine (hydrochloride),25,25,12,-0.02724793084163224,0.6318407960199005,False,0.9024390243902439
tier1_seen_conditions,CVCL_1731,plate7,Bendamustine,12,12,12,-0.2106317446351973,0.9900497512437811,False,0.14634146341463414
tier1_seen_conditions,CVCL_1731,plate7,Altretamine,15,15,12,-0.1338673729974449,0.9104477611940298,False,0.36585365853658536
tier1_seen_conditions,CVCL_1731,plate7,Rifaximin,19,19,12,-0.07092859800495077,0.8208955223880597,False,0.4878048780487805
tier1_seen_conditions,CVCL_1731,plate7,Menadione,12,12,12,-0.01867266638796039,0.5771144278606966,False,0.2926829268292683
tier1_seen_conditions,CVCL_1731,plate7,Imiquimod (maleate),12,12,12,0.10272850707440107,0.14925373134328357,False,0.21951219512195122
tier1_seen_conditions,CVCL_1731,plate7,Verapamil,17,17,12,0.01061805224480672,0.43781094527363185,False,0.5853658536585366
tier1_seen_conditions,CVCL_1731,plate7,Bisoprolol (hemifumarate),21,21,12,0.0426772619705158,0.2885572139303483,False,0.6097560975609756
tier1_seen_conditions,CVCL_1731,plate7,Sulfatinib,16,16,12,-0.10609058264694049,0.945273631840796,False,0.5609756097560976
tier1_seen_conditions,CVCL_1731,plate7,Arbutin,21,21,12,0.056184414151395856,0.3034825870646766,False,0.5609756097560976
tier1_seen_conditions,CVCL_1731,plate7,Macitentan,18,18,12,0.1250316327099661,0.08955223880597014,False,0.8048780487804879
tier1_seen_conditions,CVCL_1731,plate7,Mifepristone,16,16,12,-0.01233797208250742,0.5174129353233831,False,0.5365853658536586
tier1_seen_conditions,CVCL_1731,plate7,Niclosamide (olamine),19,19,12,-0.025828091866319625,0.5920398009950248,False,0.6829268292682927
tier1_seen_conditions,CVCL_1731,plate7,Peretinoin,18,18,12,-0.09165019080123926,0.8656716417910447,False,0.7073170731707317
tier1_seen_conditions,CVCL_1731,plate7,Posaconazole,14,14,12,-0.0558267417384819,0.7114427860696517,False,0.24390243902439024
tier1_seen_conditions,CVCL_1731,plate7,Sildenafil,19,19,12,-0.03231264128479516,0.6069651741293532,False,0.7073170731707317
tier1_seen_conditions,CVCL_0332,plate7,Bosentan (hydrate),16,16,12,-0.01422143281338073,0.5124378109452736,False,0.58
tier1_seen_conditions,CVCL_0332,plate7,Tadalafil,17,17,12,0.0743577204013981,0.22388059701492538,False,0.54
tier1_seen_conditions,CVCL_0332,plate7,Belumosudil,24,24,12,0.08622617862380721,0.15920398009950248,False,0.98
tier1_seen_conditions,CVCL_0332,plate7,Flumatinib (mesylate),28,28,12,0.06255115794896149,0.24378109452736318,False,0.96
tier1_seen_conditions,CVCL_0332,plate7,Cytarabine,29,29,12,0.2256611151042769,0.03980099502487562,True,0.9
tier1_seen_conditions,CVCL_0332,plate7,Afatinib,29,29,12,0.08654504943999974,0.14925373134328357,False,1.0
tier1_seen_conditions,CVCL_0332,plate7,Lucanthone,29,29,12,0.36521292781392667,0.004975124378109453,True,0.94
tier1_seen_conditions,CVCL_0332,plate7,Trametinib (DMSO_TF solvate),29,29,12,0.42970708752218023,0.004975124378109453,True,1.0
tier1_seen_conditions,CVCL_0332,plate7,Benproperine (phosphate),12,12,12,0.3354660428456864,0.01990049751243781,True,0.36
tier1_seen_conditions,CVCL_0332,plate7,Erlotinib,29,29,12,0.0390334402928989,0.3383084577114428,False,0.96
tier1_seen_conditions,CVCL_0332,plate7,(S)-Crizotinib,29,29,12,-0.005778983647088509,0.527363184079602,False,0.96
tier1_seen_conditions,CVCL_0332,plate7,Rutin (trihydrate),28,28,12,0.42244664776441,0.004975124378109453,True,0.94
tier1_seen_conditions,CVCL_0332,plate7,Tirabrutinib,16,16,12,0.28042777502637684,0.014925373134328358,True,0.76
tier1_seen_conditions,CVCL_0332,plate7,Diphenhydramine,12,12,12,0.23608583893065038,0.004975124378109453,True,0.34
tier1_seen_conditions,CVCL_0332,plate7,Nevirapine,13,13,12,0.0347578889733704,0.34328358208955223,False,0.12
tier1_seen_conditions,CVCL_0332,plate7,Decitabine,15,15,12,0.024144998355128067,0.3880597014925373,False,0.68
tier1_seen_conditions,CVCL_0332,plate7,Ligustrazine,23,23,12,0.025636498803503827,0.3482587064676617,False,0.88
tier1_seen_conditions,CVCL_0332,plate7,Thymopentin,17,17,12,0.04798633310847933,0.3283582089552239,False,0.5
tier1_seen_conditions,CVCL_0332,plate7,Hesperidin,29,29,12,-0.0065517474539777965,0.5223880597014925,False,0.98
tier1_seen_conditions,CVCL_0332,plate7,Mebendazole,20,20,12,-0.026342736764132013,0.6268656716417911,False,0.8
tier1_seen_conditions,CVCL_0332,plate7,Rosiglitazone,18,18,12,0.060020491934189124,0.24875621890547264,False,0.74
tier1_seen_conditions,CVCL_0332,plate7,Verapamil,26,26,12,0.14631421137723066,0.05970149253731343,False,0.86
tier1_seen_conditions,CVCL_0332,plate7,Penfluridol,29,29,12,0.09493320256146376,0.15422885572139303,False,0.98
tier1_seen_conditions,CVCL_0332,plate7,Ferulic acid,23,23,12,0.1599388498469807,0.11442786069651742,False,0.84
tier1_seen_conditions,CVCL_0332,plate7,Pemetrexed,28,28,12,0.0721119418641436,0.24875621890547264,False,1.0
tier1_seen_conditions,CVCL_0332,plate7,Bendamustine,21,21,12,0.09584443188712655,0.0845771144278607,False,0.78
tier1_seen_conditions,CVCL_0332,plate7,Altretamine,17,17,12,-0.03618887131391979,0.6766169154228856,False,0.58
tier1_seen_conditions,CVCL_0332,plate7,Doxorubicin (hydrochloride),25,25,12,0.11896634366108927,0.11940298507462686,False,0.88
tier1_seen_conditions,CVCL_0332,plate7,Glycyrrhizic acid,14,14,12,-0.02360233466377082,0.5970149253731343,False,0.64
tier1_seen_conditions,CVCL_0332,plate7,Adagrasib,25,25,12,-0.026154521680988196,0.6517412935323383,False,0.74
tier1_seen_conditions,CVCL_0332,plate7,Arbutin,27,27,12,0.08029745283647749,0.19900497512437812,False,0.94
tier1_seen_conditions,CVCL_0332,plate7,Fluvoxamine,28,28,12,0.15507212797819037,0.06467661691542288,False,1.0
tier1_seen_conditions,CVCL_0332,plate7,Cytarabine (hydrochloride),29,29,12,0.02565962906274777,0.42786069651741293,False,0.92
tier1_seen_conditions,CVCL_0332,plate7,Rifaximin,18,18,12,-0.0678713152196444,0.746268656716418,False,0.58
tier1_seen_conditions,CVCL_0332,plate7,Sulfatinib,13,13,12,0.026108935983492287,0.3681592039800995,False,0.36
tier1_seen_conditions,CVCL_0332,plate7,Tranilast,15,15,12,-0.14590601117597402,0.9552238805970149,False,0.46
tier1_seen_conditions,CVCL_0332,plate7,Macitentan,15,15,12,0.09796478953091459,0.14925373134328357,False,0.42
tier1_seen_conditions,CVCL_0332,plate7,Apalutamide,22,22,12,0.06944592289340434,0.23880597014925373,False,0.92
tier1_seen_conditions,CVCL_0332,plate7,Posaconazole,27,27,12,-0.050708656991123036,0.7164179104477612,False,0.94
tier1_seen_conditions,CVCL_0332,plate7,Sildenafil,18,18,12,0.2992065539312172,0.004975124378109453,True,0.36
tier1_seen_conditions,CVCL_0332,plate7,Dimethyl fumarate,20,20,12,0.22078811473717685,0.01990049751243781,True,0.64
tier1_seen_conditions,CVCL_0332,plate7,Daidzin,14,14,12,0.4296609551080941,0.004975124378109453,True,0.72
tier1_seen_conditions,CVCL_0332,plate7,Fumaric acid,12,12,12,-0.016880485858781213,0.5920398009950248,False,0.34
tier1_seen_conditions,CVCL_0131,plate7,Bosentan (hydrate),12,12,12,0.03627006218020057,0.30845771144278605,False,0.14634146341463414
tier1_seen_conditions,CVCL_0131,plate7,Bestatin,15,15,12,0.11363755664803143,0.09950248756218906,False,0.34146341463414637
tier1_seen_conditions,CVCL_0131,plate7,Flumatinib (mesylate),24,24,12,0.04967634183502234,0.2935323383084577,False,0.926829268292683
tier1_seen_conditions,CVCL_0131,plate7,Cytarabine,29,29,12,0.11673449279743586,0.0845771144278607,False,1.0
tier1_seen_conditions,CVCL_0131,plate7,Afatinib,17,17,12,-0.030819299904010222,0.6616915422885572,False,0.5853658536585366
tier1_seen_conditions,CVCL_0131,plate7,Lucanthone,28,28,12,0.4306078009367553,0.004975124378109453,True,1.0
tier1_seen_conditions,CVCL_0131,plate7,Trametinib (DMSO_TF solvate),28,28,12,0.5316897610560236,0.004975124378109453,True,0.9512195121951219
tier1_seen_conditions,CVCL_0131,plate7,Erlotinib,22,22,12,0.1689521857821248,0.05472636815920398,False,0.7804878048780488
tier1_seen_conditions,CVCL_0131,plate7,(S)-Crizotinib,25,25,12,0.18538073277083278,0.03980099502487562,True,0.9024390243902439
tier1_seen_conditions,CVCL_0131,plate7,Tirabrutinib,21,21,12,0.35053728115877547,0.004975124378109453,True,0.8536585365853658
tier1_seen_conditions,CVCL_0131,plate7,Sacubitril/Valsartan,13,13,12,0.03624162694377375,0.3383084577114428,False,0.2926829268292683
tier1_seen_conditions,CVCL_0131,plate7,Simotinib,13,13,12,0.07072629666421015,0.208955223880597,False,0.14634146341463414
tier1_seen_conditions,CVCL_0131,plate7,Cilostazol,20,20,12,0.11137853355925031,0.11442786069651742,False,0.8536585365853658
tier1_seen_conditions,CVCL_0131,plate7,Roxadustat,12,12,12,-0.03679095178736702,0.6865671641791045,False,0.34146341463414637
tier1_seen_conditions,CVCL_0131,plate7,Thymopentin,16,16,12,-0.008621128723243388,0.5522388059701493,False,0.43902439024390244
tier1_seen_conditions,CVCL_0131,plate7,Hesperidin,22,22,12,-0.0725733892304099,0.8557213930348259,False,0.9512195121951219
tier1_seen_conditions,CVCL_0131,plate7,Mebendazole,15,15,12,-0.04006447735474161,0.7064676616915423,False,0.36585365853658536
tier1_seen_conditions,CVCL_0131,plate7,Levobupivacaine (hydrochloride),22,22,12,0.055583735545821966,0.2736318407960199,False,0.975609756097561
tier1_seen_conditions,CVCL_0131,plate7,Quinidine (15% dihydroquinidine),19,19,12,0.04999262117343939,0.31343283582089554,False,0.24390243902439024
tier1_seen_conditions,CVCL_0131,plate7,Penfluridol,19,19,12,0.10170628263087522,0.14427860696517414,False,0.5853658536585366
tier1_seen_conditions,CVCL_0131,plate7,Ferulic acid,28,28,12,0.014974658057615997,0.40298507462686567,False,1.0
tier1_seen_conditions,CVCL_0131,plate7,Fluvoxamine,13,13,12,-0.061181328438010496,0.7860696517412935,False,0.3170731707317073
tier1_seen_conditions,CVCL_0131,plate7,Cytarabine (hydrochloride),29,29,12,0.07110818958460285,0.17412935323383086,False,0.9512195121951219
tier1_seen_conditions,CVCL_0131,plate7,Bendamustine,14,14,12,0.16180173488748473,0.06965174129353234,False,0.2926829268292683
tier1_seen_conditions,CVCL_0131,plate7,Altretamine,19,19,12,0.000497934164181757,0.4228855721393035,False,0.4634146341463415
tier1_seen_conditions,CVCL_0131,plate7,Doxorubicin (hydrochloride),23,23,12,0.01088379085610569,0.46766169154228854,False,0.8536585365853658
tier1_seen_conditions,CVCL_0131,plate7,Clofarabine,21,21,12,0.129918692079654,0.06965174129353234,False,0.6341463414634146
tier1_seen_conditions,CVCL_0131,plate7,Adagrasib,27,27,12,0.16462685419544698,0.03980099502487562,True,0.8536585365853658
tier1_seen_conditions,CVCL_0131,plate7,Sulfatinib,19,19,12,0.11374371622413726,0.12935323383084577,False,0.5121951219512195
tier1_seen_conditions,CVCL_0131,plate7,Arbutin,27,27,12,0.01594714640311068,0.43283582089552236,False,0.975609756097561
tier1_seen_conditions,CVCL_0131,plate7,Verapamil,20,20,12,-0.039876283426977466,0.746268656716418,False,0.5121951219512195
tier1_seen_conditions,CVCL_0131,plate7,Bisoprolol (hemifumarate),20,20,12,0.03479727430279489,0.2885572139303483,False,0.926829268292683
tier1_seen_conditions,CVCL_0131,plate7,Pemetrexed,21,21,12,0.058608732913427275,0.21890547263681592,False,0.5853658536585366
tier1_seen_conditions,CVCL_0131,plate7,Menadione,12,12,12,0.0364283673823067,0.32338308457711445,False,0.0975609756097561
tier1_seen_conditions,CVCL_0131,plate7,Mifepristone,19,19,12,0.06852472066291782,0.21890547263681592,False,0.5853658536585366
tier1_seen_conditions,CVCL_0131,plate7,Peretinoin,22,22,12,0.11634298727561188,0.0845771144278607,False,0.6585365853658537
tier1_seen_conditions,CVCL_0131,plate7,Tolmetin,25,25,12,0.025921907739816064,0.4129353233830846,False,0.8048780487804879
tier1_seen_conditions,CVCL_1478,plate7,Bosentan (hydrate),15,15,12,0.18353357182012786,0.03980099502487562,True,0.6216216216216216
tier1_seen_conditions,CVCL_1478,plate7,Bestatin,16,16,12,0.21280092880588874,0.024875621890547265,True,0.7837837837837838
tier1_seen_conditions,CVCL_1478,plate7,Tadalafil,13,13,12,0.01727596772896689,0.3482587064676617,False,0.1891891891891892
tier1_seen_conditions,CVCL_1478,plate7,Belumosudil,29,29,12,0.09654350693802982,0.1890547263681592,False,1.0
tier1_seen_conditions,CVCL_1478,plate7,Flumatinib (mesylate),19,19,12,0.1470466080258941,0.08955223880597014,False,0.8918918918918919
tier1_seen_conditions,CVCL_1478,plate7,Lucanthone,27,27,12,0.26946842166751317,0.029850746268656716,True,0.8648648648648649
tier1_seen_conditions,CVCL_1478,plate7,Trametinib (DMSO_TF solvate),29,29,12,0.19867109302558283,0.04477611940298507,True,1.0
tier1_seen_conditions,CVCL_1478,plate7,Benproperine (phosphate),20,20,12,0.1226509338668933,0.15920398009950248,False,0.6486486486486487
tier1_seen_conditions,CVCL_1478,plate7,Erlotinib,14,14,12,0.30521743484814046,0.03482587064676617,True,0.35135135135135137
tier1_seen_conditions,CVCL_1478,plate7,Rutin (trihydrate),27,27,12,0.03786466794741017,0.32338308457711445,False,0.7297297297297297
tier1_seen_conditions,CVCL_1478,plate7,Pexidartinib (hydrochloride),17,17,12,0.304365044370682,0.029850746268656716,True,0.7567567567567568
tier1_seen_conditions,CVCL_1478,plate7,Tirabrutinib,20,20,12,0.07429561608593716,0.21890547263681592,False,0.5945945945945946
tier1_seen_conditions,CVCL_1478,plate7,Silodosin,12,12,12,0.30506757217716896,0.03482587064676617,True,0.3783783783783784
tier1_seen_conditions,CVCL_1478,plate7,Cilostazol,12,12,12,0.12868682159420786,0.11940298507462686,False,0.6756756756756757
tier1_seen_conditions,CVCL_1478,plate7,Ligustrazine,12,12,12,0.0555664886029561,0.24875621890547264,False,0.7027027027027027
tier1_seen_conditions,CVCL_1478,plate7,Hesperidin,17,17,12,0.14549602287600116,0.07960199004975124,False,0.8108108108108109
tier1_seen_conditions,CVCL_1478,plate7,Penfluridol,20,20,12,0.0023473492510124316,0.43283582089552236,False,0.8108108108108109
tier1_seen_conditions,CVCL_1478,plate7,Fluvoxamine,23,23,12,0.230084560054177,0.09950248756218906,False,1.0
tier1_seen_conditions,CVCL_1478,plate7,Cytarabine (hydrochloride),23,23,12,0.10557869280833287,0.13432835820895522,False,1.0
tier1_seen_conditions,CVCL_1478,plate7,Bendamustine,18,18,12,0.17433783238414335,0.0945273631840796,False,0.6216216216216216
tier1_seen_conditions,CVCL_1478,plate7,Altretamine,21,21,12,0.07979606480351897,0.24875621890547264,False,0.6756756756756757
tier1_seen_conditions,CVCL_1478,plate7,Imiquimod (maleate),12,12,12,0.12516102688211816,0.13930348258706468,False,0.32432432432432434
tier1_seen_conditions,CVCL_1478,plate7,Adagrasib,27,27,12,-0.05237396614435319,0.6915422885572139,False,1.0
tier1_seen_conditions,CVCL_1478,plate7,Sulfatinib,12,12,12,-0.06524540713420812,0.681592039800995,False,0.1891891891891892
tier1_seen_conditions,CVCL_1478,plate7,Ferulic acid,19,19,12,0.12459021264047365,0.11940298507462686,False,0.6486486486486487
tier1_seen_conditions,CVCL_1478,plate7,Rifaximin,19,19,12,0.05889994870778459,0.2835820895522388,False,0.7027027027027027
tier1_seen_conditions,CVCL_1478,plate7,Glycyrrhizic acid,14,14,12,0.06694048653403151,0.24875621890547264,False,0.4864864864864865
tier1_seen_conditions,CVCL_1478,plate7,Niclosamide (olamine),20,20,12,-0.01410949436328579,0.5174129353233831,False,0.9459459459459459
tier1_seen_conditions,CVCL_1478,plate7,Tolmetin,16,16,12,0.12363036319162823,0.08955223880597014,False,0.43243243243243246
tier1_seen_conditions,CVCL_1478,plate7,Entecavir (monohydrate),12,12,12,0.08756879331539302,0.21890547263681592,False,0.24324324324324326
tier1_seen_conditions,CVCL_1478,plate7,Sildenafil,19,19,12,0.45391741189229684,0.03482587064676617,True,0.7837837837837838
tier1_seen_conditions,CVCL_1478,plate7,Dimethyl fumarate,15,15,12,0.03465156719235196,0.31343283582089554,False,0.24324324324324326
tier1_seen_conditions,CVCL_0366,plate7,Cytarabine,24,24,12,0.05479942246936176,0.25870646766169153,False,0.9722222222222222
tier1_seen_conditions,CVCL_0366,plate7,Afatinib,25,25,12,-0.05450021654819537,0.6766169154228856,False,0.9722222222222222
tier1_seen_conditions,CVCL_0366,plate7,Lucanthone,19,19,12,0.2221119270970533,0.05970149253731343,False,0.8888888888888888
tier1_seen_conditions,CVCL_0366,plate7,Trametinib (DMSO_TF solvate),20,20,12,0.19401864393253376,0.04477611940298507,True,0.8888888888888888
tier1_seen_conditions,CVCL_0366,plate7,Rutin (trihydrate),29,29,12,0.17722309899756183,0.04975124378109453,True,1.0
tier1_seen_conditions,CVCL_0366,plate7,Silodosin,13,13,12,0.05933044670191023,0.19900497512437812,False,0.4444444444444444
tier1_seen_conditions,CVCL_0366,plate7,Nevirapine,18,18,12,-0.06180278162122832,0.7014925373134329,False,0.8055555555555556
tier1_seen_conditions,CVCL_0366,plate7,Hesperidin,22,22,12,0.15149312863498388,0.1044776119402985,False,1.0
tier1_seen_conditions,CVCL_0366,plate7,Mebendazole,13,13,12,-0.09763560931283521,0.8407960199004975,False,0.5
tier1_seen_conditions,CVCL_0366,plate7,Rosiglitazone,14,14,12,-0.019243253541183947,0.4925373134328358,False,0.6666666666666666
tier1_seen_conditions,CVCL_0366,plate7,Quinidine (15% dihydroquinidine),17,17,12,0.0653652772782749,0.17412935323383086,False,0.6666666666666666
tier1_seen_conditions,CVCL_0366,plate7,Bisoprolol (hemifumarate),23,23,12,0.17691017456777658,0.04477611940298507,True,1.0
tier1_seen_conditions,CVCL_0366,plate7,Bendamustine,14,14,12,0.0930725481425636,0.1890547263681592,False,0.3055555555555556
tier1_seen_conditions,CVCL_0366,plate7,Rifaximin,20,20,12,-0.004404379772520173,0.472636815920398,False,0.9166666666666666
tier1_seen_conditions,CVCL_0366,plate7,Sulfatinib,18,18,12,-0.08034081897170786,0.835820895522388,False,0.7777777777777778
tier1_seen_conditions,CVCL_0366,plate7,Arbutin,15,15,12,0.10877554234708953,0.16417910447761194,False,0.75
tier1_seen_conditions,CVCL_0366,plate7,Verapamil,29,29,12,0.06260084307499802,0.2835820895522388,False,1.0
tier1_seen_conditions,CVCL_0366,plate7,Doxorubicin (hydrochloride),19,19,12,-0.06028586266143954,0.6965174129353234,False,0.6388888888888888
tier1_seen_conditions,CVCL_0366,plate7,Tolmetin,22,22,12,0.08628565352069728,0.22885572139303484,False,0.8888888888888888
tier1_seen_conditions,CVCL_0366,plate7,Adagrasib,27,27,12,0.08872232160062055,0.22885572139303484,False,0.9166666666666666
tier1_seen_conditions,CVCL_0366,plate7,Posaconazole,17,17,12,0.12131552430861525,0.12437810945273632,False,0.5555555555555556
tier1_seen_conditions,CVCL_0366,plate7,Daidzin,17,17,12,0.17945128226089757,0.0945273631840796,False,0.5555555555555556
tier1_seen_conditions,CVCL_0366,plate7,Fumaric acid,12,12,12,0.12146146133844127,0.14925373134328357,False,0.4166666666666667
tier1_seen_conditions,CVCL_1635,plate7,Bosentan (hydrate),21,21,12,0.24253809992000264,0.014925373134328358,True,0.9019607843137255
tier1_seen_conditions,CVCL_1635,plate7,Bestatin,23,23,12,0.12649084336259442,0.15422885572139303,False,0.7254901960784313
tier1_seen_conditions,CVCL_1635,plate7,Tadalafil,29,29,12,0.08901293968373025,0.14925373134328357,False,0.803921568627451
tier1_seen_conditions,CVCL_1635,plate7,Belumosudil,22,22,12,0.31423102645318046,0.009950248756218905,True,0.6666666666666666
tier1_seen_conditions,CVCL_1635,plate7,Flumatinib (mesylate),28,28,12,0.02602942682175069,0.38308457711442784,False,0.9803921568627451
tier1_seen_conditions,CVCL_1635,plate7,Cytarabine,22,22,12,0.5884893809931793,0.004975124378109453,True,0.8235294117647058
tier1_seen_conditions,CVCL_1635,plate7,Afatinib,23,23,12,0.10000278823040709,0.11442786069651742,False,0.8235294117647058
tier1_seen_conditions,CVCL_1635,plate7,Lucanthone,29,29,12,0.48401405799571506,0.004975124378109453,True,1.0
tier1_seen_conditions,CVCL_1635,plate7,Trametinib (DMSO_TF solvate),29,29,12,0.6992390952195215,0.004975124378109453,True,1.0
tier1_seen_conditions,CVCL_1635,plate7,Erlotinib,24,24,12,0.24689958684718682,0.004975124378109453,True,0.9411764705882353
tier1_seen_conditions,CVCL_1635,plate7,Pexidartinib (hydrochloride),21,21,12,0.447125552211185,0.009950248756218905,True,0.9411764705882353
tier1_seen_conditions,CVCL_1635,plate7,Diphenhydramine,13,13,12,0.23323359441640257,0.03482587064676617,True,0.13725490196078433
tier1_seen_conditions,CVCL_1635,plate7,Cobimetinib,19,19,12,0.21343912648535301,0.03482587064676617,True,0.3333333333333333
tier1_seen_conditions,CVCL_1635,plate7,Silodosin,13,13,12,0.1779379724216863,0.014925373134328358,True,0.13725490196078433
tier1_seen_conditions,CVCL_1635,plate7,Ligustrazine,20,20,12,0.43628665388857435,0.009950248756218905,True,0.5882352941176471
tier1_seen_conditions,CVCL_1635,plate7,Thymopentin,24,24,12,0.10837608011406985,0.11442786069651742,False,0.8431372549019608
tier1_seen_conditions,CVCL_1635,plate7,Hesperidin,22,22,12,0.037155046452314267,0.3333333333333333,False,0.5686274509803921
tier1_seen_conditions,CVCL_1635,plate7,Mebendazole,20,20,12,-0.05252763689226292,0.7412935323383084,False,0.8431372549019608
tier1_seen_conditions,CVCL_1635,plate7,Levobupivacaine (hydrochloride),18,18,12,0.1474897361783789,0.05970149253731343,False,0.7450980392156863
tier1_seen_conditions,CVCL_1635,plate7,Quinidine (15% dihydroquinidine),19,19,12,0.06731296491998506,0.22388059701492538,False,0.5882352941176471
tier1_seen_conditions,CVCL_1635,plate7,Verapamil,24,24,12,0.10993487457828799,0.11940298507462686,False,0.8431372549019608
tier1_seen_conditions,CVCL_1635,plate7,Ferulic acid,28,28,12,-0.10410091057349291,0.9054726368159204,False,0.9803921568627451
tier1_seen_conditions,CVCL_1635,plate7,Pemetrexed,28,28,12,0.013585902995691512,0.4577114427860697,False,1.0
tier1_seen_conditions,CVCL_1635,plate7,Fluvoxamine,27,27,12,0.1588876270826063,0.05970149253731343,False,0.9411764705882353
tier1_seen_conditions,CVCL_1635,plate7,Rifaximin,23,23,12,0.033215250725518786,0.3283582089552239,False,0.8431372549019608
tier1_seen_conditions,CVCL_1635,plate7,Doxorubicin (hydrochloride),23,23,12,0.03670738653526229,0.32338308457711445,False,0.8627450980392157
tier1_seen_conditions,CVCL_1635,plate7,Glycyrrhizic acid,16,16,12,-0.08371398895949689,0.8855721393034826,False,0.7647058823529411
tier1_seen_conditions,CVCL_1635,plate7,Adagrasib,28,28,12,0.1764939624575721,0.04975124378109453,True,0.7647058823529411
tier1_seen_conditions,CVCL_1635,plate7,Sulfatinib,13,13,12,0.25413826523367433,0.024875621890547265,True,0.19607843137254902
tier1_seen_conditions,CVCL_1635,plate7,Arbutin,18,18,12,0.08004549601549371,0.14925373134328357,False,0.5882352941176471
tier1_seen_conditions,CVCL_1635,plate7,Bisoprolol (hemifumarate),26,26,12,0.005254362630752851,0.43283582089552236,False,1.0
tier1_seen_conditions,CVCL_1635,plate7,Cytarabine (hydrochloride),27,27,12,0.1276891552392776,0.06965174129353234,False,0.9607843137254902
tier1_seen_conditions,CVCL_1635,plate7,Bendamustine,20,20,12,0.11817936693951658,0.13432835820895522,False,0.7450980392156863
tier1_seen_conditions,CVCL_1635,plate7,Clofarabine,19,19,12,0.019729578675615755,0.4228855721393035,False,0.45098039215686275
tier1_seen_conditions,CVCL_1635,plate7,Tranilast,18,18,12,0.17041470568745964,0.029850746268656716,True,0.6862745098039216
tier1_seen_conditions,CVCL_1635,plate7,Macitentan,20,20,12,0.2786172428307303,0.009950248756218905,True,0.49019607843137253
tier1_seen_conditions,CVCL_1635,plate7,Mifepristone,13,13,12,0.05042215342398393,0.27860696517412936,False,0.19607843137254902
tier1_seen_conditions,CVCL_1635,plate7,Apalutamide,15,15,12,0.1868203317768895,0.05970149253731343,False,0.29411764705882354
tier1_seen_conditions,CVCL_1635,plate7,Niclosamide (olamine),15,15,12,0.07247744347513674,0.208955223880597,False,0.37254901960784315
tier1_seen_conditions,CVCL_1635,plate7,Peretinoin,16,16,12,0.21126858940439064,0.009950248756218905,True,0.4117647058823529
tier1_seen_conditions,CVCL_1635,plate7,Posaconazole,23,23,12,0.19572710382372627,0.01990049751243781,True,0.9215686274509803
tier1_seen_conditions,CVCL_1635,plate7,Entecavir (monohydrate),15,15,12,-0.007046661647150287,0.527363184079602,False,0.5294117647058824
tier1_seen_conditions,CVCL_1635,plate7,Sildenafil,13,13,12,0.2541948359889865,0.004975124378109453,True,0.4117647058823529
tier1_seen_conditions,CVCL_1098,plate7,Lucanthone,21,21,12,0.1736152754122049,0.11442786069651742,False,1.0
tier1_seen_conditions,CVCL_0334,plate7,Bosentan (hydrate),29,29,12,0.057992112431932696,0.24875621890547264,False,0.9272727272727272
tier1_seen_conditions,CVCL_0334,plate7,Bestatin,27,27,12,0.015192291448519413,0.44776119402985076,False,0.8181818181818182
tier1_seen_conditions,CVCL_0334,plate7,Belumosudil,29,29,12,-0.07886353892975606,0.7960199004975125,False,0.9272727272727272
tier1_seen_conditions,CVCL_0334,plate7,Flumatinib (mesylate),26,26,12,0.17178860604298585,0.05472636815920398,False,0.38181818181818183
tier1_seen_conditions,CVCL_0334,plate7,Cytarabine,28,28,12,-0.03797685492188485,0.582089552238806,False,0.5636363636363636
tier1_seen_conditions,CVCL_0334,plate7,Afatinib,28,28,12,-0.05127784841473648,0.6865671641791045,False,0.9272727272727272
tier1_seen_conditions,CVCL_0334,plate7,Lucanthone,23,23,12,0.1636601986777464,0.05970149253731343,False,0.8
tier1_seen_conditions,CVCL_0334,plate7,Trametinib (DMSO_TF solvate),25,25,12,0.04214820205274705,0.25870646766169153,False,0.8909090909090909
tier1_seen_conditions,CVCL_0334,plate7,Benproperine (phosphate),28,28,12,-0.02946744461127615,0.5572139303482587,False,0.9818181818181818
tier1_seen_conditions,CVCL_0334,plate7,Erlotinib,27,27,12,0.11867014354829486,0.11940298507462686,False,1.0
tier1_seen_conditions,CVCL_0334,plate7,(S)-Crizotinib,23,23,12,-0.12176160031906136,0.900497512437811,False,0.45454545454545453
tier1_seen_conditions,CVCL_0334,plate7,Rutin (trihydrate),25,25,12,-0.029445472697455344,0.5671641791044776,False,0.509090909090909
tier1_seen_conditions,CVCL_0334,plate7,Pexidartinib (hydrochloride),28,28,12,-0.05122268274320341,0.7064676616915423,False,0.8
tier1_seen_conditions,CVCL_0334,plate7,Tirabrutinib,28,28,12,0.2138766235567413,0.03482587064676617,True,0.9636363636363636
tier1_seen_conditions,CVCL_0334,plate7,Diphenhydramine,17,17,12,0.05142153377329706,0.22885572139303484,False,0.5636363636363636
tier1_seen_conditions,CVCL_0334,plate7,Sacubitril/Valsartan,13,13,12,0.05664219430781614,0.2736318407960199,False,0.10909090909090909
tier1_seen_conditions,CVCL_0334,plate7,Pitavastatin (Calcium),17,17,12,-0.040524894720036286,0.6268656716417911,False,0.10909090909090909
tier1_seen_conditions,CVCL_0334,plate7,Simotinib,12,12,12,0.06429315312546358,0.26865671641791045,False,0.23636363636363636
tier1_seen_conditions,CVCL_0334,plate7,Procainamide (hydrochloride),15,15,12,0.09170930539564637,0.11442786069651742,False,0.3090909090909091
tier1_seen_conditions,CVCL_0334,plate7,Silodosin,27,27,12,0.09346949047973929,0.18407960199004975,False,0.6363636363636364
tier1_seen_conditions,CVCL_0334,plate7,Cilostazol,21,21,12,0.009001155687956341,0.39303482587064675,False,0.43636363636363634
tier1_seen_conditions,CVCL_0334,plate7,Dorzolamide (hydrochloride),15,15,12,0.0021303402075236733,0.47761194029850745,False,0.18181818181818182
tier1_seen_conditions,CVCL_0334,plate7,Roxadustat,21,21,12,0.10227047682054646,0.15422885572139303,False,0.45454545454545453
tier1_seen_conditions,CVCL_0334,plate7,Ligustrazine,26,26,12,0.04539788247746124,0.2736318407960199,False,0.2727272727272727
tier1_seen_conditions,CVCL_0334,plate7,Thymopentin,25,25,12,0.08128463174141132,0.23383084577114427,False,0.7818181818181819
tier1_seen_conditions,CVCL_0334,plate7,Hesperidin,28,28,12,-0.036023803077165795,0.6019900497512438,False,0.9818181818181818
tier1_seen_conditions,CVCL_0334,plate7,Levobupivacaine (hydrochloride),29,29,12,-0.026871691719385637,0.5970149253731343,False,0.2545454545454545
tier1_seen_conditions,CVCL_0334,plate7,Verapamil,28,28,12,0.11569148606724511,0.14925373134328357,False,0.8727272727272727
tier1_seen_conditions,CVCL_0334,plate7,Penfluridol,26,26,12,-0.06222255969959711,0.6218905472636815,False,0.6727272727272727
tier1_seen_conditions,CVCL_0334,plate7,Ferulic acid,22,22,12,-0.033177718759660024,0.6368159203980099,False,0.5272727272727272
tier1_seen_conditions,CVCL_0334,plate7,Pemetrexed,28,28,12,0.053026917416028496,0.21393034825870647,False,0.8909090909090909
tier1_seen_conditions,CVCL_0334,plate7,Fluvoxamine,27,27,12,-0.12619452269135323,0.9552238805970149,False,0.7090909090909091
tier1_seen_conditions,CVCL_0334,plate7,Cytarabine (hydrochloride),27,27,12,0.06376755369205966,0.21393034825870647,False,0.45454545454545453
tier1_seen_conditions,CVCL_0334,plate7,Altretamine,28,28,12,0.14347933473702312,0.06965174129353234,False,0.9636363636363636
tier1_seen_conditions,CVCL_0334,plate7,Rifaximin,28,28,12,-0.07242531282997078,0.7761194029850746,False,0.7454545454545455
tier1_seen_conditions,CVCL_0334,plate7,Doxorubicin (hydrochloride),26,26,12,-0.0583704459371539,0.6218905472636815,False,0.8545454545454545
tier1_seen_conditions,CVCL_0334,plate7,Menadione,13,13,12,0.06826250251181953,0.22388059701492538,False,0.16363636363636364
tier1_seen_conditions,CVCL_0334,plate7,Imiquimod (maleate),25,25,12,0.016382770446879746,0.43283582089552236,False,0.8181818181818182
tier1_seen_conditions,CVCL_0334,plate7,Clofarabine,27,27,12,0.03745214602929714,0.3383084577114428,False,0.38181818181818183
tier1_seen_conditions,CVCL_0334,plate7,Adagrasib,26,26,12,0.2869778213891667,0.004975124378109453,True,0.9636363636363636
tier1_seen_conditions,CVCL_0334,plate7,Bendamustine,29,29,12,0.07970559196142446,0.19402985074626866,False,0.6
tier1_seen_conditions,CVCL_0334,plate7,Macitentan,29,29,12,-0.02729816920135697,0.5572139303482587,False,0.9818181818181818
tier1_seen_conditions,CVCL_0334,plate7,Mifepristone,12,12,12,-0.0069267058532567205,0.48756218905472637,False,0.16363636363636364
tier1_seen_conditions,CVCL_0334,plate7,Apalutamide,19,19,12,-0.012129110202401705,0.5223880597014925,False,0.45454545454545453
tier1_seen_conditions,CVCL_0334,plate7,Niclosamide (olamine),27,27,12,-0.057673615050855886,0.6865671641791045,False,0.8
tier1_seen_conditions,CVCL_0334,plate7,Peretinoin,29,29,12,0.11150476285473587,0.14925373134328357,False,1.0
tier1_seen_conditions,CVCL_0334,plate7,Tolmetin,29,29,12,0.03426551856942872,0.3383084577114428,False,1.0
tier1_seen_conditions,CVCL_0334,plate7,Posaconazole,28,28,12,0.016462557058467553,0.39800995024875624,False,0.8
tier1_seen_conditions,CVCL_0334,plate7,Entecavir (monohydrate),29,29,12,0.0002450632968162836,0.4427860696517413,False,1.0
tier1_seen_conditions,CVCL_0334,plate7,Sildenafil,28,28,12,0.011274071409374642,0.39800995024875624,False,0.9454545454545454
tier1_seen_conditions,CVCL_0334,plate7,Dimethyl fumarate,24,24,12,0.05771981356285316,0.23880597014925373,False,0.5636363636363636
tier1_seen_conditions,CVCL_0334,plate7,Fumaric acid,25,25,12,0.08512826058947631,0.23383084577114427,False,0.6909090909090909
tier1_seen_conditions,CVCL_0069,plate7,Bestatin,18,18,12,-0.042161970538078464,0.6417910447761194,False,0.8095238095238095
tier1_seen_conditions,CVCL_0069,plate7,Belumosudil,21,21,12,-0.041278842427995954,0.6865671641791045,False,0.9285714285714286
tier1_seen_conditions,CVCL_0069,plate7,Afatinib,25,25,12,0.022071425238522124,0.3681592039800995,False,1.0
tier1_seen_conditions,CVCL_0069,plate7,Lucanthone,27,27,12,0.15085059223123665,0.08955223880597014,False,0.9761904761904762
tier1_seen_conditions,CVCL_0069,plate7,Trametinib (DMSO_TF solvate),27,27,12,0.10986949426952819,0.15920398009950248,False,1.0
tier1_seen_conditions,CVCL_0069,plate7,Benproperine (phosphate),17,17,12,-0.03659871749924726,0.6616915422885572,False,0.6428571428571429
tier1_seen_conditions,CVCL_0069,plate7,Erlotinib,20,20,12,-0.07230988970227159,0.7412935323383084,False,0.6428571428571429
tier1_seen_conditions,CVCL_0069,plate7,Rutin (trihydrate),28,28,12,-0.019272164860414165,0.5174129353233831,False,0.9761904761904762
tier1_seen_conditions,CVCL_0069,plate7,Pexidartinib (hydrochloride),16,16,12,-0.031088456912820917,0.5870646766169154,False,0.38095238095238093
tier1_seen_conditions,CVCL_0069,plate7,Tirabrutinib,16,16,12,-0.03619792395084431,0.6019900497512438,False,0.9047619047619048
tier1_seen_conditions,CVCL_0069,plate7,Cilostazol,16,16,12,0.023608556751760545,0.38308457711442784,False,0.47619047619047616
tier1_seen_conditions,CVCL_0069,plate7,Ligustrazine,13,13,12,0.14662775389326832,0.0845771144278607,False,0.30952380952380953
tier1_seen_conditions,CVCL_0069,plate7,Hesperidin,20,20,12,0.06920500663295748,0.2835820895522388,False,0.9523809523809523
tier1_seen_conditions,CVCL_0069,plate7,Mebendazole,13,13,12,-0.02108758632716956,0.5870646766169154,False,0.4523809523809524
tier1_seen_conditions,CVCL_0069,plate7,Levobupivacaine (hydrochloride),26,26,12,0.04420726009831455,0.32338308457711445,False,1.0
tier1_seen_conditions,CVCL_0069,plate7,Quinidine (15% dihydroquinidine),17,17,12,-0.02391217858014194,0.5572139303482587,False,0.7857142857142857
tier1_seen_conditions,CVCL_0069,plate7,Verapamil,14,14,12,0.15503929354004597,0.06467661691542288,False,0.8333333333333334
tier1_seen_conditions,CVCL_0069,plate7,Ferulic acid,22,22,12,-0.017308739283549812,0.5472636815920398,False,0.8571428571428571
tier1_seen_conditions,CVCL_0069,plate7,Pemetrexed,25,25,12,-0.011477214836249416,0.5223880597014925,False,1.0
tier1_seen_conditions,CVCL_0069,plate7,Cytarabine (hydrochloride),22,22,12,-0.1665526907949797,0.9800995024875622,False,0.7619047619047619
tier1_seen_conditions,CVCL_0069,plate7,Doxorubicin (hydrochloride),16,16,12,-0.04709444577778399,0.7114427860696517,False,0.6666666666666666
tier1_seen_conditions,CVCL_0069,plate7,Clofarabine,13,13,12,-0.040806018622202345,0.6218905472636815,False,0.2619047619047619
tier1_seen_conditions,CVCL_0069,plate7,Adagrasib,24,24,12,-0.19692490939342733,0.9850746268656716,False,0.9761904761904762
tier1_seen_conditions,CVCL_0069,plate7,Sulfatinib,19,19,12,-0.05034383463017633,0.6417910447761194,False,0.8333333333333334
tier1_seen_conditions,CVCL_0069,plate7,Altretamine,16,16,12,0.03136938707669579,0.26865671641791045,False,0.6666666666666666
tier1_seen_conditions,CVCL_0069,plate7,Rifaximin,24,24,12,0.07699854883057355,0.1691542288557214,False,0.9523809523809523
tier1_seen_conditions,CVCL_0069,plate7,Macitentan,14,14,12,-0.011848848435048964,0.5621890547263682,False,0.4523809523809524
tier1_seen_conditions,CVCL_0069,plate7,Apalutamide,13,13,12,0.08197318398994113,0.16417910447761194,False,0.2857142857142857
tier1_seen_conditions,CVCL_0069,plate7,Niclosamide (olamine),18,18,12,-0.1153856589532598,0.8507462686567164,False,0.8571428571428571
tier1_seen_conditions,CVCL_0069,plate7,Peretinoin,18,18,12,0.13446191160483423,0.13432835820895522,False,0.9761904761904762
tier1_seen_conditions,CVCL_0069,plate7,Tolmetin,20,20,12,-0.07334745118053654,0.7562189054726368,False,1.0
tier1_seen_conditions,CVCL_0069,plate7,Dimethyl fumarate,12,12,12,-0.18660773793409113,0.9850746268656716,False,0.30952380952380953
tier1_seen_conditions,CVCL_0069,plate7,Daidzin,17,17,12,0.029667902444112215,0.3333333333333333,False,0.5238095238095238
tier1_seen_conditions,CVCL_1717,plate7,Bestatin,16,16,12,0.1343771612024085,0.10945273631840796,False,0.875
tier1_seen_conditions,CVCL_1717,plate7,Tadalafil,15,15,12,0.32645834472791435,0.01990049751243781,True,0.4166666666666667
tier1_seen_conditions,CVCL_1717,plate7,Flumatinib (mesylate),25,25,12,0.4912459993217091,0.014925373134328358,True,0.875
tier1_seen_conditions,CVCL_1717,plate7,Cytarabine,21,21,12,0.5656607937756135,0.004975124378109453,True,0.4791666666666667
tier1_seen_conditions,CVCL_1717,plate7,Lucanthone,29,29,12,0.4528177239736131,0.004975124378109453,True,0.9791666666666666
tier1_seen_conditions,CVCL_1717,plate7,Trametinib (DMSO_TF solvate),27,27,12,0.34426550324496574,0.009950248756218905,True,0.9791666666666666
tier1_seen_conditions,CVCL_1717,plate7,Benproperine (phosphate),19,19,12,0.649990376576314,0.009950248756218905,True,0.8541666666666666
tier1_seen_conditions,CVCL_1717,plate7,Erlotinib,23,23,12,0.4510924142996693,0.004975124378109453,True,0.8125
tier1_seen_conditions,CVCL_1717,plate7,(S)-Crizotinib,22,22,12,0.3505903574845508,0.004975124378109453,True,0.9375
tier1_seen_conditions,CVCL_1717,plate7,Rutin (trihydrate),22,22,12,0.6738046051999635,0.004975124378109453,True,0.7708333333333334
tier1_seen_conditions,CVCL_1717,plate7,Pexidartinib (hydrochloride),20,20,12,0.3134347062893603,0.03482587064676617,True,0.3958333333333333
tier1_seen_conditions,CVCL_1717,plate7,Tirabrutinib,24,24,12,0.7208226773943789,0.004975124378109453,True,0.9166666666666666
tier1_seen_conditions,CVCL_1717,plate7,Procainamide (hydrochloride),14,14,12,0.15855354081477202,0.04477611940298507,True,0.4375
tier1_seen_conditions,CVCL_1717,plate7,Decitabine,14,14,12,0.29870349051325995,0.009950248756218905,True,0.5416666666666666
tier1_seen_conditions,CVCL_1717,plate7,Thymopentin,17,17,12,0.3039123984683023,0.004975124378109453,True,0.6041666666666666
tier1_seen_conditions,CVCL_1717,plate7,Verapamil,15,15,12,0.3420363378473166,0.014925373134328358,True,0.4375
tier1_seen_conditions,CVCL_1717,plate7,Bisoprolol (hemifumarate),18,18,12,0.12847082430934087,0.09950248756218906,False,0.9166666666666666
tier1_seen_conditions,CVCL_1717,plate7,Ferulic acid,19,19,12,0.37027939443347435,0.004975124378109453,True,0.7083333333333334
tier1_seen_conditions,CVCL_1717,plate7,Pemetrexed,25,25,12,0.6889705808567808,0.004975124378109453,True,0.7916666666666666
tier1_seen_conditions,CVCL_1717,plate7,Fluvoxamine,19,19,12,0.20387126244531473,0.024875621890547265,True,0.7291666666666666
tier1_seen_conditions,CVCL_1717,plate7,Cytarabine (hydrochloride),25,25,12,0.23230567321163775,0.024875621890547265,True,0.9583333333333334
tier1_seen_conditions,CVCL_1717,plate7,Bendamustine,15,15,12,0.23103665687802533,0.03482587064676617,True,0.5
tier1_seen_conditions,CVCL_1717,plate7,Rifaximin,18,18,12,0.10907994372934482,0.13432835820895522,False,0.7916666666666666
tier1_seen_conditions,CVCL_1717,plate7,Clofarabine,17,17,12,0.5067454004618117,0.004975124378109453,True,0.5833333333333334
tier1_seen_conditions,CVCL_1717,plate7,Adagrasib,27,27,12,0.15525568849478688,0.07462686567164178,False,1.0
tier1_seen_conditions,CVCL_1717,plate7,Altretamine,19,19,12,0.31669765139632666,0.024875621890547265,True,0.7291666666666666
tier1_seen_conditions,CVCL_1717,plate7,Doxorubicin (hydrochloride),22,22,12,0.27375206684367726,0.024875621890547265,True,0.7291666666666666
tier1_seen_conditions,CVCL_1717,plate7,Arbutin,26,26,12,0.20476375339080555,0.03482587064676617,True,0.9791666666666666
tier1_seen_conditions,CVCL_1717,plate7,Apalutamide,15,15,12,0.12900894209283642,0.1044776119402985,False,0.5625
tier1_seen_conditions,CVCL_1717,plate7,Niclosamide (olamine),15,15,12,0.527523084714959,0.009950248756218905,True,0.4375
tier1_seen_conditions,CVCL_1717,plate7,Tolmetin,18,18,12,0.16939178666381594,0.06467661691542288,False,0.5208333333333334
tier1_seen_conditions,CVCL_1717,plate7,Entecavir (monohydrate),15,15,12,0.5726492417279871,0.009950248756218905,True,0.6875
tier1_seen_conditions,CVCL_1717,plate7,Sildenafil,14,14,12,0.5987471081594187,0.014925373134328358,True,0.2708333333333333
tier1_seen_conditions,CVCL_1717,plate7,Dimethyl fumarate,16,16,12,0.3722307314166713,0.004975124378109453,True,0.4583333333333333
tier1_seen_conditions,CVCL_0099,plate7,Belumosudil,22,22,12,-0.10151821091457691,0.8955223880597015,False,0.9655172413793104
tier1_seen_conditions,CVCL_0099,plate7,Lucanthone,22,22,12,0.02879352668391988,0.38308457711442784,False,0.8620689655172413
tier1_seen_conditions,CVCL_0099,plate7,Trametinib (DMSO_TF solvate),17,17,12,-0.0004079452048113552,0.5174129353233831,False,0.7241379310344828
tier1_seen_conditions,CVCL_0099,plate7,Rutin (trihydrate),28,28,12,0.028028686371703415,0.36318407960199006,False,1.0
tier1_seen_conditions,CVCL_0099,plate7,Pexidartinib (hydrochloride),13,13,12,-0.030134035498441847,0.5920398009950248,False,0.5862068965517241
tier1_seen_conditions,CVCL_0099,plate7,Procainamide (hydrochloride),13,13,12,-0.10917845105819701,0.9253731343283582,False,0.4827586206896552
tier1_seen_conditions,CVCL_0099,plate7,Levobupivacaine (hydrochloride),18,18,12,-0.02642772225604162,0.5920398009950248,False,0.7241379310344828
tier1_seen_conditions,CVCL_0099,plate7,Quinidine (15% dihydroquinidine),12,12,12,-0.04900145337998296,0.7263681592039801,False,0.5517241379310345
tier1_seen_conditions,CVCL_0099,plate7,Penfluridol,16,16,12,-0.09307414289585836,0.8258706467661692,False,0.6206896551724138
tier1_seen_conditions,CVCL_0099,plate7,Pemetrexed,14,14,12,0.033365450736827285,0.31840796019900497,False,0.6551724137931034
tier1_seen_conditions,CVCL_0099,plate7,Altretamine,16,16,12,-0.11195136970791886,0.9203980099502488,False,0.6896551724137931
tier1_seen_conditions,CVCL_0099,plate7,Clofarabine,16,16,12,-0.043182210122120424,0.6368159203980099,False,0.8620689655172413
tier1_seen_conditions,CVCL_0099,plate7,Fluvoxamine,16,16,12,-0.00018344066012687676,0.5124378109452736,False,0.896551724137931
tier1_seen_conditions,CVCL_0099,plate7,Rifaximin,14,14,12,-0.05580777903596079,0.7412935323383084,False,0.5862068965517241
tier1_seen_conditions,CVCL_0099,plate7,Niclosamide (olamine),12,12,12,-0.09398825707081215,0.9104477611940298,False,0.5172413793103449
tier1_seen_conditions,CVCL_0099,plate7,Adagrasib,29,29,12,-0.17024227100134226,0.9900497512437811,False,1.0
tier1_seen_conditions,CVCL_0099,plate7,Posaconazole,16,16,12,-0.11111594610738251,0.9253731343283582,False,0.6551724137931034
tier1_seen_conditions,CVCL_1055,plate7,Bestatin,18,18,12,0.32867645315344163,0.04477611940298507,True,0.6923076923076923
tier1_seen_conditions,CVCL_1055,plate7,Tadalafil,18,18,12,0.08355016404998494,0.17412935323383086,False,0.5384615384615384
tier1_seen_conditions,CVCL_1055,plate7,Belumosudil,26,26,12,-0.04520704638083117,0.6766169154228856,False,0.9230769230769231
tier1_seen_conditions,CVCL_1055,plate7,Cytarabine,26,26,12,0.6115701628970243,0.009950248756218905,True,1.0
tier1_seen_conditions,CVCL_1055,plate7,Lucanthone,29,29,12,0.8618577642656753,0.004975124378109453,True,1.0
tier1_seen_conditions,CVCL_1055,plate7,Erlotinib,28,28,12,0.20682743811510385,0.07462686567164178,False,1.0
tier1_seen_conditions,CVCL_1055,plate7,(S)-Crizotinib,23,23,12,0.42228873796226196,0.009950248756218905,True,0.7948717948717948
tier1_seen_conditions,CVCL_1055,plate7,Pexidartinib (hydrochloride),23,23,12,0.3932264825661367,0.024875621890547265,True,0.9743589743589743
tier1_seen_conditions,CVCL_1055,plate7,Diphenhydramine,12,12,12,0.23783241760673945,0.009950248756218905,True,0.38461538461538464
tier1_seen_conditions,CVCL_1055,plate7,Cilostazol,13,13,12,0.2159845272867269,0.05970149253731343,False,0.38461538461538464
tier1_seen_conditions,CVCL_1055,plate7,Dorzolamide (hydrochloride),14,14,12,-0.05344910430480887,0.6517412935323383,False,0.4358974358974359
tier1_seen_conditions,CVCL_1055,plate7,Thymopentin,13,13,12,-0.047262268244972816,0.7661691542288557,False,0.48717948717948717
tier1_seen_conditions,CVCL_1055,plate7,Hesperidin,19,19,12,-0.08343501167904499,0.8258706467661692,False,0.9487179487179487
tier1_seen_conditions,CVCL_1055,plate7,Levobupivacaine (hydrochloride),24,24,12,0.1320142556072046,0.0945273631840796,False,0.8974358974358975
tier1_seen_conditions,CVCL_1055,plate7,Rosiglitazone,19,19,12,-0.09849466261398909,0.8507462686567164,False,0.6410256410256411
tier1_seen_conditions,CVCL_1055,plate7,Verapamil,27,27,12,0.03165894348608944,0.2935323383084577,False,0.8717948717948718
tier1_seen_conditions,CVCL_1055,plate7,Bisoprolol (hemifumarate),18,18,12,0.06960118919616498,0.208955223880597,False,0.8974358974358975
tier1_seen_conditions,CVCL_1055,plate7,Cytarabine (hydrochloride),16,16,12,0.10352496543305634,0.16417910447761194,False,0.5128205128205128
tier1_seen_conditions,CVCL_1055,plate7,Bendamustine,13,13,12,0.14336371734558107,0.0945273631840796,False,0.3076923076923077
tier1_seen_conditions,CVCL_1055,plate7,Doxorubicin (hydrochloride),25,25,12,0.11849205729468792,0.0845771144278607,False,0.8717948717948718
tier1_seen_conditions,CVCL_1055,plate7,Sulfatinib,14,14,12,0.05731103897646861,0.22388059701492538,False,0.358974358974359
tier1_seen_conditions,CVCL_1055,plate7,Fluvoxamine,19,19,12,0.0821774661617507,0.19900497512437812,False,0.7435897435897436
tier1_seen_conditions,CVCL_1055,plate7,Rifaximin,20,20,12,-0.03255316989985246,0.6716417910447762,False,0.8461538461538461
tier1_seen_conditions,CVCL_1055,plate7,Imiquimod (maleate),17,17,12,0.1579096812458598,0.08955223880597014,False,0.5384615384615384
tier1_seen_conditions,CVCL_1055,plate7,Mifepristone,12,12,12,0.035804551737919965,0.31343283582089554,False,0.23076923076923078
tier1_seen_conditions,CVCL_1055,plate7,Peretinoin,21,21,12,0.04509556520705971,0.3034825870646766,False,0.8461538461538461
tier1_seen_conditions,CVCL_1055,plate7,Tolmetin,23,23,12,0.004361990025646634,0.43781094527363185,False,0.8461538461538461
tier1_seen_conditions,CVCL_1055,plate7,Adagrasib,27,27,12,-0.08214127909279156,0.736318407960199,False,1.0
tier1_seen_conditions,CVCL_1055,plate7,Posaconazole,13,13,12,0.19347709318873108,0.07462686567164178,False,0.38461538461538464
tier1_seen_conditions,CVCL_1055,plate7,Sildenafil,15,15,12,0.3395345885697001,0.06965174129353234,False,0.5128205128205128
tier1_seen_conditions,CVCL_1055,plate7,Dimethyl fumarate,13,13,12,-0.006323530300367253,0.47761194029850745,False,0.23076923076923078
tier1_seen_conditions,CVCL_1495,plate7,Bestatin,15,15,12,-0.03704059493107792,0.6268656716417911,False,0.14
tier1_seen_conditions,CVCL_1495,plate7,Tadalafil,29,29,12,0.0873875105274795,0.1791044776119403,False,1.0
tier1_seen_conditions,CVCL_1495,plate7,Belumosudil,29,29,12,-0.04633722626412862,0.7263681592039801,False,1.0
tier1_seen_conditions,CVCL_1495,plate7,Lucanthone,29,29,12,0.30440612859277394,0.004975124378109453,True,0.94
tier1_seen_conditions,CVCL_1495,plate7,Trametinib (DMSO_TF solvate),28,28,12,0.3280684906235294,0.004975124378109453,True,0.94
tier1_seen_conditions,CVCL_1495,plate7,Benproperine (phosphate),25,25,12,0.3547572017893188,0.014925373134328358,True,0.72
tier1_seen_conditions,CVCL_1495,plate7,Erlotinib,23,23,12,0.18939198679778357,0.01990049751243781,True,0.78
tier1_seen_conditions,CVCL_1495,plate7,Rutin (trihydrate),29,29,12,0.2518347511712875,0.009950248756218905,True,0.96
tier1_seen_conditions,CVCL_1495,plate7,Pexidartinib (hydrochloride),16,16,12,0.06257274776575095,0.263681592039801,False,0.56
tier1_seen_conditions,CVCL_1495,plate7,Tirabrutinib,23,23,12,0.5991512666638581,0.004975124378109453,True,0.96
tier1_seen_conditions,CVCL_1495,plate7,Cobimetinib,21,21,12,0.10141277581971408,0.07960199004975124,False,0.54
tier1_seen_conditions,CVCL_1495,plate7,Simotinib,24,24,12,-0.06270330924021827,0.7611940298507462,False,0.96
tier1_seen_conditions,CVCL_1495,plate7,Silodosin,14,14,12,0.07787211783662507,0.20398009950248755,False,0.36
tier1_seen_conditions,CVCL_1495,plate7,Nevirapine,19,19,12,0.05136102136477305,0.25870646766169153,False,0.9
tier1_seen_conditions,CVCL_1495,plate7,Cilostazol,15,15,12,-0.008713838505681082,0.5373134328358209,False,0.18
tier1_seen_conditions,CVCL_1495,plate7,Dorzolamide (hydrochloride),12,12,12,0.17806026897177496,0.04975124378109453,True,0.46
tier1_seen_conditions,CVCL_1495,plate7,Ligustrazine,18,18,12,-0.03603221373658272,0.6567164179104478,False,0.78
tier1_seen_conditions,CVCL_1495,plate7,Thymopentin,12,12,12,0.030541126036446542,0.32338308457711445,False,0.2
tier1_seen_conditions,CVCL_1495,plate7,Mebendazole,22,22,12,0.10542550028465492,0.12437810945273632,False,0.98
tier1_seen_conditions,CVCL_1495,plate7,Betamethasone dipropionate,14,14,12,0.1797087681669769,0.03980099502487562,True,0.48
tier1_seen_conditions,CVCL_1495,plate7,Levobupivacaine (hydrochloride),19,19,12,-0.03268880953308262,0.6268656716417911,False,0.32
tier1_seen_conditions,CVCL_1495,plate7,Quinidine (15% dihydroquinidine),26,26,12,0.05983246442943546,0.24378109452736318,False,0.9
tier1_seen_conditions,CVCL_1495,plate7,Verapamil,20,20,12,0.05002948877768887,0.19900497512437812,False,0.82
tier1_seen_conditions,CVCL_1495,plate7,Bisoprolol (hemifumarate),26,26,12,0.2002049902338019,0.009950248756218905,True,0.96
tier1_seen_conditions,CVCL_1495,plate7,Pemetrexed,29,29,12,0.06688574349327858,0.19402985074626866,False,0.98
tier1_seen_conditions,CVCL_1495,plate7,Fluvoxamine,27,27,12,0.06133599472902773,0.21890547263681592,False,0.78
tier1_seen_conditions,CVCL_1495,plate7,Cytarabine (hydrochloride),28,28,12,0.26970872166868176,0.01990049751243781,True,0.98
tier1_seen_conditions,CVCL_1495,plate7,Doxorubicin (hydrochloride),27,27,12,0.028792908046709087,0.3383084577114428,False,0.96
tier1_seen_conditions,CVCL_1495,plate7,Glycyrrhizic acid,13,13,12,0.12913343805851518,0.05970149253731343,False,0.26
tier1_seen_conditions,CVCL_1495,plate7,Imiquimod (maleate),16,16,12,0.11351676640864206,0.11940298507462686,False,0.66
tier1_seen_conditions,CVCL_1495,plate7,Adagrasib,27,27,12,0.10813072396682344,0.07960199004975124,False,0.96
tier1_seen_conditions,CVCL_1495,plate7,Arbutin,15,15,12,0.16624601846739928,0.03482587064676617,True,0.48
tier1_seen_conditions,CVCL_1495,plate7,Penfluridol,29,29,12,0.09273643066766901,0.16417910447761194,False,0.98
tier1_seen_conditions,CVCL_1495,plate7,Ferulic acid,27,27,12,0.14851499503095944,0.0945273631840796,False,0.94
tier1_seen_conditions,CVCL_1495,plate7,Bendamustine,25,25,12,0.12581383387861145,0.07462686567164178,False,0.62
tier1_seen_conditions,CVCL_1495,plate7,Rifaximin,26,26,12,0.027945318964121668,0.3034825870646766,False,0.92
tier1_seen_conditions,CVCL_1495,plate7,Clofarabine,21,21,12,0.05101510861302039,0.32338308457711445,False,0.76
tier1_seen_conditions,CVCL_1495,plate7,Macitentan,21,21,12,0.19416761193471466,0.014925373134328358,True,0.82
tier1_seen_conditions,CVCL_1495,plate7,Apalutamide,12,12,12,0.07221470892916315,0.15422885572139303,False,0.3
tier1_seen_conditions,CVCL_1495,plate7,Niclosamide (olamine),21,21,12,-0.11205674666392795,0.9303482587064676,False,0.7
tier1_seen_conditions,CVCL_1495,plate7,Tolmetin,26,26,12,0.06079784955593759,0.263681592039801,False,0.8
tier1_seen_conditions,CVCL_1495,plate7,Posaconazole,14,14,12,0.06357835807014389,0.208955223880597,False,0.34
tier1_seen_conditions,CVCL_1495,plate7,Entecavir (monohydrate),14,14,12,0.13880525514410635,0.03482587064676617,True,0.3
tier1_seen_conditions,CVCL_1495,plate7,Sildenafil,15,15,12,0.141728845310519,0.07462686567164178,False,0.34
tier1_seen_conditions,CVCL_0292,plate7,Belumosudil,22,22,12,0.11105556362050528,0.14925373134328357,False,0.78125
tier1_seen_conditions,CVCL_0292,plate7,Flumatinib (mesylate),14,14,12,-0.0680841443779201,0.7810945273631841,False,0.625
tier1_seen_conditions,CVCL_0292,plate7,Trametinib (DMSO_TF solvate),29,29,12,0.12213353480460043,0.0845771144278607,False,1.0
tier1_seen_conditions,CVCL_0292,plate7,Benproperine (phosphate),22,22,12,0.1185714246010896,0.10945273631840796,False,1.0
tier1_seen_conditions,CVCL_0292,plate7,Erlotinib,13,13,12,0.13354922813325487,0.09950248756218906,False,0.53125
tier1_seen_conditions,CVCL_0292,plate7,Rutin (trihydrate),15,15,12,0.05626120781473709,0.24378109452736318,False,0.625
tier1_seen_conditions,CVCL_0292,plate7,Pexidartinib (hydrochloride),22,22,12,0.09221130303794389,0.19402985074626866,False,0.9375
tier1_seen_conditions,CVCL_0292,plate7,Tirabrutinib,15,15,12,-0.013887281199213675,0.5323383084577115,False,0.59375
tier1_seen_conditions,CVCL_0292,plate7,Ferulic acid,15,15,12,-0.012315666440841255,0.5323383084577115,False,0.71875
tier1_seen_conditions,CVCL_0292,plate7,Fluvoxamine,14,14,12,0.09983161174491784,0.12437810945273632,False,0.71875
tier1_seen_conditions,CVCL_0292,plate7,Cytarabine (hydrochloride),20,20,12,0.0494777800233237,0.22388059701492538,False,0.875
tier1_seen_conditions,CVCL_0292,plate7,Altretamine,12,12,12,-0.10376462910046413,0.8706467661691543,False,0.625
tier1_seen_conditions,CVCL_0292,plate7,Clofarabine,13,13,12,-0.06340865973383636,0.7761194029850746,False,0.40625
tier1_seen_conditions,CVCL_0292,plate7,Pemetrexed,21,21,12,-0.07996581742257547,0.835820895522388,False,0.75
tier1_seen_conditions,CVCL_0292,plate7,Adagrasib,22,22,12,-0.022835007169062393,0.5870646766169154,False,0.96875
tier1_seen_conditions,CVCL_0292,plate7,Daidzin,16,16,12,-0.06350828104405082,0.736318407960199,False,0.625
tier1_seen_conditions,CVCL_0397,plate7,Tadalafil,12,12,12,0.039209760856612874,0.29850746268656714,False,0.5277777777777778
tier1_seen_conditions,CVCL_0397,plate7,Cytarabine,19,19,12,0.05250063162133323,0.26865671641791045,False,0.75
tier1_seen_conditions,CVCL_0397,plate7,Afatinib,15,15,12,-0.08428544512190328,0.845771144278607,False,0.2777777777777778
tier1_seen_conditions,CVCL_0397,plate7,Lucanthone,25,25,12,0.3505517743564557,0.004975124378109453,True,0.9166666666666666
tier1_seen_conditions,CVCL_0397,plate7,Trametinib (DMSO_TF solvate),29,29,12,0.2657034070159856,0.01990049751243781,True,1.0
tier1_seen_conditions,CVCL_0397,plate7,Erlotinib,22,22,12,0.009560045439153342,0.4427860696517413,False,0.9444444444444444
tier1_seen_conditions,CVCL_0397,plate7,(S)-Crizotinib,18,18,12,0.03890534462150086,0.3283582089552239,False,0.7222222222222222
tier1_seen_conditions,CVCL_0397,plate7,Tirabrutinib,13,13,12,0.21004300945371668,0.05472636815920398,False,0.8888888888888888
tier1_seen_conditions,CVCL_0397,plate7,Procainamide (hydrochloride),13,13,12,0.21047971088896134,0.05970149253731343,False,0.5833333333333334
tier1_seen_conditions,CVCL_0397,plate7,Decitabine,13,13,12,-0.0255413932833104,0.6467661691542289,False,0.5833333333333334
tier1_seen_conditions,CVCL_0397,plate7,Mebendazole,12,12,12,0.00561729380732956,0.46766169154228854,False,0.6111111111111112
tier1_seen_conditions,CVCL_0397,plate7,Verapamil,23,23,12,-0.0340576539222468,0.6666666666666666,False,0.9444444444444444
tier1_seen_conditions,CVCL_0397,plate7,Bisoprolol (hemifumarate),21,21,12,0.07038410004461682,0.24378109452736318,False,0.8888888888888888
tier1_seen_conditions,CVCL_0397,plate7,Ferulic acid,19,19,12,0.027858052843100722,0.43781094527363185,False,0.75
tier1_seen_conditions,CVCL_0397,plate7,Fluvoxamine,20,20,12,0.01590818004051009,0.43781094527363185,False,0.9444444444444444
tier1_seen_conditions,CVCL_0397,plate7,Cytarabine (hydrochloride),21,21,12,0.05857619131277403,0.21890547263681592,False,0.9722222222222222
tier1_seen_conditions,CVCL_0397,plate7,Doxorubicin (hydrochloride),19,19,12,0.033734932786291694,0.32338308457711445,False,0.8055555555555556
tier1_seen_conditions,CVCL_0397,plate7,Menadione,12,12,12,-0.03585081839714199,0.5920398009950248,False,0.4722222222222222
tier1_seen_conditions,CVCL_0397,plate7,Arbutin,16,16,12,0.1217827699827172,0.07960199004975124,False,0.6388888888888888
tier1_seen_conditions,CVCL_0397,plate7,Penfluridol,23,23,12,-0.05736514517687574,0.7860696517412935,False,0.9166666666666666
tier1_seen_conditions,CVCL_0397,plate7,Rifaximin,22,22,12,0.0889123838756074,0.1791044776119403,False,0.7222222222222222
tier1_seen_conditions,CVCL_0397,plate7,Clofarabine,16,16,12,-0.08220912692199356,0.8159203980099502,False,0.5833333333333334
tier1_seen_conditions,CVCL_0397,plate7,Adagrasib,29,29,12,0.03313719660156522,0.3681592039800995,False,1.0
tier1_seen_conditions,CVCL_0397,plate7,Peretinoin,19,19,12,0.019939745755486626,0.3681592039800995,False,0.5555555555555556
tier1_seen_conditions,CVCL_0397,plate7,Tolmetin,21,21,12,0.1292685584152764,0.17412935323383086,False,0.5277777777777778
tier1_seen_conditions,CVCL_0397,plate7,Sildenafil,13,13,12,0.12367283123980677,0.12437810945273632,False,0.5
tier1_seen_conditions,CVCL_0397,plate7,Daidzin,14,14,12,0.19747763112193084,0.07462686567164178,False,0.7777777777777778
tier1_seen_conditions,CVCL_0152,plate7,Tadalafil,16,16,12,0.03275307217489676,0.3880597014925373,False,0.4878048780487805
tier1_seen_conditions,CVCL_0152,plate7,Belumosudil,29,29,12,0.0324716208916076,0.35323383084577115,False,1.0
tier1_seen_conditions,CVCL_0152,plate7,Lucanthone,25,25,12,0.12182011721485608,0.14925373134328357,False,0.9512195121951219
tier1_seen_conditions,CVCL_0152,plate7,Trametinib (DMSO_TF solvate),22,22,12,0.27916037732466314,0.03482587064676617,True,1.0
tier1_seen_conditions,CVCL_0152,plate7,Benproperine (phosphate),17,17,12,0.1070531981150129,0.15920398009950248,False,0.7560975609756098
tier1_seen_conditions,CVCL_0152,plate7,(S)-Crizotinib,21,21,12,0.12377119762317612,0.07960199004975124,False,0.8536585365853658
tier1_seen_conditions,CVCL_0152,plate7,Rutin (trihydrate),18,18,12,0.0696185703579637,0.25870646766169153,False,0.8048780487804879
tier1_seen_conditions,CVCL_0152,plate7,Pexidartinib (hydrochloride),20,20,12,-0.035570378098810806,0.6019900497512438,False,0.8780487804878049
tier1_seen_conditions,CVCL_0152,plate7,Sacubitril/Valsartan,12,12,12,0.036550835694429296,0.3034825870646766,False,0.3902439024390244
tier1_seen_conditions,CVCL_0152,plate7,Procainamide (hydrochloride),16,16,12,0.046267879485306196,0.31343283582089554,False,0.6585365853658537
tier1_seen_conditions,CVCL_0152,plate7,Nevirapine,16,16,12,0.04961881612919683,0.3034825870646766,False,0.8780487804878049
tier1_seen_conditions,CVCL_0152,plate7,Hesperidin,25,25,12,-0.05539067831764655,0.6268656716417911,False,0.8292682926829268
tier1_seen_conditions,CVCL_0152,plate7,Levobupivacaine (hydrochloride),12,12,12,0.007129231284750404,0.417910447761194,False,0.6829268292682927
tier1_seen_conditions,CVCL_0152,plate7,Rosiglitazone,12,12,12,0.03981410101232896,0.31840796019900497,False,0.6585365853658537
tier1_seen_conditions,CVCL_0152,plate7,Quinidine (15% dihydroquinidine),13,13,12,-0.045412620850495244,0.5920398009950248,False,0.36585365853658536
tier1_seen_conditions,CVCL_0152,plate7,Bisoprolol (hemifumarate),14,14,12,-0.0065313521351644255,0.4129353233830846,False,0.5853658536585366
tier1_seen_conditions,CVCL_0152,plate7,Ferulic acid,17,17,12,0.0006399117870792281,0.40298507462686567,False,0.7317073170731707
tier1_seen_conditions,CVCL_0152,plate7,Pemetrexed,18,18,12,0.06334756089848348,0.2537313432835821,False,0.4146341463414634
tier1_seen_conditions,CVCL_0152,plate7,Fluvoxamine,20,20,12,0.22559752333230065,0.029850746268656716,True,0.8780487804878049
tier1_seen_conditions,CVCL_0152,plate7,Cytarabine (hydrochloride),23,23,12,0.1384602959490504,0.07960199004975124,False,1.0
tier1_seen_conditions,CVCL_0152,plate7,Doxorubicin (hydrochloride),17,17,12,0.19103412636060568,0.05970149253731343,False,0.8780487804878049
tier1_seen_conditions,CVCL_0152,plate7,Clofarabine,17,17,12,0.27255517249519734,0.024875621890547265,True,0.8292682926829268
tier1_seen_conditions,CVCL_0152,plate7,Penfluridol,14,14,12,0.10107557088187313,0.16417910447761194,False,0.6585365853658537
tier1_seen_conditions,CVCL_0152,plate7,Altretamine,17,17,12,0.010198177440486234,0.38308457711442784,False,0.5121951219512195
tier1_seen_conditions,CVCL_0152,plate7,Rifaximin,16,16,12,0.20314123516150673,0.04477611940298507,True,0.8048780487804879
tier1_seen_conditions,CVCL_0152,plate7,Adagrasib,26,26,12,-0.0853192660456159,0.7960199004975125,False,0.9512195121951219
tier1_seen_conditions,CVCL_0152,plate7,Arbutin,12,12,12,0.09997168105857135,0.12935323383084577,False,0.3170731707317073
tier1_seen_conditions,CVCL_0152,plate7,Tolmetin,13,13,12,0.14540616676731055,0.0945273631840796,False,0.8780487804878049
tier1_seen_conditions,CVCL_0152,plate7,Dimethyl fumarate,15,15,12,0.06662794883928491,0.17412935323383086,False,0.4146341463414634
tier1_seen_conditions,CVCL_0399,plate7,Tadalafil,23,23,12,0.4893877644896243,0.009950248756218905,True,0.75
tier1_seen_conditions,CVCL_0399,plate7,Belumosudil,29,29,12,0.2414920545639827,0.03980099502487562,True,0.8863636363636364
tier1_seen_conditions,CVCL_0399,plate7,Flumatinib (mesylate),29,29,12,0.1604797976507033,0.05472636815920398,False,0.7272727272727273
tier1_seen_conditions,CVCL_0399,plate7,Cytarabine,24,24,12,0.46264952036061047,0.004975124378109453,True,0.4772727272727273
tier1_seen_conditions,CVCL_0399,plate7,Afatinib,24,24,12,0.23545584353719384,0.009950248756218905,True,0.9318181818181818
tier1_seen_conditions,CVCL_0399,plate7,Lucanthone,28,28,12,0.4308851353901204,0.009950248756218905,True,0.9772727272727273
tier1_seen_conditions,CVCL_0399,plate7,Trametinib (DMSO_TF solvate),28,28,12,0.32238191879622136,0.009950248756218905,True,1.0
tier1_seen_conditions,CVCL_0399,plate7,Benproperine (phosphate),27,27,12,0.4688691722877145,0.004975124378109453,True,0.8863636363636364
tier1_seen_conditions,CVCL_0399,plate7,Tirabrutinib,29,29,12,0.3114362979200429,0.014925373134328358,True,1.0
tier1_seen_conditions,CVCL_0399,plate7,Doxycycline (monohydrate),12,12,12,0.22765600388919083,0.004975124378109453,True,0.18181818181818182
tier1_seen_conditions,CVCL_0399,plate7,Pitavastatin (Calcium),19,19,12,0.086693108960473,0.1791044776119403,False,0.3181818181818182
tier1_seen_conditions,CVCL_0399,plate7,Cobimetinib,15,15,12,0.23677525462905535,0.05472636815920398,False,0.29545454545454547
tier1_seen_conditions,CVCL_0399,plate7,Nevirapine,20,20,12,0.07840016992079235,0.22885572139303484,False,0.3409090909090909
tier1_seen_conditions,CVCL_0399,plate7,Decitabine,20,20,12,0.05835339146639029,0.208955223880597,False,0.7954545454545454
tier1_seen_conditions,CVCL_0399,plate7,Thymopentin,20,20,12,0.20044929095212183,0.05970149253731343,False,0.29545454545454547
tier1_seen_conditions,CVCL_0399,plate7,Hesperidin,22,22,12,0.06663566491623207,0.17412935323383086,False,0.5
tier1_seen_conditions,CVCL_0399,plate7,Mebendazole,22,22,12,0.08148499685772137,0.1691542288557214,False,0.7045454545454546
tier1_seen_conditions,CVCL_0399,plate7,Rosiglitazone,29,29,12,0.1112690412578452,0.12935323383084577,False,0.9772727272727273
tier1_seen_conditions,CVCL_0399,plate7,Quinidine (15% dihydroquinidine),28,28,12,0.16965464718719048,0.07960199004975124,False,0.7727272727272727
tier1_seen_conditions,CVCL_0399,plate7,Verapamil,27,27,12,0.05437392038750666,0.21393034825870647,False,0.7272727272727273
tier1_seen_conditions,CVCL_0399,plate7,Bisoprolol (hemifumarate),18,18,12,0.11331943665125443,0.10945273631840796,False,0.36363636363636365
tier1_seen_conditions,CVCL_0399,plate7,Ferulic acid,26,26,12,0.08101502891258683,0.1890547263681592,False,1.0
tier1_seen_conditions,CVCL_0399,plate7,Pemetrexed,28,28,12,0.09546639030989112,0.12935323383084577,False,0.9318181818181818
tier1_seen_conditions,CVCL_0399,plate7,Fluvoxamine,29,29,12,0.0947027377385421,0.15422885572139303,False,0.9772727272727273
tier1_seen_conditions,CVCL_0399,plate7,Cytarabine (hydrochloride),27,27,12,0.4079683045313107,0.024875621890547265,True,0.7727272727272727
tier1_seen_conditions,CVCL_0399,plate7,Bendamustine,27,27,12,0.21984051841648444,0.04477611940298507,True,0.9772727272727273
tier1_seen_conditions,CVCL_0399,plate7,Altretamine,18,18,12,0.1357510088014351,0.13930348258706468,False,0.38636363636363635
tier1_seen_conditions,CVCL_0399,plate7,Adagrasib,26,26,12,0.13756267293547353,0.1044776119402985,False,0.7045454545454546
tier1_seen_conditions,CVCL_0399,plate7,Sulfatinib,29,29,12,0.24416451916702542,0.05472636815920398,False,0.7272727272727273
tier1_seen_conditions,CVCL_0399,plate7,Penfluridol,23,23,12,0.2908250642400283,0.01990049751243781,True,0.5454545454545454
tier1_seen_conditions,CVCL_0399,plate7,Rifaximin,28,28,12,0.12070667287037651,0.13432835820895522,False,1.0
tier1_seen_conditions,CVCL_0399,plate7,Doxorubicin (hydrochloride),29,29,12,0.2763587219808308,0.03482587064676617,True,0.9772727272727273
tier1_seen_conditions,CVCL_0399,plate7,Glycyrrhizic acid,19,19,12,-0.1114943648407749,0.9104477611940298,False,0.6818181818181818
tier1_seen_conditions,CVCL_0399,plate7,Imiquimod (maleate),17,17,12,0.07047027997862365,0.22885572139303484,False,0.13636363636363635
tier1_seen_conditions,CVCL_0399,plate7,Clofarabine,29,29,12,0.03542156626031989,0.3880597014925373,False,0.9772727272727273
tier1_seen_conditions,CVCL_0399,plate7,Mifepristone,16,16,12,-0.01028782411548157,0.5174129353233831,False,0.18181818181818182
tier1_seen_conditions,CVCL_0399,plate7,Niclosamide (olamine),27,27,12,0.10995436530760827,0.14427860696517414,False,0.8636363636363636
tier1_seen_conditions,CVCL_0399,plate7,Peretinoin,24,24,12,0.012638958699083602,0.4079601990049751,False,1.0
tier1_seen_conditions,CVCL_0399,plate7,Entecavir (monohydrate),25,25,12,0.05950921434053491,0.24378109452736318,False,0.7727272727272727
tier1_seen_conditions,CVCL_0399,plate7,Fumaric acid,19,19,12,0.48992851661959413,0.014925373134328358,True,0.38636363636363635
tier1_seen_conditions,CVCL_1125,plate7,Rutin (trihydrate),15,15,12,,,False,1.0
tier1_seen_conditions,CVCL_0218,plate7,Belumosudil,12,12,12,0.1109254972638194,0.08955223880597014,False,0.6363636363636364
tier1_seen_conditions,CVCL_0218,plate7,Trametinib (DMSO_TF solvate),25,25,12,0.37544226973264827,0.004975124378109453,True,1.0
tier1_seen_conditions,CVCL_0218,plate7,Benproperine (phosphate),12,12,12,0.12969396723035764,0.08955223880597014,False,0.6363636363636364
tier1_seen_conditions,CVCL_0218,plate7,Erlotinib,13,13,12,0.17698812363011918,0.009950248756218905,True,0.8484848484848485
tier1_seen_conditions,CVCL_0218,plate7,(S)-Crizotinib,19,19,12,0.11825511132133038,0.0945273631840796,False,0.6666666666666666
tier1_seen_conditions,CVCL_0218,plate7,Rutin (trihydrate),21,21,12,0.14595705479032972,0.09950248756218906,False,1.0
tier1_seen_conditions,CVCL_0218,plate7,Pexidartinib (hydrochloride),12,12,12,0.21458096707036667,0.014925373134328358,True,0.6363636363636364
tier1_seen_conditions,CVCL_0218,plate7,Penfluridol,12,12,12,0.019595201484371216,0.3582089552238806,False,0.7575757575757576
tier1_seen_conditions,CVCL_0218,plate7,Clofarabine,12,12,12,0.10892350923088046,0.15422885572139303,False,0.5757575757575758
tier1_seen_conditions,CVCL_0218,plate7,Fluvoxamine,20,20,12,0.1319568995919429,0.07462686567164178,False,0.9090909090909091
tier1_seen_conditions,CVCL_0218,plate7,Peretinoin,14,14,12,0.1957686541093313,0.014925373134328358,True,0.8181818181818182
tier1_seen_conditions,CVCL_0218,plate7,Posaconazole,14,14,12,0.04985919922703452,0.21393034825870647,False,0.9090909090909091
tier1_seen_conditions,CVCL_0218,plate7,Daidzin,21,21,12,0.04248903797520498,0.2537313432835821,False,0.9696969696969697
tier1_seen_conditions,CVCL_0179,plate7,Lucanthone,21,21,12,0.4336167059708682,0.004975124378109453,True,0.95
tier1_seen_conditions,CVCL_0179,plate7,Tirabrutinib,16,16,12,0.19590381774959376,0.06467661691542288,False,1.0
tier1_seen_conditions,CVCL_0179,plate7,Cytarabine (hydrochloride),16,16,12,0.25621483387275745,0.01990049751243781,True,1.0
tier1_seen_conditions,CVCL_0179,plate7,Tolmetin,13,13,12,0.003849170077247166,0.48258706467661694,False,0.8
tier1_seen_conditions,CVCL_0023,plate7,Tadalafil,29,29,12,-0.02905423510646088,0.6666666666666666,False,0.9333333333333333
tier1_seen_conditions,CVCL_0023,plate7,Belumosudil,28,28,12,0.07054971914303643,0.208955223880597,False,1.0
tier1_seen_conditions,CVCL_0023,plate7,Flumatinib (mesylate),27,27,12,0.0392578608478118,0.3383084577114428,False,0.8222222222222222
tier1_seen_conditions,CVCL_0023,plate7,Cytarabine,28,28,12,0.1778277392980776,0.04477611940298507,True,1.0
tier1_seen_conditions,CVCL_0023,plate7,Lucanthone,28,28,12,0.31029045139382916,0.004975124378109453,True,0.9555555555555556
tier1_seen_conditions,CVCL_0023,plate7,Trametinib (DMSO_TF solvate),25,25,12,0.24867881861146657,0.004975124378109453,True,0.9555555555555556
tier1_seen_conditions,CVCL_0023,plate7,Benproperine (phosphate),22,22,12,0.20519118586003238,0.024875621890547265,True,0.5555555555555556
tier1_seen_conditions,CVCL_0023,plate7,Erlotinib,26,26,12,-0.05739179969532948,0.7412935323383084,False,0.8888888888888888
tier1_seen_conditions,CVCL_0023,plate7,(S)-Crizotinib,28,28,12,0.1948137993340282,0.024875621890547265,True,0.9555555555555556
tier1_seen_conditions,CVCL_0023,plate7,Rutin (trihydrate),29,29,12,0.3698721545838204,0.004975124378109453,True,1.0
tier1_seen_conditions,CVCL_0023,plate7,Diphenhydramine,15,15,12,0.3453126152215713,0.01990049751243781,True,0.6
tier1_seen_conditions,CVCL_0023,plate7,Sacubitril/Valsartan,12,12,12,0.03135723652693656,0.3383084577114428,False,0.08888888888888889
tier1_seen_conditions,CVCL_0023,plate7,Simotinib,14,14,12,-0.046271110974265284,0.7512437810945274,False,0.28888888888888886
tier1_seen_conditions,CVCL_0023,plate7,Procainamide (hydrochloride),17,17,12,0.024476723470701955,0.3681592039800995,False,0.4666666666666667
tier1_seen_conditions,CVCL_0023,plate7,Silodosin,18,18,12,0.05453952447048849,0.22388059701492538,False,0.4888888888888889
tier1_seen_conditions,CVCL_0023,plate7,Cilostazol,17,17,12,-0.09320372477947814,0.8656716417910447,False,0.4
tier1_seen_conditions,CVCL_0023,plate7,Ligustrazine,28,28,12,0.03771511902909097,0.31840796019900497,False,0.7555555555555555
tier1_seen_conditions,CVCL_0023,plate7,Thymopentin,13,13,12,0.08580415707895561,0.12935323383084577,False,0.1111111111111111
tier1_seen_conditions,CVCL_0023,plate7,Hesperidin,19,19,12,-0.007028348580901067,0.4527363184079602,False,0.4444444444444444
tier1_seen_conditions,CVCL_0023,plate7,Bisoprolol (hemifumarate),27,27,12,-0.013632951185908126,0.5223880597014925,False,1.0
tier1_seen_conditions,CVCL_0023,plate7,Fluvoxamine,28,28,12,0.10383963854078537,0.12935323383084577,False,0.8666666666666667
tier1_seen_conditions,CVCL_0023,plate7,Cytarabine (hydrochloride),25,25,12,0.1491123227372615,0.05472636815920398,False,0.7777777777777778
tier1_seen_conditions,CVCL_0023,plate7,Doxorubicin (hydrochloride),25,25,12,0.03670608093803551,0.35323383084577115,False,0.8666666666666667
tier1_seen_conditions,CVCL_0023,plate7,Arbutin,20,20,12,0.03727640587949921,0.29850746268656714,False,0.5555555555555556
tier1_seen_conditions,CVCL_0023,plate7,Verapamil,19,19,12,-0.040648570908974335,0.7313432835820896,False,0.5111111111111111
tier1_seen_conditions,CVCL_0023,plate7,Penfluridol,19,19,12,0.19789032562427522,0.04975124378109453,True,0.6222222222222222
tier1_seen_conditions,CVCL_0023,plate7,Pemetrexed,28,28,12,0.036705808394208006,0.34328358208955223,False,1.0
tier1_seen_conditions,CVCL_0023,plate7,Altretamine,29,29,12,0.039751934292699076,0.2935323383084577,False,0.8888888888888888
tier1_seen_conditions,CVCL_0023,plate7,Rifaximin,29,29,12,0.12652759152539161,0.1044776119402985,False,0.9111111111111111
tier1_seen_conditions,CVCL_0023,plate7,Imiquimod (maleate),15,15,12,-0.1312281096382737,0.9552238805970149,False,0.3111111111111111
tier1_seen_conditions,CVCL_0023,plate7,Clofarabine,23,23,12,-0.03989181333955827,0.7263681592039801,False,0.8
tier1_seen_conditions,CVCL_0023,plate7,Adagrasib,28,28,12,0.21367569345766135,0.024875621890547265,True,0.8666666666666667
tier1_seen_conditions,CVCL_0023,plate7,Sulfatinib,21,21,12,0.02496035073088798,0.373134328358209,False,0.4666666666666667
tier1_seen_conditions,CVCL_0023,plate7,Macitentan,23,23,12,0.019681928896638112,0.3482587064676617,False,0.7777777777777778
tier1_seen_conditions,CVCL_0023,plate7,Mifepristone,18,18,12,-0.05176549487073778,0.7164179104477612,False,0.5111111111111111
tier1_seen_conditions,CVCL_0023,plate7,Niclosamide (olamine),25,25,12,0.02687370159081226,0.3582089552238806,False,0.8222222222222222
tier1_seen_conditions,CVCL_0023,plate7,Peretinoin,28,28,12,-0.030367736228789965,0.6467661691542289,False,1.0
tier1_seen_conditions,CVCL_0023,plate7,Entecavir (monohydrate),17,17,12,0.09320357155552372,0.1791044776119403,False,0.4
tier1_seen_conditions,CVCL_0023,plate7,Sildenafil,18,18,12,0.07256120726046511,0.16417910447761194,False,0.4666666666666667
tier1_seen_conditions,CVCL_0023,plate7,Dimethyl fumarate,19,19,12,0.04781126268393976,0.3034825870646766,False,0.6222222222222222
tier1_seen_conditions,CVCL_0023,plate7,Daidzin,23,23,12,0.04890409089307113,0.3034825870646766,False,0.7777777777777778
tier1_seen_conditions,CVCL_0023,plate7,Fumaric acid,21,21,12,-0.055415274476525056,0.7810945273631841,False,0.5555555555555556
tier1_seen_conditions,CVCL_0504,plate7,Belumosudil,28,28,12,-0.10104104284745041,0.9253731343283582,False,0.9393939393939394
tier1_seen_conditions,CVCL_0504,plate7,Cytarabine,27,27,12,-0.10714417938672938,0.9402985074626866,False,0.8787878787878788
tier1_seen_conditions,CVCL_0504,plate7,Lucanthone,27,27,12,0.33550713636475393,0.004975124378109453,True,0.9696969696969697
tier1_seen_conditions,CVCL_0504,plate7,Trametinib (DMSO_TF solvate),29,29,12,0.14109199501878145,0.0945273631840796,False,1.0
tier1_seen_conditions,CVCL_0504,plate7,Benproperine (phosphate),27,27,12,0.008891874393000876,0.38308457711442784,False,0.9393939393939394
tier1_seen_conditions,CVCL_0504,plate7,Erlotinib,28,28,12,0.004714799917154622,0.43781094527363185,False,0.9090909090909091
tier1_seen_conditions,CVCL_0504,plate7,(S)-Crizotinib,29,29,12,-0.06414301569895287,0.8009950248756219,False,1.0
tier1_seen_conditions,CVCL_0504,plate7,Rutin (trihydrate),27,27,12,0.029692386828507722,0.3681592039800995,False,0.8484848484848485
tier1_seen_conditions,CVCL_0504,plate7,Tirabrutinib,19,19,12,0.05858739643430155,0.31343283582089554,False,0.45454545454545453
tier1_seen_conditions,CVCL_0504,plate7,Cilostazol,18,18,12,-0.09246063011431005,0.9303482587064676,False,0.5454545454545454
tier1_seen_conditions,CVCL_0504,plate7,Hesperidin,17,17,12,-0.1556966400483919,0.9850746268656716,False,0.6666666666666666
tier1_seen_conditions,CVCL_0504,plate7,Levobupivacaine (hydrochloride),26,26,12,0.04614736843165623,0.2935323383084577,False,0.9696969696969697
tier1_seen_conditions,CVCL_0504,plate7,Rosiglitazone,14,14,12,-0.1391089719293248,0.9701492537313433,False,0.42424242424242425
tier1_seen_conditions,CVCL_0504,plate7,Ferulic acid,20,20,12,-0.006944796693829858,0.5621890547263682,False,0.7575757575757576
tier1_seen_conditions,CVCL_0504,plate7,Cytarabine (hydrochloride),22,22,12,0.02045770004843739,0.39800995024875624,False,0.7575757575757576
tier1_seen_conditions,CVCL_0504,plate7,Adagrasib,29,29,12,-0.1438357152451495,0.9651741293532339,False,0.9696969696969697
tier1_seen_conditions,CVCL_0504,plate7,Sulfatinib,18,18,12,-0.21550377291017142,1.0,False,0.5151515151515151
tier1_seen_conditions,CVCL_0504,plate7,Penfluridol,15,15,12,-0.11887577406178451,0.9203980099502488,False,0.42424242424242425
tier1_seen_conditions,CVCL_0504,plate7,Altretamine,26,26,12,-0.05302452567796223,0.7761194029850746,False,1.0
tier1_seen_conditions,CVCL_0504,plate7,Tranilast,15,15,12,-0.22788228893883122,1.0,False,0.45454545454545453
tier1_seen_conditions,CVCL_0504,plate7,Niclosamide (olamine),21,21,12,0.05374801882906155,0.2736318407960199,False,0.7575757575757576
tier1_seen_conditions,CVCL_0504,plate7,Posaconazole,13,13,12,-0.10381279843845981,0.9154228855721394,False,0.2727272727272727
tier1_seen_conditions,CVCL_0504,plate7,Sildenafil,12,12,12,0.05486020750481302,0.27860696517412936,False,0.5757575757575758
tier1_seen_conditions,CVCL_0504,plate7,Dimethyl fumarate,17,17,12,-0.1034649997091055,0.8557213930348259,False,0.5151515151515151
tier1_seen_conditions,CVCL_0504,plate7,Fumaric acid,15,15,12,0.01916753797200421,0.4079601990049751,False,0.48484848484848486
tier1_seen_conditions,CVCL_1666,plate7,Belumosudil,25,25,12,0.020775650755076924,0.35323383084577115,False,0.918918918918919
tier1_seen_conditions,CVCL_1666,plate7,Flumatinib (mesylate),20,20,12,0.10625248500981144,0.1044776119402985,False,1.0
tier1_seen_conditions,CVCL_1666,plate7,Cytarabine,23,23,12,-0.01180361445673661,0.5124378109452736,False,0.8108108108108109
tier1_seen_conditions,CVCL_1666,plate7,Afatinib,15,15,12,0.13356119982387327,0.09950248756218906,False,0.7567567567567568
tier1_seen_conditions,CVCL_1666,plate7,Topotecan (hydrochloride),13,13,12,0.016059183947275457,0.43283582089552236,False,0.32432432432432434
tier1_seen_conditions,CVCL_1666,plate7,Benproperine (phosphate),14,14,12,0.19564578968355661,0.024875621890547265,True,0.40540540540540543
tier1_seen_conditions,CVCL_1666,plate7,(S)-Crizotinib,23,23,12,-0.015047761173967444,0.5074626865671642,False,0.918918918918919
tier1_seen_conditions,CVCL_1666,plate7,Rutin (trihydrate),27,27,12,0.11677113262017791,0.1691542288557214,False,0.9459459459459459
tier1_seen_conditions,CVCL_1666,plate7,Pexidartinib (hydrochloride),16,16,12,0.08583598015485627,0.14427860696517414,False,0.7567567567567568
tier1_seen_conditions,CVCL_1666,plate7,Ligustrazine,18,18,12,0.03206463979529417,0.3333333333333333,False,0.8378378378378378
tier1_seen_conditions,CVCL_1666,plate7,Rosiglitazone,14,14,12,0.10130399639889731,0.14427860696517414,False,0.4864864864864865
tier1_seen_conditions,CVCL_1666,plate7,Verapamil,23,23,12,0.07072464937932033,0.23383084577114427,False,1.0
tier1_seen_conditions,CVCL_1666,plate7,Penfluridol,20,20,12,0.008042042317766729,0.472636815920398,False,0.7567567567567568
tier1_seen_conditions,CVCL_1666,plate7,Fluvoxamine,22,22,12,0.045415939375214265,0.27860696517412936,False,1.0
tier1_seen_conditions,CVCL_1666,plate7,Bendamustine,12,12,12,-0.02081686695106022,0.582089552238806,False,0.32432432432432434
tier1_seen_conditions,CVCL_1666,plate7,Altretamine,19,19,12,-0.009109434040897924,0.5422885572139303,False,0.7027027027027027
tier1_seen_conditions,CVCL_1666,plate7,Doxorubicin (hydrochloride),18,18,12,-0.08740876801794606,0.8507462686567164,False,0.6486486486486487
tier1_seen_conditions,CVCL_1666,plate7,Menadione,13,13,12,0.024121230412880834,0.4228855721393035,False,0.35135135135135137
tier1_seen_conditions,CVCL_1666,plate7,Clofarabine,16,16,12,0.09379064682775962,0.1890547263681592,False,0.6216216216216216
tier1_seen_conditions,CVCL_1666,plate7,Sulfatinib,23,23,12,0.03094080154274259,0.39303482587064675,False,0.9459459459459459
tier1_seen_conditions,CVCL_1666,plate7,Ferulic acid,22,22,12,0.0681399065088737,0.1791044776119403,False,0.5135135135135135
tier1_seen_conditions,CVCL_1666,plate7,Adagrasib,28,28,12,0.016772711714422073,0.38308457711442784,False,1.0
tier1_seen_conditions,CVCL_1666,plate7,Macitentan,15,15,12,-0.06389828229410277,0.7313432835820896,False,0.5135135135135135
tier1_seen_conditions,CVCL_1666,plate7,Niclosamide (olamine),12,12,12,0.10109017826862221,0.15422885572139303,False,0.2972972972972973
tier1_seen_conditions,CVCL_1666,plate7,Sildenafil,18,18,12,0.07150862807752034,0.263681592039801,False,0.5945945945945946
tier1_seen_conditions,CVCL_1666,plate7,Dimethyl fumarate,12,12,12,0.04078460645062343,0.2935323383084577,False,0.43243243243243246
tier1_seen_conditions,CVCL_1666,plate7,Daidzin,18,18,12,0.12911173975961354,0.07462686567164178,False,0.8378378378378378
tier1_seen_conditions,CVCL_0359,plate7,Belumosudil,27,27,12,0.26278389484324727,0.014925373134328358,True,0.8958333333333334
tier1_seen_conditions,CVCL_0359,plate7,Flumatinib (mesylate),27,27,12,0.18414552418024144,0.03482587064676617,True,0.9583333333333334
tier1_seen_conditions,CVCL_0359,plate7,Cytarabine,29,29,12,0.6815322665570474,0.004975124378109453,True,1.0
tier1_seen_conditions,CVCL_0359,plate7,Afatinib,29,29,12,0.17631327149764608,0.05472636815920398,False,0.8541666666666666
tier1_seen_conditions,CVCL_0359,plate7,Lucanthone,27,27,12,0.6555999920509148,0.004975124378109453,True,0.9583333333333334
tier1_seen_conditions,CVCL_0359,plate7,Trametinib (DMSO_TF solvate),29,29,12,0.43910037286118,0.004975124378109453,True,1.0
tier1_seen_conditions,CVCL_0359,plate7,Erlotinib,27,27,12,0.17058674423829245,0.029850746268656716,True,0.5625
tier1_seen_conditions,CVCL_0359,plate7,Rutin (trihydrate),25,25,12,0.26640427620472096,0.004975124378109453,True,0.875
tier1_seen_conditions,CVCL_0359,plate7,Pexidartinib (hydrochloride),18,18,12,0.3102094736450116,0.009950248756218905,True,0.5416666666666666
tier1_seen_conditions,CVCL_0359,plate7,Simotinib,18,18,12,0.06678192659684967,0.24378109452736318,False,0.4375
tier1_seen_conditions,CVCL_0359,plate7,Procainamide (hydrochloride),14,14,12,0.21181791899344304,0.04477611940298507,True,0.2708333333333333
tier1_seen_conditions,CVCL_0359,plate7,Nevirapine,20,20,12,0.13855389844397514,0.07960199004975124,False,0.4791666666666667
tier1_seen_conditions,CVCL_0359,plate7,Dorzolamide (hydrochloride),17,17,12,0.1092553339531861,0.16417910447761194,False,0.6458333333333334
tier1_seen_conditions,CVCL_0359,plate7,Roxadustat,14,14,12,0.049417395124972785,0.24378109452736318,False,0.125
tier1_seen_conditions,CVCL_0359,plate7,Decitabine,20,20,12,0.14823197092028018,0.06467661691542288,False,0.5208333333333334
tier1_seen_conditions,CVCL_0359,plate7,Thymopentin,27,27,12,0.18410278531984225,0.04975124378109453,True,0.9375
tier1_seen_conditions,CVCL_0359,plate7,Hesperidin,26,26,12,0.14966990961048765,0.04477611940298507,True,0.875
tier1_seen_conditions,CVCL_0359,plate7,Mebendazole,29,29,12,0.09195809738004712,0.12437810945273632,False,1.0
tier1_seen_conditions,CVCL_0359,plate7,Levobupivacaine (hydrochloride),29,29,12,0.07886030580215042,0.1691542288557214,False,0.75
tier1_seen_conditions,CVCL_0359,plate7,Quinidine (15% dihydroquinidine),27,27,12,0.14675265117211111,0.07960199004975124,False,0.8958333333333334
tier1_seen_conditions,CVCL_0359,plate7,Bisoprolol (hemifumarate),26,26,12,0.10571870158188723,0.10945273631840796,False,0.9791666666666666
tier1_seen_conditions,CVCL_0359,plate7,Penfluridol,28,28,12,0.2810155317771379,0.004975124378109453,True,0.9375
tier1_seen_conditions,CVCL_0359,plate7,Ferulic acid,27,27,12,0.058575592894571926,0.2885572139303483,False,0.625
tier1_seen_conditions,CVCL_0359,plate7,Pemetrexed,27,27,12,0.24438114182117587,0.009950248756218905,True,0.375
tier1_seen_conditions,CVCL_0359,plate7,Cytarabine (hydrochloride),27,27,12,0.23737408485345135,0.009950248756218905,True,0.9375
tier1_seen_conditions,CVCL_0359,plate7,Bendamustine,28,28,12,0.1292197587396906,0.06965174129353234,False,0.7916666666666666
tier1_seen_conditions,CVCL_0359,plate7,Altretamine,26,26,12,0.15658042950417084,0.05472636815920398,False,1.0
tier1_seen_conditions,CVCL_0359,plate7,Rifaximin,27,27,12,0.05706044461050652,0.2537313432835821,False,0.875
tier1_seen_conditions,CVCL_0359,plate7,Menadione,21,21,12,0.017128296553286404,0.4228855721393035,False,0.5208333333333334
tier1_seen_conditions,CVCL_0359,plate7,Imiquimod (maleate),13,13,12,0.10570814785861415,0.10945273631840796,False,0.14583333333333334
tier1_seen_conditions,CVCL_0359,plate7,Clofarabine,29,29,12,0.12254082455711668,0.0845771144278607,False,0.8333333333333334
tier1_seen_conditions,CVCL_0359,plate7,Arbutin,28,28,12,0.15852795554093468,0.029850746268656716,True,1.0
tier1_seen_conditions,CVCL_0359,plate7,Fluvoxamine,29,29,12,0.1920054747762876,0.05472636815920398,False,1.0
tier1_seen_conditions,CVCL_0359,plate7,Doxorubicin (hydrochloride),29,29,12,0.014453817201294683,0.4626865671641791,False,0.8125
tier1_seen_conditions,CVCL_0359,plate7,Adagrasib,27,27,12,0.02290737085583494,0.3383084577114428,False,0.9166666666666666
tier1_seen_conditions,CVCL_0359,plate7,Sulfatinib,28,28,12,0.06139694121387329,0.25870646766169153,False,0.9583333333333334
tier1_seen_conditions,CVCL_0359,plate7,Tranilast,14,14,12,0.04031352875266059,0.3034825870646766,False,0.22916666666666666
tier1_seen_conditions,CVCL_0359,plate7,Mifepristone,18,18,12,0.12748777185559845,0.08955223880597014,False,0.4375
tier1_seen_conditions,CVCL_0359,plate7,Apalutamide,18,18,12,0.09215183425784446,0.15422885572139303,False,0.2708333333333333
tier1_seen_conditions,CVCL_0359,plate7,Niclosamide (olamine),27,27,12,0.07433018746892017,0.1890547263681592,False,0.8541666666666666
tier1_seen_conditions,CVCL_0359,plate7,Peretinoin,27,27,12,-0.011078598514412619,0.5174129353233831,False,0.8541666666666666
tier1_seen_conditions,CVCL_0359,plate7,Tolmetin,28,28,12,0.1597936327868581,0.06965174129353234,False,0.4791666666666667
tier1_seen_conditions,CVCL_0359,plate7,Sildenafil,22,22,12,0.3226506782748295,0.009950248756218905,True,0.5
tier1_seen_conditions,CVCL_0359,plate7,Dimethyl fumarate,19,19,12,0.17371700516820354,0.04975124378109453,True,0.4375
tier1_seen_conditions,CVCL_1094,plate7,Belumosudil,20,20,12,-0.04038858653590616,0.6865671641791045,False,0.8636363636363636
tier1_seen_conditions,CVCL_1094,plate7,Lucanthone,29,29,12,-0.05589031069172812,0.736318407960199,False,1.0
tier1_seen_conditions,CVCL_1094,plate7,Trametinib (DMSO_TF solvate),20,20,12,0.10443390105126404,0.14925373134328357,False,0.8636363636363636
tier1_seen_conditions,CVCL_1094,plate7,Erlotinib,16,16,12,0.09676030488007115,0.11442786069651742,False,0.7727272727272727
tier1_seen_conditions,CVCL_1094,plate7,Rutin (trihydrate),19,19,12,0.08325985041515693,0.208955223880597,False,0.8636363636363636
tier1_seen_conditions,CVCL_1094,plate7,Quinidine (15% dihydroquinidine),12,12,12,-0.032488879516389346,0.6666666666666666,False,0.6363636363636364
tier1_seen_conditions,CVCL_1094,plate7,Pemetrexed,18,18,12,-0.14376270976572592,0.9800995024875622,False,0.9090909090909091
tier1_seen_conditions,CVCL_1094,plate7,Cytarabine (hydrochloride),27,27,12,-0.026791215237055965,0.6119402985074627,False,1.0
tier1_seen_conditions,CVCL_1094,plate7,Clofarabine,18,18,12,0.0069792271584177,0.42786069651741293,False,0.7272727272727273
tier1_seen_conditions,CVCL_1547,plate7,Belumosudil,21,21,12,-0.018623805259020187,0.5522388059701493,False,0.9375
tier1_seen_conditions,CVCL_1547,plate7,Afatinib,24,24,12,-0.004608874376611283,0.5024875621890548,False,1.0
tier1_seen_conditions,CVCL_1547,plate7,Lucanthone,27,27,12,0.2889030431257229,0.014925373134328358,True,1.0
tier1_seen_conditions,CVCL_1547,plate7,Erlotinib,28,28,12,0.16348167700026828,0.07462686567164178,False,0.96875
tier1_seen_conditions,CVCL_1547,plate7,Rutin (trihydrate),27,27,12,0.2868518004229976,0.029850746268656716,True,1.0
tier1_seen_conditions,CVCL_1547,plate7,Pexidartinib (hydrochloride),16,16,12,0.20103072306534742,0.01990049751243781,True,0.59375
tier1_seen_conditions,CVCL_1547,plate7,Procainamide (hydrochloride),14,14,12,-0.09893620078527832,0.8308457711442786,False,0.25
tier1_seen_conditions,CVCL_1547,plate7,Silodosin,14,14,12,-0.11940405109261043,0.9303482587064676,False,0.46875
tier1_seen_conditions,CVCL_1547,plate7,Mebendazole,18,18,12,-0.06797867843745031,0.8109452736318408,False,0.59375
tier1_seen_conditions,CVCL_1547,plate7,Rosiglitazone,15,15,12,-0.011428930828152772,0.4925373134328358,False,0.3125
tier1_seen_conditions,CVCL_1547,plate7,Quinidine (15% dihydroquinidine),23,23,12,-0.10388403542419589,0.9402985074626866,False,0.84375
tier1_seen_conditions,CVCL_1547,plate7,Verapamil,19,19,12,-0.16461843608815485,0.9800995024875622,False,0.46875
tier1_seen_conditions,CVCL_1547,plate7,Bisoprolol (hemifumarate),21,21,12,0.0658639468642459,0.22388059701492538,False,0.96875
tier1_seen_conditions,CVCL_1547,plate7,Penfluridol,20,20,12,-0.07421872971500143,0.736318407960199,False,0.625
tier1_seen_conditions,CVCL_1547,plate7,Fluvoxamine,25,25,12,-0.1279391015086837,0.9303482587064676,False,0.875
tier1_seen_conditions,CVCL_1547,plate7,Cytarabine (hydrochloride),24,24,12,-0.03401278124593965,0.6716417910447762,False,0.84375
tier1_seen_conditions,CVCL_1547,plate7,Rifaximin,21,21,12,-0.04288159262633684,0.7014925373134329,False,0.53125
tier1_seen_conditions,CVCL_1547,plate7,Menadione,15,15,12,0.017192645180745814,0.43781094527363185,False,0.46875
tier1_seen_conditions,CVCL_1547,plate7,Clofarabine,15,15,12,-0.16082038301215107,0.9651741293532339,False,0.34375
tier1_seen_conditions,CVCL_1547,plate7,Adagrasib,28,28,12,0.0083996829980304,0.38308457711442784,False,1.0
tier1_seen_conditions,CVCL_1547,plate7,Ferulic acid,20,20,12,0.04397376312516421,0.2885572139303483,False,0.875
tier1_seen_conditions,CVCL_1547,plate7,Sulfatinib,14,14,12,-0.07852128771737554,0.8059701492537313,False,0.40625
tier1_seen_conditions,CVCL_1547,plate7,Arbutin,14,14,12,-0.002200576143772892,0.48756218905472637,False,0.1875
tier1_seen_conditions,CVCL_1547,plate7,Macitentan,21,21,12,-0.009117336333257953,0.5671641791044776,False,0.5625
tier1_seen_conditions,CVCL_1547,plate7,Tolmetin,19,19,12,-0.08707679466245821,0.8507462686567164,False,0.90625
tier1_seen_conditions,CVCL_1547,plate7,Entecavir (monohydrate),12,12,12,-0.08680673026803731,0.835820895522388,False,0.28125
tier1_seen_conditions,CVCL_1517,plate7,Cytarabine,18,18,12,0.3369995786558011,0.03980099502487562,True,0.90625
tier1_seen_conditions,CVCL_1517,plate7,Afatinib,20,20,12,0.002385792129469877,0.4129353233830846,False,0.875
tier1_seen_conditions,CVCL_1517,plate7,Lucanthone,20,20,12,0.5020465189005652,0.004975124378109453,True,0.9375
tier1_seen_conditions,CVCL_1517,plate7,Trametinib (DMSO_TF solvate),14,14,12,0.5141793385793232,0.004975124378109453,True,0.34375
tier1_seen_conditions,CVCL_1517,plate7,Benproperine (phosphate),19,19,12,0.08067723478032285,0.11940298507462686,False,0.875
tier1_seen_conditions,CVCL_1517,plate7,Erlotinib,20,20,12,0.23141196382421825,0.04477611940298507,True,0.6875
tier1_seen_conditions,CVCL_1517,plate7,Rutin (trihydrate),20,20,12,0.4537843319813746,0.009950248756218905,True,0.96875
tier1_seen_conditions,CVCL_1517,plate7,Tirabrutinib,13,13,12,0.33834832531695014,0.004975124378109453,True,0.375
tier1_seen_conditions,CVCL_1517,plate7,Rosiglitazone,19,19,12,-0.09811911588103506,0.8059701492537313,False,0.78125
tier1_seen_conditions,CVCL_1517,plate7,Quinidine (15% dihydroquinidine),18,18,12,0.21469316857706033,0.06467661691542288,False,0.71875
tier1_seen_conditions,CVCL_1517,plate7,Ferulic acid,22,22,12,0.07562363552539075,0.1890547263681592,False,0.90625
tier1_seen_conditions,CVCL_1517,plate7,Pemetrexed,14,14,12,0.03926574544949091,0.38308457711442784,False,0.3125
tier1_seen_conditions,CVCL_1517,plate7,Fluvoxamine,17,17,12,0.08025614398469294,0.1791044776119403,False,0.5
tier1_seen_conditions,CVCL_1517,plate7,Altretamine,16,16,12,-0.15240186661495692,0.9552238805970149,False,0.71875
tier1_seen_conditions,CVCL_1517,plate7,Rifaximin,18,18,12,-0.038712437113797904,0.5870646766169154,False,0.59375
tier1_seen_conditions,CVCL_1517,plate7,Sulfatinib,18,18,12,0.07833600049148437,0.19900497512437812,False,0.65625
tier1_seen_conditions,CVCL_1517,plate7,Bisoprolol (hemifumarate),20,20,12,0.02388124730927821,0.3681592039800995,False,0.75
tier1_seen_conditions,CVCL_1517,plate7,Penfluridol,23,23,12,-0.09499825395737105,0.8258706467661692,False,0.96875
tier1_seen_conditions,CVCL_1517,plate7,Cytarabine (hydrochloride),13,13,12,0.12347273197751996,0.17412935323383086,False,0.59375
tier1_seen_conditions,CVCL_1517,plate7,Doxorubicin (hydrochloride),19,19,12,-0.04874468167841428,0.6666666666666666,False,0.71875
tier1_seen_conditions,CVCL_1517,plate7,Glycyrrhizic acid,15,15,12,-0.05141242678801561,0.746268656716418,False,0.9375
tier1_seen_conditions,CVCL_1517,plate7,Adagrasib,24,24,12,-0.06885893554947486,0.7213930348258707,False,1.0
tier1_seen_conditions,CVCL_1517,plate7,Peretinoin,15,15,12,-0.04594048139029283,0.5970149253731343,False,0.65625
tier1_seen_conditions,CVCL_1517,plate7,Posaconazole,18,18,12,0.28985513661045026,0.01990049751243781,True,0.96875
tier1_seen_conditions,CVCL_1517,plate7,Entecavir (monohydrate),12,12,12,0.23454523315579223,0.06467661691542288,False,0.4375
tier1_seen_conditions,CVCL_1517,plate7,Sildenafil,13,13,12,0.2808004154560422,0.05970149253731343,False,0.4375
